marca,modelo,precio,anno,kilometros,combustible,transmision,potencia,fuente,carroceria
VOLKSWAGEN,GOLF,15000.0,2014.0,140000.0,Diésel,Automatico,10512.0,coches.net,berlina
PEUGEOT,RIFTER,14000.0,2020.0,170000.0,Diésel,Manual,10012.0,coches.net,utilitario
PEUGEOT,2008,8500.0,2016.0,100000.0,Gasolina,Manual,11012.0,coches.net,utilitario
BMW,SERIE 3,11000.0,2014.0,230000.0,Diésel,Automatico,11612.0,coches.net,berlina
AUDI,Q7,40000.0,2018.0,260000.0,Diésel,Automatico,43512.0,coches.net,utilitario
BMW,X6,28500.0,2016.0,180000.0,Diésel,Automatico,25812.0,coches.net,utilitario
RENAULT,TRAFIC,29990.0,2024.0,31000.0,Diésel,Manual,11012.0,coches.net,utilitario
PEUGEOT,2008,13990.0,2021.0,55000.0,Gasolina,Manual,10012.0,coches.net,utilitario
MINI,MINI,16900.0,2018.0,84895.0,Diésel,Manual,9512.0,coches.net,berlina
MERCEDES-BENZ,CLASE A,23990.0,2022.0,133000.0,Diésel,Automatico,11612.0,coches.net,berlina
MERCEDES-BENZ,CLASE B,11000.0,2014.0,200000.0,Diésel,Manual,10912.0,coches.net,utilitario
MERCEDES-BENZ,CLASE GLC,22500.0,2015.0,200000.0,Diésel,Automatico,17012.0,coches.net,utilitario
CITROEN,C3 AIRCROSS,9470.0,2018.0,89000.0,Gasolina,Manual,13112.0,coches.net,utilitario
CITROEN,C3 AIRCROSS,9290.0,2019.0,109000.0,Gasolina,Manual,8212.0,coches.net,utilitario
BMW,X6,39990.0,2014.0,115000.0,Diésel,Automatico,38112.0,coches.net,utilitario
VOLKSWAGEN,T-ROC,19990.0,2021.0,99000.0,Gasolina,Manual,11012.0,coches.net,utilitario
CITROEN,C3 AIRCROSS,9290.0,2019.0,105000.0,Gasolina,Manual,8212.0,coches.net,utilitario
CUPRA,TERRAMAR,47900.0,2025.0,99.0,Gasolina,Automatico,26512.0,coches.net,utilitario
JEEP,AVENGER,16990.0,2024.0,71000.0,Gasolina,Manual,10012.0,coches.net,utilitario
HYUNDAI,I10,10990.0,2023.0,73000.0,Gasolina,Manual,6712.0,coches.net,berlina
HYUNDAI,I10,10990.0,2023.0,72000.0,Gasolina,Manual,6712.0,coches.net,berlina
SEAT,IBIZA,8399.0,2015.0,185179.0,Diésel,Manual,10512.0,coches.net,berlina
VOLKSWAGEN,TIGUAN,22990.0,2021.0,63500.0,Gasolina,Manual,13012.0,coches.net,utilitario
SMART,FORFOUR,7990.0,2016.0,104000.0,Gasolina,Manual,7112.0,coches.net,berlina
MERCEDES-BENZ,CLASE C,18500.0,2016.0,180000.0,Diésel,Automatico,17012.0,coches.net,berlina
MERCEDES-BENZ,GLA,29990.0,2023.0,64500.0,Híbrido enchufable,Automatico,21812.0,coches.net,utilitario
BMW,X5,47000.0,2020.0,143068.0,Diésel,Automatico,26512.0,coches.net,utilitario
PEUGEOT,207,4480.0,2007.0,235000.0,Diésel,Manual,9012.0,coches.net,berlina
VOLKSWAGEN,SHARAN,5980.0,2006.0,298000.0,Gasolina,Manual,20412.0,coches.net,utilitario
AUDI,A5,16990.0,2010.0,125000.0,Diésel,Automatico,24012.0,coches.net,berlina
MERCEDES-BENZ,CLASE S,10980.0,2007.0,315000.0,Gasolina,Automatico,38812.0,coches.net,berlina
SEAT,LEÓN,8490.0,2016.0,216000.0,Gasolina,Manual,11012.0,coches.net,berlina
AUDI,Q7,42990.0,2018.0,184000.0,Diésel,Automatico,43512.0,coches.net,utilitario
CITROEN,BERLINGO,13000.0,2021.0,195000.0,Diésel,Manual,10212.0,coches.net,utilitario
MERCEDES-BENZ,CLASE C,16500.0,2017.0,230000.0,Diésel,Manual,13612.0,coches.net,berlina
RENAULT,KANGOO COMBI,14500.0,2021.0,130000.0,Diésel,Manual,9512.0,coches.net,utilitario
BMW,SERIE 1,20000.0,2020.0,130000.0,Diésel,Manual,11612.0,coches.net,berlina
HYUNDAI,IX35,5980.0,2013.0,365000.0,Diésel,Manual,11512.0,coches.net,utilitario
RENAULT,MÉGANE,9559.0,2016.0,139000.0,Gasolina,Manual,10012.0,coches.net,berlina
SEAT,IBIZA,18690.0,2025.0,17311.0,Gasolina,Manual,11512.0,coches.net,berlina
BMW,SERIE 2,52990.0,2025.0,15000.0,Gasolina,Automatico,30012.0,coches.net,berlina
BMW,SERIE 1,16990.0,2020.0,112676.0,Diésel,Manual,11612.0,coches.net,berlina
RENAULT,KANGOO COMBI,9990.0,2020.0,99600.0,Diésel,Manual,9512.0,coches.net,utilitario
JAGUAR,XE,11900.0,2015.0,173000.0,Diésel,Automatico,18012.0,coches.net,berlina
PEUGEOT,508,13499.0,2021.0,172000.0,Diésel,Automatico,13012.0,coches.net,berlina
JAGUAR,E-PACE,24990.0,2021.0,62326.0,Híbrido,Automatico,16312.0,coches.net,utilitario
PEUGEOT,5008,8900.0,2014.0,140000.0,Diésel,Manual,15012.0,coches.net,utilitario
OPEL,FRONTERA,22990.0,2025.0,9100.0,Híbrido,Automatico,14612.0,coches.net,utilitario
HYUNDAI,I20,6900.0,2014.0,123800.0,Diésel,Manual,7512.0,coches.net,berlina
AUDI,A3,10490.0,2016.0,231000.0,Diésel,Manual,11012.0,coches.net,berlina
VOLKSWAGEN,GOLF,12000.0,2013.0,170000.0,Diésel,Manual,15012.0,coches.net,berlina
OPEL,CORSA,13900.0,2022.0,29000.0,Diésel,Manual,10212.0,coches.net,berlina
AUDI,Q7,25970.0,2017.0,213000.0,Diésel,Automatico,21812.0,coches.net,utilitario
TOYOTA,LAND CRUISER,42200.0,2020.0,49705.0,Diésel,Manual,17712.0,coches.net,utilitario
PEUGEOT,308,10800.0,2021.0,145000.0,Diésel,Manual,13012.0,coches.net,berlina
CITROEN,C4,15400.0,2021.0,64400.0,Diésel,Automatico,13012.0,coches.net,berlina
TOYOTA,YARIS,16990.0,2022.0,48000.0,Híbrido,Automatico,11612.0,coches.net,berlina
BMW,X3,76990.0,2025.0,2000.0,Híbrido,Automatico,30312.0,coches.net,utilitario
NISSAN,TOWNSTAR,23490.0,2024.0,43721.0,Gasolina,Manual,13012.0,coches.net,utilitario
TOYOTA,YARIS CROSS,23990.0,2024.0,24804.0,Híbrido,Automatico,11612.0,coches.net,utilitario
NISSAN,QASHQAI,26995.0,2025.0,12528.0,Híbrido,Manual,14012.0,coches.net,utilitario
BMW,SERIE 1,19900.0,2021.0,97400.0,Diésel,Manual,11612.0,coches.net,berlina
JAGUAR,E-PACE,19290.0,2021.0,167999.0,Híbrido,Automatico,16312.0,coches.net,utilitario
FORD,KUGA,19490.0,2021.0,64982.0,Híbrido enchufable,Automatico,22512.0,coches.net,utilitario
MG,MG3,14290.0,2025.0,9136.0,Gasolina,Manual,11612.0,coches.net,berlina
MITSUBISHI,ASX,15990.0,2019.0,52954.0,Gasolina,Manual,11712.0,coches.net,utilitario
FORD,KUGA,21990.0,2021.0,69000.0,Híbrido enchufable,Automatico,22512.0,coches.net,utilitario
SEAT,IBIZA,12900.0,2020.0,13400.0,Gasolina,Manual,8012.0,coches.net,berlina
CITROEN,C3 AIRCROSS,14290.0,2023.0,35225.0,Gasolina,Manual,11012.0,coches.net,utilitario
DS,DS 5,14990.0,2018.0,70635.0,Diésel,Manual,12012.0,coches.net,berlina
FIAT,PANDA,11290.0,2023.0,54149.0,Híbrido,Manual,7012.0,coches.net,berlina
FORD,FOCUS,14990.0,2022.0,121400.0,Diésel,Manual,12012.0,coches.net,berlina
MERCEDES-BENZ,VITO,53999.0,2025.0,13000.0,Diésel,Automatico,13612.0,coches.net,utilitario
VOLKSWAGEN,POLO,14990.0,2022.0,66000.0,Gasolina,Manual,9512.0,coches.net,berlina
VOLKSWAGEN,T-CROSS,16985.0,2023.0,75230.0,Gasolina,Manual,9512.0,coches.net,utilitario
DACIA,SPRING,12985.0,2023.0,92.0,Eléctrico,Automatico,6512.0,coches.net,berlina
BMW,X1,20550.0,2021.0,99000.0,Híbrido enchufable,Automatico,22012.0,coches.net,utilitario
TOYOTA,RAV4,26350.0,2022.0,136000.0,Híbrido,Automatico,21812.0,coches.net,utilitario
VOLVO,XC40,21750.0,2021.0,123000.0,Híbrido enchufable,Automatico,21112.0,coches.net,utilitario
FORD,FOCUS,6390.0,2009.0,120000.0,Diésel,Manual,11512.0,coches.net,berlina
AUDI,A1,8490.0,2014.0,228800.0,Diésel,Manual,9012.0,coches.net,berlina
VOLKSWAGEN,T-ROC,33900.0,2024.0,22000.0,Gasolina,Automatico,15012.0,coches.net,utilitario
TOYOTA,COROLLA,23990.0,2021.0,66999.0,Híbrido,Automatico,12212.0,coches.net,berlina
NISSAN,QASHQAI,20990.0,2021.0,26339.0,Gasolina,Manual,14012.0,coches.net,berlina
TOYOTA,RAV4,33990.0,2021.0,106997.0,Híbrido,Automatico,21812.0,coches.net,utilitario
CITROEN,C3 AIRCROSS,12990.0,2022.0,71628.0,Gasolina,Manual,11012.0,coches.net,utilitario
BMW,X1,17985.0,2020.0,141579.0,Diésel,Automatico,11612.0,coches.net,utilitario
FORD,KUGA,15985.0,2018.0,79850.0,Gasolina,Manual,12012.0,coches.net,utilitario
BMW,SERIE 1,12500.0,2016.0,160000.0,Diésel,Manual,15012.0,coches.net,berlina
MAZDA,CX-80,56900.0,2024.0,9900.0,Híbrido,Automatico,25412.0,coches.net,utilitario
VOLVO,XC40,25150.0,2021.0,54000.0,Híbrido enchufable,Automatico,26212.0,coches.net,utilitario
RENAULT,AUSTRAL,23350.0,2023.0,126000.0,Híbrido,Automatico,20012.0,coches.net,utilitario
RENAULT,MÉGANE,17750.0,2021.0,99990.0,Híbrido enchufable,Automatico,16012.0,coches.net,berlina
RENAULT,CLIO,12750.0,2021.0,125000.0,Híbrido,Automatico,14012.0,coches.net,berlina
VOLKSWAGEN,GOLF,14550.0,2020.0,34000.0,Eléctrico,Automatico,13612.0,coches.net,berlina
VOLVO,XC40,21650.0,2021.0,112000.0,Híbrido enchufable,Automatico,26212.0,coches.net,utilitario
BMW,SERIE 4,41900.0,2023.0,30000.0,Gasolina,Automatico,18412.0,coches.net,berlina
MINI,MINI,9500.0,2012.0,140000.0,Diésel,Manual,11212.0,coches.net,berlina
VOLKSWAGEN,GOLF,12500.0,2016.0,250000.0,Híbrido enchufable,Automatico,20412.0,coches.net,berlina
HYUNDAI,IX35,6990.0,2013.0,259000.0,Diésel,Manual,11512.0,coches.net,utilitario
MINI,MINI,15490.0,2019.0,70356.0,Gasolina,Manual,10212.0,coches.net,berlina
CITROEN,C3,3200.0,2005.0,100000.0,Gasolina,Manual,7512.0,coches.net,berlina
OPEL,COMBO LIFE,19985.0,2023.0,35331.0,Diésel,Manual,10212.0,coches.net,utilitario
AUDI,Q3,38985.0,2023.0,13458.0,Híbrido enchufable,Automatico,24512.0,coches.net,utilitario
AUDI,Q3,38985.0,2023.0,13458.0,Híbrido enchufable,Automatico,24512.0,coches.net,utilitario
SEAT,ARONA,19390.0,2025.0,10350.0,Gasolina,Manual,11512.0,coches.net,utilitario
SEAT,IBIZA,20600.0,2026.0,99.0,Gasolina,Manual,11512.0,coches.net,berlina
SEAT,LEÓN,20900.0,2025.0,26710.0,Híbrido,Automatico,11612.0,coches.net,berlina
HYUNDAI,I30,11650.0,2022.0,157000.0,Híbrido,Manual,12012.0,coches.net,berlina
PEUGEOT,308,8950.0,2020.0,139000.0,Diésel,Manual,10012.0,coches.net,berlina
BMW,SERIE 3,22350.0,2021.0,126000.0,Híbrido enchufable,Automatico,29212.0,coches.net,berlina
SEAT,ATECA,17990.0,2020.0,58598.0,Gasolina,Manual,11512.0,coches.net,utilitario
VOLVO,XC40,26900.0,2021.0,96000.0,Híbrido enchufable,Automatico,21112.0,coches.net,utilitario
SKODA,KAMIQ,18990.0,2024.0,84789.0,Gasolina,Automatico,15012.0,coches.net,utilitario
NISSAN,QASHQAI,22790.0,2023.0,97192.0,Híbrido,Automatico,19012.0,coches.net,utilitario
OPEL,FRONTERA,19990.0,2025.0,7300.0,Híbrido,Automatico,13612.0,coches.net,utilitario
BMW,SERIE 3,32990.0,2004.0,176000.0,Gasolina,Manual,34312.0,coches.net,berlina
NISSAN,QASHQAI,25990.0,2024.0,38436.0,Híbrido,Manual,14012.0,coches.net,utilitario
MERCEDES-BENZ,CLASE A,28990.0,2022.0,53000.0,Diésel,Automatico,15012.0,coches.net,berlina
MERCEDES-BENZ,CLASE E,36990.0,2020.0,83000.0,Diésel,Automatico,19412.0,coches.net,berlina
TOYOTA,COROLLA,19990.0,2021.0,79195.0,Híbrido,Automatico,12212.0,coches.net,berlina
BMW,X3,36900.0,2021.0,98100.0,Híbrido enchufable,Automatico,29212.0,coches.net,utilitario
VOLKSWAGEN,ARTEON,31900.0,2021.0,116300.0,Diésel,Automatico,20012.0,coches.net,berlina
OPEL,CORSA,8990.0,2018.0,89447.0,Gasolina,Manual,9012.0,coches.net,berlina
KIA,PICANTO,10490.0,2021.0,36752.0,Gasolina,Manual,6712.0,coches.net,berlina
KIA,PICANTO,8990.0,2015.0,122000.0,Gasolina,Manual,8512.0,coches.net,berlina
CITROEN,BERLINGO,13990.0,2021.0,113000.0,Diésel,Manual,10212.0,coches.net,utilitario
OPEL,ASTRA,5890.0,2008.0,167000.0,Diésel,Manual,10012.0,coches.net,berlina
PEUGEOT,RIFTER,14490.0,2020.0,83000.0,Diésel,Manual,10012.0,coches.net,utilitario
MERCEDES-BENZ,CLASE C,36900.0,2023.0,69423.0,Híbrido enchufable,Automatico,31312.0,coches.net,berlina
MERCEDES-BENZ,CLASE C,33900.0,2020.0,46515.0,Híbrido enchufable,Automatico,32012.0,coches.net,berlina
PEUGEOT,RIFTER,12890.0,2019.0,116000.0,Diésel,Manual,7512.0,coches.net,utilitario
TOYOTA,C-HR,21985.0,2020.0,43380.0,Híbrido,Automatico,12212.0,coches.net,berlina
VOLKSWAGEN,TIGUAN,32985.0,2023.0,46776.0,Híbrido enchufable,Automatico,24512.0,coches.net,utilitario
VOLKSWAGEN,POLO,15985.0,2023.0,54364.0,Gasolina,Manual,9512.0,coches.net,berlina
VOLKSWAGEN,T-ROC,17900.0,2020.0,77200.0,Gasolina,Manual,11512.0,coches.net,utilitario
FIAT,500,15390.0,2023.0,18475.0,Eléctrico,Automatico,11812.0,coches.net,berlina
VOLVO,XC60,35900.0,2020.0,37135.0,Híbrido enchufable,Automatico,39012.0,coches.net,utilitario
FORD,KA+,9500.0,2017.0,55540.0,Gasolina,Manual,7012.0,coches.net,berlina
RENAULT,RAFALE,40900.0,2026.0,3000.0,Híbrido,Automatico,20012.0,coches.net,utilitario
NISSAN,QASHQAI+2,11500.0,2013.0,100000.0,Diésel,Manual,13012.0,coches.net,utilitario
NISSAN,X-TRAIL,13999.0,2017.0,160000.0,Gasolina,Manual,16312.0,coches.net,utilitario
AUDI,Q3 SPORTBACK,30990.0,2020.0,104000.0,Diésel,Automatico,15012.0,coches.net,utilitario
AUDI,A4,26490.0,2022.0,78000.0,Híbrido,Automatico,16312.0,coches.net,berlina
MERCEDES-BENZ,CLASE S,11990.0,2002.0,109000.0,Gasolina,Automatico,30612.0,coches.net,berlina
FIAT,500,9990.0,2021.0,59000.0,Híbrido,Manual,7012.0,coches.net,berlina
VOLVO,XC60,18990.0,2020.0,193000.0,Diésel,Manual,15012.0,coches.net,utilitario
FIAT,500,8250.0,2020.0,113000.0,Híbrido,Manual,7012.0,coches.net,berlina
KIA,STONIC,15990.0,2024.0,38000.0,Gasolina,Manual,10012.0,coches.net,utilitario
DS,DS 3 CROSSBACK,15990.0,2021.0,124796.0,Diésel,Automatico,13112.0,coches.net,utilitario
MERCEDES-BENZ,CLASE C,37990.0,2023.0,46000.0,Híbrido,Automatico,16312.0,coches.net,berlina
PEUGEOT,308,11700.0,2019.0,119000.0,Diésel,Manual,13012.0,coches.net,berlina
BMW,SERIE 3,21999.0,2019.0,245000.0,Diésel,Automatico,19012.0,coches.net,berlina
KIA,CEED TOURER,22800.0,2023.0,80000.0,Híbrido,Automatico,16012.0,coches.net,berlina
CUPRA,LEÓN,36990.0,2024.0,6000.0,Gasolina,Automatico,30012.0,coches.net,berlina
PORSCHE,CAYENNE COUPÉ,99990.0,2024.0,26000.0,Híbrido enchufable,Automatico,47012.0,coches.net,utilitario
RENAULT,CLIO,15990.0,24.0,32734.0,Gasolina,Manual,9012.0,coches.net,berlina
OMODA,5,22490.0,2023.0,57457.0,Gasolina,Automatico,19712.0,coches.net,utilitario
PEUGEOT,3008,19990.0,2022.0,19103.0,Gasolina,Manual,13012.0,coches.net,utilitario
CITROEN,BERLINGO,10990.0,2022.0,193500.0,Diésel,Manual,10212.0,coches.net,utilitario
MERCEDES-BENZ,CLASE C,23990.0,2019.0,184000.0,Gasolina,Automatico,25812.0,coches.net,berlina
MERCEDES-BENZ,CLASE C,40990.0,2021.0,32000.0,Diésel,Automatico,24512.0,coches.net,berlina
VOLKSWAGEN,ARTEON,21990.0,2021.0,135982.0,Diésel,Automatico,15012.0,coches.net,berlina
AUDI,Q2,19990.0,2020.0,65216.0,Diésel,Automatico,11612.0,coches.net,utilitario
SKODA,KAROQ,34490.0,2025.0,136.0,Gasolina,Automatico,15012.0,coches.net,utilitario
PEUGEOT,3008,16950.0,2022.0,98000.0,Diésel,Manual,13012.0,coches.net,utilitario
JEEP,WRANGLER,59800.0,2023.0,51045.0,Híbrido enchufable,Automatico,38112.0,coches.net,utilitario
NISSAN,QASHQAI,22490.0,2024.0,73100.0,Híbrido,Automatico,15812.0,coches.net,utilitario
BMW,X5,19999.0,2015.0,250000.0,Diésel,Automatico,25812.0,coches.net,utilitario
MERCEDES-BENZ,CLASE CLA,18999.0,2017.0,140000.0,Diésel,Automatico,13612.0,coches.net,berlina
SEAT,IBIZA,12499.0,2022.0,63000.0,Gasolina,Manual,8012.0,coches.net,berlina
OPEL,INSIGNIA,11499.0,2020.0,238000.0,Gasolina,Automatico,16512.0,coches.net,berlina
KIA,SORENTO,34990.0,2021.0,81990.0,Híbrido enchufable,Automatico,26512.0,coches.net,utilitario
JEEP,COMPASS,20990.0,2023.0,40127.0,Diésel,Manual,13012.0,coches.net,utilitario
OPEL,CROSSLAND,14490.0,2024.0,20593.0,Gasolina,Manual,11012.0,coches.net,utilitario
FORD,FIESTA,16490.0,2023.0,48281.0,Híbrido,Manual,12512.0,coches.net,berlina
CITROEN,GRAND C4 PICASSO,6990.0,2014.0,230000.0,Diésel,Automatico,11512.0,coches.net,utilitario
SEAT,ARONA,15600.0,2022.0,90493.0,Gasolina,Manual,11012.0,coches.net,utilitario
PEUGEOT,RIFTER,13990.0,2022.0,110000.0,Diésel,Manual,10012.0,coches.net,utilitario
FORD,S-MAX,7999.0,2012.0,160000.0,Diésel,Automatico,14012.0,coches.net,utilitario
SEAT,LEÓN,21990.0,2020.0,68306.0,Híbrido,Automatico,15012.0,coches.net,berlina
RENAULT,MÉGANE,17490.0,2019.0,62151.0,Gasolina,Manual,14012.0,coches.net,berlina
BMW,SERIE 2 ACTIVE TOURER,16990.0,2018.0,109000.0,Gasolina,Automatico,14012.0,coches.net,utilitario
MAZDA,CX-30,24990.0,2024.0,19383.0,Híbrido,Automatico,14012.0,coches.net,utilitario
HYUNDAI,I10,10490.0,2022.0,84000.0,Gasolina,Manual,6712.0,coches.net,berlina
MINI,COUNTRYMAN,22390.0,2021.0,115000.0,Híbrido enchufable,Automatico,22012.0,coches.net,berlina
HYUNDAI,TUCSON,21250.0,2021.0,99900.0,Híbrido,Automatico,13612.0,coches.net,utilitario
BMW,X1,23500.0,2020.0,68806.0,Híbrido enchufable,Automatico,22012.0,coches.net,utilitario
MERCEDES-BENZ,GLA,39990.0,2024.0,49456.0,Híbrido,Automatico,16312.0,coches.net,utilitario
BMW,X2,29900.0,2022.0,45881.0,Híbrido enchufable,Automatico,22012.0,coches.net,utilitario
TOYOTA,YARIS CROSS,21985.0,2025.0,44306.0,Híbrido,Automatico,11612.0,coches.net,utilitario
FIAT,PANDA,10985.0,2023.0,57510.0,Híbrido,Manual,7012.0,coches.net,berlina
TOYOTA,YARIS,15985.0,2022.0,74107.0,Híbrido,Automatico,11612.0,coches.net,berlina
AUDI,Q3,27990.0,2022.0,119990.0,Híbrido enchufable,Automatico,24512.0,coches.net,utilitario
MAZDA,CX-30,23290.0,2025.0,37301.0,Híbrido,Manual,14012.0,coches.net,utilitario
OPEL,INSIGNIA,13990.0,2020.0,97000.0,Diésel,Manual,13612.0,coches.net,berlina
KIA,STONIC,11990.0,2019.0,86088.0,Gasolina,Manual,10012.0,coches.net,utilitario
CITROEN,BERLINGO,13990.0,2020.0,96245.0,Diésel,Manual,10212.0,coches.net,utilitario
FIAT,500,18990.0,2026.0,2000.0,Híbrido,Manual,6512.0,coches.net,berlina
CUPRA,FORMENTOR,27900.0,2021.0,72900.0,Gasolina,Automatico,19012.0,coches.net,utilitario
SEAT,ARONA,12900.0,2020.0,102000.0,Gasolina,Manual,9512.0,coches.net,utilitario
CITROEN,C4,21900.0,2025.0,14447.0,Híbrido,Automatico,13612.0,coches.net,berlina
CITROEN,C3 AIRCROSS,18500.0,2025.0,22281.0,Gasolina,Manual,10012.0,coches.net,utilitario
OPEL,CORSA,16900.0,2025.0,5219.0,Gasolina,Manual,10012.0,coches.net,berlina
FIAT,500C,10990.0,2021.0,94019.0,Híbrido,Manual,7012.0,coches.net,berlina
CITROEN,C3,11800.0,2023.0,56000.0,Diésel,Manual,10212.0,coches.net,berlina
HYUNDAI,STARIA,28900.0,2023.0,129000.0,Diésel,Automatico,17712.0,coches.net,utilitario
BMW,SERIE 5,54900.0,2025.0,19241.0,Híbrido,Automatico,19712.0,coches.net,berlina
SEAT,TARRACO,33850.0,2024.0,20645.0,Gasolina,Automatico,15012.0,coches.net,utilitario
AUDI,A5,24999.0,2015.0,144500.0,Gasolina,Automatico,27212.0,coches.net,berlina
MERCEDES-BENZ,GLC COUPÉ,74400.0,2026.0,7.0,Híbrido,Automatico,19712.0,coches.net,utilitario
RENAULT,CLIO,16990.0,2022.0,71000.0,Híbrido,Automatico,14012.0,coches.net,berlina
MERCEDES-BENZ,GLE COUPÉ,94400.0,2026.0,15.0,Híbrido,Automatico,26912.0,coches.net,utilitario
SEAT,ARONA,19900.0,2024.0,25619.0,Gasolina,Manual,11012.0,coches.net,utilitario
BMW,SERIE 2,26900.0,2022.0,63396.0,Gasolina,Automatico,13612.0,coches.net,berlina
BMW,IX1,32900.0,2023.0,79103.0,Eléctrico,Automatico,31312.0,coches.net,utilitario
VOLVO,V60,36900.0,2025.0,10900.0,Híbrido,Automatico,19712.0,coches.net,berlina
BMW,X4,58900.0,2025.0,30525.0,Híbrido,Automatico,19012.0,coches.net,utilitario
SKODA,OCTAVIA,14900.0,2021.0,160000.0,Diésel,Automatico,15012.0,coches.net,berlina
CITROEN,C4,15990.0,2022.0,47480.0,Gasolina,Manual,13012.0,coches.net,berlina
MG,MG3 HYBRID+,16890.0,2024.0,13565.0,Híbrido,Automatico,19512.0,coches.net,berlina
MERCEDES-BENZ,GLE,53990.0,2021.0,101000.0,Híbrido enchufable,Automatico,32012.0,coches.net,utilitario
CUPRA,LEÓN,27900.0,2024.0,28201.0,Híbrido,Automatico,15012.0,coches.net,berlina
MERCEDES-BENZ,CLASE A,16800.0,2014.0,113920.0,Diésel,Automatico,10912.0,coches.net,berlina
AUDI,Q2,20900.0,2019.0,60598.0,Gasolina,Manual,11612.0,coches.net,utilitario
FORD,MONDEO,11470.0,2015.0,159000.0,Diésel,Automatico,18012.0,coches.net,berlina
FORD,FIESTA,13900.0,2019.0,61402.0,Gasolina,Manual,10012.0,coches.net,berlina
FORD,FOCUS,22500.0,2025.0,4713.0,Híbrido,Manual,12512.0,coches.net,berlina
AUDI,A4,15990.0,2021.0,199903.0,Híbrido,Automatico,13612.0,coches.net,berlina
VOLKSWAGEN,T-CROSS,15490.0,2020.0,81973.0,Diésel,Manual,9512.0,coches.net,utilitario
VOLVO,XC60,37650.0,2021.0,82000.0,Híbrido,Automatico,19712.0,coches.net,utilitario
BMW,X3,36190.0,2022.0,88246.0,Híbrido enchufable,Automatico,29212.0,coches.net,utilitario
MG,MG3,18990.0,2025.0,13750.0,Híbrido,Automatico,19512.0,coches.net,berlina
VOLKSWAGEN,GOLF GTD  200 CV 2.0 TDI DSG,33900.0,2023.0,64900.0,Diésel,Automatico,200.0,coches.net,berlina
TOYOTA,YARIS,17599.0,2022.0,114990.0,Híbrido,Automatico,11612.0,coches.net,berlina
BMW,X5,50990.0,2021.0,66000.0,Híbrido enchufable,Automatico,39412.0,coches.net,utilitario
KIA,PRO_CEE'D,6990.0,2013.0,148299.0,Diésel,Manual,11012.0,coches.net,berlina
KIA,XCEED,17990.0,2024.0,38345.0,Gasolina,Manual,10012.0,coches.net,utilitario
TOYOTA,YARIS,5999.0,2012.0,200000.0,Diésel,Manual,9012.0,coches.net,berlina
MERCEDES-BENZ,CLASE C,18990.0,2016.0,158000.0,Diésel,Automatico,17012.0,coches.net,berlina
VOLVO,V60,10990.0,2015.0,174061.0,Gasolina,Automatico,19012.0,coches.net,berlina
TOYOTA,YARIS,17290.0,2021.0,43407.0,Híbrido,Automatico,11612.0,coches.net,berlina
DACIA,SANDERO,11400.0,2022.0,65225.0,Gas,Manual,10112.0,coches.net,berlina
HYUNDAI,TUCSON,34900.0,2025.0,8530.0,Híbrido,Automatico,21512.0,coches.net,utilitario
VOLVO,EX30,49900.0,2025.0,20.0,Eléctrico,Automatico,42812.0,coches.net,utilitario
CHEVROLET,CAPTIVA,7299.0,2011.0,188068.0,Diésel,Manual,12712.0,coches.net,utilitario
FORD,S-MAX,12490.0,2014.0,162000.0,Diésel,Automatico,14012.0,coches.net,utilitario
PEUGEOT,5008,17900.0,2018.0,104000.0,Diésel,Automatico,13012.0,coches.net,utilitario
SKODA,FABIA,15985.0,2024.0,15904.0,Gasolina,Manual,9512.0,coches.net,berlina
BMW,X3,28900.0,2020.0,204100.0,Gasolina,Automatico,25212.0,coches.net,utilitario
MERCEDES-BENZ,CLASE E,12800.0,2013.0,235500.0,Diésel,Automatico,20412.0,coches.net,berlina
VOLKSWAGEN,TIGUAN,39990.0,2025.0,14990.0,Diésel,Automatico,15012.0,coches.net,utilitario
MERCEDES-BENZ,CLASE C,32990.0,2022.0,149000.0,Híbrido,Automatico,20012.0,coches.net,berlina
MASERATI,LEVANTE,44900.0,2019.0,120000.0,Gasolina,Automatico,43012.0,coches.net,utilitario
DACIA,SANDERO,9990.0,2018.0,80000.0,Gasolina,Manual,9012.0,coches.net,berlina
VOLKSWAGEN,BEETLE,15995.0,2018.0,47000.0,Gasolina,Manual,10512.0,coches.net,berlina
TOYOTA,PROACE CITY VERSO,21995.0,2023.0,20000.0,Gasolina,Manual,11012.0,coches.net,utilitario
BMW,X3,38990.0,2022.0,79000.0,Híbrido enchufable,Automatico,29212.0,coches.net,utilitario
VOLKSWAGEN,T-ROC,22990.0,2021.0,55000.0,Gasolina,Automatico,15012.0,coches.net,utilitario
BMW,X1,45900.0,2026.0,22.0,Híbrido enchufable,Automatico,32612.0,coches.net,utilitario
NISSAN,QASHQAI,29500.0,2024.0,26800.0,Híbrido,Automatico,19012.0,coches.net,utilitario
VOLKSWAGEN,POLO,15890.0,2022.0,63559.0,Gasolina,Manual,9512.0,coches.net,berlina
RENAULT,TRAFIC,33900.0,2024.0,30445.0,Diésel,Manual,15012.0,coches.net,utilitario
MERCEDES-BENZ,CLASE S,49900.0,2020.0,92271.0,Híbrido enchufable,Automatico,47612.0,coches.net,berlina
FIAT,500,11400.0,2021.0,28894.0,Híbrido,Manual,7012.0,coches.net,berlina
FORD,FOCUS,14990.0,2020.0,124529.0,Diésel,Manual,12012.0,coches.net,berlina
CITROEN,Ë-BERLINGO,26990.0,2024.0,10.0,Eléctrico,Automatico,13612.0,coches.net,utilitario
OPEL,GRANDLAND,28990.0,2025.0,30300.0,Híbrido,Automatico,14612.0,coches.net,utilitario
NISSAN,MICRA,12607.0,2022.0,83120.0,Gasolina,Automatico,9212.0,coches.net,berlina
LEXUS,CT,23900.0,2021.0,38866.0,Híbrido,Automatico,13612.0,coches.net,berlina
VOLKSWAGEN,GOLF,8990.0,2012.0,200000.0,Diésel,Manual,10512.0,coches.net,berlina
CITROEN,C3 PLURIEL,4990.0,2008.0,130000.0,Diésel,Manual,7012.0,coches.net,berlina
CUPRA,FORMENTOR,36990.0,2025.0,17600.0,Híbrido enchufable,Automatico,20412.0,coches.net,utilitario
SEAT,IBIZA,20985.0,2024.0,34500.0,Gasolina,Automatico,15012.0,coches.net,berlina
SEAT,IBIZA,13990.0,2022.0,75000.0,Gasolina,Manual,11012.0,coches.net,berlina
SEAT,IBIZA,14990.0,2021.0,70758.0,Gasolina,Manual,11012.0,coches.net,berlina
FORD,FOCUS,13490.0,2021.0,114790.0,Gasolina,Manual,12512.0,coches.net,berlina
CITROEN,C3,7490.0,2020.0,131205.0,Diésel,Manual,9912.0,coches.net,berlina
RENAULT,MÉGANE,14990.0,2020.0,63132.0,Diésel,Manual,9512.0,coches.net,berlina
LAND-ROVER,DISCOVERY,9950.0,2007.0,246800.0,Diésel,Manual,19012.0,coches.net,utilitario
MERCEDES-BENZ,CLASE E,21490.0,2015.0,123000.0,Diésel,Manual,20412.0,coches.net,berlina
LAND-ROVER,RANGE ROVER VELAR,68900.0,2025.0,17881.0,Híbrido enchufable,Automatico,40412.0,coches.net,utilitario
BMW,SERIE 2 ACTIVE TOURER,41900.0,2025.0,3230.0,Diésel,Automatico,15012.0,coches.net,utilitario
JAGUAR,F-PACE,49800.0,2021.0,20159.0,Híbrido,Automatico,20412.0,coches.net,utilitario
AUDI,Q5 SPORTBACK,32990.0,2021.0,169000.0,Híbrido,Automatico,20412.0,coches.net,utilitario
JAGUAR,E-PACE,29900.0,2022.0,52331.0,Híbrido enchufable,Automatico,30912.0,coches.net,utilitario
FORD,FOCUS,16990.0,2023.0,54000.0,Híbrido,Manual,15512.0,coches.net,berlina
MINI,COUNTRYMAN,20990.0,2020.0,67000.0,Híbrido enchufable,Automatico,22412.0,coches.net,berlina
SEAT,ATECA,18990.0,2020.0,42000.0,Gasolina,Manual,11512.0,coches.net,utilitario
MERCEDES-BENZ,CLASE V,57990.0,2021.0,74000.0,Diésel,Automatico,19012.0,coches.net,utilitario
HYUNDAI,I30,33990.0,2021.0,67000.0,Gasolina,Automatico,28012.0,coches.net,berlina
PORSCHE,CAYENNE,60900.0,2019.0,56382.0,Híbrido enchufable,Automatico,46212.0,coches.net,utilitario
FERRARI,458,199000.0,2013.0,43000.0,Gasolina,Automatico,57812.0,coches.net,berlina
BMW,Z4,38990.0,2019.0,18500.0,Gasolina,Automatico,19712.0,coches.net,berlina
MERCEDES-BENZ,CLASE C,59000.0,2025.0,18432.0,Híbrido enchufable,Automatico,31312.0,coches.net,berlina
MERCEDES-BENZ,GLC,57900.0,2023.0,57000.0,Híbrido,Automatico,26912.0,coches.net,utilitario
MERCEDES-BENZ,GLC,56900.0,2022.0,62000.0,Híbrido,Automatico,19712.0,coches.net,utilitario
MERCEDES-BENZ,CLASE GLA,16900.0,2015.0,171530.0,Diésel,Automatico,13612.0,coches.net,utilitario
BMW,SERIE 2 ACTIVE TOURER,17990.0,2021.0,99000.0,Diésel,Manual,11612.0,coches.net,utilitario
PORSCHE,MACAN,53900.0,2020.0,65000.0,Gasolina,Automatico,24512.0,coches.net,utilitario
PEUGEOT,2008,16990.0,2020.0,45300.0,Gasolina,Automatico,13012.0,coches.net,utilitario
MERCEDES-BENZ,CLASE E,34900.0,2018.0,83000.0,Gasolina,Automatico,18412.0,coches.net,berlina
BMW,X2,44500.0,2025.0,16653.0,Híbrido,Automatico,16312.0,coches.net,utilitario
NISSAN,QASHQAI,21240.0,2022.0,114540.0,Híbrido,Automatico,15812.0,coches.net,utilitario
SEAT,ATECA,20890.0,2023.0,72315.0,Gasolina,Manual,15012.0,coches.net,utilitario
TOYOTA,YARIS,16990.0,2024.0,63000.0,Gasolina,Manual,12512.0,coches.net,berlina
PEUGEOT,2008,13990.0,2021.0,47767.0,Gasolina,Manual,10012.0,coches.net,utilitario
PEUGEOT,E-308,24990.0,2024.0,23000.0,Eléctrico,Automatico,15612.0,coches.net,berlina
JEEP,AVENGER,27990.0,2024.0,9000.0,Eléctrico,Automatico,15612.0,coches.net,utilitario
BMW,X7,99000.0,2025.0,21500.0,Híbrido,Automatico,35212.0,coches.net,utilitario
BMW,SERIE 1,19500.0,2019.0,77000.0,Gasolina,Manual,13612.0,coches.net,berlina
HYUNDAI,TUCSON,11999.0,2017.0,170000.0,Diésel,Manual,14112.0,coches.net,utilitario
PEUGEOT,308,5499.0,2014.0,205000.0,Diésel,Manual,9212.0,coches.net,berlina
NISSAN,X-TRAIL,13999.0,2017.0,180000.0,Diésel,Manual,13012.0,coches.net,utilitario
VOLKSWAGEN,TAIGO,19290.0,2024.0,56731.0,Gasolina,Manual,11012.0,coches.net,utilitario
NISSAN,QASHQAI,16990.0,2019.0,63295.0,Diésel,Manual,11512.0,coches.net,berlina
FORD,FOCUS,13490.0,2018.0,75631.0,Gasolina,Manual,12512.0,coches.net,berlina
OPEL,CORSA,9240.0,2019.0,107216.0,Gasolina,Manual,9012.0,coches.net,berlina
JEEP,COMPASS,31990.0,2025.0,15300.0,Híbrido,Automatico,13012.0,coches.net,utilitario
FIAT,500C,11990.0,2022.0,65098.0,Híbrido,Manual,7012.0,coches.net,berlina
NISSAN,QASHQAI,20990.0,2022.0,49000.0,Gasolina,Manual,14012.0,coches.net,berlina
TOYOTA,COROLLA,24500.0,2024.0,14299.0,Híbrido,Automatico,14012.0,coches.net,berlina
MERCEDES-BENZ,CLASE B,33900.0,2022.0,46699.0,Diésel,Automatico,15012.0,coches.net,utilitario
AUDI,Q2,17900.0,2018.0,126000.0,Diésel,Manual,11612.0,coches.net,utilitario
AUDI,A6,96900.0,2022.0,83000.0,Gasolina,Automatico,60012.0,coches.net,berlina
LAND-ROVER,DISCOVERY,54900.0,2022.0,61000.0,Híbrido,Automatico,30012.0,coches.net,utilitario
MASERATI,GHIBLI,39990.0,2021.0,133410.0,Híbrido,Automatico,33012.0,coches.net,berlina
KIA,SPORTAGE,17900.0,2017.0,112000.0,Diésel,Manual,11512.0,coches.net,utilitario
BMW,X1,23800.0,2020.0,134000.0,Diésel,Automatico,15012.0,coches.net,utilitario
BMW,X3,29990.0,2021.0,73000.0,Híbrido enchufable,Automatico,29212.0,coches.net,utilitario
MERCEDES-BENZ,CLASE A,31990.0,2025.0,20000.0,Diésel,Automatico,11612.0,coches.net,berlina
LAND-ROVER,RANGE ROVER EVOQUE,26990.0,2021.0,57000.0,Híbrido enchufable,Automatico,30912.0,coches.net,utilitario
KIA,CEED,16990.0,2023.0,43000.0,Gasolina,Manual,10012.0,coches.net,berlina
CITROEN,BERLINGO,10990.0,2018.0,187000.0,Diésel,Automatico,10012.0,coches.net,utilitario
KIA,STONIC,12500.0,2018.0,114000.0,Diésel,Manual,11012.0,coches.net,utilitario
KIA,PICANTO,8990.0,2015.0,122000.0,Gasolina,Manual,8512.0,coches.net,berlina
BMW,SERIE 1,18250.0,2021.0,93266.0,Diésel,Automatico,11612.0,coches.net,berlina
CITROEN,Ë-SPACETOURER,26990.0,2021.0,44753.0,Eléctrico,Automatico,13612.0,coches.net,utilitario
MERCEDES-BENZ,CLASE B,20900.0,2019.0,108000.0,Diésel,Automatico,11612.0,coches.net,utilitario
CITROEN,C5 AIRCROSS,15990.0,2021.0,96150.0,Diésel,Manual,13112.0,coches.net,utilitario
TOYOTA,COROLLA,22990.0,2021.0,68107.0,Híbrido,Automatico,18012.0,coches.net,berlina
MERCEDES-BENZ,CLA,73995.0,2022.0,42000.0,Gasolina,Automatico,42212.0,coches.net,berlina
FIAT,TIPO,9690.0,2021.0,96273.0,Diésel,Manual,9512.0,coches.net,berlina
VOLKSWAGEN,GOLF,28990.0,2019.0,83000.0,Gasolina,Automatico,24512.0,coches.net,berlina
MG,ZS,17500.0,2025.0,12144.0,Gasolina,Automatico,11112.0,coches.net,utilitario
FORD,FOCUS,11990.0,2018.0,140932.0,Gasolina,Manual,12512.0,coches.net,berlina
VOLKSWAGEN,GOLF,18850.0,2021.0,93703.0,Diésel,Manual,11512.0,coches.net,berlina
VOLKSWAGEN,GOLF,24990.0,2025.0,28712.0,Gasolina,Manual,11512.0,coches.net,berlina
MINI,COOPER,25990.0,2025.0,19233.0,Gasolina,Automatico,15612.0,coches.net,berlina
PEUGEOT,TRAVELLER,28990.0,2021.0,51092.0,Diésel,Manual,14512.0,coches.net,utilitario
OPEL,MOKKA,9999.0,2015.0,176000.0,Diésel,Automatico,13612.0,coches.net,utilitario
MERCEDES-BENZ,CLASE E,19990.0,2012.0,116000.0,Diésel,Automatico,26512.0,coches.net,berlina
MERCEDES-BENZ,CLA,28990.0,2023.0,66500.0,Híbrido enchufable,Automatico,21812.0,coches.net,berlina
HYUNDAI,KONA,25990.0,2025.0,22069.0,Híbrido,Automatico,12912.0,coches.net,utilitario
MG,ZS,16790.0,2025.0,15914.0,Gasolina,Manual,10612.0,coches.net,utilitario
CITROEN,C4,16990.0,2021.0,45000.0,Diésel,Automatico,13012.0,coches.net,berlina
SEAT,ATECA,23400.0,2021.0,49227.0,Gasolina,Automatico,15012.0,coches.net,utilitario
BMW,X3,32900.0,2018.0,128508.0,Diésel,Automatico,19012.0,coches.net,utilitario
BMW,I4,52900.0,2024.0,39834.0,Eléctrico,Automatico,54412.0,coches.net,berlina
SKODA,RAPID,7990.0,2018.0,187000.0,Diésel,Manual,9012.0,coches.net,berlina
AUDI,Q8,79990.0,2023.0,37503.0,Híbrido,Automatico,28612.0,coches.net,utilitario
TOYOTA,RAV4,28999.0,2022.0,114990.0,Híbrido,Automatico,21812.0,coches.net,utilitario
MERCEDES-BENZ,CLASE GLC,49890.0,2022.0,24337.0,Híbrido enchufable,Automatico,32012.0,coches.net,utilitario
CITROEN,C3,11900.0,2023.0,78691.0,Gasolina,Manual,8312.0,coches.net,berlina
RENAULT,CLIO,12700.0,2022.0,74179.0,Diésel,Manual,10012.0,coches.net,berlina
AUDI,A4,22490.0,2020.0,116019.0,Diésel,Automatico,12212.0,coches.net,berlina
VOLKSWAGEN,TOUAREG,36990.0,2021.0,82063.0,Diésel,Automatico,23112.0,coches.net,utilitario
NISSAN,ARIYA,35990.0,2022.0,5612.0,Eléctrico,Automatico,24212.0,coches.net,utilitario
RENAULT,ARKANA,22990.0,2023.0,89000.0,Híbrido,Automatico,14012.0,coches.net,utilitario
SKODA,OCTAVIA,24490.0,2021.0,109000.0,Diésel,Automatico,15012.0,coches.net,berlina
TOYOTA,C-HR,21490.0,2021.0,150000.0,Híbrido,Automatico,12212.0,coches.net,berlina
VOLKSWAGEN,T-CROSS,19900.0,2022.0,53000.0,Gasolina,Automatico,11012.0,coches.net,utilitario
VOLVO,XC40,35800.0,2025.0,13800.0,Híbrido,Automatico,16312.0,coches.net,utilitario
VOLVO,XC40,32900.0,2025.0,28297.0,Híbrido,Automatico,16312.0,coches.net,utilitario
PEUGEOT,2008,14190.0,2022.0,33000.0,Gasolina,Manual,10012.0,coches.net,utilitario
AUDI,A4,14990.0,2015.0,137000.0,Diésel,Automatico,15012.0,coches.net,berlina
CITROEN,C3,10190.0,2022.0,50000.0,Gasolina,Manual,8312.0,coches.net,berlina
FIAT,PANDA,11995.0,2022.0,67000.0,Híbrido,Manual,7012.0,coches.net,berlina
AUDI,Q3 SPORTBACK,34890.0,2020.0,101529.0,Diésel,Automatico,15012.0,coches.net,utilitario
VOLKSWAGEN,CADDY,20900.0,2021.0,133000.0,Diésel,Manual,12212.0,coches.net,utilitario
RENAULT,ARKANA,15850.0,2021.0,119000.0,Híbrido,Automatico,14512.0,coches.net,utilitario
MERCEDES-BENZ,CLASE B,20550.0,2022.0,119000.0,Híbrido enchufable,Automatico,21812.0,coches.net,utilitario
CITROEN,C4 SPACETOURER,9850.0,2020.0,146000.0,Diésel,Manual,13012.0,coches.net,utilitario
FORD,FOCUS,18950.0,2022.0,46000.0,Híbrido,Manual,15512.0,coches.net,berlina
CITROEN,C3 AIRCROSS,11100.0,2020.0,128000.0,Diésel,Automatico,12012.0,coches.net,utilitario
VOLKSWAGEN,GOLF,23490.0,2020.0,70719.0,Diésel,Manual,15012.0,coches.net,berlina
PORSCHE,MACAN,55500.0,2021.0,138948.0,Gasolina,Automatico,44012.0,coches.net,utilitario
MERCEDES-BENZ,CLASE A,25990.0,2022.0,90000.0,Diésel,Automatico,11612.0,coches.net,berlina
BMW,X1,19900.0,2017.0,89585.0,Diésel,Automatico,15012.0,coches.net,utilitario
BMW,SERIE 1,33900.0,2025.0,15231.0,Híbrido,Automatico,17012.0,coches.net,berlina
MITSUBISHI,OUTLANDER,20690.0,2017.0,59427.0,Híbrido enchufable,Automatico,20312.0,coches.net,utilitario
AUDI,A5,52400.0,2024.0,16500.0,Híbrido,Automatico,20412.0,coches.net,berlina
MAZDA,CX-60,34900.0,2022.0,66385.0,Híbrido enchufable,Automatico,32712.0,coches.net,utilitario
MAZDA,CX-60,37490.0,2023.0,38309.0,Híbrido enchufable,Automatico,32712.0,coches.net,utilitario
MAZDA,CX-5,26990.0,2023.0,85434.0,Gasolina,Manual,16512.0,coches.net,utilitario
BMW,X6,27500.0,2015.0,233674.0,Diésel,Automatico,31312.0,coches.net,utilitario
AUDI,A6,45900.0,2021.0,70000.0,Híbrido enchufable,Automatico,36712.0,coches.net,berlina
VOLKSWAGEN,ID.4,23500.0,2021.0,105940.0,Eléctrico,Automatico,20412.0,coches.net,utilitario
AUDI,A4,20900.0,2021.0,153568.0,Híbrido,Automatico,13612.0,coches.net,berlina
LYNK & CO,02,30900.0,2025.0,15000.0,Eléctrico,Automatico,27212.0,coches.net,utilitario
FORD,PUMA,16090.0,2022.0,94000.0,Diésel,Manual,12012.0,coches.net,utilitario
SMART,FORFOUR,9890.0,2020.0,45000.0,Eléctrico,Automatico,8212.0,coches.net,berlina
MAZDA,CX-30,19390.0,2020.0,79000.0,Híbrido,Manual,12212.0,coches.net,utilitario
LYNK & CO,01,24900.0,2023.0,53821.0,Híbrido enchufable,Automatico,26112.0,coches.net,utilitario
LAND-ROVER,RANGE ROVER EVOQUE,30990.0,2019.0,57000.0,Híbrido,Automatico,30012.0,coches.net,utilitario
VOLVO,XC60,38400.0,2024.0,49426.0,Híbrido,Automatico,19712.0,coches.net,utilitario
MAZDA,CX-60,36990.0,2022.0,87196.0,Híbrido enchufable,Automatico,32712.0,coches.net,utilitario
MAZDA,CX-5,18490.0,2017.0,78444.0,Gasolina,Manual,16512.0,coches.net,utilitario
KIA,SPORTAGE,35090.0,2024.0,15941.0,Híbrido enchufable,Automatico,26512.0,coches.net,utilitario
OPEL,CORSA,10790.0,2021.0,70033.0,Gasolina,Manual,10012.0,coches.net,berlina
CITROEN,C3,6990.0,2016.0,143183.0,Diésel,Manual,7512.0,coches.net,berlina
RENAULT,CLIO,12490.0,2022.0,92112.0,Gasolina,Manual,9012.0,coches.net,berlina
AUDI,Q7,31990.0,2016.0,134138.0,Diésel,Automatico,21812.0,coches.net,utilitario
VOLKSWAGEN,GOLF,18990.0,2020.0,137410.0,Diésel,Automatico,15012.0,coches.net,berlina
CITROEN,C4,10990.0,2017.0,55897.0,Gasolina,Manual,13112.0,coches.net,berlina
PORSCHE,911,324900.0,2025.0,10595.0,Gasolina,Automatico,52512.0,coches.net,berlina
VOLKSWAGEN,POLO,13990.0,2021.0,70000.0,Gasolina,Manual,9512.0,coches.net,berlina
MINI,MINI,15990.0,2019.0,67000.0,Gasolina,Manual,10212.0,coches.net,berlina
MERCEDES-BENZ,CLASE A,37900.0,2025.0,10000.0,Híbrido enchufable,Automatico,21812.0,coches.net,berlina
VOLVO,V60,35900.0,2024.0,29000.0,Híbrido,Automatico,19712.0,coches.net,berlina
BMW,SERIE 2 GRAN TOURER,22990.0,2021.0,61062.0,Diésel,Automatico,11612.0,coches.net,utilitario
MERCEDES-BENZ,CLA,42900.0,2025.0,3000.0,Híbrido enchufable,Automatico,21812.0,coches.net,berlina
MINI,CLUBMAN,26900.0,2023.0,27000.0,Gasolina,Automatico,13612.0,coches.net,berlina
BMW,SERIE 3,29900.0,2024.0,17900.0,Híbrido enchufable,Automatico,20412.0,coches.net,berlina
BMW,X2,22990.0,2021.0,75000.0,Híbrido enchufable,Automatico,22012.0,coches.net,utilitario
FIAT,500X,15990.0,2022.0,71000.0,Gasolina,Manual,12012.0,coches.net,utilitario
MINI,COUNTRYMAN,20990.0,2020.0,67000.0,Híbrido enchufable,Automatico,22412.0,coches.net,berlina
JEEP,AVENGER,16990.0,2024.0,71000.0,Gasolina,Manual,10012.0,coches.net,utilitario
AUDI,A4,20000.0,2021.0,200000.0,Híbrido,Automatico,20412.0,coches.net,berlina
SKODA,FABIA,14400.0,2022.0,33700.0,Gasolina,Manual,8012.0,coches.net,berlina
MERCEDES-BENZ,CLASE CLS,6990.0,2005.0,390000.0,Gasolina,Automatico,27212.0,coches.net,berlina
JAGUAR,XF,6480.0,2010.0,360000.0,Diésel,Automatico,21112.0,coches.net,berlina
CITROEN,DS5,8980.0,2014.0,220000.0,Diésel,Automatico,11412.0,coches.net,berlina
DACIA,SANDERO,11490.0,2021.0,132000.0,Gas,Manual,10012.0,coches.net,berlina
RENAULT,CAPTUR,7990.0,2015.0,214000.0,Gasolina,Manual,9012.0,coches.net,berlina
CITROEN,C4,14990.0,2022.0,32424.0,Gasolina,Manual,13012.0,coches.net,berlina
TOYOTA,VERSO,8990.0,2011.0,154300.0,Diésel,Manual,12612.0,coches.net,utilitario
KIA,NIRO,19975.0,2023.0,68000.0,Híbrido,Automatico,14112.0,coches.net,berlina
TOYOTA,YARIS,14990.0,2020.0,40000.0,Híbrido,Automatico,10012.0,coches.net,berlina
BMW,SERIE 3,41100.0,2025.0,22245.0,Híbrido,Automatico,15012.0,coches.net,berlina
VOLKSWAGEN,TOURAN,8980.0,2011.0,250000.0,Diésel,Automatico,10512.0,coches.net,utilitario
VOLKSWAGEN,GOLF,14500.0,2015.0,230000.0,Diésel,Automatico,18412.0,coches.net,berlina
RENAULT,LAGUNA,8990.0,2011.0,190000.0,Diésel,Manual,15012.0,coches.net,berlina
TESLA,MODEL 3,30000.0,2023.0,60000.0,Eléctrico,Automatico,25612.0,coches.net,berlina
FORD,FOCUS,12890.0,2017.0,102115.0,Diésel,Manual,12012.0,coches.net,berlina
FORD,FOCUS,12890.0,2017.0,102115.0,Diésel,Manual,12012.0,coches.net,berlina
NISSAN,QASHQAI,14990.0,2019.0,115906.0,Gasolina,Manual,14012.0,coches.net,berlina
FORD,FIESTA,10190.0,2021.0,117258.0,Gasolina,Manual,7512.0,coches.net,berlina
SEAT,LEÓN,11990.0,2021.0,169234.0,Diésel,Manual,11512.0,coches.net,berlina
FORD,FOCUS,18490.0,2023.0,68688.0,Híbrido,Manual,15512.0,coches.net,berlina
RENAULT,CLIO,12990.0,2023.0,74000.0,Gasolina,Manual,9012.0,coches.net,berlina
RENAULT,CLIO,12990.0,2023.0,74000.0,Gasolina,Manual,9012.0,coches.net,berlina
KIA,STONIC,13990.0,2022.0,72000.0,Gasolina,Manual,10012.0,coches.net,utilitario
PEUGEOT,308,7800.0,2020.0,237000.0,Gasolina,Manual,13012.0,coches.net,berlina
MERCEDES-BENZ,GLE,53990.0,2022.0,121000.0,Híbrido,Automatico,27212.0,coches.net,utilitario
RENAULT,CLIO,10700.0,2020.0,99300.0,Diésel,Manual,8512.0,coches.net,berlina
HONDA,HR-V,31900.0,2025.0,8500.0,Híbrido,Automatico,13112.0,coches.net,utilitario
SEAT,ARONA,19500.0,2025.0,21762.0,Gasolina,Manual,11512.0,coches.net,utilitario
SKODA,KAMIQ,16300.0,2021.0,65000.0,Gasolina,Automatico,11012.0,coches.net,utilitario
AUDI,Q2,19950.0,2020.0,99000.0,Diésel,Automatico,11612.0,coches.net,utilitario
MAZDA,CX-30,18950.0,2023.0,71000.0,Híbrido,Manual,12212.0,coches.net,utilitario
TOYOTA,C-HR,19950.0,2019.0,89000.0,Híbrido,Automatico,12212.0,coches.net,berlina
FORD,TOURNEO COURIER,27900.0,2025.0,1.0,Gasolina,Manual,12512.0,coches.net,utilitario
AUDI,A4,28500.0,2020.0,121132.0,Diésel,Automatico,19012.0,coches.net,berlina
VOLKSWAGEN,T-ROC,14990.0,2021.0,94000.0,Gasolina,Manual,11012.0,coches.net,utilitario
SSANGYONG,MUSSO,26990.0,2024.0,48000.0,Diésel,Manual,20212.0,coches.net,pick up
SEAT,LEÓN,16990.0,2022.0,98000.0,Híbrido enchufable,Automatico,20412.0,coches.net,berlina
AUDI,A1,17990.0,2022.0,65000.0,Gasolina,Manual,9512.0,coches.net,berlina
BMW,X1,12490.0,2014.0,182000.0,Diésel,Automatico,14312.0,coches.net,berlina
VOLKSWAGEN,POLO,7999.0,2011.0,151000.0,Diésel,Manual,10512.0,coches.net,berlina
MG,ZS,15490.0,2025.0,11292.0,Gasolina,Manual,10612.0,coches.net,utilitario
PEUGEOT,3008,13999.0,2019.0,148752.0,Diésel,Manual,13012.0,coches.net,utilitario
JEEP,WRANGLER,59800.0,2023.0,51045.0,Híbrido enchufable,Automatico,38112.0,coches.net,utilitario
MAZDA,MX-5,23990.0,2018.0,36683.0,Gasolina,Manual,13112.0,coches.net,berlina
SEAT,ATECA,27900.0,2022.0,48000.0,Gasolina,Automatico,15012.0,coches.net,utilitario
MERCEDES-BENZ,CLASE C,40990.0,2024.0,36700.0,Híbrido,Automatico,16312.0,coches.net,berlina
NISSAN,QASHQAI,16990.0,2020.0,120000.0,Gasolina,Manual,14012.0,coches.net,berlina
AUDI,Q5,30490.0,2020.0,107221.0,Híbrido enchufable,Automatico,29912.0,coches.net,utilitario
SKODA,FABIA,15990.0,2021.0,39000.0,Gasolina,Manual,9512.0,coches.net,berlina
DS,DS 7 CROSSBACK,20490.0,2021.0,66306.0,Diésel,Automatico,13012.0,coches.net,utilitario
PEUGEOT,3008,18480.0,2022.0,80547.0,Diésel,Manual,13012.0,coches.net,utilitario
OPEL,MOKKA,22490.0,2024.0,11376.0,Híbrido,Automatico,13612.0,coches.net,utilitario
DACIA,DUSTER,15290.0,2020.0,52679.0,Diésel,Manual,9512.0,coches.net,utilitario
LYNK & CO,01,23690.0,2023.0,34028.0,Híbrido enchufable,Automatico,26112.0,coches.net,utilitario
OPEL,INSIGNIA,5999.0,2012.0,170000.0,Diésel,Manual,13012.0,coches.net,berlina
FORD,C-MAX,8990.0,2019.0,129977.0,Diésel,Manual,9512.0,coches.net,utilitario
CITROEN,GRAND C4 PICASSO,8500.0,2014.0,199000.0,Diésel,Automatico,15012.0,coches.net,utilitario
PEUGEOT,3008,12500.0,2018.0,213000.0,Diésel,Manual,13012.0,coches.net,utilitario
DS,DS 4,9000.0,2016.0,137000.0,Diésel,Manual,12012.0,coches.net,berlina
RENAULT,MÉGANE,11990.0,2019.0,100000.0,Diésel,Manual,11512.0,coches.net,berlina
KIA,STONIC,13900.0,2024.0,89000.0,Gasolina,Manual,8412.0,coches.net,utilitario
PEUGEOT,208,8790.0,2021.0,132713.0,Diésel,Manual,10012.0,coches.net,berlina
MERCEDES-BENZ,CLASE A,22490.0,2019.0,65290.0,Diésel,Automatico,11612.0,coches.net,berlina
LEXUS,UX,33650.0,2023.0,12145.0,Híbrido,Automatico,18412.0,coches.net,utilitario
PEUGEOT,5008,14950.0,2019.0,116000.0,Diésel,Automatico,13012.0,coches.net,utilitario
BMW,Z4,18990.0,2003.0,118529.0,Gasolina,Manual,23112.0,coches.net,berlina
HYUNDAI,TUCSON,23990.0,2021.0,62659.0,Híbrido,Automatico,23012.0,coches.net,utilitario
CITROEN,BERLINGO,16990.0,2020.0,12000.0,Diésel,Manual,10212.0,coches.net,utilitario
OPEL,MOKKA,15950.0,2022.0,40000.0,Diésel,Manual,11012.0,coches.net,utilitario
MINI,COUNTRYMAN,17250.0,2019.0,99000.0,Híbrido enchufable,Automatico,22412.0,coches.net,berlina
BMW,X1,20350.0,2020.0,99000.0,Híbrido enchufable,Automatico,22012.0,coches.net,utilitario
AUDI,Q5,23950.0,2020.0,149000.0,Híbrido enchufable,Automatico,29912.0,coches.net,utilitario
AUDI,A5,32900.0,2022.0,90000.0,Híbrido,Automatico,15012.0,coches.net,berlina
BMW,SERIE 1,21900.0,2021.0,149889.0,Diésel,Manual,15012.0,coches.net,berlina
MERCEDES-BENZ,CLASE A,35499.0,2019.0,125000.0,Gasolina,Automatico,30612.0,coches.net,berlina
MERCEDES-BENZ,CLASE A,20990.0,2020.0,154634.0,Diésel,Automatico,11612.0,coches.net,berlina
AUDI,A5,29990.0,2021.0,199900.0,Híbrido,Automatico,28612.0,coches.net,berlina
LAND-ROVER,RANGE ROVER VELAR,25980.0,2020.0,75993.0,Diésel,Automatico,18012.0,coches.net,utilitario
BMW,SERIE 1,25985.0,2023.0,62273.0,Diésel,Automatico,15012.0,coches.net,berlina
VOLKSWAGEN,POLO,15985.0,2023.0,38711.0,Gasolina,Manual,9512.0,coches.net,berlina
AUDI,A3,12900.0,2011.0,193132.0,Diésel,Manual,17012.0,coches.net,berlina
VOLKSWAGEN,POLO,12699.0,2015.0,49253.0,Gasolina,Manual,11012.0,coches.net,berlina
VOLKSWAGEN,POLO,11599.0,2014.0,11948.0,Gasolina,Manual,9012.0,coches.net,berlina
RENAULT,MÉGANE,12490.0,2019.0,136314.0,Gasolina,Manual,14012.0,coches.net,berlina
VOLKSWAGEN,POLO,10950.0,2021.0,215467.0,Gasolina,Manual,9512.0,coches.net,berlina
RENAULT,MÉGANE,14800.0,2023.0,165119.0,Diésel,Manual,11512.0,coches.net,berlina
CITROEN,Ë-C3,24600.0,2025.0,5455.0,Eléctrico,Automatico,11312.0,coches.net,berlina
KIA,XCEED,22990.0,2022.0,19146.0,Híbrido enchufable,Automatico,14112.0,coches.net,utilitario
KIA,XCEED,22990.0,2022.0,7128.0,Híbrido enchufable,Automatico,14112.0,coches.net,utilitario
BMW,X3,39500.0,2024.0,121000.0,Híbrido,Automatico,19012.0,coches.net,utilitario
VOLVO,XC60,59500.0,2025.0,16215.0,Híbrido enchufable,Automatico,35012.0,coches.net,utilitario
OPEL,GRANDLAND X,13900.0,2021.0,84731.0,Diésel,Manual,13012.0,coches.net,utilitario
BMW,SERIE 3,45900.0,2025.0,22198.0,Híbrido,Automatico,19012.0,coches.net,berlina
AUDI,A1,19490.0,2020.0,66235.0,Gasolina,Automatico,11612.0,coches.net,berlina
VOLKSWAGEN,TOURAN,19490.0,2021.0,155235.0,Diésel,Manual,12212.0,coches.net,utilitario
TOYOTA,COROLLA,24990.0,2022.0,61887.0,Híbrido,Automatico,18012.0,coches.net,berlina
JEEP,RENEGADE,18390.0,2022.0,66317.0,Diésel,Manual,13012.0,coches.net,utilitario
VOLKSWAGEN,TIGUAN,34990.0,2022.0,55496.0,Diésel,Automatico,15012.0,coches.net,utilitario
TOYOTA,YARIS,15950.0,2020.0,19923.0,Híbrido,Automatico,10012.0,coches.net,berlina
DACIA,SANDERO,8900.0,2019.0,207000.0,Gasolina,Manual,9012.0,coches.net,berlina
SMART,FORFOUR,7990.0,2018.0,99000.0,Gasolina,Manual,7112.0,coches.net,berlina
LEXUS,ES,54990.0,2025.0,13855.0,Híbrido,Automatico,21812.0,coches.net,berlina
HYUNDAI,KONA,16400.0,2017.0,90000.0,Gasolina,Automatico,17712.0,coches.net,utilitario
PEUGEOT,3008,17490.0,2021.0,71708.0,Diésel,Manual,13012.0,coches.net,utilitario
RENAULT,MÉGANE,12990.0,2019.0,99713.0,Diésel,Manual,11512.0,coches.net,berlina
KIA,NIRO,17990.0,2018.0,89264.0,Híbrido,Automatico,14112.0,coches.net,berlina
HYUNDAI,I30,23890.0,2018.0,97700.0,Gasolina,Manual,27512.0,coches.net,berlina
RENAULT,CLIO,12200.0,2022.0,46733.0,Gasolina,Manual,6512.0,coches.net,berlina
SEAT,IBIZA,19300.0,2025.0,14500.0,Gasolina,Manual,11512.0,coches.net,berlina
PEUGEOT,3008 HYBRID,19990.0,2021.0,50832.0,Híbrido enchufable,Automatico,22512.0,coches.net,utilitario
HYUNDAI,I20,13490.0,2022.0,79130.0,Gasolina,Manual,10012.0,coches.net,berlina
JAGUAR,E-PACE,19490.0,2019.0,49686.0,Diésel,Manual,15012.0,coches.net,utilitario
VOLKSWAGEN,POLO,18985.0,2026.0,10225.0,Gasolina,Manual,9512.0,coches.net,berlina
VOLKSWAGEN,POLO,13485.0,2023.0,98702.0,Gasolina,Manual,9512.0,coches.net,berlina
MERCEDES-BENZ,CLASE A,24900.0,2014.0,179000.0,Gasolina,Automatico,36012.0,coches.net,berlina
CITROEN,C3 AIRCROSS,13900.0,2020.0,40000.0,Diésel,Manual,10212.0,coches.net,utilitario
NISSAN,JUKE,9999.0,2017.0,139875.0,Diésel,Manual,11012.0,coches.net,utilitario
NISSAN,QASHQAI,16990.0,2020.0,98717.0,Diésel,Manual,11512.0,coches.net,berlina
DS,DS 3,8990.0,2015.0,46530.0,Gasolina,Manual,8212.0,coches.net,berlina
PEUGEOT,308,9590.0,2018.0,129816.0,Gasolina,Manual,13012.0,coches.net,berlina
TOYOTA,YARIS CROSS,24890.0,2023.0,19700.0,Híbrido,Automatico,11612.0,coches.net,utilitario
OPEL,CROSSLAND,12490.0,2021.0,167000.0,Diésel,Automatico,12012.0,coches.net,utilitario
KIA,SPORTAGE,18485.0,2021.0,58883.0,Híbrido,Manual,13612.0,coches.net,utilitario
MAZDA,MX-5,17985.0,2017.0,84269.0,Gasolina,Manual,16012.0,coches.net,berlina
AUDI,Q3,27985.0,2023.0,55537.0,Diésel,Manual,15012.0,coches.net,utilitario
SEAT,LEÓN,12990.0,2021.0,137686.0,Diésel,Manual,11512.0,coches.net,berlina
AUDI,A5,27890.0,2021.0,103946.0,Diésel,Automatico,15012.0,coches.net,berlina
TOYOTA,COROLLA,22990.0,2021.0,117126.0,Híbrido,Automatico,12212.0,coches.net,berlina
AUDI,A3,25490.0,2021.0,74152.0,Gasolina,Manual,15012.0,coches.net,berlina
PEUGEOT,308,10000.0,2019.0,179000.0,Diésel,Automatico,13012.0,coches.net,berlina
PEUGEOT,208,10300.0,2019.0,89000.0,Diésel,Manual,9912.0,coches.net,berlina
OPEL,CORSA,14999.0,2022.0,55512.0,Diésel,Manual,10212.0,coches.net,berlina
CITROEN,C3,12900.0,2023.0,76125.0,Diésel,Manual,10212.0,coches.net,berlina
PEUGEOT,208,13485.0,2023.0,46789.0,Gasolina,Manual,10012.0,coches.net,berlina
PEUGEOT,308,11890.0,2021.0,92689.0,Diésel,Manual,13012.0,coches.net,berlina
FORD,FOCUS,14699.0,2020.0,102756.0,Diésel,Manual,12012.0,coches.net,berlina
BMW,SERIE 1,17099.0,2019.0,74411.0,Gasolina,Automatico,13612.0,coches.net,berlina
OPEL,CORSA,12350.0,2023.0,74881.0,Gasolina,Manual,10012.0,coches.net,berlina
VOLKSWAGEN,PASSAT,20490.0,2020.0,92623.0,Diésel,Automatico,12012.0,coches.net,berlina
HYUNDAI,I20,11990.0,2021.0,125482.0,Gasolina,Manual,8412.0,coches.net,berlina
AUDI,A3,24990.0,2021.0,111388.0,Diésel,Automatico,15012.0,coches.net,berlina
NISSAN,MICRA,11990.0,2021.0,75059.0,Gasolina,Manual,9212.0,coches.net,berlina
HYUNDAI,I20,17990.0,2021.0,28842.0,Híbrido,Automatico,10012.0,coches.net,berlina
MERCEDES-BENZ,CLE,53490.0,2025.0,14000.0,Híbrido,Automatico,19712.0,coches.net,berlina
HYUNDAI,KONA,19990.0,2020.0,85853.0,Híbrido,Automatico,14112.0,coches.net,utilitario
OPEL,CORSA,10985.0,2022.0,26688.0,Gasolina,Manual,10012.0,coches.net,berlina
BMW,X3,25985.0,2020.0,61020.0,Diésel,Automatico,15012.0,coches.net,utilitario
HYUNDAI,I20,13985.0,2022.0,29000.0,Gasolina,Manual,8412.0,coches.net,berlina
MAZDA,MAZDA2,16990.0,2022.0,50202.0,Híbrido,Manual,9012.0,coches.net,berlina
VOLKSWAGEN,TOURAN,23490.0,2020.0,121000.0,Diésel,Manual,11512.0,coches.net,utilitario
NISSAN,X-TRAIL,13900.0,2018.0,237000.0,Diésel,Automatico,17712.0,coches.net,utilitario
BMW,SERIE 1,17490.0,2021.0,94000.0,Diésel,Manual,11612.0,coches.net,berlina
NISSAN,JUKE,15990.0,2021.0,24678.0,Gasolina,Manual,11412.0,coches.net,utilitario
VOLKSWAGEN,GOLF,12990.0,2019.0,94990.0,Eléctrico,Automatico,13612.0,coches.net,berlina
OPEL,CORSA,9990.0,2021.0,81991.0,Diésel,Manual,10212.0,coches.net,berlina
VOLKSWAGEN,GOLF PLUS,7990.0,2009.0,159000.0,Diésel,Manual,14012.0,coches.net,utilitario
VOLKSWAGEN,TOURAN,6500.0,2014.0,223000.0,Diésel,Manual,10512.0,coches.net,utilitario
DACIA,SANDERO,7500.0,2018.0,140000.0,Gasolina,Manual,9012.0,coches.net,berlina
OMODA,5,22990.0,2023.0,45000.0,Gasolina,Automatico,19712.0,coches.net,utilitario
MAZDA,CX-3,14500.0,2016.0,156112.0,Gasolina,Automatico,12012.0,coches.net,utilitario
OMODA,5,22990.0,2023.0,45000.0,Gasolina,Automatico,19712.0,coches.net,utilitario
AUDI,Q3 SPORTBACK,32490.0,2021.0,56750.0,Híbrido,Automatico,15012.0,coches.net,utilitario
PEUGEOT,RIFTER,15490.0,2022.0,69987.0,Diésel,Automatico,10012.0,coches.net,utilitario
RENAULT,CLIO,9250.0,2019.0,155000.0,Gas,Manual,9012.0,coches.net,berlina
RENAULT,AUSTRAL,19450.0,2023.0,149000.0,Híbrido,Manual,14012.0,coches.net,utilitario
OPEL,CORSA-E,16250.0,2024.0,47000.0,Eléctrico,Automatico,13612.0,coches.net,berlina
RENAULT,ESPACE,11990.0,2016.0,150000.0,Diésel,Automatico,16012.0,coches.net,utilitario
MERCEDES-BENZ,GLC COUPÉ,39990.0,2022.0,76500.0,Híbrido enchufable,Automatico,32012.0,coches.net,utilitario
FORD,FIESTA,5999.0,2007.0,229500.0,Diésel,Manual,9012.0,coches.net,berlina
TOYOTA,C-HR,18990.0,2021.0,113776.0,Híbrido,Automatico,12212.0,coches.net,berlina
VOLVO,V60,10990.0,2015.0,174061.0,Gasolina,Automatico,19012.0,coches.net,berlina
PEUGEOT,208,13485.0,2023.0,46789.0,Gasolina,Manual,10012.0,coches.net,berlina
KIA,RIO,12985.0,2022.0,71086.0,Gasolina,Manual,8412.0,coches.net,berlina
PEUGEOT,208,13485.0,2023.0,44389.0,Gasolina,Manual,10012.0,coches.net,berlina
JEEP,WRANGLER,47990.0,2022.0,126500.0,Híbrido enchufable,Automatico,38112.0,coches.net,utilitario
SEAT,LEÓN,22600.0,2025.0,19045.0,Gasolina,Manual,11612.0,coches.net,berlina
SEAT,LEÓN,17900.0,2022.0,64425.0,Diésel,Manual,11512.0,coches.net,berlina
VOLKSWAGEN,T-CROSS,16800.0,2022.0,60497.0,Gasolina,Manual,9512.0,coches.net,utilitario
MITSUBISHI,ASX,8890.0,2012.0,140809.0,Diésel,Manual,11612.0,coches.net,utilitario
MINI,COUNTRYMAN,27900.0,2021.0,60500.0,Gasolina,Automatico,13612.0,coches.net,berlina
VOLKSWAGEN,ARTEON,32900.0,2022.0,84600.0,Diésel,Automatico,15012.0,coches.net,berlina
LEXUS,UX,35900.0,2025.0,21700.0,Híbrido,Automatico,19912.0,coches.net,utilitario
MERCEDES-BENZ,CLASE A,16990.0,2017.0,98967.0,Diésel,Manual,10912.0,coches.net,berlina
PEUGEOT,308,15000.0,2022.0,49000.0,Gasolina,Manual,13012.0,coches.net,berlina
CITROEN,C4,13995.0,2021.0,38477.0,Gasolina,Manual,10012.0,coches.net,berlina
AUDI,Q2,20900.0,2019.0,70456.0,Diésel,Manual,11612.0,coches.net,utilitario
SEAT,LEÓN,22600.0,2025.0,24672.0,Gasolina,Manual,11612.0,coches.net,berlina
MERCEDES-BENZ,CLASE CLK,9990.0,2004.0,116000.0,Gasolina,Automatico,16312.0,coches.net,berlina
BMW,SERIE 5,39900.0,2018.0,151000.0,Diésel,Automatico,32012.0,coches.net,berlina
CITROEN,C3 AIRCROSS,11600.0,2023.0,96000.0,Gasolina,Manual,11012.0,coches.net,utilitario
BMW,SERIE 1,36900.0,2024.0,31202.0,Híbrido,Automatico,16312.0,coches.net,berlina
BMW,SERIE 1,25900.0,2020.0,81650.0,Diésel,Automatico,15012.0,coches.net,berlina
CITROEN,BERLINGO,10990.0,2019.0,156000.0,Gasolina,Manual,11012.0,coches.net,utilitario
BMW,SERIE 3,12000.0,2008.0,279180.0,Diésel,Automatico,17712.0,coches.net,berlina
PEUGEOT,3008,16999.0,2021.0,67374.0,Diésel,Manual,13012.0,coches.net,utilitario
SEAT,ARONA,26500.0,2026.0,10.0,Gasolina,Automatico,15012.0,coches.net,utilitario
BMW,X3,40900.0,2018.0,137301.0,Gasolina,Automatico,36012.0,coches.net,utilitario
LAND-ROVER,RANGE ROVER EVOQUE,24990.0,2022.0,93000.0,Híbrido enchufable,Automatico,30912.0,coches.net,utilitario
MERCEDES-BENZ,EQB,32990.0,2022.0,44000.0,Eléctrico,Automatico,29212.0,coches.net,utilitario
RENAULT,KANGOO,11990.0,2021.0,57000.0,Diésel,Manual,10512.0,coches.net,utilitario
TOYOTA,YARIS,15990.0,2023.0,72000.0,Gasolina,Manual,12512.0,coches.net,berlina
NISSAN,JUKE,10890.0,2018.0,100900.0,Gasolina,Manual,11512.0,coches.net,utilitario
DS,DS 7 CROSSBACK E-TENSE,21990.0,2021.0,82900.0,Híbrido enchufable,Automatico,30012.0,coches.net,utilitario
VOLVO,V60,13990.0,2016.0,141900.0,Diésel,Manual,15012.0,coches.net,berlina
BMW,SERIE 1,19990.0,2022.0,154000.0,Diésel,Manual,15012.0,coches.net,berlina
HYUNDAI,KONA,20990.0,2024.0,35670.0,Híbrido,Manual,12012.0,coches.net,utilitario
MERCEDES-BENZ,CLASE GLA,18990.0,2019.0,168000.0,Diésel,Automatico,13612.0,coches.net,utilitario
MERCEDES-BENZ,EQA,41900.0,2025.0,5300.0,Eléctrico,Automatico,19012.0,coches.net,utilitario
MERCEDES-BENZ,EQA,41900.0,2025.0,9600.0,Eléctrico,Automatico,19012.0,coches.net,utilitario
MERCEDES-BENZ,CLASE CLA,23990.0,2016.0,67000.0,Gasolina,Automatico,15612.0,coches.net,berlina
AUDI,Q5 SPORTBACK,37990.0,2021.0,47800.0,Híbrido enchufable,Automatico,29912.0,coches.net,utilitario
BMW,X1,19990.0,2020.0,114418.0,Diésel,Automatico,11612.0,coches.net,utilitario
MERCEDES-BENZ,CLASE C,33450.0,2021.0,138825.0,Híbrido,Automatico,20012.0,coches.net,berlina
VOLKSWAGEN,T-CROSS,18950.0,2025.0,25933.0,Gasolina,Manual,9512.0,coches.net,utilitario
KIA,CEED,11490.0,2019.0,115000.0,Gasolina,Manual,12012.0,coches.net,berlina
TOYOTA,YARIS,18990.0,2025.0,17000.0,Híbrido,Automatico,11612.0,coches.net,berlina
BMW,SERIE 1,33500.0,2025.0,25000.0,Híbrido,Automatico,16312.0,coches.net,berlina
MERCEDES-BENZ,CLASE C,33900.0,2019.0,137700.0,Híbrido,Automatico,18412.0,coches.net,berlina
BMW,SERIE 2 ACTIVE TOURER,15985.0,2022.0,117776.0,Híbrido enchufable,Automatico,22012.0,coches.net,utilitario
VOLKSWAGEN,T-CROSS,16985.0,2023.0,75230.0,Gasolina,Manual,9512.0,coches.net,utilitario
JAGUAR,XE,16485.0,2018.0,111958.0,Gasolina,Automatico,20012.0,coches.net,berlina
PEUGEOT,208,13485.0,2023.0,47288.0,Gasolina,Manual,10012.0,coches.net,berlina
TOYOTA,C-HR,19985.0,2020.0,88024.0,Híbrido,Automatico,12212.0,coches.net,berlina
CITROEN,C3,11985.0,2023.0,43734.0,Gasolina,Manual,8312.0,coches.net,berlina
PEUGEOT,3008,7899.0,2013.0,232199.0,Diésel,Manual,11512.0,coches.net,berlina
OPEL,GRANDLAND X,15900.0,2019.0,129317.0,Diésel,Manual,13012.0,coches.net,utilitario
VOLVO,V60 CROSS COUNTRY,42500.0,2023.0,42633.0,Híbrido,Automatico,19712.0,coches.net,berlina
MASERATI,LEVANTE,40800.0,2017.0,96300.0,Diésel,Automatico,27512.0,coches.net,utilitario
FORD,S-MAX,24990.0,2023.0,112100.0,Híbrido,Automatico,19012.0,coches.net,utilitario
SEAT,LEÓN,16990.0,2019.0,102732.0,Gasolina,Automatico,15012.0,coches.net,berlina
FORD,FOCUS,11990.0,2019.0,189595.0,Diésel,Automatico,12012.0,coches.net,berlina
VOLKSWAGEN,GOLF,23990.0,2017.0,137000.0,Diésel,Manual,18412.0,coches.net,berlina
PEUGEOT,308,15500.0,2022.0,89254.0,Diésel,Manual,13012.0,coches.net,berlina
MERCEDES-BENZ,CLASE A,28490.0,2021.0,75826.0,Gasolina,Automatico,16312.0,coches.net,berlina
FORD,FIESTA,9390.0,2018.0,85125.0,Gasolina,Manual,8512.0,coches.net,berlina
CITROEN,BERLINGO,16900.0,2021.0,100000.0,Diésel,Manual,10212.0,coches.net,utilitario
PEUGEOT,3008,18490.0,2022.0,79812.0,Diésel,Manual,13012.0,coches.net,utilitario
FORD,FIESTA,15480.0,2020.0,9000.0,Gasolina,Manual,9512.0,coches.net,berlina
CITROEN,C4,16950.0,2024.0,16183.0,Gasolina,Manual,13112.0,coches.net,berlina
RENAULT,SCÉNIC,7990.0,2014.0,140634.0,Diésel,Manual,11012.0,coches.net,utilitario
PEUGEOT,208,7990.0,2017.0,162000.0,Diésel,Manual,7512.0,coches.net,berlina
MERCEDES-BENZ,CLASE C,23890.0,2018.0,114000.0,Híbrido,Automatico,18412.0,coches.net,berlina
KIA,SPORTAGE,18800.0,2020.0,89940.0,Híbrido,Manual,13612.0,coches.net,utilitario
FORD,KUGA,19300.0,2022.0,62482.0,Gasolina,Manual,15012.0,coches.net,utilitario
MERCEDES-BENZ,CLASE A,28900.0,2021.0,16968.0,Híbrido enchufable,Automatico,21812.0,coches.net,berlina
RENAULT,ZOE,15900.0,2021.0,55659.0,Eléctrico,Automatico,10812.0,coches.net,berlina
BMW,SERIE 3,26900.0,2020.0,114071.0,Híbrido enchufable,Automatico,29212.0,coches.net,berlina
OPEL,MOKKA X,16900.0,2019.0,40000.0,Gasolina,Manual,14012.0,coches.net,utilitario
KIA,XCEED,19200.0,2024.0,47804.0,Gasolina,Manual,10012.0,coches.net,utilitario
OPEL,ASTRA,17900.0,2019.0,85900.0,Gasolina,Manual,20012.0,coches.net,berlina
BMW,SERIE 1,37990.0,2024.0,6000.0,Híbrido,Automatico,16312.0,coches.net,berlina
DFSK,500,16985.0,2023.0,40790.0,Gasolina,Automatico,11412.0,coches.net,utilitario
SEAT,ARONA,12490.0,2022.0,82600.0,Gas natural (cng),Manual,9012.0,coches.net,utilitario
SEAT,LEÓN,14985.0,2021.0,77107.0,Gasolina,Manual,13012.0,coches.net,berlina
OPEL,CORSA,11985.0,2022.0,9946.0,Gasolina,Manual,10012.0,coches.net,berlina
CITROEN,C3,11985.0,2023.0,37837.0,Gasolina,Manual,8312.0,coches.net,berlina
MERCEDES-BENZ,CLASE C,39990.0,2022.0,136000.0,Híbrido,Automatico,26512.0,coches.net,berlina
FORD,RANGER,71995.0,2026.0,25.0,Gasolina,Automatico,29212.0,coches.net,pick up
BMW,SERIE 4,19900.0,2019.0,118000.0,Gasolina,Automatico,18412.0,coches.net,berlina
OPEL,CORSA,10780.0,2022.0,69646.0,Diésel,Manual,10212.0,coches.net,berlina
PEUGEOT,RIFTER,16800.0,2022.0,57041.0,Diésel,Manual,10012.0,coches.net,utilitario
MINI,MINI,8900.0,2008.0,205000.0,Gasolina,Manual,17512.0,coches.net,berlina
VOLKSWAGEN,GOLF,21990.0,2021.0,50000.0,Diésel,Automatico,11512.0,coches.net,berlina
PORSCHE,PANAMERA,72990.0,2019.0,92000.0,Gasolina,Automatico,46012.0,coches.net,berlina
MERCEDES-BENZ,CLA,22900.0,2020.0,85000.0,Diésel,Automatico,15012.0,coches.net,berlina
CITROEN,C1,10900.0,2022.0,73000.0,Gasolina,Manual,7212.0,coches.net,berlina
DACIA,DUSTER,8950.0,2016.0,141193.0,Diésel,Manual,9012.0,coches.net,utilitario
CITROEN,C3 AIRCROSS,9290.0,2019.0,116000.0,Gasolina,Manual,8212.0,coches.net,utilitario
JAGUAR,E-PACE,24900.0,2021.0,81566.0,Diésel,Manual,15012.0,coches.net,utilitario
FIAT,500X,8990.0,2016.0,140000.0,Diésel,Manual,9512.0,coches.net,utilitario
OPEL,CORSA-E,19890.0,2021.0,17726.0,Eléctrico,Automatico,13612.0,coches.net,berlina
CITROEN,C4 PICASSO,9490.0,2016.0,110000.0,Diésel,Manual,9912.0,coches.net,utilitario
MASERATI,LEVANTE,44990.0,2020.0,48780.0,Diésel,Automatico,27512.0,coches.net,utilitario
MERCEDES-BENZ,CLASE C,33900.0,2022.0,71000.0,Híbrido,Automatico,16312.0,coches.net,berlina
BMW,X1,16990.0,2017.0,86000.0,Diésel,Manual,11612.0,coches.net,utilitario
BMW,X6,29999.0,2015.0,196500.0,Diésel,Automatico,31312.0,coches.net,utilitario
BMW,SERIE 3,32900.0,2023.0,72000.0,Híbrido,Automatico,15012.0,coches.net,berlina
CITROEN,C-ELYSÉE,6490.0,2019.0,210000.0,Gasolina,Manual,11512.0,coches.net,berlina
OPEL,ASTRA,12900.0,2020.0,45337.0,Gasolina,Manual,11012.0,coches.net,berlina
FIAT,500L,8490.0,2017.0,69000.0,Gasolina,Manual,9512.0,coches.net,utilitario
MERCEDES-BENZ,CITAN,35900.0,2024.0,55865.0,Gasolina,Automatico,13112.0,coches.net,utilitario
MERCEDES-BENZ,CLASE V,55900.0,2023.0,43451.0,Diésel,Automatico,19012.0,coches.net,utilitario
SEAT,LEÓN,17900.0,2021.0,90000.0,Diésel,Manual,11512.0,coches.net,berlina
OPEL,INSIGNIA,10900.0,2016.0,83000.0,Diésel,Manual,13612.0,coches.net,berlina
BMW,SERIE 3,26900.0,2022.0,99000.0,Híbrido enchufable,Automatico,29212.0,coches.net,berlina
SEAT,ARONA,16790.0,2022.0,72000.0,Gasolina,Automatico,11012.0,coches.net,utilitario
BMW,X3,31390.0,2020.0,86518.0,Híbrido,Automatico,19012.0,coches.net,utilitario
SEAT,ARONA,11800.0,2018.0,91000.0,Diésel,Manual,9512.0,coches.net,utilitario
AUDI,A3,38900.0,2026.0,200.0,Híbrido enchufable,Automatico,20412.0,coches.net,berlina
BMW,SERIE 1,15590.0,2021.0,158470.0,Gasolina,Manual,13612.0,coches.net,berlina
AUDI,A3,38900.0,2026.0,200.0,Híbrido enchufable,Automatico,20412.0,coches.net,berlina
MAZDA,CX-30,19900.0,2020.0,98000.0,Gasolina,Manual,12212.0,coches.net,utilitario
FORD,KUGA,27990.0,2022.0,42722.0,Híbrido enchufable,Automatico,22512.0,coches.net,utilitario
AUDI,A4 ALLROAD QUATTRO,14999.0,2017.0,240000.0,Diésel,Automatico,19012.0,coches.net,berlina
RENAULT,MÉGANE,14490.0,2023.0,155400.0,Gasolina,Automatico,14012.0,coches.net,berlina
FORD,C-MAX,12990.0,2019.0,83939.0,Gasolina,Manual,12512.0,coches.net,utilitario
VOLKSWAGEN,TOURAN,26980.0,2021.0,101334.0,Diésel,Automatico,15012.0,coches.net,utilitario
PEUGEOT,3008,15390.0,2022.0,108536.0,Gasolina,Manual,13012.0,coches.net,utilitario
PEUGEOT,308,7990.0,2016.0,110602.0,Gasolina,Manual,13012.0,coches.net,berlina
MERCEDES-BENZ,CLASE A,38900.0,2024.0,4059.0,Híbrido enchufable,Automatico,21812.0,coches.net,berlina
PEUGEOT,308,7990.0,2016.0,110602.0,Gasolina,Manual,13012.0,coches.net,berlina
BMW,SERIE 2 ACTIVE TOURER,16900.0,2020.0,120000.0,Diésel,Manual,11612.0,coches.net,utilitario
TOYOTA,AYGO X CROSS,16490.0,2025.0,11014.0,Gasolina,Manual,7212.0,coches.net,utilitario
AUDI,Q3 SPORTBACK,32900.0,2020.0,83800.0,Diésel,Automatico,15012.0,coches.net,utilitario
TOYOTA,AYGO X CROSS,16290.0,2024.0,19353.0,Gasolina,Manual,7212.0,coches.net,utilitario
NISSAN,QASHQAI,9990.0,2012.0,104000.0,Gasolina,Manual,11712.0,coches.net,berlina
KIA,STONIC,12500.0,2018.0,114000.0,Diésel,Manual,11012.0,coches.net,utilitario
VOLKSWAGEN,T-ROC,23900.0,2021.0,33301.0,Gasolina,Manual,15012.0,coches.net,utilitario
KIA,PICANTO,8990.0,2015.0,122000.0,Gasolina,Manual,8512.0,coches.net,berlina
MERCEDES-BENZ,GLE,48990.0,2020.0,140000.0,Diésel,Automatico,24512.0,coches.net,utilitario
VOLVO,XC90,46900.0,2022.0,93538.0,Híbrido enchufable,Automatico,45512.0,coches.net,utilitario
PEUGEOT,308,9800.0,2020.0,121700.0,Gasolina,Manual,13012.0,coches.net,berlina
FORD,TOURNEO COURIER,6999.0,2016.0,282000.0,Diésel,Manual,9512.0,coches.net,utilitario
PORSCHE,MACAN,89900.0,2026.0,3000.0,Eléctrico,Automatico,40812.0,coches.net,utilitario
AUDI,A4,25990.0,2022.0,93500.0,Híbrido,Automatico,16312.0,coches.net,berlina
PEUGEOT,308,12900.0,2021.0,71000.0,Gasolina,Automatico,13012.0,coches.net,berlina
KIA,RIO,8499.0,2016.0,156581.0,Gasolina,Manual,8412.0,coches.net,berlina
CITROEN,C-ELYSÉE,9000.0,2017.0,47697.0,Gasolina,Manual,8212.0,coches.net,berlina
PEUGEOT,2008,14900.0,2022.0,139000.0,Diésel,Manual,11012.0,coches.net,utilitario
AUDI,A3,18450.0,2017.0,100388.0,Diésel,Manual,15012.0,coches.net,berlina
RENAULT,MÉGANE,17890.0,2017.0,150055.0,Gasolina,Automatico,20512.0,coches.net,berlina
PEUGEOT,2008,10990.0,2019.0,106697.0,Gasolina,Automatico,11012.0,coches.net,utilitario
RENAULT,CLIO,16660.0,2024.0,17703.0,Gasolina,Manual,9012.0,coches.net,berlina
VOLKSWAGEN,TOURAN,27890.0,2022.0,79000.0,Gasolina,Automatico,15012.0,coches.net,utilitario
KIA,SPORTAGE,18490.0,2021.0,60304.0,Gasolina,Manual,13212.0,coches.net,utilitario
VOLKSWAGEN,PASSAT,21900.0,2021.0,47417.0,Diésel,Automatico,12212.0,coches.net,berlina
MG,ZS,18990.0,2025.0,15876.0,Gasolina,Manual,10612.0,coches.net,utilitario
MG,MG3 HYBRID+,18290.0,2025.0,24877.0,Híbrido,Automatico,19512.0,coches.net,berlina
BMW,SERIE 2,33900.0,2024.0,20000.0,Gasolina,Automatico,17812.0,coches.net,berlina
SEAT,ATECA,23400.0,2021.0,49227.0,Gasolina,Automatico,15012.0,coches.net,utilitario
MG,ZS,16790.0,2025.0,15914.0,Gasolina,Manual,10612.0,coches.net,utilitario
CITROEN,C4,16990.0,2021.0,45000.0,Diésel,Automatico,13012.0,coches.net,berlina
TOYOTA,C-HR,22480.0,2022.0,92744.0,Híbrido,Automatico,12212.0,coches.net,berlina
MERCEDES-BENZ,CLASE E,6899.0,2009.0,377000.0,Diésel,Automatico,20412.0,coches.net,berlina
HYUNDAI,I30,27990.0,2020.0,61000.0,Gasolina,Manual,27512.0,coches.net,berlina
KIA,PICANTO,12990.0,2021.0,43959.0,Gasolina,Manual,6712.0,coches.net,berlina
FIAT,TIPO,12990.0,2022.0,71961.0,Gasolina,Manual,10112.0,coches.net,berlina
KIA,PICANTO,11490.0,2022.0,21866.0,Gasolina,Manual,6712.0,coches.net,berlina
CITROEN,C3,13990.0,2023.0,38016.0,Gasolina,Automatico,11012.0,coches.net,berlina
PEUGEOT,2008,14450.0,2022.0,151962.0,Diésel,Manual,11012.0,coches.net,utilitario
OPEL,CORSA,10200.0,2020.0,43300.0,Gasolina,Manual,7512.0,coches.net,berlina
LAND-ROVER,RANGE ROVER EVOQUE,14299.0,2016.0,109056.0,Diésel,Manual,15012.0,coches.net,utilitario
CITROEN,GRAND C4 PICASSO,10699.0,2016.0,121948.0,Diésel,Manual,12012.0,coches.net,utilitario
SEAT,LEÓN,13475.0,2019.0,97000.0,Gas natural (cng),Automatico,13012.0,coches.net,berlina
OPEL,CORSA,9200.0,2021.0,73942.0,Gasolina,Manual,10012.0,coches.net,berlina
MERCEDES-BENZ,CLASE CLA,25490.0,2019.0,55005.0,Gasolina,Automatico,13612.0,coches.net,berlina
FIAT,500,11450.0,2021.0,52194.0,Híbrido,Manual,7012.0,coches.net,berlina
MAZDA,CX-30,20890.0,2023.0,99000.0,Híbrido,Manual,12212.0,coches.net,utilitario
NISSAN,QASHQAI,17890.0,2022.0,99700.0,Híbrido,Manual,14012.0,coches.net,utilitario
AUDI,Q7,29450.0,2017.0,225195.0,Diésel,Automatico,21812.0,coches.net,utilitario
DS,DS 9,18750.0,2021.0,214796.0,Híbrido enchufable,Automatico,22512.0,coches.net,berlina
SSANGYONG,TIVOLI,12750.0,2020.0,79487.0,Gasolina,Manual,12812.0,coches.net,utilitario
TOYOTA,RAV4,34990.0,2021.0,65602.0,Híbrido enchufable,Automatico,30612.0,coches.net,utilitario
BMW,SERIE 1,24890.0,2023.0,44833.0,Gasolina,Automatico,13612.0,coches.net,berlina
TOYOTA,RAV4,34299.0,2021.0,46374.0,Híbrido,Automatico,21812.0,coches.net,utilitario
RENAULT,MÉGANE,6900.0,2014.0,132000.0,Diésel,Manual,9512.0,coches.net,berlina
TOYOTA,YARIS,11900.0,2018.0,47546.0,Gasolina,Manual,6912.0,coches.net,berlina
SEAT,ALTEA XL,8475.0,2015.0,96000.0,Diésel,Automatico,10512.0,coches.net,utilitario
RENAULT,TALISMAN,14499.0,2020.0,122220.0,Diésel,Manual,15012.0,coches.net,berlina
PEUGEOT,3008,20400.0,2022.0,75802.0,Gasolina,Automatico,13012.0,coches.net,utilitario
TOYOTA,COROLLA,23290.0,2021.0,71860.0,Híbrido,Automatico,18012.0,coches.net,berlina
CITROEN,C4,20900.0,2024.0,30133.0,Diésel,Automatico,13112.0,coches.net,berlina
VOLKSWAGEN,PASSAT,9000.0,2014.0,141900.0,Diésel,Manual,10512.0,coches.net,berlina
RENAULT,CLIO,12990.0,2022.0,68119.0,Diésel,Manual,10012.0,coches.net,berlina
RENAULT,MÉGANE,14900.0,2021.0,58750.0,Diésel,Manual,11512.0,coches.net,berlina
CITROEN,C4,14900.0,2024.0,76765.0,Gasolina,Manual,13012.0,coches.net,berlina
BMW,SERIE 1,15610.0,2016.0,100594.0,Diésel,Manual,15012.0,coches.net,berlina
ALFA ROMEO,GIULIETTA,7199.0,2016.0,195000.0,Diésel,Manual,12012.0,coches.net,berlina
AUDI,A4,21991.0,2018.0,40652.0,Gasolina,Manual,15012.0,coches.net,berlina
RENAULT,CLIO,19900.0,2025.0,23500.0,Gas,Manual,10012.0,coches.net,berlina
HYUNDAI,TUCSON,24900.0,2023.0,43451.0,Híbrido,Manual,15012.0,coches.net,utilitario
RENAULT,KANGOO COMBI,13990.0,2022.0,144798.0,Diésel,Manual,9512.0,coches.net,utilitario
BMW,X5,49990.0,2022.0,78000.0,Híbrido enchufable,Automatico,39412.0,coches.net,utilitario
NISSAN,QASHQAI,25600.0,2024.0,53146.0,Híbrido,Manual,14012.0,coches.net,utilitario
CITROEN,C3,10800.0,2022.0,47725.0,Gasolina,Manual,8312.0,coches.net,berlina
CITROEN,C3,13800.0,2023.0,23322.0,Diésel,Manual,10212.0,coches.net,berlina
SEAT,IBIZA,11290.0,2020.0,66851.0,Gas natural (cng),Manual,9012.0,coches.net,berlina
PEUGEOT,108,6990.0,2015.0,91486.0,Gasolina,Manual,8212.0,coches.net,berlina
VOLKSWAGEN,GOLF,11499.0,2014.0,171000.0,Diésel,Manual,10512.0,coches.net,berlina
DS,DS 5,10490.0,2016.0,141538.0,Diésel,Automatico,12012.0,coches.net,berlina
SEAT,IBIZA,6999.0,2015.0,142000.0,Gasolina,Manual,8512.0,coches.net,berlina
KIA,SPORTAGE,22990.0,2022.0,34211.0,Gasolina,Manual,15012.0,coches.net,utilitario
AUDI,A1,27750.0,2025.0,30134.0,Gasolina,Automatico,11612.0,coches.net,berlina
PEUGEOT,2008,8999.0,2017.0,170543.0,Diésel,Manual,12012.0,coches.net,utilitario
BMW,SERIE 1,15610.0,2016.0,100594.0,Diésel,Manual,15012.0,coches.net,berlina
OPEL,ASTRA,8950.0,2014.0,98657.0,Diésel,Manual,13012.0,coches.net,berlina
BMW,SERIE 1,11700.0,2015.0,207000.0,Diésel,Manual,15012.0,coches.net,berlina
PEUGEOT,3008,16350.0,2021.0,85805.0,Diésel,Manual,13012.0,coches.net,utilitario
SKODA,FABIA,19450.0,2025.0,5329.0,Gasolina,Manual,11512.0,coches.net,berlina
AUDI,A8,44990.0,2020.0,88330.0,Híbrido enchufable,Automatico,44912.0,coches.net,berlina
MERCEDES-BENZ,EQB,32990.0,2022.0,59717.0,Eléctrico,Automatico,22812.0,coches.net,utilitario
LAND-ROVER,RANGE ROVER EVOQUE,29990.0,2021.0,56818.0,Híbrido,Automatico,16312.0,coches.net,utilitario
VOLKSWAGEN,MULTIVAN,66990.0,2025.0,144.0,Híbrido enchufable,Automatico,24512.0,coches.net,utilitario
JEEP,RENEGADE,22900.0,2022.0,47900.0,Híbrido enchufable,Automatico,24012.0,coches.net,utilitario
CITROEN,C3 AIRCROSS,17900.0,2023.0,25500.0,Diésel,Manual,11012.0,coches.net,utilitario
KIA,SPORTAGE,28750.0,2024.0,25136.0,Gasolina,Manual,15012.0,coches.net,utilitario
KIA,SPORTAGE,31391.0,2025.0,10384.0,Híbrido,Automatico,21512.0,coches.net,utilitario
RENAULT,KANGOO COMBI,14800.0,2021.0,144000.0,Diésel,Manual,9512.0,coches.net,utilitario
BMW,SERIE 2 ACTIVE TOURER,20900.0,2021.0,56000.0,Híbrido enchufable,Automatico,22012.0,coches.net,utilitario
AUDI,A1,9990.0,2014.0,60000.0,Diésel,Manual,9012.0,coches.net,berlina
VOLKSWAGEN,TIGUAN,46990.0,2025.0,11578.0,Híbrido enchufable,Automatico,20412.0,coches.net,utilitario
ALFA ROMEO,STELVIO,23900.0,2022.0,43000.0,Diésel,Automatico,19012.0,coches.net,utilitario
DS,DS 3,16900.0,2023.0,21000.0,Gasolina,Automatico,13012.0,coches.net,utilitario
OPEL,CORSA,11900.0,2022.0,38000.0,Gasolina,Manual,10012.0,coches.net,berlina
OPEL,ASTRA,17490.0,2023.0,49127.0,Gasolina,Automatico,13012.0,coches.net,berlina
CITROEN,C4,13790.0,2021.0,94888.0,Diésel,Manual,11012.0,coches.net,berlina
VOLKSWAGEN,GOLF,14900.0,2019.0,120456.0,Gasolina,Manual,11512.0,coches.net,berlina
PEUGEOT,508,8989.0,2016.0,190000.0,Diésel,Manual,15012.0,coches.net,berlina
NISSAN,MICRA,11950.0,2018.0,109698.0,Gasolina,Manual,9012.0,coches.net,berlina
BMW,X1,15990.0,2015.0,180000.0,Diésel,Automatico,15012.0,coches.net,utilitario
NISSAN,JUKE,9999.0,2016.0,116000.0,Gasolina,Manual,11512.0,coches.net,utilitario
MINI,MINI,22495.0,2019.0,59500.0,Gasolina,Automatico,19212.0,coches.net,berlina
PORSCHE,MACAN,32900.0,2014.0,166000.0,Diésel,Automatico,25812.0,coches.net,utilitario
SEAT,MII,11290.0,2021.0,55026.0,Eléctrico,Automatico,8312.0,coches.net,berlina
VOLKSWAGEN,ID. BUZZ,43900.0,2024.0,8950.0,Eléctrico,Automatico,20412.0,coches.net,utilitario
AUDI,A4,20999.0,2017.0,127584.0,Diésel,Automatico,19012.0,coches.net,berlina
HYUNDAI,SANTA FE,18490.0,2016.0,141030.0,Diésel,Automatico,20012.0,coches.net,utilitario
SKODA,RAPID,10950.0,2018.0,136761.0,Diésel,Manual,9012.0,coches.net,berlina
FORD,ECOSPORT,14490.0,2021.0,23966.0,Gasolina,Manual,10012.0,coches.net,utilitario
TOYOTA,YARIS,10290.0,2012.0,179957.0,Híbrido,Automatico,10012.0,coches.net,berlina
RENAULT,GRAND KANGOO COMBI,13290.0,2021.0,169011.0,Diésel,Manual,11012.0,coches.net,utilitario
RENAULT,CAPTUR,18290.0,2022.0,90295.0,Híbrido enchufable,Automatico,16012.0,coches.net,utilitario
VOLKSWAGEN,T-CROSS,18900.0,2023.0,78998.0,Gasolina,Automatico,11012.0,coches.net,utilitario
PEUGEOT,508,17750.0,2022.0,87052.0,Diésel,Automatico,13012.0,coches.net,berlina
NISSAN,QASHQAI,20950.0,2023.0,92786.0,Híbrido,Manual,14012.0,coches.net,utilitario
MERCEDES-BENZ,CLASE C,30990.0,2022.0,119888.0,Híbrido,Automatico,20012.0,coches.net,berlina
NISSAN,PULSAR,7999.0,2014.0,146080.0,Diésel,Manual,11012.0,coches.net,berlina
KIA,SPORTAGE,15990.0,2018.0,75800.0,Diésel,Manual,11512.0,coches.net,utilitario
PEUGEOT,308,10999.0,2017.0,120000.0,Diésel,Manual,10012.0,coches.net,berlina
DS,DS 4,19990.0,2022.0,63527.0,Diésel,Automatico,13012.0,coches.net,berlina
BMW,X5,34990.0,2018.0,147766.0,Diésel,Automatico,30612.0,coches.net,utilitario
NISSAN,QASHQAI,33900.0,2024.0,14034.0,Híbrido,Automatico,19012.0,coches.net,utilitario
NISSAN,QASHQAI,33900.0,2024.0,2582.0,Híbrido,Automatico,19012.0,coches.net,utilitario
NISSAN,QASHQAI,33500.0,2024.0,10.0,Híbrido,Automatico,19012.0,coches.net,utilitario
PEUGEOT,2008,18290.0,2024.0,24214.0,Gasolina,Automatico,13012.0,coches.net,utilitario
PEUGEOT,2008,18290.0,2024.0,29480.0,Gasolina,Automatico,13012.0,coches.net,utilitario
PEUGEOT,2008,18290.0,2024.0,24214.0,Gasolina,Automatico,13012.0,coches.net,utilitario
VOLKSWAGEN,PASSAT,15800.0,2022.0,190000.0,Diésel,Automatico,15012.0,coches.net,berlina
PEUGEOT,208,12900.0,2022.0,52800.0,Gasolina,Manual,10012.0,coches.net,berlina
VOLKSWAGEN,GOLF,15990.0,2019.0,97035.0,Diésel,Manual,11512.0,coches.net,berlina
MINI,COUNTRYMAN,9499.0,2013.0,189100.0,Gasolina,Manual,18412.0,coches.net,berlina
PEUGEOT,508,13950.0,2021.0,99999.0,Diésel,Automatico,13012.0,coches.net,berlina
MINI,COUNTRYMAN,9499.0,2013.0,189100.0,Gasolina,Manual,18412.0,coches.net,berlina
OPEL,CROSSLAND,13490.0,2023.0,24264.0,Gasolina,Manual,11012.0,coches.net,utilitario
OPEL,GRANDLAND X,13990.0,2020.0,59467.0,Gasolina,Manual,13012.0,coches.net,utilitario
CITROEN,C3 AIRCROSS,11290.0,2021.0,114486.0,Gasolina,Manual,11012.0,coches.net,utilitario
VOLKSWAGEN,POLO,17490.0,2022.0,54872.0,Gasolina,Manual,9512.0,coches.net,berlina
VOLKSWAGEN,POLO,16485.0,2021.0,25200.0,Gasolina,Manual,9512.0,coches.net,berlina
OPEL,CORSA,13990.0,2024.0,45300.0,Gasolina,Manual,10012.0,coches.net,berlina
HYUNDAI,KONA,27000.0,2025.0,500.0,Gasolina,Manual,13812.0,coches.net,utilitario
HYUNDAI,I10,11900.0,2022.0,61800.0,Gasolina,Manual,6712.0,coches.net,berlina
HYUNDAI,I10,11900.0,2022.0,88000.0,Gasolina,Manual,6712.0,coches.net,berlina
HYUNDAI,KONA,36500.0,2025.0,729.0,Híbrido,Automatico,14112.0,coches.net,utilitario
CITROEN,GRAND C4 PICASSO,6999.0,2010.0,173845.0,Diésel,Manual,11212.0,coches.net,utilitario
MERCEDES-BENZ,GLA,29990.0,2023.0,64500.0,Híbrido enchufable,Automatico,21812.0,coches.net,utilitario
MG,ZS,15490.0,2025.0,11725.0,Gasolina,Manual,10612.0,coches.net,utilitario
MG,ZS,15490.0,2025.0,10765.0,Gasolina,Manual,10612.0,coches.net,utilitario
MERCEDES-BENZ,GLA,34990.0,2022.0,40000.0,Híbrido enchufable,Automatico,21812.0,coches.net,utilitario
JEEP,RENEGADE,14499.0,2016.0,169000.0,Diésel,Automatico,12012.0,coches.net,utilitario
SSANGYONG,MUSSO,26990.0,2024.0,48000.0,Diésel,Manual,20212.0,coches.net,pick up
FIAT,500,9990.0,2023.0,72000.0,Híbrido,Manual,7012.0,coches.net,berlina
VOLKSWAGEN,POLO,7999.0,2011.0,151000.0,Diésel,Manual,10512.0,coches.net,berlina
BMW,X5,38990.0,2017.0,191000.0,Diésel,Automatico,38112.0,coches.net,utilitario
BMW,X1,12490.0,2014.0,182000.0,Diésel,Automatico,14312.0,coches.net,berlina
TOYOTA,AYGO X CROSS,11790.0,2022.0,74200.0,Gasolina,Manual,7212.0,coches.net,utilitario
HYUNDAI,KONA,17990.0,2019.0,82000.0,Eléctrico,Automatico,20412.0,coches.net,utilitario
CITROEN,GRAND C4 PICASSO,6990.0,2013.0,190000.0,Diésel,Automatico,11212.0,coches.net,utilitario
FORD,FIESTA,10999.0,2018.0,144000.0,Gasolina,Manual,14012.0,coches.net,berlina
VOLKSWAGEN,TIGUAN,43950.0,2024.0,60000.0,Diésel,Automatico,19312.0,coches.net,utilitario
BMW,SERIE 4,19999.0,2016.0,163000.0,Diésel,Automatico,19012.0,coches.net,berlina
OPEL,GRANDLAND,13850.0,2022.0,134000.0,Diésel,Automatico,13012.0,coches.net,utilitario
DODGE,CALIBER,3450.0,2008.0,229000.0,Diésel,Manual,14012.0,coches.net,berlina
CITROEN,C3 AIRCROSS,11650.0,2020.0,110000.0,Diésel,Automatico,12012.0,coches.net,utilitario
FORD,FOCUS,11850.0,2020.0,119000.0,Diésel,Manual,12012.0,coches.net,berlina
PEUGEOT,508,16750.0,2022.0,29000.0,Diésel,Automatico,13012.0,coches.net,berlina
TOYOTA,C-HR,18990.0,2021.0,113776.0,Híbrido,Automatico,12212.0,coches.net,berlina
MINI,CLUBMAN,16500.0,2017.0,120000.0,Gasolina,Automatico,19212.0,coches.net,berlina
VOLVO,XC60,27990.0,2020.0,132456.0,Híbrido enchufable,Automatico,39012.0,coches.net,utilitario
MERCEDES-BENZ,CLASE A,30990.0,2025.0,39400.0,Híbrido,Automatico,13612.0,coches.net,berlina
CITROEN,C3,11990.0,2023.0,36000.0,Gasolina,Manual,8312.0,coches.net,berlina
PORSCHE,PANAMERA,109999.0,2024.0,39999.0,Híbrido enchufable,Automatico,46212.0,coches.net,berlina
SSANGYONG,TIVOLI,15890.0,2021.0,35813.0,Gasolina,Manual,12812.0,coches.net,utilitario
PEUGEOT,2008,11990.0,2020.0,98279.0,Gasolina,Manual,10012.0,coches.net,utilitario
NISSAN,QASHQAI,5950.0,2012.0,239100.0,Diésel,Manual,11012.0,coches.net,berlina
VOLKSWAGEN,TOURAN,37500.0,2021.0,45000.0,Diésel,Automatico,15012.0,coches.net,utilitario
VOLVO,V90,30900.0,2021.0,79000.0,Híbrido,Automatico,19712.0,coches.net,berlina
SMART,FORTWO,7999.0,2013.0,133000.0,Gasolina,Automatico,7112.0,coches.net,berlina
KIA,CARENS,9900.0,2016.0,106087.0,Gasolina,Manual,13512.0,coches.net,utilitario
BMW,SERIE 2,12999.0,2014.0,104933.0,Diésel,Manual,15012.0,coches.net,utilitario
SEAT,LEÓN,6999.0,2009.0,170000.0,Diésel,Manual,10512.0,coches.net,berlina
FORD,FOCUS,5490.0,2006.0,139000.0,Diésel,Automatico,10912.0,coches.net,berlina
PEUGEOT,108,10609.0,2021.0,50849.0,Gasolina,Manual,7212.0,coches.net,berlina
OPEL,CORSA,9990.0,2022.0,68543.0,Gasolina,Manual,10012.0,coches.net,berlina
KIA,SPORTAGE,29569.0,2025.0,9581.0,Híbrido,Automatico,16012.0,coches.net,utilitario
OPEL,MOKKA,9999.0,2015.0,180654.0,Diésel,Automatico,13612.0,coches.net,utilitario
NISSAN,QASHQAI,11490.0,2016.0,164000.0,Gasolina,Manual,11512.0,coches.net,berlina
NISSAN,QASHQAI,13990.0,2016.0,103266.0,Diésel,Manual,11012.0,coches.net,berlina
RENAULT,MÉGANE,11800.0,2021.0,181000.0,Diésel,Manual,11512.0,coches.net,berlina
TOYOTA,COROLLA,27199.0,2022.0,55114.0,Híbrido,Automatico,19612.0,coches.net,berlina
RENAULT,MÉGANE,10790.0,2016.0,108431.0,Gasolina,Manual,13012.0,coches.net,berlina
VOLKSWAGEN,PASSAT,13499.0,2022.0,175485.0,Diésel,Automatico,12212.0,coches.net,berlina
AUDI,A4,24490.0,2020.0,71251.0,Diésel,Automatico,16312.0,coches.net,berlina
RENAULT,GRAND SCÉNIC,5790.0,2011.0,195000.0,Diésel,Manual,13012.0,coches.net,utilitario
TOYOTA,COROLLA,18990.0,2021.0,88517.0,Híbrido,Automatico,12212.0,coches.net,berlina
AUDI,A3,38900.0,2019.0,99000.0,Gasolina,Automatico,40012.0,coches.net,berlina
BMW,SERIE 4,21799.0,2017.0,51250.0,Diésel,Manual,19012.0,coches.net,berlina
PEUGEOT,508,23475.0,2024.0,52715.0,Diésel,Automatico,13012.0,coches.net,berlina
VOLKSWAGEN,GOLF,10999.0,2013.0,182000.0,Gasolina,Automatico,12212.0,coches.net,berlina
VOLKSWAGEN,GOLF,20990.0,2020.0,55496.0,Híbrido,Automatico,15012.0,coches.net,berlina
MINI,MINI,13999.0,2015.0,111801.0,Gasolina,Manual,19212.0,coches.net,berlina
MINI,MINI,13299.0,2016.0,102058.0,Gasolina,Manual,13612.0,coches.net,berlina
KIA,CEED TOURER,23990.0,2022.0,11871.0,Híbrido enchufable,Automatico,14112.0,coches.net,berlina
OPEL,CORSA,15850.0,2022.0,41263.0,Diésel,Manual,10212.0,coches.net,berlina
LAND-ROVER,RANGE ROVER EVOQUE,31990.0,2021.0,24669.0,Híbrido,Automatico,16012.0,coches.net,utilitario
CITROEN,C4,16990.0,2022.0,62389.0,Diésel,Automatico,13012.0,coches.net,berlina
SKODA,OCTAVIA,29990.0,2021.0,64000.0,Híbrido enchufable,Automatico,24512.0,coches.net,berlina
KIA,STONIC,14450.0,2022.0,58166.0,Gasolina,Manual,8412.0,coches.net,utilitario
RENAULT,MÉGANE,18990.0,2024.0,39879.0,Diésel,Automatico,11512.0,coches.net,berlina
FORD,FOCUS,17990.0,2023.0,57839.0,Híbrido,Manual,12512.0,coches.net,berlina
VOLVO,S60,29900.0,2022.0,84422.0,Híbrido,Automatico,19712.0,coches.net,berlina
VOLKSWAGEN,GOLF,24990.0,2021.0,36700.0,Híbrido enchufable,Automatico,24512.0,coches.net,berlina
OPEL,MOKKA,12000.0,2016.0,45931.0,Gasolina,Manual,14012.0,coches.net,utilitario
PEUGEOT,RIFTER,25950.0,2025.0,24641.0,Diésel,Manual,10012.0,coches.net,utilitario
PEUGEOT,3008,11500.0,2019.0,159000.0,Diésel,Manual,13012.0,coches.net,utilitario
HYUNDAI,KONA,15480.0,2019.0,51120.0,Gasolina,Manual,12012.0,coches.net,utilitario
BMW,SERIE 1,19990.0,2022.0,72761.0,Diésel,Manual,11612.0,coches.net,berlina
SKODA,SCALA,12950.0,2022.0,33000.0,Gas natural (cng),Manual,9012.0,coches.net,berlina
CITROEN,C4 PICASSO,8990.0,2017.0,200000.0,Diésel,Manual,10012.0,coches.net,utilitario
PEUGEOT,3008 HYBRID,17750.0,2021.0,79000.0,Híbrido enchufable,Automatico,22512.0,coches.net,utilitario
PEUGEOT,2008,12650.0,2020.0,139990.0,Gasolina,Manual,13012.0,coches.net,utilitario
BMW,X4,25990.0,2016.0,139000.0,Diésel,Automatico,31312.0,coches.net,utilitario
AUDI,TTS,32490.0,2016.0,80000.0,Gasolina,Manual,31012.0,coches.net,berlina
SEAT,ARONA,17490.0,2023.0,56059.0,Gasolina,Manual,11012.0,coches.net,utilitario
HYUNDAI,IONIQ,17990.0,2022.0,75998.0,Híbrido enchufable,Automatico,14112.0,coches.net,berlina
LEXUS,LBX,39490.0,2025.0,9966.0,Híbrido,Automatico,13612.0,coches.net,utilitario
HYUNDAI,I20,11990.0,2021.0,74000.0,Gasolina,Manual,8412.0,coches.net,berlina
VOLKSWAGEN,CARAVELLE,44900.0,2024.0,28000.0,Diésel,Automatico,15012.0,coches.net,utilitario
KIA,PICANTO,7999.0,2019.0,140270.0,Gasolina,Manual,6712.0,coches.net,berlina
DS,DS 4,12290.0,2016.0,28500.0,Diésel,Manual,9912.0,coches.net,berlina
MERCEDES-BENZ,CLASE GLS,44850.0,2018.0,128500.0,Diésel,Automatico,25812.0,coches.net,utilitario
FORD,FOCUS,18500.0,2022.0,55000.0,Híbrido,Manual,15512.0,coches.net,berlina
MERCEDES-BENZ,CLASE S,78900.0,2021.0,20220.0,Híbrido,Automatico,43512.0,coches.net,berlina
AUDI,Q3,29990.0,2019.0,79000.0,Gasolina,Automatico,19012.0,coches.net,utilitario
CITROEN,C4 SPACETOURER,11900.0,2019.0,110000.0,Gasolina,Manual,13012.0,coches.net,utilitario
MERCEDES-BENZ,CLASE A,18900.0,2017.0,196000.0,Diésel,Automatico,17712.0,coches.net,berlina
VOLKSWAGEN,POLO,15990.0,2020.0,52278.0,Diésel,Manual,9512.0,coches.net,berlina
FORD,FOCUS,17490.0,2022.0,37174.0,Híbrido,Manual,12512.0,coches.net,berlina
VOLKSWAGEN,GOLF,16490.0,2020.0,67210.0,Gasolina,Manual,11512.0,coches.net,berlina
RENAULT,CLIO,22850.0,2025.0,16711.0,Híbrido,Automatico,14312.0,coches.net,berlina
CITROEN,C4 CACTUS,11475.0,2017.0,73000.0,Diésel,Automatico,10012.0,coches.net,berlina
PEUGEOT,208,11290.0,2022.0,81959.0,Diésel,Manual,10012.0,coches.net,berlina
OPEL,INSIGNIA,11500.0,2022.0,160000.0,Diésel,Manual,12212.0,coches.net,berlina
PEUGEOT,3008,17690.0,2021.0,97424.0,Diésel,Manual,13012.0,coches.net,utilitario
SEAT,ARONA,18800.0,2025.0,28867.0,Gasolina,Manual,11512.0,coches.net,utilitario
NISSAN,QASHQAI,14790.0,2020.0,88900.0,Diésel,Manual,11512.0,coches.net,berlina
KIA,NIRO,17490.0,2019.0,40660.0,Híbrido,Automatico,14112.0,coches.net,berlina
NISSAN,QASHQAI,14200.0,2020.0,113828.0,Diésel,Manual,11512.0,coches.net,berlina
AUDI,A4,21990.0,2019.0,110228.0,Gas natural (cng),Automatico,17012.0,coches.net,berlina
HYUNDAI,TUCSON,22480.0,2021.0,170795.0,Híbrido,Automatico,23012.0,coches.net,utilitario
CITROEN,BERLINGO,11900.0,2021.0,98000.0,Diésel,Manual,10212.0,coches.net,utilitario
NISSAN,QASHQAI+2,9490.0,2010.0,185000.0,Diésel,Manual,15012.0,coches.net,utilitario
MERCEDES-BENZ,CLASE C,53900.0,2024.0,10074.0,Híbrido enchufable,Automatico,31312.0,coches.net,berlina
DS,DS 4,22950.0,2023.0,65049.0,Diésel,Automatico,13012.0,coches.net,berlina
BMW,SERIE 1,5995.0,2006.0,200000.0,Diésel,Manual,12212.0,coches.net,berlina
SEAT,IBIZA,7990.0,2014.0,175000.0,Diésel,Manual,10512.0,coches.net,berlina
HYUNDAI,I20,21490.0,2024.0,27723.0,Híbrido,Manual,10012.0,coches.net,berlina
PEUGEOT,RIFTER,18590.0,2022.0,31488.0,Diésel,Manual,10012.0,coches.net,utilitario
OPEL,ASTRA,19375.0,2024.0,19851.0,Gasolina,Manual,13012.0,coches.net,berlina
NISSAN,QASHQAI,26500.0,2024.0,13968.0,Híbrido,Manual,14012.0,coches.net,utilitario
NISSAN,QASHQAI,13990.0,2019.0,111026.0,Diésel,Manual,11512.0,coches.net,berlina
SEAT,LEÓN,13900.0,2018.0,122200.0,Gasolina,Manual,13012.0,coches.net,berlina
OPEL,INSIGNIA,13900.0,2021.0,82931.0,Diésel,Manual,12212.0,coches.net,berlina
PEUGEOT,5008,18995.0,2021.0,129795.0,Diésel,Manual,13012.0,coches.net,utilitario
SEAT,ATECA,23990.0,2023.0,51561.0,Diésel,Manual,15012.0,coches.net,utilitario
AUDI,Q3,32490.0,2023.0,36578.0,Diésel,Automatico,15012.0,coches.net,utilitario
MERCEDES-BENZ,CLASE GLC,39900.0,2021.0,39000.0,Híbrido enchufable,Automatico,30612.0,coches.net,utilitario
SEAT,LEÓN,13490.0,2021.0,146818.0,Diésel,Manual,11512.0,coches.net,berlina
SEAT,LEÓN,11990.0,2021.0,160217.0,Diésel,Manual,11512.0,coches.net,berlina
SEAT,LEÓN,11490.0,2021.0,180479.0,Diésel,Manual,11512.0,coches.net,berlina
FIAT,500X,11299.0,2020.0,77340.0,Gasolina,Manual,12012.0,coches.net,utilitario
OPEL,MOKKA,12999.0,2021.0,56309.0,Gasolina,Manual,13012.0,coches.net,utilitario
HYUNDAI,KONA,13690.0,2022.0,136846.0,Gasolina,Manual,12012.0,coches.net,utilitario
KIA,SPORTAGE,26309.0,2023.0,64725.0,Híbrido,Automatico,23012.0,coches.net,utilitario
KIA,SPORTAGE,33990.0,2022.0,16650.0,Híbrido,Automatico,23012.0,coches.net,utilitario
PEUGEOT,3008,15900.0,2019.0,63793.0,Gasolina,Automatico,13012.0,coches.net,utilitario
KIA,PICANTO,15490.0,2025.0,9500.0,Gasolina,Manual,6312.0,coches.net,berlina
TOYOTA,C-HR,23900.0,2022.0,51091.0,Híbrido,Automatico,12212.0,coches.net,berlina
TOYOTA,C-HR,22990.0,2021.0,61196.0,Híbrido,Automatico,18412.0,coches.net,berlina
PEUGEOT,RIFTER,16900.0,2020.0,145000.0,Diésel,Manual,13012.0,coches.net,utilitario
MINI,MINI,20990.0,2017.0,79000.0,Gasolina,Automatico,13612.0,coches.net,berlina
OPEL,CORSA,12990.0,2023.0,60511.0,Gasolina,Manual,10012.0,coches.net,berlina
TOYOTA,COROLLA,18400.0,2022.0,99882.0,Híbrido,Automatico,12212.0,coches.net,berlina
TOYOTA,COROLLA,19990.0,2022.0,86390.0,Híbrido,Automatico,12212.0,coches.net,berlina
AUDI,A3,26990.0,2023.0,76290.0,Diésel,Automatico,15012.0,coches.net,berlina
TOYOTA,YARIS,7490.0,2009.0,73000.0,Gasolina,Manual,10112.0,coches.net,berlina
RENAULT,MÉGANE,17890.0,2023.0,48669.0,Diésel,Manual,11512.0,coches.net,berlina
MERCEDES-BENZ,CLASE A,19890.0,2018.0,85457.0,Diésel,Automatico,13612.0,coches.net,berlina
TOYOTA,LAND CRUISER,34990.0,2020.0,141220.0,Diésel,Manual,20412.0,coches.net,utilitario
LAND-ROVER,RANGE ROVER EVOQUE,24990.0,2022.0,93000.0,Híbrido enchufable,Automatico,30912.0,coches.net,utilitario
MERCEDES-BENZ,EQB,32990.0,2022.0,44000.0,Eléctrico,Automatico,29212.0,coches.net,utilitario
TOYOTA,AYGO X CROSS,12990.0,2023.0,74000.0,Gasolina,Manual,7212.0,coches.net,utilitario
AUDI,E-TRON GT,68990.0,2023.0,55000.0,Eléctrico,Automatico,53012.0,coches.net,berlina
PEUGEOT,508,15490.0,2017.0,99909.0,Diésel,Automatico,18012.0,coches.net,berlina
BMW,X4,42990.0,2021.0,100763.0,Híbrido,Automatico,19012.0,coches.net,utilitario
TOYOTA,C-HR,21490.0,2019.0,87643.0,Híbrido,Automatico,12212.0,coches.net,berlina
MERCEDES-BENZ,CLA,31990.0,2022.0,61129.0,Diésel,Automatico,15012.0,coches.net,berlina
BMW,SERIE 2,29990.0,2022.0,29307.0,Diésel,Automatico,15012.0,coches.net,berlina
OPEL,CORSA,11190.0,2023.0,65269.0,Gasolina,Manual,10012.0,coches.net,berlina
OPEL,CORSA,11190.0,2023.0,65269.0,Gasolina,Manual,10012.0,coches.net,berlina
SEAT,LEÓN,22099.0,2025.0,7628.0,Gasolina,Manual,11612.0,coches.net,berlina
BMW,SERIE 1,19790.0,2023.0,81234.0,Diésel,Manual,11612.0,coches.net,berlina
CITROEN,C3,14790.0,2024.0,7399.0,Diésel,Manual,10212.0,coches.net,berlina
PEUGEOT,308,12499.0,2020.0,40764.0,Gasolina,Automatico,13012.0,coches.net,berlina
MERCEDES-BENZ,CLASE A,32990.0,2025.0,15311.0,Diésel,Automatico,11612.0,coches.net,berlina
MERCEDES-BENZ,CLASE A,34890.0,2025.0,22290.0,Diésel,Manual,11612.0,coches.net,berlina
FORD,FOCUS,14300.0,2019.0,76486.0,Gasolina,Manual,12512.0,coches.net,berlina
MERCEDES-BENZ,CLASE A,28990.0,2022.0,66086.0,Diésel,Automatico,15012.0,coches.net,berlina
CITROEN,C4 PICASSO,6490.0,2013.0,170000.0,Diésel,Manual,11512.0,coches.net,utilitario
SEAT,IBIZA,17140.0,2025.0,21323.0,Gasolina,Manual,11512.0,coches.net,berlina
OPEL,ZAFIRA,7590.0,2013.0,131274.0,Diésel,Manual,11012.0,coches.net,utilitario
BMW,SERIE 3,16890.0,2018.0,204700.0,Diésel,Automatico,19012.0,coches.net,berlina
TOYOTA,COROLLA,16490.0,2021.0,103809.0,Híbrido,Automatico,12212.0,coches.net,berlina
OPEL,CORSA,12990.0,2022.0,39000.0,Gasolina,Manual,10012.0,coches.net,berlina
SKODA,FABIA,14200.0,2023.0,39461.0,Gasolina,Manual,8012.0,coches.net,berlina
MERCEDES-BENZ,GLB,37990.0,2021.0,109000.0,Diésel,Automatico,15012.0,coches.net,utilitario
KIA,CEED,21900.0,2024.0,14514.0,Gasolina,Manual,10012.0,coches.net,berlina
KIA,SPORTAGE,39200.0,2023.0,66.0,Híbrido,Automatico,13612.0,coches.net,utilitario
AUDI,A3,32999.0,2023.0,55000.0,Diésel,Automatico,15012.0,coches.net,berlina
FORD,FIESTA,11199.0,2019.0,95533.0,Gasolina,Manual,14012.0,coches.net,berlina
RENAULT,CLIO,5490.0,2007.0,164874.0,Diésel,Manual,8512.0,coches.net,berlina
HYUNDAI,I20,15990.0,2022.0,43057.0,Híbrido,Manual,10012.0,coches.net,berlina
KIA,NIRO,22900.0,2023.0,41679.0,Híbrido,Automatico,14112.0,coches.net,berlina
AUDI,Q3,26699.0,2023.0,65694.0,Diésel,Automatico,15012.0,coches.net,utilitario
VOLKSWAGEN,PASSAT,26700.0,2022.0,63553.0,Diésel,Automatico,15012.0,coches.net,berlina
BMW,X6,52900.0,2021.0,125000.0,Híbrido,Automatico,34012.0,coches.net,utilitario
VOLKSWAGEN,POLO,10900.0,2019.0,100776.0,Gasolina,Manual,8012.0,coches.net,berlina
VOLKSWAGEN,GOLF,11900.0,2014.0,246000.0,Diésel,Manual,18412.0,coches.net,berlina
BMW,X5,69900.0,2023.0,35000.0,Híbrido,Automatico,34012.0,coches.net,utilitario
VOLKSWAGEN,TIGUAN,33990.0,2020.0,77397.0,Diésel,Automatico,24012.0,coches.net,utilitario
FIAT,500X,17990.0,2022.0,73500.0,Gasolina,Automatico,15012.0,coches.net,utilitario
VOLKSWAGEN,T-CROSS,16999.0,2022.0,136999.0,Gasolina,Automatico,11012.0,coches.net,utilitario
LAND-ROVER,FREELANDER,9499.0,2011.0,244000.0,Diésel,Manual,15012.0,coches.net,utilitario
VOLVO,XC60,31990.0,2021.0,82880.0,Híbrido,Automatico,19712.0,coches.net,utilitario
HYUNDAI,SANTA FE,6690.0,2006.0,199000.0,Diésel,Manual,12512.0,coches.net,utilitario
JEEP,RENEGADE,12490.0,2019.0,97329.0,Gasolina,Manual,12012.0,coches.net,utilitario
AUDI,A3,18990.0,2021.0,82000.0,Gasolina,Manual,11012.0,coches.net,berlina
MERCEDES-BENZ,CLASE A,17490.0,2015.0,137211.0,Diésel,Automatico,13612.0,coches.net,berlina
KIA,SPORTAGE,22990.0,2022.0,30551.0,Gasolina,Manual,15012.0,coches.net,utilitario
OPEL,CROSSLAND X,10999.0,2019.0,102185.0,Gasolina,Manual,13012.0,coches.net,utilitario
HYUNDAI,KONA,12799.0,2019.0,120259.0,Gasolina,Manual,12012.0,coches.net,utilitario
FIAT,500X,11490.0,2019.0,107157.0,Gasolina,Manual,12012.0,coches.net,utilitario
MERCEDES-BENZ,CLA,31299.0,2022.0,54340.0,Diésel,Automatico,15012.0,coches.net,berlina
TOYOTA,YARIS,19790.0,2022.0,53973.0,Híbrido,Automatico,11612.0,coches.net,berlina
TOYOTA,COROLLA,19900.0,2022.0,73000.0,Híbrido,Automatico,12212.0,coches.net,berlina
HYUNDAI,IONIQ,12500.0,2019.0,160704.0,Híbrido,Automatico,14112.0,coches.net,berlina
VOLKSWAGEN,GOLF,12450.0,2019.0,99600.0,Eléctrico,Automatico,13612.0,coches.net,berlina
LAND-ROVER,RANGE ROVER EVOQUE,30990.0,2021.0,99000.0,Híbrido,Automatico,15012.0,coches.net,utilitario
AUDI,Q3,30990.0,2022.0,136738.0,Diésel,Automatico,15012.0,coches.net,utilitario
VOLVO,XC60,40500.0,2023.0,24087.0,Híbrido,Automatico,19712.0,coches.net,utilitario
VOLVO,XC60,44900.0,2023.0,31366.0,Híbrido,Automatico,19712.0,coches.net,utilitario
SMART,FORFOUR,9900.0,2019.0,53700.0,Eléctrico,Automatico,8212.0,coches.net,berlina
CITROEN,C-ELYSÉE,7990.0,2017.0,40887.0,Gasolina,Manual,8212.0,coches.net,berlina
AUDI,A1,22050.0,2025.0,14370.0,Gasolina,Manual,9512.0,coches.net,berlina
CITROEN,C3,13500.0,2023.0,54073.0,Gasolina,Manual,8312.0,coches.net,berlina
CITROEN,C3,12200.0,2022.0,64715.0,Gasolina,Manual,8312.0,coches.net,berlina
CITROEN,C3,11500.0,2022.0,77000.0,Gasolina,Manual,8312.0,coches.net,berlina
MINI,MINI,21990.0,2023.0,74095.0,Gasolina,Automatico,13612.0,coches.net,berlina
FORD,FOCUS,21840.0,2023.0,26122.0,Híbrido,Manual,15512.0,coches.net,berlina
NISSAN,JUKE,26790.0,2024.0,10603.0,Híbrido,Automatico,14312.0,coches.net,utilitario
FORD,KUGA,14500.0,2017.0,136555.0,Diésel,Automatico,15012.0,coches.net,utilitario
NISSAN,JUKE,24290.0,2023.0,27074.0,Híbrido,Automatico,14312.0,coches.net,utilitario
BMW,SERIE 1,13999.0,2018.0,153216.0,Diésel,Automatico,11612.0,coches.net,berlina
HYUNDAI,BAYON,14490.0,2023.0,58000.0,Gasolina,Manual,8412.0,coches.net,utilitario
MINI,MINI,14999.0,2014.0,137519.0,Gasolina,Automatico,19212.0,coches.net,berlina
TOYOTA,COROLLA,16990.0,2021.0,59990.0,Híbrido,Automatico,12212.0,coches.net,berlina
SEAT,ARONA,17500.0,2023.0,47000.0,Gasolina,Manual,11012.0,coches.net,utilitario
SKODA,OCTAVIA,16999.0,2021.0,108000.0,Híbrido,Automatico,11012.0,coches.net,berlina
FIAT,500,12500.0,2022.0,28200.0,Híbrido,Manual,7012.0,coches.net,berlina
KIA,SPORTAGE,37990.0,2024.0,27000.0,Híbrido enchufable,Automatico,26512.0,coches.net,utilitario
PEUGEOT,5008,24450.0,2024.0,41782.0,Gasolina,Manual,13012.0,coches.net,utilitario
LAND-ROVER,RANGE ROVER EVOQUE,16990.0,2014.0,119000.0,Diésel,Manual,15012.0,coches.net,utilitario
VOLVO,XC60,31900.0,2021.0,113747.0,Híbrido,Automatico,19712.0,coches.net,utilitario
MERCEDES-BENZ,CLASE GLA,20299.0,2019.0,96247.0,Diésel,Automatico,13612.0,coches.net,utilitario
AUDI,Q3,22399.0,2020.0,145437.0,Híbrido,Automatico,15012.0,coches.net,utilitario
PEUGEOT,5008,18790.0,2022.0,85821.0,Gasolina,Automatico,13012.0,coches.net,utilitario
PEUGEOT,308,8450.0,2016.0,112000.0,Gasolina,Manual,13012.0,coches.net,berlina
RENAULT,CLIO,12490.0,2021.0,73000.0,Diésel,Manual,8512.0,coches.net,berlina
FORD,FOCUS,3950.0,2010.0,285866.0,Diésel,Manual,9012.0,coches.net,berlina
MERCEDES-BENZ,CLASE A,16990.0,2020.0,196280.0,Diésel,Manual,11612.0,coches.net,berlina
TOYOTA,AYGO,10599.0,2018.0,30071.0,Gasolina,Manual,7212.0,coches.net,berlina
CUPRA,FORMENTOR,24900.0,2022.0,84478.0,Diésel,Manual,15012.0,coches.net,utilitario
CUPRA,FORMENTOR,23990.0,2022.0,64000.0,Diésel,Manual,15012.0,coches.net,utilitario
VOLKSWAGEN,T-ROC,20900.0,2022.0,158000.0,Diésel,Automatico,15012.0,coches.net,utilitario
VOLKSWAGEN,GOLF,21890.0,2023.0,99077.0,Diésel,Automatico,11512.0,coches.net,berlina
CITROEN,C4 PICASSO,10900.0,2018.0,143124.0,Gasolina,Manual,13012.0,coches.net,utilitario
TOYOTA,YARIS,21900.0,2023.0,32445.0,Híbrido,Automatico,11612.0,coches.net,berlina
PEUGEOT,RIFTER,17490.0,2021.0,83570.0,Diésel,Manual,10012.0,coches.net,utilitario
VOLKSWAGEN,T-ROC,16990.0,2020.0,144085.0,Diésel,Manual,11512.0,coches.net,utilitario
KIA,STONIC,12990.0,2021.0,120490.0,Híbrido,Manual,10012.0,coches.net,utilitario
TOYOTA,C-HR,17490.0,2019.0,139726.0,Híbrido,Automatico,12212.0,coches.net,berlina
OPEL,ASTRA,25500.0,2025.0,10.0,Híbrido,Automatico,13612.0,coches.net,berlina
TOYOTA,C-HR,18799.0,2019.0,58584.0,Híbrido,Automatico,12212.0,coches.net,berlina
VOLVO,XC60,46500.0,2024.0,145.0,Híbrido,Automatico,19712.0,coches.net,utilitario
VOLVO,XC60,43900.0,2024.0,31682.0,Híbrido,Automatico,19712.0,coches.net,utilitario
AUDI,A4,13100.0,2017.0,228000.0,Diésel,Automatico,19012.0,coches.net,berlina
MERCEDES-BENZ,CLASE A,18989.0,2019.0,139000.0,Diésel,Automatico,11612.0,coches.net,berlina
FORD,FIESTA,8890.0,2018.0,127329.0,Gasolina,Manual,10012.0,coches.net,berlina
PEUGEOT,308,7499.0,2013.0,143000.0,Diésel,Manual,11212.0,coches.net,berlina
NISSAN,QASHQAI,31490.0,2023.0,15150.0,Híbrido,Automatico,19012.0,coches.net,utilitario
FORD,KUGA,22900.0,2023.0,89000.0,Diésel,Automatico,12012.0,coches.net,utilitario
SEAT,IBIZA,9000.0,2018.0,135000.0,Gasolina,Manual,7512.0,coches.net,berlina
TOYOTA,YARIS,23500.0,2025.0,5882.0,Híbrido,Automatico,11612.0,coches.net,berlina
TOYOTA,AURIS,14690.0,2018.0,112973.0,Híbrido,Automatico,13612.0,coches.net,berlina
VOLKSWAGEN,T-CROSS,19750.0,2022.0,57000.0,Gasolina,Automatico,11012.0,coches.net,utilitario
MAZDA,CX-5,16500.0,2018.0,189716.0,Diésel,Manual,15012.0,coches.net,utilitario
SEAT,IBIZA,6500.0,2009.0,115000.0,Diésel,Manual,9012.0,coches.net,berlina
TOYOTA,AYGO,13750.0,2021.0,63654.0,Gasolina,Manual,7212.0,coches.net,berlina
RENAULT,KADJAR,20990.0,2022.0,47392.0,Gasolina,Automatico,14012.0,coches.net,berlina
KIA,SPORTAGE,26015.0,2022.0,80498.0,Híbrido,Automatico,23012.0,coches.net,utilitario
VOLVO,XC60,29990.0,2022.0,134927.0,Híbrido enchufable,Automatico,35012.0,coches.net,utilitario
FORD,ECOSPORT,10299.0,2019.0,129688.0,Gasolina,Manual,12512.0,coches.net,utilitario
DACIA,SANDERO,9200.0,2020.0,71000.0,Gasolina,Manual,9012.0,coches.net,berlina
TOYOTA,C-HR,22990.0,2022.0,102509.0,Híbrido,Automatico,12212.0,coches.net,berlina
OPEL,CORSA,1930.0,2010.0,310493.0,Diésel,Manual,7512.0,coches.net,berlina
VOLKSWAGEN,POLO,13990.0,2022.0,90000.0,Gasolina,Manual,9512.0,coches.net,berlina
SEAT,LEÓN,4990.0,2010.0,197260.0,Diésel,Manual,10512.0,coches.net,berlina
HONDA,ACCORD,9999.0,2006.0,223000.0,Gasolina,Automatico,19012.0,coches.net,berlina
MERCEDES-BENZ,CLASE A,34900.0,2025.0,19000.0,Diésel,Automatico,15012.0,coches.net,berlina
MG,ZS,14990.0,2025.0,8607.0,Gasolina,Manual,10612.0,coches.net,utilitario
NISSAN,QASHQAI,29990.0,2023.0,27914.0,Híbrido,Automatico,19012.0,coches.net,utilitario
CITROEN,C3 AIRCROSS,8199.0,2018.0,57436.0,Gasolina,Manual,11012.0,coches.net,utilitario
NISSAN,JUKE,21600.0,2025.0,12983.0,Gasolina,Manual,11412.0,coches.net,utilitario
TOYOTA,AYGO,9890.0,2017.0,96356.0,Gasolina,Manual,6912.0,coches.net,berlina
FIAT,TIPO,9890.0,2018.0,56000.0,Gasolina,Manual,9512.0,coches.net,berlina
OPEL,ASTRA,6790.0,2015.0,162439.0,Diésel,Manual,11012.0,coches.net,berlina
FORD,TOURNEO COURIER,12490.0,2016.0,73688.0,Diésel,Manual,9512.0,coches.net,utilitario
FIAT,500X,12299.0,2018.0,71701.0,Diésel,Manual,12012.0,coches.net,utilitario
NISSAN,JUKE,24500.0,2025.0,335.0,Gasolina,Manual,11412.0,coches.net,utilitario
BMW,X3,27900.0,2020.0,99900.0,Diésel,Automatico,15012.0,coches.net,utilitario
PEUGEOT,208,11900.0,2022.0,86100.0,Diésel,Manual,10012.0,coches.net,berlina
BMW,SERIE 1,26900.0,2023.0,99900.0,Diésel,Automatico,15012.0,coches.net,berlina
SEAT,ATECA,28990.0,2025.0,9999.0,Gasolina,Manual,11512.0,coches.net,utilitario
PEUGEOT,3008,20990.0,2023.0,84950.0,Diésel,Automatico,13012.0,coches.net,utilitario
MERCEDES-BENZ,CLASE GLC,31490.0,2020.0,104000.0,Híbrido enchufable,Automatico,32012.0,coches.net,utilitario
SEAT,LEÓN,19950.0,2021.0,53000.0,Híbrido enchufable,Automatico,20412.0,coches.net,berlina
PEUGEOT,2008,15375.0,2023.0,67542.0,Gasolina,Manual,10012.0,coches.net,utilitario
CHEVROLET,CAPTIVA,8990.0,2011.0,150000.0,Diésel,Automatico,18412.0,coches.net,utilitario
JEEP,COMPASS,17399.0,2020.0,90294.0,Diésel,Automatico,14012.0,coches.net,utilitario
JAGUAR,E-PACE,18799.0,2020.0,89625.0,Diésel,Automatico,15012.0,coches.net,utilitario
VOLKSWAGEN,T-ROC,20990.0,2022.0,43252.0,Gasolina,Manual,11012.0,coches.net,utilitario
OPEL,CORSA,15190.0,2025.0,12650.0,Gasolina,Manual,10012.0,coches.net,berlina
PEUGEOT,5008,22590.0,2022.0,40052.0,Diésel,Manual,13012.0,coches.net,utilitario
OPEL,CORSA,10900.0,2023.0,68000.0,Gasolina,Manual,10012.0,coches.net,berlina
BMW,SERIE 5,28490.0,2021.0,147815.0,Híbrido,Automatico,19012.0,coches.net,berlina
FIAT,500,12490.0,2022.0,74663.0,Híbrido,Manual,7012.0,coches.net,berlina
DACIA,SANDERO,14495.0,2023.0,37000.0,Gasolina,Manual,9112.0,coches.net,berlina
BMW,SERIE 3,92990.0,2024.0,6000.0,Gasolina,Automatico,51012.0,coches.net,berlina
VOLKSWAGEN,PASSAT,14990.0,2015.0,151729.0,Diésel,Manual,15012.0,coches.net,berlina
PEUGEOT,RIFTER,18490.0,2020.0,110483.0,Diésel,Automatico,13012.0,coches.net,utilitario
PEUGEOT,RIFTER,15990.0,2020.0,140941.0,Diésel,Manual,13012.0,coches.net,utilitario
KIA,XCEED,19490.0,2025.0,13543.0,Gasolina,Manual,10012.0,coches.net,utilitario
FIAT,TIPO,12290.0,2022.0,73350.0,Gasolina,Manual,10012.0,coches.net,berlina
MINI,MINI,23500.0,2020.0,50505.0,Gasolina,Automatico,13612.0,coches.net,berlina
AUDI,A5,33450.0,2019.0,72739.0,Diésel,Automatico,19012.0,coches.net,berlina
RENAULT,SCÉNIC,7990.0,2014.0,140634.0,Diésel,Manual,11012.0,coches.net,utilitario
AUDI,A3,26990.0,2021.0,99870.0,Híbrido,Automatico,15012.0,coches.net,berlina
BMW,SERIE 2,24799.0,2021.0,117684.0,Diésel,Automatico,15012.0,coches.net,berlina
SEAT,TOLEDO,8799.0,2015.0,139111.0,Diésel,Manual,10512.0,coches.net,berlina
HYUNDAI,TUCSON,30200.0,2024.0,56358.0,Híbrido,Automatico,21512.0,coches.net,utilitario
KIA,CEE'D,6890.0,2010.0,120595.0,Gasolina,Manual,9012.0,coches.net,berlina
VOLKSWAGEN,T-ROC,21400.0,2021.0,89900.0,Diésel,Manual,11512.0,coches.net,utilitario
SEAT,LEÓN,17850.0,2021.0,94000.0,Híbrido enchufable,Automatico,20412.0,coches.net,berlina
AUDI,A5,17999.0,2015.0,135136.0,Diésel,Automatico,15012.0,coches.net,berlina
CUPRA,FORMENTOR,23890.0,2023.0,59416.0,Gasolina,Automatico,15012.0,coches.net,utilitario
FORD,FOCUS,2790.0,2007.0,220000.0,Diésel,Manual,10912.0,coches.net,berlina
NISSAN,QASHQAI,22490.0,2022.0,67551.0,Híbrido,Manual,14012.0,coches.net,utilitario
RENAULT,CLIO,18600.0,2024.0,17928.0,Gasolina,Manual,9012.0,coches.net,berlina
PEUGEOT,E-208,13690.0,2022.0,104029.0,Eléctrico,Automatico,13612.0,coches.net,berlina
HYUNDAI,I10,9599.0,2018.0,111221.0,Gasolina,Automatico,8712.0,coches.net,berlina
HYUNDAI,I10,9799.0,2018.0,28960.0,Gasolina,Manual,6612.0,coches.net,berlina
HYUNDAI,I10,8999.0,2014.0,36806.0,Gasolina,Automatico,8712.0,coches.net,berlina
BMW,SERIE 3,24290.0,2021.0,113160.0,Híbrido enchufable,Automatico,29212.0,coches.net,berlina
BMW,SERIE 1,13750.0,2014.0,129000.0,Gasolina,Automatico,17012.0,coches.net,berlina
PEUGEOT,308,8990.0,2015.0,245981.0,Gasolina,Manual,20512.0,coches.net,berlina
CITROEN,BERLINGO,14599.0,2019.0,124446.0,Diésel,Manual,10212.0,coches.net,utilitario
HYUNDAI,TUCSON,27940.0,2022.0,18558.0,Híbrido,Automatico,15012.0,coches.net,utilitario
MAZDA,MAZDA3,27290.0,2024.0,14057.0,Híbrido,Automatico,12212.0,coches.net,berlina
AUDI,A3,18950.0,2016.0,148000.0,Diésel,Automatico,11012.0,coches.net,berlina
FORD,FOCUS,13490.0,2020.0,143127.0,Gasolina,Manual,12512.0,coches.net,berlina
RENAULT,MÉGANE,14690.0,2022.0,91202.0,Diésel,Manual,11512.0,coches.net,berlina
NISSAN,QASHQAI,15990.0,2015.0,48508.0,Diésel,Automatico,13012.0,coches.net,berlina
MERCEDES-BENZ,CLASE A,23940.0,2022.0,129484.0,Gasolina,Automatico,13612.0,coches.net,berlina
HYUNDAI,I20,21850.0,2025.0,26730.0,Híbrido,Automatico,10012.0,coches.net,berlina
HYUNDAI,IONIQ,11990.0,2019.0,185209.0,Híbrido enchufable,Automatico,14112.0,coches.net,berlina
MINI,COUNTRYMAN,18990.0,2021.0,105507.0,Híbrido enchufable,Automatico,22012.0,coches.net,berlina
RENAULT,MÉGANE,17490.0,2023.0,47899.0,Gasolina,Automatico,14012.0,coches.net,berlina
RENAULT,CLIO,5500.0,2012.0,200000.0,Diésel,Manual,9012.0,coches.net,berlina
MINI,MINI,22099.0,2022.0,43243.0,Gasolina,Automatico,13612.0,coches.net,berlina
MINI,MINI,20900.0,2023.0,57377.0,Gasolina,Automatico,13612.0,coches.net,berlina
SEAT,LEÓN,19490.0,2023.0,96000.0,Diésel,Automatico,15012.0,coches.net,berlina
OPEL,CORSA,16490.0,2025.0,16494.0,Gasolina,Manual,10012.0,coches.net,berlina
FORD,MONDEO,18690.0,2021.0,77041.0,Híbrido,Automatico,18712.0,coches.net,berlina
SEAT,ATECA,13499.0,2016.0,125221.0,Diésel,Manual,11512.0,coches.net,utilitario
RENAULT,MÉGANE,2790.0,2006.0,219323.0,Diésel,Manual,8512.0,coches.net,berlina
AUDI,A1,13590.0,2018.0,53200.0,Gasolina,Automatico,9512.0,coches.net,berlina
FORD,KUGA,17890.0,2023.0,124787.0,Híbrido enchufable,Automatico,22512.0,coches.net,utilitario
FORD,KUGA,17990.0,2023.0,104437.0,Híbrido enchufable,Automatico,22512.0,coches.net,utilitario
VOLKSWAGEN,GOLF,29990.0,2019.0,84000.0,Gasolina,Automatico,24512.0,coches.net,berlina
MERCEDES-BENZ,CLASE A,19500.0,2017.0,79000.0,Diésel,Automatico,13612.0,coches.net,berlina
CITROEN,C4 CACTUS,10990.0,2020.0,39000.0,Gasolina,Manual,11012.0,coches.net,berlina
OPEL,CORSA,14190.0,2024.0,17599.0,Gasolina,Manual,10012.0,coches.net,berlina
TOYOTA,COROLLA,16690.0,2021.0,131666.0,Híbrido,Automatico,12212.0,coches.net,berlina
OPEL,CORSA,14190.0,2024.0,17599.0,Gasolina,Manual,10012.0,coches.net,berlina
FORD,FOCUS,30900.0,2016.0,101518.0,Gasolina,Manual,35012.0,coches.net,berlina
BMW,SERIE 1,20490.0,2020.0,76831.0,Diésel,Manual,15012.0,coches.net,berlina
MINI,MINI,7990.0,2010.0,98000.0,Gasolina,Manual,9812.0,coches.net,berlina
TOYOTA,YARIS,23490.0,2025.0,5990.0,Híbrido,Automatico,11612.0,coches.net,berlina
MERCEDES-BENZ,CLASE CLA,23299.0,2017.0,128733.0,Diésel,Automatico,17712.0,coches.net,berlina
PEUGEOT,3008,14900.0,2019.0,111827.0,Gasolina,Manual,13012.0,coches.net,utilitario
KIA,PICANTO,8799.0,2018.0,38184.0,Gasolina,Manual,6712.0,coches.net,berlina
MINI,COUNTRYMAN,12990.0,2015.0,112197.0,Diésel,Manual,11212.0,coches.net,berlina
VOLVO,S60,14990.0,2015.0,254000.0,Diésel,Automatico,18112.0,coches.net,berlina
LAND-ROVER,RANGE ROVER EVOQUE,27690.0,2021.0,30993.0,Híbrido,Automatico,16312.0,coches.net,utilitario
LAND-ROVER,RANGE ROVER EVOQUE,21890.0,2020.0,104644.0,Híbrido,Automatico,15012.0,coches.net,utilitario
BMW,SERIE 1,22790.0,2020.0,57825.0,Diésel,Automatico,15012.0,coches.net,berlina
CITROEN,SPACETOURER,25990.0,2019.0,130670.0,Diésel,Manual,15012.0,coches.net,utilitario
OPEL,CROSSLAND X,9990.0,2019.0,127000.0,Gasolina,Automatico,11012.0,coches.net,utilitario
SEAT,ARONA,17990.0,2023.0,26247.0,Gasolina,Manual,11012.0,coches.net,utilitario
FORD,KUGA,19490.0,2023.0,66250.0,Gasolina,Manual,15012.0,coches.net,utilitario
BMW,SERIE 2 ACTIVE TOURER,20900.0,2021.0,56000.0,Híbrido enchufable,Automatico,22012.0,coches.net,utilitario
PEUGEOT,2008,12990.0,2021.0,90095.0,Diésel,Manual,11012.0,coches.net,utilitario
PEUGEOT,5008,16490.0,2021.0,133706.0,Diésel,Manual,13012.0,coches.net,utilitario
BMW,SERIE 1,6990.0,2008.0,200000.0,Diésel,Manual,14312.0,coches.net,berlina
DS,DS 4,17900.0,2022.0,71000.0,Diésel,Automatico,13012.0,coches.net,berlina
SEAT,IBIZA,22200.0,2026.0,50.0,Gasolina,Manual,11512.0,coches.net,berlina
SEAT,ALHAMBRA,18890.0,2022.0,149741.0,Gasolina,Automatico,15012.0,coches.net,utilitario
TOYOTA,C-HR,20990.0,2022.0,98279.0,Híbrido,Automatico,12212.0,coches.net,berlina
AUDI,Q2,17990.0,2016.0,115906.0,Gasolina,Manual,15012.0,coches.net,utilitario
FIAT,600,22990.0,2024.0,8063.0,Híbrido,Automatico,10012.0,coches.net,utilitario
OPEL,MOKKA,16900.0,2024.0,23000.0,Gasolina,Manual,13612.0,coches.net,utilitario
TOYOTA,C-HR,32790.0,2024.0,12500.0,Híbrido,Automatico,14012.0,coches.net,utilitario
PEUGEOT,2008,15940.0,2021.0,33768.0,Gasolina,Automatico,13012.0,coches.net,utilitario
SEAT,ATECA,17890.0,2022.0,73405.0,Gasolina,Manual,11012.0,coches.net,utilitario
SEAT,ATECA,19950.0,2022.0,72283.0,Gasolina,Manual,15012.0,coches.net,utilitario
BMW,SERIE 2,18900.0,2021.0,109367.0,Diésel,Automatico,11612.0,coches.net,berlina
AUDI,A1,24199.0,2022.0,38823.0,Gasolina,Automatico,11012.0,coches.net,berlina
PEUGEOT,108,7699.0,2019.0,109253.0,Gasolina,Manual,7212.0,coches.net,berlina
AUDI,Q7,22990.0,2015.0,219056.0,Diésel,Automatico,27212.0,coches.net,utilitario
VOLKSWAGEN,GOLF,13990.0,2014.0,168000.0,Diésel,Automatico,15012.0,coches.net,berlina
PEUGEOT,3008,13199.0,2019.0,86230.0,Diésel,Manual,13012.0,coches.net,utilitario
VOLKSWAGEN,MULTIVAN,48650.0,2024.0,23923.0,Diésel,Automatico,15012.0,coches.net,utilitario
SEAT,LEÓN,12990.0,2022.0,142539.0,Diésel,Manual,11512.0,coches.net,berlina
KIA,SPORTAGE,15990.0,2018.0,75800.0,Diésel,Manual,11512.0,coches.net,utilitario
NISSAN,PULSAR,7999.0,2014.0,146080.0,Diésel,Manual,11012.0,coches.net,berlina
PEUGEOT,2008,12890.0,2020.0,40000.0,Gasolina,Manual,10012.0,coches.net,utilitario
FORD,FOCUS,15490.0,2022.0,79152.0,Híbrido,Manual,15512.0,coches.net,berlina
FORD,FOCUS,18490.0,2023.0,75834.0,Híbrido,Automatico,12512.0,coches.net,berlina
PEUGEOT,208,7399.0,2017.0,106709.0,Gasolina,Manual,8212.0,coches.net,berlina
NISSAN,QASHQAI,33500.0,2024.0,9758.0,Híbrido,Automatico,19012.0,coches.net,utilitario
HYUNDAI,I20,14900.0,2024.0,83882.0,Gasolina,Manual,10012.0,coches.net,berlina
VOLKSWAGEN,GOLF,25490.0,2024.0,30604.0,Diésel,Manual,11512.0,coches.net,berlina
RENAULT,CLIO,11990.0,2022.0,93658.0,Gas,Manual,10012.0,coches.net,berlina
NISSAN,QASHQAI,12000.0,2016.0,95857.0,Gasolina,Manual,11512.0,coches.net,berlina
PEUGEOT,2008,19990.0,2024.0,1.0,Gasolina,Manual,13012.0,coches.net,utilitario
HYUNDAI,I20,15850.0,2022.0,52606.0,Híbrido,Manual,10012.0,coches.net,berlina
KIA,PICANTO,17186.0,2025.0,2.0,Gasolina,Manual,6812.0,coches.net,berlina
CITROEN,C3,10600.0,2021.0,130000.0,Diésel,Manual,10212.0,coches.net,berlina
MERCEDES-BENZ,CLASE A,33000.0,2025.0,22521.0,Híbrido,Automatico,13612.0,coches.net,berlina
CITROEN,C4,6490.0,2014.0,160000.0,Diésel,Manual,9212.0,coches.net,berlina
FORD,FIESTA,15890.0,2022.0,36925.0,Híbrido,Manual,12512.0,coches.net,berlina
NISSAN,QASHQAI,8950.0,2014.0,267275.0,Diésel,Manual,13012.0,coches.net,berlina
TOYOTA,RAV4,19490.0,2016.0,112780.0,Híbrido,Automatico,19712.0,coches.net,utilitario
BMW,SERIE 1,12290.0,2017.0,213000.0,Diésel,Automatico,15012.0,coches.net,berlina
MERCEDES-BENZ,CLASE B,14850.0,2013.0,107000.0,Diésel,Automatico,10912.0,coches.net,utilitario
MERCEDES-BENZ,CLASE C,10500.0,2008.0,173000.0,Diésel,Manual,17012.0,coches.net,berlina
HYUNDAI,I30,14990.0,2018.0,6178.0,Gasolina,Manual,12012.0,coches.net,berlina
TOYOTA,C-HR,23300.0,2020.0,86705.0,Híbrido,Automatico,18412.0,coches.net,berlina
KIA,CARENS,6700.0,2015.0,242000.0,Diésel,Manual,14112.0,coches.net,utilitario
TOYOTA,COROLLA,30499.0,2025.0,11031.0,Híbrido,Automatico,19612.0,coches.net,berlina
TOYOTA,COROLLA,26990.0,2025.0,12191.0,Híbrido,Automatico,14012.0,coches.net,berlina
KIA,RIO,9099.0,2014.0,58885.0,Gasolina,Manual,8512.0,coches.net,berlina
FIAT,TIPO,11250.0,2018.0,151085.0,Diésel,Manual,12012.0,coches.net,berlina
CITROEN,C4 CACTUS,11399.0,2018.0,55310.0,Diésel,Manual,9912.0,coches.net,berlina
MERCEDES-BENZ,GLE,87890.0,2025.0,9515.0,Híbrido enchufable,Automatico,33312.0,coches.net,utilitario
MERCEDES-BENZ,GLE,87890.0,2025.0,40.0,Híbrido enchufable,Automatico,33312.0,coches.net,utilitario
HONDA,CIVIC,4990.0,2000.0,242000.0,Gasolina,Manual,9012.0,coches.net,berlina
BMW,X2,27590.0,2022.0,45843.0,Diésel,Automatico,15012.0,coches.net,utilitario
NISSAN,QASHQAI,20290.0,2022.0,63614.0,Híbrido,Manual,14012.0,coches.net,utilitario
AUDI,A1,19590.0,2022.0,18707.0,Gasolina,Manual,9512.0,coches.net,berlina
FIAT,500,9990.0,2023.0,73500.0,Híbrido,Manual,7012.0,coches.net,berlina
SEAT,ARONA,15990.0,2022.0,23489.0,Gasolina,Manual,11012.0,coches.net,utilitario
FIAT,500,9990.0,2023.0,78000.0,Híbrido,Manual,7012.0,coches.net,berlina
PEUGEOT,508,15990.0,2021.0,82872.0,Diésel,Automatico,13012.0,coches.net,berlina
HYUNDAI,IONIQ,16990.0,2021.0,91364.0,Híbrido,Automatico,14112.0,coches.net,berlina
MERCEDES-BENZ,CLASE A,27985.0,2021.0,39999.0,Híbrido enchufable,Automatico,21812.0,coches.net,berlina
FORD,PUMA,16990.0,2021.0,46949.0,Híbrido,Manual,12512.0,coches.net,utilitario
KIA,XCEED,18950.0,2023.0,54659.0,Gasolina,Manual,12012.0,coches.net,utilitario
MAZDA,MAZDA3,29290.0,2024.0,12252.0,Híbrido,Automatico,15012.0,coches.net,berlina
AUDI,Q7,42990.0,2022.0,145000.0,Híbrido enchufable,Automatico,38112.0,coches.net,utilitario
BMW,I3,19990.0,2019.0,57836.0,Eléctrico,Automatico,18412.0,coches.net,berlina
TOYOTA,COROLLA,19490.0,2020.0,124422.0,Híbrido,Automatico,12212.0,coches.net,berlina
TOYOTA,COROLLA,20690.0,2022.0,80666.0,Híbrido,Automatico,12212.0,coches.net,berlina
HYUNDAI,TUCSON,35500.0,2023.0,9024.0,Híbrido enchufable,Automatico,26512.0,coches.net,utilitario
PEUGEOT,308,14990.0,2022.0,107641.0,Diésel,Manual,13012.0,coches.net,berlina
RENAULT,CLIO,16900.0,2025.0,19900.0,Gasolina,Manual,9012.0,coches.net,berlina
OPEL,CORSA,10490.0,2022.0,90911.0,Gasolina,Manual,10012.0,coches.net,berlina
TOYOTA,C-HR,21650.0,2021.0,125629.0,Híbrido,Automatico,12212.0,coches.net,berlina
AUDI,A5,29990.0,2021.0,69000.0,Híbrido,Automatico,16312.0,coches.net,berlina
NISSAN,QASHQAI,38900.0,2024.0,11492.0,Híbrido,Automatico,19012.0,coches.net,utilitario
NISSAN,QASHQAI,36900.0,2024.0,9068.0,Híbrido,Automatico,19012.0,coches.net,utilitario
SMART,FORTWO,7999.0,2013.0,133000.0,Gasolina,Automatico,7112.0,coches.net,berlina
BMW,SERIE 2,12999.0,2014.0,104933.0,Diésel,Manual,15012.0,coches.net,utilitario
KIA,CARENS,9900.0,2016.0,106087.0,Gasolina,Manual,13512.0,coches.net,utilitario
FORD,FOCUS,5490.0,2006.0,139000.0,Diésel,Automatico,10912.0,coches.net,berlina
PEUGEOT,108,10609.0,2021.0,50849.0,Gasolina,Manual,7212.0,coches.net,berlina
SEAT,LEÓN,6999.0,2009.0,170000.0,Diésel,Manual,10512.0,coches.net,berlina
KIA,CEED,16490.0,2023.0,51250.0,Gasolina,Manual,10012.0,coches.net,berlina
VOLKSWAGEN,CADDY,11490.0,2016.0,198000.0,Diésel,Manual,15012.0,coches.net,utilitario
PEUGEOT,2008,10999.0,2018.0,73631.0,Diésel,Manual,10012.0,coches.net,utilitario
MERCEDES-BENZ,CLASE GLC,44900.0,2022.0,123461.0,Diésel,Automatico,19412.0,coches.net,utilitario
MERCEDES-BENZ,CLASE A,17990.0,2016.0,39000.0,Gasolina,Manual,12212.0,coches.net,berlina
BMW,SERIE 4,22990.0,2017.0,106350.0,Diésel,Automatico,19012.0,coches.net,berlina
MERCEDES-BENZ,CLASE A,32600.0,2025.0,16693.0,Híbrido,Automatico,13612.0,coches.net,berlina
BMW,SERIE 2,24799.0,2021.0,117684.0,Diésel,Automatico,15012.0,coches.net,berlina
AUDI,A3,36900.0,2018.0,69900.0,Gasolina,Automatico,30012.0,coches.net,berlina
VOLKSWAGEN,TIGUAN,44490.0,2025.0,12890.0,Híbrido enchufable,Automatico,20412.0,coches.net,utilitario
SEAT,TOLEDO,4900.0,2015.0,284000.0,Diésel,Manual,10512.0,coches.net,berlina
CITROEN,C3 AIRCROSS,12290.0,2022.0,81658.0,Gasolina,Manual,11012.0,coches.net,utilitario
SEAT,ATECA,16890.0,2019.0,95415.0,Diésel,Manual,11512.0,coches.net,utilitario
CITROEN,C3,10500.0,2022.0,198000.0,Diésel,Manual,10212.0,coches.net,berlina
SEAT,LEÓN,17990.0,2022.0,168556.0,Diésel,Manual,15012.0,coches.net,berlina
RENAULT,TWINGO,7799.0,2015.0,77690.0,Gasolina,Manual,9012.0,coches.net,berlina
HONDA,ACCORD,4990.0,2007.0,308000.0,Diésel,Manual,14012.0,coches.net,berlina
SEAT,IBIZA,7495.0,2009.0,100000.0,Diésel,Manual,10512.0,coches.net,berlina
KIA,CEE'D,4499.0,2008.0,218000.0,Diésel,Manual,11512.0,coches.net,berlina
SEAT,ARONA,18990.0,2022.0,30672.0,Gasolina,Automatico,11012.0,coches.net,utilitario
MERCEDES-BENZ,CLASE C,7999.0,2010.0,314000.0,Diésel,Automatico,20412.0,coches.net,berlina
OPEL,INSIGNIA,10490.0,2015.0,76691.0,Diésel,Manual,14012.0,coches.net,berlina
HYUNDAI,I30,10399.0,2016.0,80426.0,Gasolina,Manual,10012.0,coches.net,berlina
RENAULT,CLIO,14990.0,2021.0,79334.0,Híbrido,Automatico,14012.0,coches.net,berlina
FORD,FIESTA,7999.0,2021.0,179000.0,Gasolina,Manual,9512.0,coches.net,berlina
CITROEN,C3,8290.0,2019.0,95469.0,Gasolina,Manual,8312.0,coches.net,berlina
PEUGEOT,208,12990.0,2022.0,76193.0,Diésel,Manual,10012.0,coches.net,berlina
TOYOTA,COROLLA,26000.0,2025.0,15500.0,Híbrido,Automatico,14012.0,coches.net,berlina
RENAULT,CLIO,8900.0,2015.0,160000.0,Diésel,Manual,7512.0,coches.net,berlina
MERCEDES-BENZ,GLA,30999.0,2022.0,127500.0,Diésel,Automatico,15012.0,coches.net,utilitario
FORD,MONDEO,21499.0,2021.0,50130.0,Híbrido,Automatico,18712.0,coches.net,berlina
KIA,NIRO,16490.0,2020.0,91160.0,Híbrido,Automatico,14112.0,coches.net,berlina
AUDI,Q5,32990.0,2020.0,85000.0,Híbrido enchufable,Automatico,36712.0,coches.net,utilitario
MERCEDES-BENZ,CLASE CLA,25490.0,2019.0,55005.0,Gasolina,Automatico,13612.0,coches.net,berlina
VOLVO,V60,27450.0,2022.0,77950.0,Híbrido,Automatico,19712.0,coches.net,berlina
PEUGEOT,208,5490.0,2012.0,149000.0,Gasolina,Manual,9512.0,coches.net,berlina
LAND-ROVER,RANGE ROVER EVOQUE,34995.0,2016.0,57000.0,Diésel,Automatico,18012.0,coches.net,utilitario
FERRARI,488,219900.0,2015.0,43000.0,Gasolina,Automatico,67012.0,coches.net,berlina
PORSCHE,CAYENNE,109995.0,2024.0,14000.0,Híbrido enchufable,Automatico,51912.0,coches.net,utilitario
INFINITI,Q30,17690.0,2017.0,87119.0,Gasolina,Automatico,21112.0,coches.net,berlina
MAZDA,CX-30,23900.0,2023.0,68343.0,Híbrido,Manual,15012.0,coches.net,utilitario
VOLKSWAGEN,GOLF,28800.0,2018.0,90000.0,Gasolina,Automatico,24512.0,coches.net,berlina
AUDI,A4,23990.0,2021.0,99531.0,Híbrido,Automatico,13612.0,coches.net,berlina
MERCEDES-BENZ,CLASE C,25890.0,2018.0,114221.0,Diésel,Automatico,19412.0,coches.net,berlina
TOYOTA,YARIS,17590.0,2020.0,49399.0,Híbrido,Automatico,10012.0,coches.net,berlina
BMW,SERIE 3,25900.0,2022.0,149000.0,Híbrido,Automatico,19012.0,coches.net,berlina
PORSCHE,CAYENNE,129995.0,2024.0,14000.0,Híbrido enchufable,Automatico,51912.0,coches.net,utilitario
SMART,FORFOUR,9940.0,2015.0,103416.0,Gasolina,Manual,7112.0,coches.net,berlina
DACIA,SANDERO,15210.0,2024.0,48566.0,Gas,Manual,10112.0,coches.net,berlina
FORD,FOCUS,11000.0,2020.0,192698.0,Diésel,Manual,12012.0,coches.net,berlina
HYUNDAI,TUCSON,27900.0,2024.0,6060.0,Gasolina,Manual,15012.0,coches.net,utilitario
RENAULT,CLIO,10990.0,2021.0,140000.0,Diésel,Manual,10012.0,coches.net,berlina
MERCEDES-BENZ,CLASE A,16990.0,2017.0,98967.0,Diésel,Manual,10912.0,coches.net,berlina
BMW,X3,32890.0,2022.0,97000.0,Híbrido enchufable,Automatico,29212.0,coches.net,utilitario
FORD,MONDEO,20490.0,2021.0,68930.0,Híbrido,Automatico,18712.0,coches.net,berlina
VOLKSWAGEN,TIGUAN,21995.0,2017.0,128162.0,Diésel,Automatico,15012.0,coches.net,utilitario
SEAT,ATECA,27100.0,2025.0,15402.0,Gasolina,Automatico,15012.0,coches.net,utilitario
PEUGEOT,208,12480.0,2021.0,42938.0,Gasolina,Manual,10012.0,coches.net,berlina
SEAT,IBIZA,18520.0,2025.0,12461.0,Gasolina,Manual,11512.0,coches.net,berlina
SKODA,OCTAVIA,37975.0,2023.0,38000.0,Gasolina,Automatico,24512.0,coches.net,berlina
ABARTH,500,22899.0,2021.0,27900.0,Gasolina,Manual,18012.0,coches.net,berlina
HYUNDAI,I30,13900.0,2019.0,87349.0,Gasolina,Manual,12012.0,coches.net,berlina
RENAULT,MÉGANE,17490.0,2023.0,47899.0,Gasolina,Automatico,14012.0,coches.net,berlina
HYUNDAI,I40,11990.0,2016.0,111146.0,Diésel,Manual,14112.0,coches.net,berlina
HYUNDAI,I30,10995.0,2017.0,62000.0,Gasolina,Manual,12012.0,coches.net,berlina
FORD,KUGA,13900.0,2016.0,82000.0,Gasolina,Automatico,18212.0,coches.net,utilitario
CITROEN,BERLINGO,20490.0,2025.0,10121.0,Diésel,Manual,10212.0,coches.net,utilitario
TOYOTA,COROLLA,22900.0,2021.0,99000.0,Híbrido,Automatico,18012.0,coches.net,berlina
LAND-ROVER,DISCOVERY SPORT,16040.0,2016.0,154813.0,Diésel,Manual,15012.0,coches.net,utilitario
DACIA,SANDERO,17690.0,2025.0,3400.0,Gas,Manual,10112.0,coches.net,berlina
SEAT,IBIZA,11290.0,2019.0,83560.0,Diésel,Manual,8012.0,coches.net,berlina
BMW,SERIE 3,33450.0,2023.0,119000.0,Híbrido enchufable,Automatico,29212.0,coches.net,berlina
SEAT,ATECA,14990.0,2019.0,187000.0,Gasolina,Manual,15012.0,coches.net,utilitario
BMW,X3,34600.0,2024.0,113287.0,Híbrido,Automatico,20812.0,coches.net,utilitario
AUDI,Q3,27790.0,2023.0,65308.0,Diésel,Automatico,15012.0,coches.net,utilitario
AUDI,Q3,29610.0,2023.0,122000.0,Diésel,Automatico,15012.0,coches.net,utilitario
AUDI,Q3,27750.0,2023.0,68006.0,Diésel,Automatico,15012.0,coches.net,utilitario
VOLKSWAGEN,TOUAREG,49890.0,2022.0,58894.0,Diésel,Automatico,28612.0,coches.net,utilitario
FORD,MONDEO,14490.0,2019.0,109848.0,Diésel,Manual,15012.0,coches.net,berlina
SEAT,IBIZA,17485.0,2025.0,22500.0,Gasolina,Manual,11512.0,coches.net,berlina
FIAT,500L,12499.0,2021.0,16954.0,Gasolina,Manual,9512.0,coches.net,utilitario
CITROEN,C4,8490.0,2013.0,65000.0,Gasolina,Manual,12012.0,coches.net,berlina
SKODA,FABIA,15090.0,2023.0,11816.0,Gasolina,Manual,9512.0,coches.net,berlina
HONDA,CIVIC,36900.0,2018.0,85000.0,Gasolina,Manual,32012.0,coches.net,berlina
VOLKSWAGEN,POLO,8890.0,2011.0,101039.0,Gasolina,Manual,8512.0,coches.net,berlina
OPEL,GRANDLAND X,11900.0,2019.0,93700.0,Gasolina,Manual,13012.0,coches.net,utilitario
FIAT,TIPO,10900.0,2019.0,89669.0,Gasolina,Manual,9512.0,coches.net,berlina
PEUGEOT,208,14900.0,2024.0,17893.0,Gasolina,Manual,10012.0,coches.net,berlina
PEUGEOT,208,14900.0,2024.0,17893.0,Gasolina,Manual,10012.0,coches.net,berlina
OPEL,INSIGNIA,10500.0,2018.0,120085.0,Diésel,Manual,13612.0,coches.net,berlina
OPEL,CORSA,9990.0,2022.0,68543.0,Gasolina,Manual,10012.0,coches.net,berlina
OPEL,CORSA,9990.0,2022.0,68543.0,Gasolina,Manual,10012.0,coches.net,berlina
BMW,SERIE 3,18490.0,2020.0,150000.0,Diésel,Automatico,15012.0,coches.net,berlina
MERCEDES-BENZ,CLASE B,35200.0,2024.0,7764.0,Diésel,Automatico,15012.0,coches.net,utilitario
FORD,FOCUS,19900.0,2024.0,56823.0,Híbrido,Automatico,15512.0,coches.net,berlina
FORD,FOCUS,19900.0,2024.0,56823.0,Híbrido,Automatico,15512.0,coches.net,berlina
AUDI,A3,9995.0,2008.0,254000.0,Diésel,Manual,10512.0,coches.net,berlina
SKODA,FABIA,16650.0,2025.0,35995.0,Gasolina,Manual,8012.0,coches.net,berlina
TOYOTA,COROLLA,27800.0,2025.0,5877.0,Híbrido,Automatico,14012.0,coches.net,berlina
NISSAN,QASHQAI,29900.0,2023.0,22121.0,Híbrido,Automatico,19012.0,coches.net,utilitario
KIA,XCEED,25440.0,2023.0,32127.0,Híbrido enchufable,Automatico,14112.0,coches.net,utilitario
TOYOTA,YARIS,15990.0,2023.0,72000.0,Gasolina,Manual,12512.0,coches.net,berlina
BMW,X2,27990.0,2021.0,71500.0,Híbrido enchufable,Automatico,22012.0,coches.net,utilitario
DS,DS 7 CROSSBACK E-TENSE,21990.0,2021.0,82900.0,Híbrido enchufable,Automatico,30012.0,coches.net,utilitario
MAZDA,CX-5,18499.0,2018.0,137000.0,Diésel,Automatico,15012.0,coches.net,utilitario
TOYOTA,LAND CRUISER,95990.0,2025.0,6788.0,Diésel,Automatico,20412.0,coches.net,utilitario
LAND-ROVER,RANGE ROVER VELAR,35890.0,2021.0,82313.0,Híbrido,Automatico,20412.0,coches.net,utilitario
VOLKSWAGEN,TOUAREG,42990.0,2021.0,85601.0,Diésel,Automatico,28612.0,coches.net,utilitario
MAZDA,CX-30,20900.0,2021.0,68073.0,Híbrido,Manual,12212.0,coches.net,utilitario
PORSCHE,CAYENNE COUPÉ,79500.0,2023.0,56780.0,Híbrido enchufable,Automatico,46212.0,coches.net,utilitario
HYUNDAI,IONIQ 5,37900.0,2024.0,14500.0,Eléctrico,Automatico,22912.0,coches.net,utilitario
AUDI,A5,37690.0,2020.0,89000.0,Diésel,Automatico,19012.0,coches.net,berlina
PEUGEOT,2008,13990.0,2020.0,72682.0,Gasolina,Manual,13012.0,coches.net,utilitario
PEUGEOT,3008,15499.0,2019.0,120656.0,Diésel,Automatico,13012.0,coches.net,utilitario
SKODA,FABIA,10690.0,2021.0,109000.0,Gasolina,Manual,9512.0,coches.net,berlina
SKODA,FABIA,11890.0,2021.0,76000.0,Gasolina,Manual,9512.0,coches.net,berlina
PEUGEOT,508,15690.0,2022.0,155754.0,Diésel,Automatico,13012.0,coches.net,berlina
KIA,SPORTAGE,14900.0,2019.0,99412.0,Híbrido,Manual,13612.0,coches.net,utilitario
BMW,SERIE 2 GRAN TOURER,14890.0,2016.0,204000.0,Diésel,Automatico,19012.0,coches.net,utilitario
VOLKSWAGEN,TOURAN,16700.0,2017.0,134246.0,Diésel,Manual,11512.0,coches.net,utilitario
SEAT,LEÓN,15490.0,2021.0,77207.0,Diésel,Manual,11512.0,coches.net,berlina
VOLKSWAGEN,GOLF,24900.0,2021.0,163807.0,Diésel,Automatico,15012.0,coches.net,berlina
VOLKSWAGEN,GOLF,21600.0,2022.0,60479.0,Diésel,Manual,11512.0,coches.net,berlina
MERCEDES-BENZ,CLASE C,24790.0,2019.0,110100.0,Gasolina,Automatico,15612.0,coches.net,berlina
PEUGEOT,208,12290.0,2021.0,95778.0,Diésel,Manual,10012.0,coches.net,berlina
BMW,SERIE 1,12999.0,2019.0,185000.0,Diésel,Manual,11612.0,coches.net,berlina
CITROEN,C4,13850.0,2022.0,85000.0,Diésel,Automatico,13012.0,coches.net,berlina
PEUGEOT,2008,9990.0,2018.0,79478.0,Gasolina,Manual,11012.0,coches.net,utilitario
PEUGEOT,2008,9990.0,2019.0,143123.0,Diésel,Manual,10012.0,coches.net,utilitario
OPEL,ZAFIRA,9997.0,2016.0,222000.0,Diésel,Manual,17012.0,coches.net,utilitario
SEAT,IBIZA,5999.0,2010.0,192000.0,Diésel,Manual,9012.0,coches.net,berlina
PORSCHE,CAYENNE,25690.0,2015.0,229239.0,Diésel,Automatico,26212.0,coches.net,utilitario
JEEP,RENEGADE,14890.0,2017.0,50820.0,Gasolina,Manual,14012.0,coches.net,utilitario
OPEL,CROSSLAND X,10890.0,2018.0,77060.0,Gasolina,Manual,13012.0,coches.net,utilitario
JAGUAR,X-TYPE,6599.0,2008.0,193062.0,Diésel,Automatico,14512.0,coches.net,berlina
VOLKSWAGEN,GOLF,7490.0,2008.0,188000.0,Diésel,Manual,10512.0,coches.net,berlina
MERCEDES-BENZ,CLASE C,31790.0,2020.0,79543.0,Diésel,Automatico,16012.0,coches.net,berlina
HYUNDAI,IX35,11799.0,2015.0,124588.0,Gasolina,Manual,13512.0,coches.net,utilitario
MERCEDES-BENZ,CLASE C,5690.0,2005.0,187185.0,Gasolina,Manual,14312.0,coches.net,berlina
BMW,SERIE 3,15990.0,2017.0,189000.0,Diésel,Automatico,19012.0,coches.net,berlina
BMW,SERIE 1,9999.0,2013.0,176000.0,Gasolina,Manual,13612.0,coches.net,berlina
FIAT,500X,17490.0,2022.0,69718.0,Gasolina,Automatico,15012.0,coches.net,utilitario
FIAT,500X,16200.0,2023.0,56654.0,Gasolina,Manual,12012.0,coches.net,utilitario
MG,ZS,17090.0,2023.0,44768.0,Gasolina,Manual,10612.0,coches.net,utilitario
HYUNDAI,KONA,13890.0,2022.0,127226.0,Gasolina,Manual,12012.0,coches.net,utilitario
NISSAN,QASHQAI,18500.0,2019.0,130700.0,Diésel,Manual,15012.0,coches.net,berlina
SEAT,IBIZA,13350.0,2023.0,87000.0,Gasolina,Manual,8012.0,coches.net,berlina
MERCEDES-BENZ,CLASE A,30490.0,2022.0,26940.0,Diésel,Automatico,15012.0,coches.net,berlina
MERCEDES-BENZ,CLASE GLC,31990.0,2019.0,88000.0,Diésel,Automatico,19412.0,coches.net,utilitario
FORD,TOURNEO COURIER,12799.0,2019.0,101231.0,Gasolina,Manual,10012.0,coches.net,utilitario
DACIA,LODGY,12799.0,2019.0,88530.0,Gasolina,Manual,10212.0,coches.net,utilitario
VOLKSWAGEN,SCIROCCO,17699.0,2017.0,130217.0,Diésel,Manual,15012.0,coches.net,berlina
MINI,COUNTRYMAN,16399.0,2017.0,139335.0,Diésel,Manual,15012.0,coches.net,berlina
SKODA,SCALA,16450.0,2024.0,77073.0,Gasolina,Manual,11012.0,coches.net,berlina
DACIA,SANDERO,16490.0,2025.0,27919.0,Gas,Manual,10112.0,coches.net,berlina
MERCEDES-BENZ,CLASE A,27990.0,2021.0,74658.0,Diésel,Automatico,15012.0,coches.net,berlina
KIA,PICANTO,8799.0,2018.0,38184.0,Gasolina,Manual,6712.0,coches.net,berlina
OPEL,CORSA,12900.0,2022.0,61850.0,Gasolina,Manual,10012.0,coches.net,berlina
OPEL,CORSA,10950.0,2022.0,81000.0,Gasolina,Manual,10012.0,coches.net,berlina
KIA,SPORTAGE,17995.0,2022.0,88160.0,Híbrido,Manual,13612.0,coches.net,utilitario
RENAULT,CAPTUR,16900.0,2022.0,74000.0,Gas,Manual,10012.0,coches.net,utilitario
NISSAN,ALMERA,3490.0,2005.0,155000.0,Gasolina,Manual,9812.0,coches.net,berlina
RENAULT,CAPTUR,22990.0,2023.0,51655.0,Híbrido enchufable,Automatico,16012.0,coches.net,utilitario
SUZUKI,VITARA,21799.0,2023.0,36334.0,Híbrido,Manual,12912.0,coches.net,utilitario
CUPRA,FORMENTOR,24990.0,2021.0,73121.0,Híbrido enchufable,Automatico,20412.0,coches.net,utilitario
NISSAN,JUKE,25790.0,2023.0,18985.0,Híbrido,Automatico,14312.0,coches.net,utilitario
MERCEDES-BENZ,CLA,32900.0,2021.0,99000.0,Diésel,Automatico,15012.0,coches.net,berlina
FORD,PUMA,27150.0,2025.0,7239.0,Híbrido,Manual,12512.0,coches.net,utilitario
SEAT,LEÓN,11490.0,2021.0,180479.0,Diésel,Manual,11512.0,coches.net,berlina
VOLKSWAGEN,POLO,13990.0,2020.0,79052.0,Gasolina,Manual,9512.0,coches.net,berlina
MERCEDES-BENZ,CLA,26999.0,2021.0,192000.0,Híbrido enchufable,Automatico,21812.0,coches.net,berlina
BMW,SERIE 3,12000.0,2011.0,102500.0,Gasolina,Automatico,14312.0,coches.net,berlina
LAND-ROVER,RANGE ROVER EVOQUE,15990.0,2012.0,88000.0,Diésel,Manual,15012.0,coches.net,utilitario
MASERATI,GHIBLI,29890.0,2016.0,180000.0,Gasolina,Automatico,41012.0,coches.net,berlina
SEAT,IBIZA,18480.0,2025.0,19800.0,Gasolina,Manual,11512.0,coches.net,berlina
CITROEN,BERLINGO,14394.0,2023.0,139000.0,Diésel,Manual,10212.0,coches.net,utilitario
RENAULT,CLIO,8900.0,2017.0,56508.0,Gasolina,Manual,7512.0,coches.net,berlina
KIA,STONIC,16000.0,2024.0,45479.0,Gasolina,Manual,8412.0,coches.net,utilitario
SEAT,LEÓN,13900.0,2015.0,191922.0,Diésel,Manual,15012.0,coches.net,berlina
SEAT,LEÓN,22099.0,2023.0,24534.0,Gasolina,Manual,13012.0,coches.net,berlina
MINI,MINI,7600.0,2005.0,111000.0,Gasolina,Manual,11612.0,coches.net,berlina
BMW,X1,17490.0,2022.0,162103.0,Diésel,Automatico,11612.0,coches.net,utilitario
MERCEDES-BENZ,GLC COUPÉ,47300.0,2023.0,43456.0,Diésel,Automatico,19412.0,coches.net,utilitario
RENAULT,ARKANA,26000.0,2024.0,15550.0,Híbrido,Automatico,14012.0,coches.net,utilitario
DACIA,SANDERO,12990.0,2022.0,36000.0,Gasolina,Manual,9112.0,coches.net,berlina
MINI,MINI,21990.0,2023.0,78000.0,Gasolina,Automatico,13612.0,coches.net,berlina
CITROEN,C4 PICASSO,3800.0,2008.0,290000.0,Gasolina,Manual,12712.0,coches.net,utilitario
PEUGEOT,RIFTER,16990.0,2019.0,114000.0,Diésel,Manual,10012.0,coches.net,utilitario
NISSAN,JUKE,25500.0,2025.0,10100.0,Híbrido,Automatico,14312.0,coches.net,utilitario
NISSAN,JUKE,25500.0,2025.0,10100.0,Híbrido,Automatico,14312.0,coches.net,utilitario
PEUGEOT,308,16490.0,2022.0,133261.0,Diésel,Manual,13012.0,coches.net,berlina
SKODA,OCTAVIA,26990.0,2025.0,7308.0,Híbrido,Automatico,15012.0,coches.net,berlina
PEUGEOT,208,10490.0,2021.0,110991.0,Diésel,Manual,10012.0,coches.net,berlina
SEAT,ATECA,24990.0,2024.0,26754.0,Gasolina,Manual,11512.0,coches.net,utilitario
AUDI,Q5,25499.0,2018.0,149900.0,Diésel,Automatico,15012.0,coches.net,utilitario
CITROEN,C3,10300.0,2019.0,118433.0,Diésel,Manual,9912.0,coches.net,berlina
DACIA,SANDERO,8990.0,2021.0,121034.0,Gas,Manual,9012.0,coches.net,berlina
VOLVO,V60,46900.0,2025.0,44.0,Híbrido,Automatico,19712.0,coches.net,berlina
MINI,MINI,11990.0,2013.0,50000.0,Diésel,Manual,9012.0,coches.net,berlina
SEAT,ARONA,19500.0,2025.0,21762.0,Gasolina,Manual,11512.0,coches.net,utilitario
OPEL,GRANDLAND,22500.0,2024.0,18742.0,Diésel,Automatico,13012.0,coches.net,utilitario
JEEP,WRANGLER,63990.0,2022.0,44000.0,Híbrido enchufable,Automatico,38112.0,coches.net,utilitario
OPEL,CORSA-E,19890.0,2020.0,16109.0,Eléctrico,Automatico,13612.0,coches.net,berlina
FIAT,500,9990.0,2021.0,95114.0,Híbrido,Manual,7012.0,coches.net,berlina
SEAT,ARONA,17990.0,2023.0,42444.0,Gasolina,Manual,11012.0,coches.net,utilitario
CITROEN,C4,16900.0,2024.0,9000.0,Gasolina,Manual,13112.0,coches.net,berlina
CITROEN,C5 AIRCROSS,17500.0,2020.0,98100.0,Diésel,Manual,13112.0,coches.net,utilitario
FIAT,500,7500.0,2016.0,190000.0,Gasolina,Manual,6912.0,coches.net,berlina
AUDI,A1,12500.0,2016.0,160000.0,Gasolina,Manual,9512.0,coches.net,berlina
CITROEN,C3,3499.0,2007.0,130000.0,Diésel,Manual,7012.0,coches.net,berlina
DS,DS 3,12290.0,2017.0,67509.0,Diésel,Manual,9912.0,coches.net,berlina
MG,MG3 HYBRID+,17290.0,2025.0,13682.0,Híbrido,Automatico,19512.0,coches.net,berlina
SEAT,LEÓN,25500.0,2024.0,15556.0,Híbrido,Automatico,15012.0,coches.net,berlina
OPEL,GTC,11490.0,2016.0,63979.0,Gasolina,Manual,14012.0,coches.net,berlina
SEAT,IBIZA,6500.0,2009.0,115000.0,Diésel,Manual,9012.0,coches.net,berlina
TOYOTA,AYGO,13750.0,2021.0,63654.0,Gasolina,Manual,7212.0,coches.net,berlina
VOLVO,XC60,29990.0,2022.0,134927.0,Híbrido enchufable,Automatico,35012.0,coches.net,utilitario
FORD,ECOSPORT,10299.0,2019.0,129688.0,Gasolina,Manual,12512.0,coches.net,utilitario
TOYOTA,COROLLA,26990.0,2025.0,23645.0,Híbrido,Automatico,14012.0,coches.net,berlina
DACIA,SANDERO,9200.0,2020.0,71000.0,Gasolina,Manual,9012.0,coches.net,berlina
MERCEDES-BENZ,GLE,94900.0,2025.0,15.0,Híbrido enchufable,Automatico,33312.0,coches.net,utilitario
MERCEDES-BENZ,CLASE A,31990.0,2025.0,22960.0,Híbrido,Automatico,13612.0,coches.net,berlina
MERCEDES-BENZ,GLC,66900.0,2025.0,16.0,Híbrido,Automatico,19712.0,coches.net,utilitario
MERCEDES-BENZ,CLASE E,33950.0,2022.0,83000.0,Híbrido enchufable,Automatico,32012.0,coches.net,berlina
AUDI,A3,13990.0,2011.0,189000.0,Diésel,Manual,14012.0,coches.net,berlina
BMW,SERIE 1,26900.0,2022.0,46000.0,Gasolina,Automatico,13612.0,coches.net,berlina
FORD,PUMA,17490.0,2021.0,50931.0,Diésel,Manual,12012.0,coches.net,utilitario
OPEL,MOKKA,16490.0,2022.0,41286.0,Diésel,Manual,11012.0,coches.net,utilitario
NISSAN,X-TRAIL,16990.0,2018.0,152000.0,Diésel,Automatico,13012.0,coches.net,utilitario
MINI,MINI,35990.0,2022.0,33681.0,Gasolina,Automatico,23112.0,coches.net,berlina
RENAULT,TWINGO,10900.0,2022.0,110000.0,Eléctrico,Automatico,8212.0,coches.net,berlina
RENAULT,LAGUNA,3000.0,2005.0,220000.0,Diésel,Manual,12012.0,coches.net,berlina
CITROEN,GRAND C4 PICASSO,10999.0,2018.0,99670.0,Gasolina,Manual,13012.0,coches.net,utilitario
RENAULT,LAGUNA,3500.0,2006.0,180000.0,Diésel,Manual,13012.0,coches.net,berlina
MAZDA,CX-5,29490.0,2025.0,34900.0,Híbrido,Manual,16512.0,coches.net,utilitario
FORD,PUMA,18500.0,2022.0,37560.0,Híbrido,Manual,12512.0,coches.net,utilitario
MERCEDES-BENZ,CLASE GLC,36900.0,2022.0,108700.0,Diésel,Automatico,19412.0,coches.net,utilitario
CITROEN,C3,8490.0,2020.0,113814.0,Diésel,Manual,9912.0,coches.net,berlina
RENAULT,CLIO,12995.0,2022.0,82000.0,Diésel,Manual,10012.0,coches.net,berlina
PEUGEOT,2008,9517.0,2017.0,101629.0,Gasolina,Manual,13012.0,coches.net,utilitario
PEUGEOT,3008,16490.0,2021.0,21442.0,Gasolina,Manual,13012.0,coches.net,utilitario
MERCEDES-BENZ,CLA,40990.0,2020.0,77364.0,Gasolina,Automatico,30612.0,coches.net,berlina
PEUGEOT,3008,15390.0,2021.0,87530.0,Gasolina,Manual,13012.0,coches.net,utilitario
PEUGEOT,5008,23490.0,2022.0,36341.0,Diésel,Automatico,13012.0,coches.net,utilitario
NISSAN,MICRA,6300.0,2005.0,95000.0,Gasolina,Automatico,8812.0,coches.net,berlina
BMW,SERIE 3,30900.0,2024.0,21000.0,Híbrido enchufable,Automatico,20412.0,coches.net,berlina
HYUNDAI,I20,15900.0,2024.0,8400.0,Gasolina,Manual,8412.0,coches.net,berlina
PEUGEOT,3008,15990.0,2020.0,157021.0,Diésel,Automatico,13012.0,coches.net,utilitario
NISSAN,X-TRAIL,17890.0,2019.0,98000.0,Gasolina,Automatico,16012.0,coches.net,utilitario
CITROEN,C4,7490.0,2012.0,100020.0,Gasolina,Manual,9512.0,coches.net,berlina
VOLKSWAGEN,GOLF,35990.0,2021.0,50000.0,Gasolina,Automatico,30112.0,coches.net,berlina
OPEL,VECTRA,2999.0,2004.0,162504.0,Gasolina,Manual,15512.0,coches.net,berlina
VOLKSWAGEN,PASSAT,2790.0,2007.0,328000.0,Gasolina,Automatico,15012.0,coches.net,berlina
AUDI,Q2,23290.0,2022.0,104983.0,Diésel,Automatico,11612.0,coches.net,utilitario
JEEP,COMPASS,18900.0,2019.0,79400.0,Diésel,Automatico,14012.0,coches.net,utilitario
JEEP,COMPASS,14490.0,2018.0,105722.0,Gasolina,Manual,14012.0,coches.net,utilitario
KIA,STONIC,15700.0,2021.0,50844.0,Híbrido,Manual,12012.0,coches.net,utilitario
MINI,MINI,7600.0,2011.0,77000.0,Gasolina,Manual,12212.0,coches.net,berlina
NISSAN,QASHQAI,13400.0,2018.0,156000.0,Gasolina,Manual,14012.0,coches.net,berlina
OPEL,INSIGNIA,8990.0,2018.0,150000.0,Diésel,Manual,13612.0,coches.net,berlina
MERCEDES-BENZ,CLASE CLA,19499.0,2017.0,95626.0,Gasolina,Manual,15612.0,coches.net,berlina
CITROEN,C4,21900.0,2024.0,29332.0,Híbrido,Automatico,13612.0,coches.net,berlina
VOLKSWAGEN,TOURAN,22700.0,2019.0,122638.0,Diésel,Manual,15012.0,coches.net,utilitario
SEAT,LEÓN,12990.0,2022.0,199200.0,Diésel,Automatico,15012.0,coches.net,berlina
KIA,SPORTAGE,13890.0,2016.0,130786.0,Diésel,Manual,11512.0,coches.net,utilitario
AUDI,A3,40900.0,2025.0,18400.0,Híbrido enchufable,Automatico,20412.0,coches.net,berlina
CUPRA,LEÓN,28690.0,2025.0,27138.0,Híbrido,Automatico,15012.0,coches.net,berlina
SKODA,OCTAVIA,15990.0,2023.0,218000.0,Diésel,Manual,15012.0,coches.net,berlina
CUPRA,LEÓN,27350.0,2025.0,21878.0,Híbrido,Automatico,15012.0,coches.net,berlina
FORD,MONDEO,15990.0,2019.0,117180.0,Híbrido,Automatico,18712.0,coches.net,berlina
DACIA,DUSTER,16750.0,2022.0,33700.0,Gas,Manual,10012.0,coches.net,utilitario
AUDI,A4,13900.0,2015.0,220000.0,Diésel,Manual,15012.0,coches.net,berlina
BMW,X2,24590.0,2022.0,93031.0,Diésel,Automatico,15012.0,coches.net,utilitario
PEUGEOT,308,9490.0,2020.0,137132.0,Diésel,Manual,10012.0,coches.net,berlina
PEUGEOT,308,9490.0,2020.0,137132.0,Diésel,Manual,10012.0,coches.net,berlina
MINI,MINI,26900.0,2022.0,54800.0,Gasolina,Automatico,17812.0,coches.net,berlina
SEAT,IBIZA,17890.0,2024.0,19000.0,Gasolina,Manual,11512.0,coches.net,berlina
AUDI,A6,8950.0,2012.0,315100.0,Diésel,Manual,17712.0,coches.net,berlina
PEUGEOT,208,11290.0,2019.0,81947.0,Diésel,Manual,10012.0,coches.net,berlina
KIA,XCEED,20700.0,2024.0,35500.0,Gasolina,Manual,10012.0,coches.net,utilitario
VOLKSWAGEN,TOUAREG,44990.0,2022.0,157002.0,Diésel,Automatico,28612.0,coches.net,utilitario
HYUNDAI,KONA,26900.0,2025.0,20.0,Híbrido,Automatico,12912.0,coches.net,utilitario
AUDI,Q7,116900.0,2025.0,1000.0,Híbrido,Automatico,28612.0,coches.net,utilitario
VOLVO,V40 CROSS COUNTRY,15990.0,2019.0,134000.0,Diésel,Manual,12012.0,coches.net,berlina
HYUNDAI,IONIQ,16250.0,2022.0,115463.0,Híbrido,Automatico,14112.0,coches.net,berlina
HYUNDAI,IONIQ,15690.0,2021.0,131087.0,Híbrido enchufable,Automatico,14112.0,coches.net,berlina
CHEVROLET,AVEO,3800.0,2008.0,114000.0,Gasolina,Manual,8412.0,coches.net,berlina
SEAT,IBIZA,14990.0,2018.0,52000.0,Diésel,Manual,9512.0,coches.net,berlina
RENAULT,MÉGANE,15500.0,2022.0,77145.0,Diésel,Manual,11512.0,coches.net,berlina
NISSAN,QASHQAI,18900.0,2021.0,38595.0,Gasolina,Manual,14012.0,coches.net,berlina
FORD,FOCUS,15990.0,2022.0,48605.0,Híbrido,Manual,12512.0,coches.net,berlina
VOLVO,V40,15600.0,2018.0,100500.0,Diésel,Manual,12012.0,coches.net,berlina
MERCEDES-BENZ,CLASE B,18490.0,2019.0,107264.0,Diésel,Automatico,11612.0,coches.net,utilitario
PEUGEOT,508,14490.0,2020.0,165000.0,Diésel,Automatico,16012.0,coches.net,berlina
FORD,FOCUS,19900.0,2024.0,64496.0,Híbrido,Automatico,15512.0,coches.net,berlina
NISSAN,QASHQAI,18900.0,2021.0,51091.0,Gasolina,Manual,14012.0,coches.net,berlina
OPEL,CORSA,7490.0,2014.0,90572.0,Gasolina,Manual,9012.0,coches.net,berlina
BMW,X5,11995.0,2009.0,200000.0,Diésel,Automatico,28612.0,coches.net,utilitario
MINI,COUNTRYMAN,26490.0,2021.0,62192.0,Híbrido enchufable,Automatico,22012.0,coches.net,berlina
VOLKSWAGEN,GOLF,36495.0,2021.0,74000.0,Gasolina,Automatico,32012.0,coches.net,berlina
NISSAN,QASHQAI,23000.0,2025.0,14063.0,Híbrido,Manual,14012.0,coches.net,utilitario
MERCEDES-BENZ,CLA,29899.0,2020.0,137000.0,Gasolina,Automatico,16312.0,coches.net,berlina
PEUGEOT,PARTNER,7355.0,2015.0,109000.0,Diésel,Manual,7512.0,coches.net,utilitario
MERCEDES-BENZ,CLASE E,10900.0,2011.0,182500.0,Diésel,Automatico,17012.0,coches.net,berlina
LAND-ROVER,RANGE ROVER EVOQUE,16900.0,2017.0,93146.0,Diésel,Manual,15012.0,coches.net,utilitario
CITROEN,C4,6400.0,2016.0,143500.0,Gasolina,Manual,13012.0,coches.net,berlina
VOLKSWAGEN,GOLF,54690.0,2025.0,650.0,Gasolina,Automatico,30012.0,coches.net,berlina
TOYOTA,COROLLA,19900.0,2022.0,105392.0,Híbrido,Automatico,12212.0,coches.net,berlina
NISSAN,X-TRAIL,31890.0,2024.0,68079.0,Híbrido,Automatico,21312.0,coches.net,utilitario
MERCEDES-BENZ,CLASE C,8900.0,2012.0,220000.0,Diésel,Manual,13612.0,coches.net,berlina
SKODA,KAMIQ,16999.0,2024.0,24505.0,Gasolina,Manual,11012.0,coches.net,utilitario
TOYOTA,YARIS,19890.0,2025.0,37292.0,Híbrido,Automatico,11612.0,coches.net,berlina
VOLKSWAGEN,GOLF,3990.0,2005.0,281300.0,Diésel,Automatico,9012.0,coches.net,berlina
MERCEDES-BENZ,CLASE M,18990.0,2010.0,149000.0,Diésel,Automatico,23112.0,coches.net,utilitario
RENAULT,CLIO,13990.0,2021.0,73924.0,Gasolina,Manual,9012.0,coches.net,berlina
ALFA ROMEO,STELVIO,31990.0,2023.0,13000.0,Diésel,Automatico,16012.0,coches.net,utilitario
BMW,X4,35990.0,2022.0,159000.0,Híbrido,Automatico,19012.0,coches.net,utilitario
JAGUAR,E-PACE,19900.0,2019.0,67205.0,Diésel,Automatico,15012.0,coches.net,utilitario
RENAULT,MÉGANE,13990.0,2022.0,79781.0,Diésel,Manual,11512.0,coches.net,berlina
TOYOTA,YARIS,8300.0,2008.0,111000.0,Diésel,Manual,9012.0,coches.net,berlina
RENAULT,MÉGANE,14290.0,2022.0,99733.0,Diésel,Manual,11512.0,coches.net,berlina
PEUGEOT,208,10990.0,2021.0,41348.0,Gasolina,Manual,10012.0,coches.net,berlina
FORD,ECOSPORT,14400.0,2023.0,65852.0,Gasolina,Manual,12512.0,coches.net,utilitario
CITROEN,C3,10490.0,2022.0,59719.0,Gasolina,Manual,8312.0,coches.net,berlina
CITROEN,C3 AIRCROSS,10590.0,2018.0,41398.0,Gasolina,Manual,8212.0,coches.net,utilitario
BMW,SERIE 3,37800.0,2024.0,20000.0,Híbrido,Automatico,15012.0,coches.net,berlina
PEUGEOT,3008,12790.0,2019.0,134906.0,Diésel,Manual,13012.0,coches.net,utilitario
BMW,SERIE 7,9990.0,2005.0,250000.0,Gasolina,Automatico,33312.0,coches.net,berlina
ALFA ROMEO,GIULIETTA,7000.0,2014.0,181327.0,Diésel,Manual,10512.0,coches.net,berlina
PEUGEOT,3008,4699.0,2010.0,245000.0,Diésel,Manual,11012.0,coches.net,berlina
SSANGYONG,TORRES,24900.0,2024.0,34412.0,Gasolina,Automatico,16312.0,coches.net,utilitario
SEAT,ARONA,18990.0,2025.0,28241.0,Gasolina,Automatico,11512.0,coches.net,utilitario
MERCEDES-BENZ,CLASE GLC,29900.0,2021.0,117000.0,Diésel,Automatico,16312.0,coches.net,utilitario
FORD,TOURNEO COURIER,23990.0,2024.0,22736.0,Gasolina,Automatico,12512.0,coches.net,utilitario
MERCEDES-BENZ,CLASE A,59900.0,2025.0,8548.0,Gasolina,Automatico,30612.0,coches.net,berlina
VOLKSWAGEN,TIGUAN,29790.0,2021.0,104841.0,Diésel,Automatico,15012.0,coches.net,utilitario
PEUGEOT,208,8990.0,2022.0,139000.0,Diésel,Manual,10012.0,coches.net,berlina
MINI,COUNTRYMAN,26900.0,2025.0,103300.0,Diésel,Automatico,19012.0,coches.net,berlina
SKODA,KAROQ,23900.0,2022.0,32505.0,Diésel,Automatico,15012.0,coches.net,utilitario
BMW,X4,23999.0,2015.0,224500.0,Diésel,Automatico,25812.0,coches.net,utilitario
CITROEN,C5 AIRCROSS,21990.0,2024.0,3272.0,Gasolina,Manual,13112.0,coches.net,utilitario
PEUGEOT,3008,19050.0,2022.0,65424.0,Diésel,Automatico,13012.0,coches.net,utilitario
PEUGEOT,508,11099.0,2017.0,124368.0,Gasolina,Automatico,16512.0,coches.net,berlina
JAECOO,7,26200.0,2025.0,19749.0,Gasolina,Automatico,14712.0,coches.net,utilitario
MERCEDES-BENZ,CLASE A,20900.0,2022.0,132000.0,Diésel,Automatico,11612.0,coches.net,berlina
BMW,X1,18490.0,2016.0,170000.0,Diésel,Automatico,15012.0,coches.net,utilitario
AUDI,A1,17990.0,2020.0,64000.0,Gasolina,Manual,9512.0,coches.net,berlina
JAGUAR,XF,10500.0,2017.0,195000.0,Diésel,Automatico,18012.0,coches.net,berlina
SKODA,KAMIQ,18990.0,2025.0,20470.0,Gasolina,Manual,11512.0,coches.net,utilitario
JEEP,COMPASS,17690.0,2022.0,135387.0,Híbrido enchufable,Automatico,24012.0,coches.net,utilitario
CITROEN,BERLINGO,10950.0,2022.0,129000.0,Diésel,Manual,10212.0,coches.net,utilitario
PEUGEOT,2008,14790.0,2022.0,63792.0,Gasolina,Manual,10012.0,coches.net,utilitario
AUDI,A3,41510.0,2025.0,13100.0,Diésel,Automatico,15012.0,coches.net,berlina
AUDI,A5,24990.0,2017.0,111480.0,Gasolina,Automatico,19012.0,coches.net,berlina
TOYOTA,C-HR,21990.0,2021.0,121926.0,Híbrido,Automatico,18412.0,coches.net,berlina
MERCEDES-BENZ,CLA,33890.0,2021.0,68593.0,Diésel,Automatico,15012.0,coches.net,berlina
OPEL,ASTRA,8990.0,2015.0,97000.0,Diésel,Manual,11012.0,coches.net,berlina
MERCEDES-BENZ,CLASE A,31900.0,2025.0,32869.0,Híbrido,Automatico,13612.0,coches.net,berlina
PEUGEOT,4007,7490.0,2008.0,150000.0,Diésel,Manual,15612.0,coches.net,utilitario
VOLKSWAGEN,TIGUAN,21500.0,2022.0,188612.0,Gasolina,Automatico,15012.0,coches.net,utilitario
MAZDA,CX-30,24890.0,2023.0,65000.0,Híbrido,Automatico,18612.0,coches.net,utilitario
KIA,CEED,17950.0,2024.0,41000.0,Gasolina,Manual,12012.0,coches.net,berlina
FIAT,PANDA,11100.0,2023.0,66252.0,Híbrido,Manual,7012.0,coches.net,berlina
FIAT,PANDA,11000.0,2023.0,51429.0,Híbrido,Manual,7012.0,coches.net,berlina
RENAULT,CAPTUR,18500.0,2021.0,19993.0,Híbrido,Automatico,14512.0,coches.net,utilitario
TOYOTA,HILUX,34900.0,2021.0,35000.0,Diésel,Manual,15012.0,coches.net,pick up
HYUNDAI,SANTA FE,26300.0,2022.0,129000.0,Diésel,Automatico,20212.0,coches.net,utilitario
FORD,FOCUS,12000.0,2021.0,126270.0,Diésel,Automatico,12012.0,coches.net,berlina
BMW,SERIE 3,39990.0,2025.0,29413.0,Híbrido,Automatico,15012.0,coches.net,berlina
TOYOTA,RAV4,26990.0,2020.0,138481.0,Híbrido,Automatico,21812.0,coches.net,utilitario
CITROEN,C5 AIRCROSS,15990.0,2019.0,89218.0,Gasolina,Manual,13112.0,coches.net,utilitario
NISSAN,JUKE,19289.0,2024.0,20900.0,Gasolina,Manual,11412.0,coches.net,utilitario
CITROEN,C3 AIRCROSS,22600.0,2025.0,10510.0,Híbrido,Automatico,14512.0,coches.net,utilitario
MAZDA,MAZDA3,25900.0,2024.0,28303.0,Híbrido,Manual,15012.0,coches.net,berlina
FORD,KUGA,13990.0,2020.0,174000.0,Diésel,Automatico,12012.0,coches.net,utilitario
RENAULT,CLIO,6485.0,2019.0,239492.0,Diésel,Manual,7512.0,coches.net,berlina
TOYOTA,RAV4,25650.0,2021.0,99000.0,Híbrido,Automatico,21812.0,coches.net,utilitario
RENAULT,CLIO,13490.0,2020.0,46786.0,Diésel,Manual,8512.0,coches.net,berlina
VOLKSWAGEN,TIGUAN,29990.0,2022.0,69000.0,Diésel,Automatico,15012.0,coches.net,utilitario
VOLVO,XC60,30900.0,2021.0,115945.0,Híbrido,Automatico,19712.0,coches.net,utilitario
HYUNDAI,I10,8100.0,2018.0,36000.0,Gasolina,Manual,6612.0,coches.net,berlina
KIA,SPORTAGE,16490.0,2020.0,82118.0,Gasolina,Manual,13212.0,coches.net,utilitario
VOLKSWAGEN,TIGUAN,22900.0,2017.0,115000.0,Diésel,Automatico,15012.0,coches.net,utilitario
MERCEDES-BENZ,CLASE C,24990.0,2019.0,133000.0,Diésel,Automatico,19412.0,coches.net,berlina
HONDA,CIVIC,36990.0,2018.0,97000.0,Gasolina,Manual,32012.0,coches.net,berlina
RENAULT,MÉGANE,16399.0,2017.0,93036.0,Gasolina,Automatico,20512.0,coches.net,berlina
PEUGEOT,208,9650.0,2022.0,94000.0,Diésel,Manual,10012.0,coches.net,berlina
JEEP,RENEGADE,13599.0,2018.0,104742.0,Gasolina,Manual,14012.0,coches.net,utilitario
MERCEDES-BENZ,CLASE GLC,31499.0,2018.0,65005.0,Diésel,Automatico,17012.0,coches.net,utilitario
OPEL,MOKKA X,11999.0,2018.0,126272.0,Gasolina,Automatico,14012.0,coches.net,utilitario
RENAULT,CLIO,12690.0,2021.0,130726.0,Híbrido,Automatico,14012.0,coches.net,berlina
PEUGEOT,208,6490.0,2015.0,141497.0,Gasolina,Manual,8212.0,coches.net,berlina
MERCEDES-BENZ,CLASE A,37500.0,2023.0,48192.0,Híbrido enchufable,Automatico,21812.0,coches.net,berlina
FIAT,PANDA,10990.0,2023.0,40828.0,Híbrido,Manual,7012.0,coches.net,berlina
HYUNDAI,I30,6490.0,2012.0,174000.0,Diésel,Manual,9012.0,coches.net,berlina
SEAT,IBIZA,18890.0,2025.0,13000.0,Gasolina,Manual,11512.0,coches.net,berlina
PEUGEOT,307,4499.0,2006.0,165000.0,Gasolina,Manual,14312.0,coches.net,berlina
RENAULT,TRAFIC,21990.0,2018.0,121000.0,Diésel,Manual,12012.0,coches.net,utilitario
VOLKSWAGEN,T-CROSS,18900.0,2022.0,44110.0,Gasolina,Manual,11012.0,coches.net,utilitario
MASERATI,GHIBLI,26990.0,2015.0,82000.0,Diésel,Automatico,27512.0,coches.net,berlina
VOLKSWAGEN,GOLF,26600.0,2024.0,26000.0,Diésel,Automatico,11512.0,coches.net,berlina
PEUGEOT,208,7699.0,2016.0,110356.0,Gasolina,Manual,11012.0,coches.net,berlina
VOLKSWAGEN,GOLF,27300.0,2024.0,18088.0,Diésel,Automatico,11512.0,coches.net,berlina
KIA,XCEED,18490.0,2022.0,64000.0,Gasolina,Manual,12012.0,coches.net,utilitario
VOLKSWAGEN,SHARAN,12900.0,2013.0,170000.0,Diésel,Manual,14012.0,coches.net,utilitario
FORD,FOCUS,12990.0,2020.0,33864.0,Gasolina,Manual,10012.0,coches.net,berlina
BMW,X2,25990.0,2021.0,13500.0,Diésel,Automatico,15012.0,coches.net,utilitario
LAND-ROVER,RANGE ROVER SPORT,39900.0,2021.0,138000.0,Híbrido,Automatico,24912.0,coches.net,utilitario
CITROEN,C5,8990.0,2010.0,122000.0,Diésel,Manual,14012.0,coches.net,berlina
BMW,X4,35490.0,2021.0,78982.0,Híbrido,Automatico,19012.0,coches.net,utilitario
PEUGEOT,TRAVELLER,32000.0,2020.0,97000.0,Diésel,Automatico,18012.0,coches.net,utilitario
VOLKSWAGEN,POLO,15450.0,2019.0,126353.0,Gasolina,Automatico,11512.0,coches.net,berlina
VOLKSWAGEN,POLO,4600.0,2009.0,165000.0,Gasolina,Manual,8012.0,coches.net,berlina
VOLKSWAGEN,TIGUAN ALLSPACE,23790.0,2020.0,134966.0,Diésel,Automatico,15012.0,coches.net,utilitario
SEAT,IBIZA,18490.0,2024.0,8497.0,Gasolina,Manual,11512.0,coches.net,berlina
AUDI,A4,20990.0,2022.0,126000.0,Diésel,Automatico,13612.0,coches.net,berlina
FORD,FOCUS,18890.0,2018.0,72822.0,Gasolina,Manual,25012.0,coches.net,berlina
FORD,MUSTANG,58900.0,2023.0,33000.0,Gasolina,Automatico,45912.0,coches.net,berlina
MERCEDES-BENZ,CLASE GLA,12900.0,2014.0,299000.0,Diésel,Automatico,17012.0,coches.net,utilitario
OPEL,INSIGNIA,14500.0,2017.0,40000.0,Diésel,Manual,13612.0,coches.net,berlina
CITROEN,BERLINGO,21900.0,2025.0,6800.0,Diésel,Manual,10212.0,coches.net,utilitario
KIA,SORENTO,40599.0,2024.0,32462.0,Híbrido enchufable,Automatico,26512.0,coches.net,utilitario
BMW,X3,17990.0,2014.0,149000.0,Diésel,Manual,19012.0,coches.net,utilitario
CUPRA,LEÓN,19950.0,2023.0,179971.0,Híbrido,Automatico,15012.0,coches.net,berlina
NISSAN,JUKE,8990.0,2015.0,98000.0,Diésel,Manual,11012.0,coches.net,utilitario
LAND-ROVER,DISCOVERY SPORT,25900.0,2019.0,96936.0,Diésel,Automatico,15012.0,coches.net,utilitario
DS,DS 7 CROSSBACK,23501.0,2020.0,125331.0,Gasolina,Automatico,18012.0,coches.net,utilitario
VOLVO,XC60,39600.0,2022.0,48000.0,Híbrido enchufable,Automatico,35012.0,coches.net,utilitario
VOLKSWAGEN,GOLF,19990.0,2020.0,129017.0,Híbrido,Automatico,15012.0,coches.net,berlina
MAZDA,CX-30,25900.0,2024.0,52883.0,Híbrido,Manual,14012.0,coches.net,utilitario
RENAULT,AUSTRAL,28590.0,2024.0,41724.0,Híbrido,Automatico,20012.0,coches.net,utilitario
BMW,X1,18690.0,2022.0,122878.0,Diésel,Manual,11612.0,coches.net,utilitario
SKODA,KAROQ,15399.0,2018.0,145069.0,Diésel,Manual,15012.0,coches.net,utilitario
SKODA,KAROQ,15399.0,2018.0,145069.0,Diésel,Manual,15012.0,coches.net,utilitario
BMW,SERIE 2 GRAN TOURER,16990.0,2017.0,97004.0,Diésel,Manual,15012.0,coches.net,utilitario
PEUGEOT,3008,15290.0,2021.0,107157.0,Diésel,Manual,13012.0,coches.net,utilitario
KIA,PICANTO,15990.0,2025.0,14.0,Gasolina,Manual,6312.0,coches.net,berlina
PEUGEOT,208,6490.0,2015.0,141497.0,Gasolina,Manual,8212.0,coches.net,berlina
SEAT,LEÓN,16490.0,2022.0,66935.0,Gasolina,Manual,11012.0,coches.net,berlina
BMW,X2,45900.0,2025.0,14000.0,Híbrido,Automatico,16312.0,coches.net,utilitario
BMW,SERIE 1,34400.0,2025.0,16500.0,Híbrido,Automatico,17012.0,coches.net,berlina
BMW,SERIE 3,33850.0,2023.0,99950.0,Híbrido enchufable,Automatico,29212.0,coches.net,berlina
FORD,GRAND C-MAX,11490.0,2017.0,117390.0,Gasolina,Manual,12512.0,coches.net,utilitario
SEAT,LEÓN,14990.0,2018.0,102000.0,Gasolina,Manual,12512.0,coches.net,berlina
ALFA ROMEO,STELVIO,25500.0,2022.0,59009.0,Diésel,Automatico,19012.0,coches.net,utilitario
PEUGEOT,208,8990.0,2016.0,131351.0,Diésel,Manual,10012.0,coches.net,berlina
CUPRA,FORMENTOR,24990.0,2022.0,124000.0,Diésel,Automatico,15012.0,coches.net,utilitario
HYUNDAI,I10,13790.0,2024.0,15794.0,Gasolina,Manual,6712.0,coches.net,berlina
CUPRA,LEÓN,23450.0,2023.0,57875.0,Híbrido,Automatico,15012.0,coches.net,berlina
HYUNDAI,I10,13790.0,2024.0,15794.0,Gasolina,Manual,6712.0,coches.net,berlina
CITROEN,C3 AIRCROSS,19500.0,2025.0,14951.0,Gasolina,Manual,10012.0,coches.net,utilitario
HYUNDAI,TUCSON,13500.0,2016.0,113392.0,Gasolina,Manual,13112.0,coches.net,utilitario
TOYOTA,COROLLA,22990.0,2022.0,58000.0,Híbrido,Automatico,12212.0,coches.net,berlina
BMW,X2,21890.0,2020.0,98790.0,Gasolina,Automatico,14012.0,coches.net,utilitario
VOLKSWAGEN,T-ROC,16990.0,2022.0,156993.0,Diésel,Manual,11512.0,coches.net,utilitario
VOLKSWAGEN,GOLF,20990.0,2016.0,118000.0,Diésel,Automatico,18412.0,coches.net,berlina
VOLKSWAGEN,T-ROC,30900.0,2024.0,61700.0,Gasolina,Automatico,15012.0,coches.net,utilitario
TOYOTA,C-HR,31990.0,2025.0,3950.0,Híbrido,Automatico,14012.0,coches.net,utilitario
TOYOTA,C-HR,31990.0,2025.0,10000.0,Híbrido,Automatico,14012.0,coches.net,utilitario
VOLKSWAGEN,TIGUAN ALLSPACE,29900.0,2021.0,99000.0,Diésel,Automatico,15012.0,coches.net,utilitario
FIAT,500C,10990.0,2021.0,73700.0,Híbrido,Manual,7012.0,coches.net,berlina
VOLKSWAGEN,CARAVELLE,39990.0,2025.0,16987.0,Diésel,Automatico,15012.0,coches.net,utilitario
MERCEDES-BENZ,GLA,35900.0,2021.0,55900.0,Gasolina,Automatico,22412.0,coches.net,utilitario
OPEL,GRANDLAND,17900.0,2023.0,32779.0,Gasolina,Manual,13012.0,coches.net,utilitario
PEUGEOT,TRAVELLER,38350.0,2025.0,29924.0,Diésel,Automatico,18012.0,coches.net,utilitario
VOLKSWAGEN,POLO,7990.0,2012.0,150451.0,Diésel,Manual,7512.0,coches.net,berlina
OPEL,CORSA,8890.0,2016.0,104000.0,Gasolina,Manual,9012.0,coches.net,berlina
VOLKSWAGEN,GOLF,22890.0,2021.0,44156.0,Híbrido,Automatico,15012.0,coches.net,berlina
PEUGEOT,RIFTER,15990.0,2020.0,99000.0,Diésel,Manual,13012.0,coches.net,utilitario
VOLKSWAGEN,POLO,5999.0,2004.0,79000.0,Gasolina,Manual,7512.0,coches.net,berlina
PEUGEOT,2008,8890.0,2016.0,63118.0,Gasolina,Manual,11012.0,coches.net,utilitario
BMW,SERIE 1,8990.0,2013.0,137000.0,Gasolina,Manual,10212.0,coches.net,berlina
PEUGEOT,2008,9390.0,2017.0,132408.0,Gasolina,Manual,13012.0,coches.net,utilitario
AUDI,Q2,18990.0,2022.0,190000.0,Gasolina,Automatico,15012.0,coches.net,utilitario
AUDI,A3,13490.0,2016.0,99900.0,Gasolina,Manual,11012.0,coches.net,berlina
FORD,FIESTA,12490.0,2020.0,80699.0,Diésel,Manual,8512.0,coches.net,berlina
BMW,SERIE 1,24999.0,2024.0,54000.0,Gasolina,Automatico,13612.0,coches.net,berlina
SEAT,LEÓN,23990.0,2025.0,13078.0,Diésel,Manual,11612.0,coches.net,berlina
PEUGEOT,508,13690.0,2020.0,98608.0,Diésel,Manual,13012.0,coches.net,berlina
SEAT,LEÓN,26990.0,2025.0,19334.0,Diésel,Automatico,11612.0,coches.net,berlina
BMW,SERIE 3,16995.0,2014.0,190000.0,Diésel,Automatico,25812.0,coches.net,berlina
BMW,SERIE 1,17900.0,2020.0,106588.0,Diésel,Automatico,11612.0,coches.net,berlina
CITROEN,C4 PICASSO,9490.0,2015.0,154000.0,Gasolina,Automatico,16512.0,coches.net,utilitario
NISSAN,QASHQAI,15990.0,2019.0,117637.0,Diésel,Manual,11512.0,coches.net,berlina
CITROEN,C4 PICASSO,9890.0,2017.0,80441.0,Gasolina,Manual,11012.0,coches.net,utilitario
BMW,SERIE 2,67500.0,2024.0,43500.0,Gasolina,Automatico,48012.0,coches.net,berlina
TOYOTA,RAV4,26490.0,2020.0,123734.0,Híbrido,Automatico,21812.0,coches.net,utilitario
TOYOTA,COROLLA,26990.0,2022.0,13187.0,Híbrido,Automatico,18412.0,coches.net,berlina
OPEL,CORSA,8499.0,2018.0,150000.0,Gas,Manual,9012.0,coches.net,berlina
MERCEDES-BENZ,CLASE C,36400.0,2022.0,57932.0,Híbrido,Automatico,20012.0,coches.net,berlina
KIA,XCEED,18990.0,2023.0,42000.0,Híbrido,Manual,13612.0,coches.net,utilitario
AUDI,A4,57490.0,2018.0,98000.0,Gasolina,Automatico,45012.0,coches.net,berlina
DACIA,SANDERO,5450.0,2012.0,115782.0,Gas,Manual,7512.0,coches.net,berlina
BMW,SERIE 3,17500.0,2018.0,149999.0,Diésel,Manual,15012.0,coches.net,berlina
RENAULT,CLIO,19510.0,2025.0,20426.0,Diésel,Manual,10012.0,coches.net,berlina
TOYOTA,RAV4,31890.0,2022.0,92352.0,Híbrido,Automatico,21812.0,coches.net,utilitario
RENAULT,CLIO,19360.0,2025.0,28853.0,Diésel,Manual,10012.0,coches.net,berlina
MG,ZS,15900.0,2025.0,18178.0,Gasolina,Manual,10612.0,coches.net,utilitario
PEUGEOT,308,9900.0,2018.0,112000.0,Diésel,Manual,13012.0,coches.net,berlina
AUDI,A1,23990.0,2025.0,8882.0,Gasolina,Manual,11612.0,coches.net,berlina
RENAULT,CAPTUR,20900.0,2022.0,68800.0,Híbrido enchufable,Automatico,16012.0,coches.net,utilitario
RENAULT,CAPTUR,23500.0,2023.0,25000.0,Híbrido,Automatico,14512.0,coches.net,utilitario
MERCEDES-BENZ,CLASE T,42290.0,2025.0,9000.0,Diésel,Automatico,11612.0,coches.net,utilitario
HYUNDAI,KONA,13790.0,2020.0,98764.0,Gasolina,Manual,12012.0,coches.net,utilitario
NISSAN,QASHQAI,17900.0,2020.0,126000.0,Diésel,Manual,15012.0,coches.net,berlina
KIA,XCEED,15490.0,2021.0,72151.0,Gasolina,Manual,12012.0,coches.net,utilitario
HYUNDAI,TUCSON,25490.0,2022.0,74286.0,Híbrido,Automatico,23012.0,coches.net,utilitario
NISSAN,QASHQAI,16990.0,2021.0,78583.0,Gasolina,Manual,14012.0,coches.net,berlina
PEUGEOT,2008,9990.0,2017.0,135591.0,Diésel,Manual,10012.0,coches.net,utilitario
HONDA,JAZZ,17700.0,2021.0,68720.0,Híbrido,Automatico,10912.0,coches.net,berlina
HONDA,JAZZ,17900.0,2022.0,51595.0,Híbrido,Manual,10912.0,coches.net,berlina
VOLKSWAGEN,SHARAN,16500.0,2015.0,197020.0,Diésel,Automatico,17712.0,coches.net,utilitario
MG,ZS,14990.0,2025.0,8787.0,Gasolina,Manual,10612.0,coches.net,utilitario
HYUNDAI,STARIA,36299.0,2022.0,51967.0,Diésel,Automatico,17712.0,coches.net,utilitario
MG,ZS,16490.0,2024.0,16133.0,Gasolina,Manual,11112.0,coches.net,utilitario
BMW,X6,39800.0,2017.0,113000.0,Diésel,Automatico,25812.0,coches.net,utilitario
OPEL,MOKKA,7990.0,2013.0,165700.0,Diésel,Manual,13012.0,coches.net,utilitario
PEUGEOT,2008,14890.0,2021.0,58577.0,Diésel,Manual,11012.0,coches.net,utilitario
FIAT,PANDA,12750.0,2024.0,59484.0,Híbrido,Manual,7012.0,coches.net,berlina
TOYOTA,YARIS CROSS,23200.0,2022.0,73078.0,Híbrido,Automatico,11612.0,coches.net,utilitario
PORSCHE,PANAMERA,76900.0,2021.0,112000.0,Híbrido enchufable,Automatico,56012.0,coches.net,berlina
FORD,MONDEO,10999.0,2015.0,259000.0,Diésel,Automatico,21012.0,coches.net,berlina
BMW,SERIE 1,19690.0,2023.0,96169.0,Gasolina,Automatico,13612.0,coches.net,berlina
DACIA,SANDERO,12500.0,2020.0,29000.0,Gasolina,Manual,9112.0,coches.net,berlina
HYUNDAI,I20,19990.0,2025.0,6788.0,Gasolina,Manual,10012.0,coches.net,berlina
PEUGEOT,308,11990.0,2016.0,136553.0,Gasolina,Manual,20512.0,coches.net,berlina
RENAULT,TRAFIC,29900.0,2023.0,7000.0,Diésel,Manual,15012.0,coches.net,utilitario
VOLVO,V40,15500.0,2018.0,114100.0,Diésel,Manual,12012.0,coches.net,berlina
HYUNDAI,KONA,19750.0,2021.0,50000.0,Híbrido,Automatico,14112.0,coches.net,utilitario
VOLVO,XC90,49995.0,2023.0,99998.0,Híbrido enchufable,Automatico,45512.0,coches.net,utilitario
RENAULT,ARKANA,19900.0,2021.0,62450.0,Híbrido,Automatico,14512.0,coches.net,utilitario
RENAULT,MÉGANE,17890.0,2017.0,150055.0,Gasolina,Automatico,20512.0,coches.net,berlina
KIA,XCEED,16490.0,2023.0,64446.0,Gasolina,Manual,12012.0,coches.net,utilitario
LAND-ROVER,FREELANDER,7490.0,2007.0,240000.0,Diésel,Manual,11212.0,coches.net,utilitario
MERCEDES-BENZ,CLASE A,27990.0,2021.0,60300.0,Diésel,Automatico,15012.0,coches.net,berlina
VOLKSWAGEN,CADDY,16990.0,2013.0,120000.0,Diésel,Manual,14012.0,coches.net,utilitario
MERCEDES-BENZ,CLASE A,25650.0,2021.0,52000.0,Diésel,Automatico,11612.0,coches.net,berlina
RENAULT,CLIO,10700.0,2020.0,150789.0,Diésel,Manual,8512.0,coches.net,berlina
VOLKSWAGEN,GOLF,18000.0,2011.0,196000.0,Gasolina,Manual,27112.0,coches.net,berlina
KIA,NIRO,27900.0,2022.0,8751.0,Híbrido enchufable,Automatico,18312.0,coches.net,berlina
MERCEDES-BENZ,CLASE GLC,19990.0,2020.0,319000.0,Diésel,Automatico,19412.0,coches.net,utilitario
MERCEDES-BENZ,CLA,42776.0,2025.0,11702.0,Híbrido enchufable,Automatico,21812.0,coches.net,berlina
MERCEDES-BENZ,GLA,45900.0,2025.0,2225.0,Diésel,Automatico,15012.0,coches.net,utilitario
BMW,SERIE 5,17490.0,2016.0,235000.0,Diésel,Automatico,31312.0,coches.net,berlina
JAGUAR,XF,16990.0,2016.0,210000.0,Diésel,Automatico,30012.0,coches.net,berlina
TOYOTA,COROLLA,16990.0,2021.0,59990.0,Híbrido,Automatico,12212.0,coches.net,berlina
VOLKSWAGEN,T-CROSS,16900.0,2023.0,63000.0,Gasolina,Automatico,11012.0,coches.net,utilitario
OPEL,ASTRA,11400.0,2020.0,129560.0,Diésel,Manual,10512.0,coches.net,berlina
AUDI,Q3,39950.0,2025.0,14692.0,Diésel,Automatico,15012.0,coches.net,utilitario
RENAULT,CLIO,9480.0,2019.0,102581.0,Diésel,Manual,7512.0,coches.net,berlina
AUDI,Q3,11200.0,2016.0,271000.0,Diésel,Manual,15012.0,coches.net,utilitario
PEUGEOT,2008,6500.0,2015.0,94288.0,Gasolina,Manual,11012.0,coches.net,utilitario
MAZDA,CX-5,28950.0,2023.0,27000.0,Híbrido,Manual,16512.0,coches.net,utilitario
BMW,SERIE 2 GRAN TOURER,27990.0,2021.0,63000.0,Gasolina,Automatico,17812.0,coches.net,utilitario
LAND-ROVER,FREELANDER,9990.0,2008.0,244000.0,Diésel,Automatico,16012.0,coches.net,utilitario
CITROEN,C5,2800.0,2005.0,290000.0,Diésel,Manual,13812.0,coches.net,berlina
MERCEDES-BENZ,CLASE S,73900.0,2023.0,107565.0,Diésel,Automatico,28612.0,coches.net,berlina
TOYOTA,C-HR,17500.0,2019.0,116615.0,Híbrido,Automatico,12212.0,coches.net,berlina
OPEL,CORSA,12500.0,2022.0,110985.0,Diésel,Manual,10212.0,coches.net,berlina
OPEL,CORSA,13490.0,2022.0,49800.0,Diésel,Manual,10212.0,coches.net,berlina
SEAT,ARONA,18490.0,2024.0,18500.0,Gasolina,Manual,11512.0,coches.net,utilitario
VOLKSWAGEN,GOLF,21600.0,2018.0,108000.0,Gasolina,Manual,23012.0,coches.net,berlina
MINI,MINI,13250.0,2017.0,78686.0,Diésel,Manual,9512.0,coches.net,berlina
AUDI,A3,30990.0,2024.0,70050.0,Híbrido,Automatico,15012.0,coches.net,berlina
AUDI,Q3,37390.0,2023.0,20525.0,Híbrido enchufable,Automatico,24512.0,coches.net,utilitario
MERCEDES-BENZ,VIANO,12999.0,2008.0,229000.0,Diésel,Automatico,20412.0,coches.net,utilitario
TOYOTA,C-HR,31990.0,2025.0,3032.0,Híbrido,Automatico,14012.0,coches.net,utilitario
VOLKSWAGEN,T-ROC,23900.0,2020.0,90755.0,Gasolina,Automatico,15012.0,coches.net,utilitario
TOYOTA,RAV4,28900.0,2021.0,51126.0,Híbrido,Automatico,22212.0,coches.net,utilitario
JEEP,RENEGADE,16995.0,2023.0,80000.0,Diésel,Manual,13012.0,coches.net,utilitario
KIA,PICANTO,13900.0,2021.0,8999.0,Gasolina,Automatico,8412.0,coches.net,berlina
HONDA,CIVIC,23499.0,2019.0,114000.0,Gasolina,Automatico,18212.0,coches.net,berlina
TOYOTA,YARIS,22600.0,2025.0,8116.0,Híbrido,Automatico,11612.0,coches.net,berlina
RENAULT,SCÉNIC,4500.0,2008.0,176000.0,Diésel,Manual,10512.0,coches.net,utilitario
AUDI,A3,80900.0,2026.0,80.0,Gasolina,Automatico,40012.0,coches.net,berlina
OPEL,CORSA,11099.0,2022.0,42638.0,Gasolina,Manual,7512.0,coches.net,berlina
NISSAN,QASHQAI,19000.0,2022.0,120737.0,Híbrido,Automatico,15812.0,coches.net,utilitario
PEUGEOT,508,12990.0,2019.0,130331.0,Diésel,Automatico,13012.0,coches.net,berlina
CITROEN,C3,9499.0,2019.0,140000.0,Diésel,Manual,9912.0,coches.net,berlina
PEUGEOT,308,12500.0,2021.0,103309.0,Diésel,Manual,10012.0,coches.net,berlina
VOLKSWAGEN,GOLF,12650.0,2018.0,119950.0,Diésel,Manual,11512.0,coches.net,berlina
FORD,MUSTANG MACH-E,55900.0,2022.0,3928.0,Eléctrico,Automatico,35112.0,coches.net,utilitario
HYUNDAI,IONIQ 5,36900.0,2023.0,319.0,Eléctrico,Automatico,22912.0,coches.net,utilitario
NISSAN,ARIYA,40500.0,2022.0,7070.0,Eléctrico,Automatico,24212.0,coches.net,utilitario
MINI,COOPER,31900.0,2024.0,22665.0,Gasolina,Automatico,20412.0,coches.net,berlina
AUDI,A4,20990.0,2021.0,137558.0,Híbrido,Automatico,16312.0,coches.net,berlina
PEUGEOT,2008,13400.0,2021.0,33349.0,Gasolina,Manual,10012.0,coches.net,utilitario
HYUNDAI,I20,15200.0,2021.0,60670.0,Híbrido,Manual,10012.0,coches.net,berlina
NISSAN,JUKE,18990.0,2024.0,35725.0,Gasolina,Automatico,11412.0,coches.net,utilitario
BMW,X3,44900.0,2024.0,25642.0,Híbrido,Automatico,15012.0,coches.net,utilitario
OPEL,CORSA,4800.0,2011.0,120000.0,Gasolina,Manual,8512.0,coches.net,berlina
MINI,COUNTRYMAN,16900.0,2019.0,70868.0,Gasolina,Manual,13612.0,coches.net,berlina
VOLKSWAGEN,POLO,14500.0,2021.0,92912.0,Gasolina,Manual,9512.0,coches.net,berlina
MINI,COUNTRYMAN,21750.0,2022.0,75000.0,Gasolina,Automatico,13612.0,coches.net,berlina
VOLKSWAGEN,POLO,13700.0,2022.0,115892.0,Gasolina,Manual,9512.0,coches.net,berlina
OPEL,CORSA,11400.0,2021.0,14089.0,Gasolina,Manual,7512.0,coches.net,berlina
OPEL,CORSA,11900.0,2023.0,83000.0,Gasolina,Manual,10012.0,coches.net,berlina
KIA,CEED,11990.0,2020.0,103221.0,Gasolina,Manual,12012.0,coches.net,berlina
CITROEN,BERLINGO,17990.0,2023.0,47878.0,Diésel,Manual,10212.0,coches.net,utilitario
MERCEDES-BENZ,CLASE X,45990.0,2019.0,49047.0,Diésel,Automatico,19012.0,coches.net,pick up
MERCEDES-BENZ,CLASE A,33990.0,2024.0,9000.0,Híbrido enchufable,Automatico,21812.0,coches.net,berlina
SEAT,LEÓN,11490.0,2021.0,180479.0,Diésel,Manual,11512.0,coches.net,berlina
MINI,MINI,20900.0,2022.0,39000.0,Gasolina,Automatico,13612.0,coches.net,berlina
FORD,KUGA,19900.0,2022.0,57511.0,Gasolina,Manual,15012.0,coches.net,utilitario
MAZDA,CX-60,53990.0,2025.0,14017.0,Híbrido enchufable,Automatico,32712.0,coches.net,utilitario
MG,MG3,17990.0,2025.0,6666.0,Gasolina,Manual,11612.0,coches.net,berlina
CITROEN,C3,3499.0,2007.0,130000.0,Diésel,Manual,7012.0,coches.net,berlina
SKODA,KAROQ,25600.0,2024.0,22750.0,Gasolina,Manual,11012.0,coches.net,utilitario
FORD,FIESTA,12490.0,2019.0,68712.0,Gasolina,Manual,10012.0,coches.net,berlina
VOLVO,V40 CROSS COUNTRY,14500.0,2016.0,154900.0,Diésel,Manual,15012.0,coches.net,berlina
VOLKSWAGEN,GOLF,15990.0,2021.0,120807.0,Híbrido,Automatico,11012.0,coches.net,berlina
VOLVO,XC60,32990.0,2023.0,99990.0,Híbrido,Automatico,19712.0,coches.net,utilitario
SEAT,LEÓN,11990.0,2012.0,86000.0,Diésel,Manual,10512.0,coches.net,berlina
CITROEN,C3 AIRCROSS,12990.0,2019.0,59000.0,Gasolina,Manual,11012.0,coches.net,utilitario
SEAT,IBIZA,19990.0,2024.0,21564.0,Gasolina,Manual,11512.0,coches.net,berlina
SEAT,IBIZA,17490.0,2024.0,19000.0,Gasolina,Manual,11512.0,coches.net,berlina
MERCEDES-BENZ,CLASE E,29450.0,2017.0,244698.0,Gasolina,Automatico,40112.0,coches.net,berlina
MAZDA,CX-5,17500.0,2022.0,213484.0,Gasolina,Automatico,16512.0,coches.net,utilitario
VOLKSWAGEN,GOLF,26890.0,2025.0,19058.0,Diésel,Manual,11612.0,coches.net,berlina
HYUNDAI,I30,11900.0,2019.0,64028.0,Gasolina,Manual,10012.0,coches.net,berlina
PEUGEOT,E-208,18490.0,2022.0,28199.0,Eléctrico,Automatico,13612.0,coches.net,berlina
CITROEN,Ë-C4,16990.0,2021.0,54000.0,Eléctrico,Automatico,13612.0,coches.net,berlina
DACIA,SANDERO,12990.0,2019.0,78031.0,Diésel,Manual,9512.0,coches.net,berlina
VOLKSWAGEN,GOLF SPORTSVAN,17290.0,2016.0,102031.0,Gasolina,Automatico,15012.0,coches.net,utilitario
PEUGEOT,3008 HYBRID,22490.0,2024.0,18658.0,Híbrido,Automatico,13612.0,coches.net,utilitario
SEAT,IBIZA,3499.0,2007.0,262000.0,Diésel,Manual,8012.0,coches.net,berlina
TOYOTA,COROLLA,19499.0,2022.0,75000.0,Híbrido,Automatico,12212.0,coches.net,berlina
SEAT,IBIZA,3999.0,2008.0,223000.0,Diésel,Manual,9012.0,coches.net,berlina
SKODA,KAROQ,14990.0,2020.0,169905.0,Diésel,Automatico,15012.0,coches.net,utilitario
AUDI,A3,18990.0,2020.0,79000.0,Híbrido enchufable,Automatico,20412.0,coches.net,berlina
CITROEN,C4 CACTUS,9490.0,2020.0,110000.0,Gasolina,Manual,11012.0,coches.net,berlina
VOLKSWAGEN,CARAVELLE,25990.0,2021.0,127543.0,Diésel,Manual,11012.0,coches.net,utilitario
KIA,STONIC,16480.0,2023.0,17571.0,Híbrido,Manual,10012.0,coches.net,utilitario
PEUGEOT,3008 HYBRID,16990.0,2022.0,140791.0,Híbrido enchufable,Automatico,30012.0,coches.net,utilitario
MAZDA,CX-5,20400.0,2020.0,124988.0,Diésel,Manual,15012.0,coches.net,utilitario
BMW,SERIE 1,18489.0,2019.0,79119.0,Diésel,Manual,11612.0,coches.net,berlina
DFSK,F5,20990.0,2024.0,18721.0,Gasolina,Automatico,13712.0,coches.net,utilitario
TOYOTA,C-HR,18490.0,2020.0,124971.0,Híbrido,Automatico,12212.0,coches.net,berlina
MITSUBISHI,SPACE STAR,13499.0,2023.0,7578.0,Gasolina,Manual,7112.0,coches.net,berlina
KIA,CEED,17000.0,2023.0,75025.0,Híbrido,Manual,13612.0,coches.net,berlina
KIA,CEED,15490.0,2020.0,73649.0,Gasolina,Manual,10012.0,coches.net,berlina
AUDI,A3,27990.0,2025.0,10000.0,Gasolina,Automatico,11612.0,coches.net,berlina
LAND-ROVER,RANGE ROVER SPORT,249990.0,2025.0,2500.0,Híbrido,Automatico,63512.0,coches.net,utilitario
RENAULT,MÉGANE,12897.0,2021.0,162700.0,Diésel,Manual,11512.0,coches.net,berlina
FORD,MONDEO,14699.0,2019.0,152702.0,Diésel,Automatico,15012.0,coches.net,berlina
VOLVO,V60 CROSS COUNTRY,39900.0,2023.0,27231.0,Híbrido,Automatico,19712.0,coches.net,berlina
VOLVO,XC40,19990.0,2019.0,130238.0,Gasolina,Automatico,16312.0,coches.net,utilitario
SEAT,IBIZA,19900.0,2025.0,500.0,Gasolina,Manual,11512.0,coches.net,berlina
RENAULT,CLIO,7499.0,2012.0,90700.0,Gasolina,Manual,10512.0,coches.net,berlina
VOLVO,XC40,24990.0,2023.0,98000.0,Híbrido enchufable,Automatico,21112.0,coches.net,utilitario
DACIA,JOGGER,19900.0,2025.0,39288.0,Gasolina,Manual,11012.0,coches.net,berlina
DR AUTOMOBILES,DR 5.0,13790.0,2022.0,97305.0,Gasolina,Manual,11612.0,coches.net,utilitario
BMW,SERIE 5,14390.0,2017.0,169000.0,Diésel,Automatico,15012.0,coches.net,berlina
PEUGEOT,PARTNER,8900.0,2016.0,249229.0,Diésel,Manual,10012.0,coches.net,utilitario
CITROEN,C4,7490.0,2015.0,140000.0,Diésel,Manual,9912.0,coches.net,berlina
SEAT,IBIZA,15999.0,2025.0,25000.0,Gasolina,Manual,11512.0,coches.net,berlina
SEAT,IBIZA,18690.0,2025.0,15470.0,Gasolina,Manual,11512.0,coches.net,berlina
BMW,X6,49900.0,2020.0,183500.0,Diésel,Automatico,40012.0,coches.net,utilitario
PEUGEOT,RIFTER,15990.0,2020.0,99000.0,Diésel,Manual,13012.0,coches.net,utilitario
KIA,STONIC,14290.0,2023.0,32192.0,Gasolina,Manual,8412.0,coches.net,utilitario
SEAT,ARONA,13790.0,2022.0,134000.0,Gasolina,Manual,11012.0,coches.net,utilitario
MERCEDES-BENZ,CLASE CLA,16000.0,2015.0,180000.0,Diésel,Automatico,17712.0,coches.net,berlina
RENAULT,CAPTUR,14790.0,2023.0,85000.0,Gasolina,Manual,9012.0,coches.net,utilitario
BMW,SERIE 5,18990.0,2015.0,106300.0,Diésel,Automatico,19012.0,coches.net,berlina
SUZUKI,VITARA,23500.0,2022.0,31638.0,Híbrido,Automatico,11612.0,coches.net,utilitario
PEUGEOT,RIFTER,17390.0,2022.0,58812.0,Diésel,Manual,10012.0,coches.net,utilitario
SEAT,LEÓN,20499.0,2020.0,85900.0,Gasolina,Manual,15012.0,coches.net,berlina
SEAT,ATECA,24359.0,2022.0,24243.0,Gasolina,Automatico,15012.0,coches.net,utilitario
VOLVO,XC40,24400.0,2021.0,106620.0,Híbrido enchufable,Automatico,21112.0,coches.net,utilitario
KIA,XCEED,20200.0,2022.0,64270.0,Híbrido enchufable,Automatico,14112.0,coches.net,utilitario
CITROEN,C3,9590.0,2020.0,45106.0,Gasolina,Manual,8312.0,coches.net,berlina
PEUGEOT,308,14990.0,2021.0,57000.0,Gasolina,Manual,11012.0,coches.net,berlina
OMODA,5,22670.0,2025.0,17396.0,Gasolina,Automatico,14712.0,coches.net,utilitario
OMODA,5,22670.0,2025.0,12737.0,Gasolina,Automatico,14712.0,coches.net,utilitario
JEEP,COMPASS,19990.0,2021.0,31000.0,Gasolina,Automatico,15012.0,coches.net,utilitario
HYUNDAI,KONA,15990.0,2022.0,26000.0,Gasolina,Manual,12012.0,coches.net,utilitario
HYUNDAI,KONA,15990.0,2022.0,26000.0,Gasolina,Manual,12012.0,coches.net,utilitario
NISSAN,QASHQAI+2,9990.0,2009.0,70000.0,Gasolina,Manual,14012.0,coches.net,utilitario
CUPRA,FORMENTOR,24990.0,2021.0,164126.0,Gasolina,Automatico,31012.0,coches.net,utilitario
VOLVO,XC60,32500.0,2019.0,136425.0,Diésel,Automatico,19012.0,coches.net,utilitario
VOLKSWAGEN,PASSAT,19900.0,2022.0,145000.0,Diésel,Automatico,15012.0,coches.net,berlina
NISSAN,QASHQAI,15490.0,2018.0,61640.0,Diésel,Manual,11512.0,coches.net,berlina
VOLKSWAGEN,GOLF,20300.0,2021.0,40668.0,Diésel,Manual,11512.0,coches.net,berlina
KIA,STONIC,12999.0,2019.0,112312.0,Gasolina,Manual,10012.0,coches.net,utilitario
PEUGEOT,5008,9499.0,2015.0,154793.0,Diésel,Manual,15012.0,coches.net,utilitario
HYUNDAI,SANTA FE,17900.0,2015.0,174393.0,Diésel,Manual,15012.0,coches.net,utilitario
BMW,X3,41999.0,2020.0,85000.0,Diésel,Automatico,32612.0,coches.net,utilitario
FORD,PUMA,22900.0,2024.0,14000.0,Híbrido,Manual,15512.0,coches.net,utilitario
BMW,SERIE 4,24990.0,2015.0,200000.0,Diésel,Automatico,25812.0,coches.net,berlina
RENAULT,MÉGANE,17990.0,2020.0,75206.0,Diésel,Manual,11512.0,coches.net,berlina
RENAULT,MÉGANE,9300.0,2011.0,145056.0,Gasolina,Automatico,14012.0,coches.net,berlina
RENAULT,CAPTUR,11990.0,2021.0,146700.0,Gas,Manual,10012.0,coches.net,utilitario
MERCEDES-BENZ,GLC COUPÉ,43890.0,2021.0,36000.0,Diésel,Automatico,16312.0,coches.net,utilitario
MAZDA,CX-5,14800.0,2016.0,146500.0,Diésel,Automatico,15012.0,coches.net,utilitario
VOLKSWAGEN,T-ROC,20990.0,2024.0,86363.0,Gasolina,Manual,11512.0,coches.net,utilitario
AUDI,A6,36950.0,2021.0,88000.0,Híbrido enchufable,Automatico,36712.0,coches.net,berlina
VOLKSWAGEN,GOLF,29490.0,2022.0,85000.0,Gasolina,Automatico,24512.0,coches.net,berlina
AUDI,A6,36950.0,2020.0,109000.0,Híbrido enchufable,Automatico,36712.0,coches.net,berlina
BMW,X6,87900.0,2020.0,94562.0,Gasolina,Automatico,62512.0,coches.net,utilitario
VOLVO,XC60,32990.0,2022.0,91224.0,Híbrido enchufable,Automatico,35012.0,coches.net,utilitario
VOLVO,XC60,34990.0,2021.0,66928.0,Híbrido,Automatico,19712.0,coches.net,utilitario
PEUGEOT,3008,19890.0,2021.0,67024.0,Diésel,Manual,13012.0,coches.net,utilitario
SKODA,KAROQ,15990.0,2022.0,182500.0,Diésel,Automatico,15012.0,coches.net,utilitario
AUDI,A4,38950.0,2018.0,104020.0,Gasolina,Automatico,35412.0,coches.net,berlina
PEUGEOT,RIFTER,16499.0,2019.0,72010.0,Diésel,Manual,10012.0,coches.net,utilitario
MERCEDES-BENZ,CLASE C,35890.0,2022.0,30909.0,Híbrido,Automatico,20412.0,coches.net,berlina
BMW,X2,48990.0,2025.0,30000.0,Diésel,Automatico,15012.0,coches.net,utilitario
BMW,X6,89000.0,2021.0,74000.0,Gasolina,Automatico,62512.0,coches.net,utilitario
VOLVO,XC60,32990.0,2022.0,91224.0,Híbrido enchufable,Automatico,35012.0,coches.net,utilitario
VOLVO,XC60,34990.0,2021.0,66928.0,Híbrido,Automatico,19712.0,coches.net,utilitario
MERCEDES-BENZ,CLASE A,26990.0,2020.0,86208.0,Diésel,Automatico,15012.0,coches.net,berlina
AUDI,A4,9900.0,2008.0,131000.0,Gasolina,Automatico,18012.0,coches.net,berlina
FORD,KUGA,11980.0,2018.0,128885.0,Diésel,Manual,12012.0,coches.net,utilitario
MERCEDES-BENZ,GLE,49890.0,2020.0,130000.0,Híbrido enchufable,Automatico,32012.0,coches.net,utilitario
AUDI,Q8,54890.0,2021.0,113000.0,Híbrido,Automatico,23112.0,coches.net,utilitario
BMW,SERIE 2 ACTIVE TOURER,28490.0,2023.0,42031.0,Gasolina,Automatico,13612.0,coches.net,utilitario
CITROEN,C3 AIRCROSS,11999.0,2021.0,25972.0,Gasolina,Manual,11012.0,coches.net,utilitario
PEUGEOT,508,8500.0,2015.0,180000.0,Diésel,Manual,14012.0,coches.net,berlina
SKODA,OCTAVIA,8590.0,2011.0,109154.0,Diésel,Manual,10512.0,coches.net,berlina
SEAT,IBIZA,10290.0,2014.0,84780.0,Gasolina,Manual,10512.0,coches.net,berlina
CITROEN,GRAND C4 PICASSO,10890.0,2016.0,103000.0,Diésel,Manual,12012.0,coches.net,utilitario
PEUGEOT,2008,9200.0,2021.0,274000.0,Diésel,Manual,11012.0,coches.net,utilitario
CITROEN,C3,10399.0,2019.0,49498.0,Gasolina,Automatico,11012.0,coches.net,berlina
MAZDA,MAZDA3,24999.0,2023.0,19223.0,Híbrido,Manual,18612.0,coches.net,berlina
SEAT,IBIZA,5500.0,2009.0,190000.0,Diésel,Manual,9012.0,coches.net,berlina
MERCEDES-BENZ,CLASE B,10990.0,2016.0,180000.0,Diésel,Manual,10912.0,coches.net,utilitario
FORD,KUGA,23900.0,2023.0,35000.0,Híbrido,Automatico,19012.0,coches.net,utilitario
MERCEDES-BENZ,CLASE B,14990.0,2015.0,175000.0,Diésel,Automatico,13612.0,coches.net,utilitario
PEUGEOT,2008,8800.0,2015.0,119000.0,Gasolina,Manual,8212.0,coches.net,utilitario
FORD,KUGA,21990.0,2022.0,87214.0,Híbrido,Automatico,19012.0,coches.net,utilitario
KIA,VENGA,9299.0,2016.0,68321.0,Gasolina,Manual,9012.0,coches.net,utilitario
PEUGEOT,308,16000.0,2022.0,85112.0,Diésel,Automatico,13012.0,coches.net,berlina
SEAT,ALTEA,5500.0,2008.0,169000.0,Diésel,Manual,10512.0,coches.net,utilitario
AUDI,Q5,33900.0,2020.0,111000.0,Diésel,Automatico,19012.0,coches.net,utilitario
MITSUBISHI,L200,23990.0,2021.0,122000.0,Diésel,Manual,15012.0,coches.net,pick up
VOLKSWAGEN,TAIGO,20990.0,2023.0,59000.0,Gasolina,Automatico,11012.0,coches.net,utilitario
TOYOTA,AVENSIS,14990.0,2016.0,94000.0,Diésel,Manual,14312.0,coches.net,berlina
PEUGEOT,3008 HYBRID,19850.0,2022.0,30386.0,Híbrido enchufable,Automatico,22512.0,coches.net,utilitario
NISSAN,QASHQAI,9890.0,2017.0,235700.0,Diésel,Manual,11012.0,coches.net,berlina
PEUGEOT,3008,21500.0,2022.0,50000.0,Diésel,Automatico,13012.0,coches.net,utilitario
SEAT,LEÓN,19500.0,2024.0,10132.0,Gasolina,Manual,11612.0,coches.net,berlina
RENAULT,CLIO,5900.0,2007.0,119390.0,Gasolina,Manual,10012.0,coches.net,berlina
VOLKSWAGEN,TIGUAN,24990.0,2022.0,81961.0,Híbrido enchufable,Automatico,24512.0,coches.net,utilitario
VOLKSWAGEN,TIGUAN,48990.0,2023.0,44500.0,Gasolina,Automatico,32012.0,coches.net,utilitario
KIA,XCEED,24990.0,2023.0,9152.0,Híbrido enchufable,Automatico,14112.0,coches.net,utilitario
HYUNDAI,KONA,21190.0,2021.0,27242.0,Híbrido,Automatico,14112.0,coches.net,utilitario
MG,MG3,14400.0,2025.0,18576.0,Gasolina,Manual,11612.0,coches.net,berlina
MG,MG3,14400.0,2025.0,16555.0,Gasolina,Manual,11612.0,coches.net,berlina
MG,MG3,14400.0,2025.0,15832.0,Gasolina,Manual,11612.0,coches.net,berlina
MERCEDES-BENZ,CLASE GLC,33100.0,2020.0,61166.0,Diésel,Automatico,16312.0,coches.net,utilitario
VOLVO,V60,29990.0,2023.0,92397.0,Híbrido,Automatico,19712.0,coches.net,berlina
MERCEDES-BENZ,CLASE C,74900.0,2023.0,16137.0,Híbrido,Automatico,40812.0,coches.net,berlina
MERCEDES-BENZ,CLASE T,25890.0,2023.0,56306.0,Diésel,Automatico,11612.0,coches.net,utilitario
MINI,MINI,15400.0,2019.0,78000.0,Gasolina,Manual,10212.0,coches.net,berlina
MERCEDES-BENZ,CLASE T,26990.0,2023.0,12019.0,Diésel,Manual,11612.0,coches.net,utilitario
AUDI,A4,27900.0,2020.0,85000.0,Diésel,Automatico,19012.0,coches.net,berlina
TOYOTA,COROLLA,25990.0,2025.0,9084.0,Híbrido,Automatico,14012.0,coches.net,berlina
LAND-ROVER,DISCOVERY,24890.0,2019.0,122470.0,Diésel,Automatico,24012.0,coches.net,utilitario
TOYOTA,HILUX,34900.0,2021.0,35000.0,Diésel,Manual,15012.0,coches.net,pick up
SUZUKI,VITARA,17990.0,2021.0,65222.0,Híbrido,Manual,12912.0,coches.net,utilitario
OMODA,5,25990.0,2024.0,18409.0,Gasolina,Automatico,18512.0,coches.net,utilitario
BMW,SERIE 3,39990.0,2025.0,29413.0,Híbrido,Automatico,15012.0,coches.net,berlina
VOLVO,XC60,34990.0,2021.0,66928.0,Híbrido,Automatico,19712.0,coches.net,utilitario
FORD,FOCUS,12000.0,2021.0,126270.0,Diésel,Automatico,12012.0,coches.net,berlina
MASERATI,GHIBLI,48990.0,2018.0,46230.0,Gasolina,Automatico,43012.0,coches.net,berlina
JAGUAR,E-PACE,49900.0,2025.0,3611.0,Híbrido enchufable,Automatico,30912.0,coches.net,utilitario
BMW,X2,29900.0,2022.0,30645.0,Híbrido enchufable,Automatico,22012.0,coches.net,utilitario
PEUGEOT,3008,17990.0,2021.0,62967.0,Diésel,Manual,13012.0,coches.net,utilitario
MINI,COUNTRYMAN,9500.0,2014.0,200000.0,Diésel,Manual,11212.0,coches.net,berlina
SEAT,ATECA,22900.0,2021.0,89500.0,Diésel,Automatico,15012.0,coches.net,utilitario
VOLKSWAGEN,GOLF,25000.0,2025.0,49000.0,Gasolina,Manual,11512.0,coches.net,berlina
TOYOTA,COROLLA,31890.0,2026.0,1130.0,Híbrido,Automatico,14012.0,coches.net,berlina
SMART,FORTWO,10650.0,2015.0,52000.0,Gasolina,Automatico,7112.0,coches.net,berlina
MINI,COUNTRYMAN,14950.0,2018.0,99950.0,Gasolina,Automatico,19212.0,coches.net,berlina
MINI,COUNTRYMAN,14950.0,2018.0,99950.0,Gasolina,Automatico,19212.0,coches.net,berlina
VOLKSWAGEN,POLO,15590.0,2022.0,68163.0,Gasolina,Manual,9512.0,coches.net,berlina
AUDI,A5,31990.0,2020.0,120000.0,Diésel,Automatico,19012.0,coches.net,berlina
VOLKSWAGEN,TAIGO,18709.0,2023.0,64305.0,Gasolina,Manual,11012.0,coches.net,utilitario
VOLKSWAGEN,TAIGO,18809.0,2023.0,59116.0,Gasolina,Manual,9512.0,coches.net,utilitario
VOLKSWAGEN,TAIGO,18910.0,2023.0,64252.0,Gasolina,Manual,9512.0,coches.net,utilitario
MG,MG3,14790.0,2025.0,5982.0,Gasolina,Manual,11612.0,coches.net,berlina
MG,MG3,14390.0,2025.0,8399.0,Gasolina,Manual,11612.0,coches.net,berlina
FIAT,500,11900.0,2022.0,36800.0,Híbrido,Manual,7012.0,coches.net,berlina
FIAT,500,8900.0,2021.0,65000.0,Híbrido,Manual,7012.0,coches.net,berlina
FIAT,500,11690.0,2023.0,43765.0,Híbrido,Manual,7012.0,coches.net,berlina
MERCEDES-BENZ,GLB,49000.0,2023.0,88656.0,Diésel,Automatico,19012.0,coches.net,utilitario
AUDI,A3,35900.0,2025.0,30828.0,Diésel,Automatico,15012.0,coches.net,berlina
BMW,SERIE 2 GRAN TOURER,14990.0,2021.0,140000.0,Diésel,Manual,11612.0,coches.net,utilitario
CITROEN,C4 CACTUS,9490.0,2016.0,74000.0,Diésel,Manual,10012.0,coches.net,berlina
KIA,PICANTO,15485.0,2024.0,11049.0,Gasolina,Manual,6312.0,coches.net,berlina
OPEL,ASTRA,10950.0,2020.0,71900.0,Gasolina,Manual,11012.0,coches.net,berlina
HONDA,CIVIC,21990.0,2017.0,65697.0,Gasolina,Automatico,18212.0,coches.net,berlina
CUPRA,FORMENTOR,27990.0,2022.0,23815.0,Diésel,Automatico,15012.0,coches.net,utilitario
FORD,FOCUS,3900.0,2006.0,177533.0,Gasolina,Manual,11512.0,coches.net,berlina
NISSAN,JUKE,20990.0,2024.0,2.0,Gasolina,Manual,11412.0,coches.net,utilitario
MAZDA,CX-5,26900.0,2023.0,68113.0,Gasolina,Manual,16512.0,coches.net,utilitario
MERCEDES-BENZ,CLASE GLC,24990.0,2017.0,150000.0,Diésel,Automatico,20412.0,coches.net,utilitario
BMW,SERIE 1,47890.0,2025.0,6648.0,Gasolina,Automatico,30012.0,coches.net,berlina
MINI,COUNTRYMAN,15990.0,2019.0,138609.0,Diésel,Manual,11612.0,coches.net,berlina
HYUNDAI,I30,14990.0,2019.0,67555.0,Gasolina,Manual,12012.0,coches.net,berlina
SKODA,FABIA,15090.0,2023.0,11816.0,Gasolina,Manual,9512.0,coches.net,berlina
RENAULT,SCÉNIC,4000.0,2006.0,209000.0,Diésel,Manual,13012.0,coches.net,utilitario
AUDI,A5,24399.0,2019.0,58076.0,Gasolina,Automatico,15012.0,coches.net,berlina
FIAT,PANDA,12950.0,2024.0,39485.0,Híbrido,Manual,7012.0,coches.net,berlina
AUDI,Q8,58990.0,2021.0,68000.0,Híbrido enchufable,Automatico,38112.0,coches.net,utilitario
TOYOTA,C-HR,26490.0,2022.0,72864.0,Híbrido,Automatico,18412.0,coches.net,berlina
TOYOTA,C-HR,26490.0,2022.0,76238.0,Híbrido,Automatico,18412.0,coches.net,berlina
JEEP,COMPASS,15490.0,2019.0,51974.0,Gasolina,Manual,14012.0,coches.net,utilitario
TOYOTA,AURIS,6999.0,2008.0,162000.0,Diésel,Manual,17712.0,coches.net,berlina
SEAT,ATECA,20990.0,2022.0,40961.0,Gasolina,Manual,15012.0,coches.net,utilitario
BMW,X1,19290.0,2018.0,104972.0,Diésel,Manual,15012.0,coches.net,utilitario
KIA,CARNIVAL,6499.0,2010.0,229000.0,Diésel,Automatico,18512.0,coches.net,utilitario
VOLVO,XC60,32990.0,2022.0,91224.0,Híbrido enchufable,Automatico,35012.0,coches.net,utilitario
VOLVO,XC60,34990.0,2021.0,66928.0,Híbrido,Automatico,19712.0,coches.net,utilitario
VOLKSWAGEN,GOLF,12900.0,2010.0,49700.0,Gasolina,Automatico,12212.0,coches.net,berlina
KIA,STONIC,13475.0,2021.0,56000.0,Gasolina,Manual,8412.0,coches.net,utilitario
VOLKSWAGEN,TIGUAN,23990.0,2018.0,118000.0,Diésel,Automatico,15012.0,coches.net,utilitario
SEAT,LEÓN,19990.0,2024.0,19696.0,Gasolina,Manual,11612.0,coches.net,berlina
SKODA,KAMIQ,21700.0,2025.0,9364.0,Gasolina,Manual,11512.0,coches.net,utilitario
AUDI,Q3,18950.0,2016.0,109000.0,Diésel,Automatico,15012.0,coches.net,utilitario
VOLKSWAGEN,T-ROC,24700.0,2023.0,31023.0,Gasolina,Automatico,15012.0,coches.net,utilitario
VOLKSWAGEN,GOLF,12990.0,2015.0,107000.0,Gasolina,Automatico,12512.0,coches.net,berlina
HYUNDAI,INSTER,24090.0,2025.0,2159.0,Eléctrico,Automatico,11512.0,coches.net,utilitario
AUDI,A5,17900.0,2018.0,238000.0,Diésel,Automatico,19012.0,coches.net,berlina
OPEL,COMBO LIFE,13499.0,2021.0,216000.0,Diésel,Manual,10212.0,coches.net,utilitario
VOLKSWAGEN,T-ROC,24300.0,2022.0,34000.0,Gasolina,Manual,11012.0,coches.net,utilitario
VOLKSWAGEN,T-ROC,24300.0,2022.0,34000.0,Gasolina,Manual,11012.0,coches.net,utilitario
VOLVO,V90 CROSS COUNTRY,32290.0,2021.0,73926.0,Híbrido,Automatico,19712.0,coches.net,berlina
SEAT,IBIZA,7999.0,2015.0,111894.0,Diésel,Manual,9012.0,coches.net,berlina
FIAT,PUNTO,7890.0,2014.0,90193.0,Diésel,Manual,7512.0,coches.net,berlina
MERCEDES-BENZ,CLASE A,18999.0,2019.0,129375.0,Diésel,Automatico,11612.0,coches.net,berlina
AUDI,A3,47000.0,2024.0,37000.0,Gasolina,Automatico,31012.0,coches.net,berlina
OPEL,CORSA,14100.0,2024.0,37195.0,Gasolina,Manual,10012.0,coches.net,berlina
FIAT,500,11690.0,2023.0,43765.0,Híbrido,Manual,7012.0,coches.net,berlina
MERCEDES-BENZ,GLA,24990.0,2020.0,76657.0,Gasolina,Automatico,15612.0,coches.net,utilitario
BMW,SERIE 5,28890.0,2021.0,117491.0,Híbrido enchufable,Automatico,29212.0,coches.net,berlina
CITROEN,C4 CACTUS,8997.0,2017.0,180000.0,Gasolina,Automatico,8212.0,coches.net,berlina
TOYOTA,RAV4,27999.0,2021.0,76000.0,Híbrido,Automatico,21812.0,coches.net,utilitario
RENAULT,MÉGANE,15990.0,2022.0,86607.0,Diésel,Manual,11512.0,coches.net,berlina
TOYOTA,LAND CRUISER,79900.0,2025.0,38000.0,Diésel,Automatico,20412.0,coches.net,utilitario
KIA,SORENTO,11800.0,2014.0,173047.0,Diésel,Manual,15012.0,coches.net,utilitario
OPEL,ASTRA,9999.0,2018.0,99728.0,Gasolina,Manual,12512.0,coches.net,berlina
TOYOTA,C-HR,24990.0,2023.0,48358.0,Híbrido,Automatico,14012.0,coches.net,utilitario
MERCEDES-BENZ,CLASE A,23990.0,2020.0,105000.0,Híbrido enchufable,Automatico,21812.0,coches.net,berlina
RENAULT,ARKANA,26995.0,2025.0,125.0,Híbrido,Automatico,14512.0,coches.net,utilitario
VOLKSWAGEN,TOURAN,11399.0,2014.0,129746.0,Diésel,Manual,10512.0,coches.net,utilitario
ALFA ROMEO,GIULIA,22899.0,2018.0,83071.0,Gasolina,Automatico,20012.0,coches.net,berlina
OPEL,ASTRA,11500.0,2020.0,78518.0,Gasolina,Manual,14512.0,coches.net,berlina
MERCEDES-BENZ,CLASE A,26490.0,2024.0,54750.0,Híbrido,Automatico,13612.0,coches.net,berlina
CITROEN,C3,4990.0,2011.0,228000.0,Diésel,Manual,6812.0,coches.net,berlina
NISSAN,QASHQAI,18990.0,2021.0,88769.0,Híbrido,Manual,14012.0,coches.net,utilitario
CUPRA,FORMENTOR,22850.0,2022.0,95000.0,Diésel,Manual,15012.0,coches.net,utilitario
PEUGEOT,208,8900.0,2021.0,59000.0,Gasolina,Manual,7512.0,coches.net,berlina
PEUGEOT,208,9900.0,2021.0,58000.0,Gasolina,Manual,7512.0,coches.net,berlina
TOYOTA,YARIS,24750.0,2025.0,4569.0,Híbrido,Automatico,13012.0,coches.net,berlina
SEAT,LEÓN,14700.0,2020.0,108740.0,Diésel,Manual,11512.0,coches.net,berlina
SEAT,ALHAMBRA,17900.0,2019.0,194000.0,Diésel,Automatico,15012.0,coches.net,utilitario
FORD,ECOSPORT,15299.0,2022.0,35145.0,Gasolina,Manual,12512.0,coches.net,utilitario
FIAT,500,11990.0,2021.0,29988.0,Híbrido,Manual,7012.0,coches.net,berlina
ZHIDOU,D2S,7990.0,2022.0,11995.0,Eléctrico,Automatico,2312.0,coches.net,berlina
KIA,SPORTAGE,30700.0,2025.0,6000.0,Gasolina,Automatico,15012.0,coches.net,utilitario
SEAT,LEÓN,23800.0,2025.0,6126.0,Gasolina,Manual,15012.0,coches.net,berlina
TOYOTA,YARIS,12990.0,2022.0,153429.0,Híbrido,Automatico,11612.0,coches.net,berlina
SSANGYONG,RODIUS,4999.0,2008.0,264000.0,Diésel,Manual,16512.0,coches.net,utilitario
VOLKSWAGEN,POLO,13990.0,2021.0,103000.0,Gasolina,Automatico,9512.0,coches.net,berlina
SKODA,YETI,7900.0,2015.0,143150.0,Gasolina,Manual,10512.0,coches.net,utilitario
SEAT,ATECA,16400.0,2019.0,61402.0,Gasolina,Manual,11512.0,coches.net,utilitario
BMW,SERIE 3,35900.0,2022.0,14000.0,Híbrido enchufable,Automatico,29212.0,coches.net,berlina
OPEL,MOKKA,8900.0,2015.0,125000.0,Diésel,Manual,13612.0,coches.net,utilitario
TOYOTA,C-HR,20900.0,2021.0,105034.0,Híbrido,Automatico,12212.0,coches.net,berlina
VOLKSWAGEN,POLO,11199.0,2014.0,58784.0,Gasolina,Manual,9012.0,coches.net,berlina
VOLKSWAGEN,TIGUAN,38600.0,2025.0,10469.0,Diésel,Automatico,15012.0,coches.net,utilitario
FIAT,500,13900.0,2023.0,9479.0,Híbrido,Manual,7012.0,coches.net,berlina
KIA,PICANTO,10299.0,2020.0,76201.0,Gasolina,Manual,6712.0,coches.net,berlina
JAECOO,7,36500.0,2025.0,3400.0,Híbrido enchufable,Automatico,34712.0,coches.net,utilitario
MERCEDES-BENZ,CLASE A,25990.0,2021.0,56000.0,Híbrido enchufable,Automatico,21812.0,coches.net,berlina
TOYOTA,PROACE CITY,18990.0,2020.0,119675.0,Diésel,Manual,13112.0,coches.net,utilitario
CITROEN,BERLINGO,17490.0,2019.0,121497.0,Diésel,Manual,13012.0,coches.net,utilitario
SEAT,TOLEDO,1890.0,2004.0,340000.0,Diésel,Manual,13012.0,coches.net,berlina
TOYOTA,YARIS,10800.0,2016.0,45853.0,Gasolina,Manual,6912.0,coches.net,berlina
MERCEDES-BENZ,CLA,28990.0,2023.0,52000.0,Híbrido enchufable,Automatico,21812.0,coches.net,berlina
MERCEDES-BENZ,CLA,28990.0,2023.0,52000.0,Híbrido enchufable,Automatico,21812.0,coches.net,berlina
AUDI,A5,27900.0,2010.0,160000.0,Gasolina,Automatico,45012.0,coches.net,berlina
VOLKSWAGEN,GOLF,21900.0,2023.0,115686.0,Diésel,Manual,11512.0,coches.net,berlina
BMW,SERIE 3,39900.0,2025.0,28700.0,Híbrido,Automatico,15012.0,coches.net,berlina
BMW,SERIE 4,36950.0,2017.0,112938.0,Gasolina,Automatico,32612.0,coches.net,berlina
FIAT,TIPO,9249.0,2022.0,163000.0,Híbrido,Automatico,13012.0,coches.net,berlina
LEXUS,RC,27599.0,2018.0,138732.0,Híbrido,Automatico,22312.0,coches.net,berlina
AUDI,A3,26990.0,2021.0,50165.0,Híbrido enchufable,Automatico,20412.0,coches.net,berlina
BMW,SERIE 2,17450.0,2015.0,121299.0,Gasolina,Automatico,13612.0,coches.net,berlina
MERCEDES-BENZ,CLASE E,44990.0,2021.0,93000.0,Diésel,Automatico,33012.0,coches.net,berlina
HYUNDAI,I30,23783.0,2025.0,13562.0,Gasolina,Manual,10012.0,coches.net,berlina
KIA,CEE'D,13500.0,2017.0,125000.0,Diésel,Manual,13612.0,coches.net,berlina
KIA,XCEED,22990.0,2023.0,32380.0,Híbrido,Automatico,16012.0,coches.net,utilitario
JEEP,WRANGLER,59900.0,2022.0,29500.0,Híbrido enchufable,Automatico,38112.0,coches.net,utilitario
AUDI,Q2,34500.0,2024.0,25200.0,Diésel,Automatico,15012.0,coches.net,utilitario
SEAT,IBIZA,13900.0,2023.0,119927.0,Gasolina,Manual,11012.0,coches.net,berlina
POLESTAR,4,44990.0,2024.0,5000.0,Eléctrico,Automatico,27212.0,coches.net,utilitario
POLESTAR,4,44990.0,2024.0,10000.0,Eléctrico,Automatico,27212.0,coches.net,utilitario
AUDI,A3,55990.0,2022.0,79372.0,Gasolina,Automatico,40012.0,coches.net,berlina
OPEL,ASTRA,8490.0,2020.0,95000.0,Gasolina,Manual,11012.0,coches.net,berlina
MERCEDES-BENZ,CLASE A,55970.0,2023.0,34901.0,Gasolina,Automatico,30612.0,coches.net,berlina
PORSCHE,MACAN,29999.0,2015.0,204000.0,Diésel,Automatico,25812.0,coches.net,utilitario
VOLKSWAGEN,ARTEON,35900.0,2022.0,87527.0,Diésel,Automatico,15012.0,coches.net,berlina
BMW,X4,25995.0,2016.0,158000.0,Diésel,Automatico,19012.0,coches.net,utilitario
BMW,X4,26995.0,2017.0,128000.0,Diésel,Automatico,19012.0,coches.net,utilitario
HYUNDAI,BAYON,13990.0,2022.0,83347.0,Gasolina,Manual,8412.0,coches.net,utilitario
MERCEDES-BENZ,CLASE S,120000.0,2021.0,103000.0,Gasolina,Automatico,61212.0,coches.net,berlina
RENAULT,CAPTUR,22850.0,2025.0,8000.0,Gas,Manual,10012.0,coches.net,utilitario
BMW,X4,34900.0,2023.0,169000.0,Híbrido,Automatico,19012.0,coches.net,utilitario
KIA,STONIC,16299.0,2021.0,27023.0,Híbrido,Manual,10012.0,coches.net,utilitario
KIA,STONIC,16699.0,2022.0,37672.0,Híbrido,Manual,10012.0,coches.net,utilitario
FORD,PUMA,16490.0,2020.0,61732.0,Híbrido,Manual,12512.0,coches.net,utilitario
RENAULT,MÉGANE,13699.0,2018.0,80877.0,Diésel,Manual,13012.0,coches.net,berlina
CITROEN,C-CROSSER,6990.0,2008.0,215872.0,Diésel,Manual,16012.0,coches.net,utilitario
KIA,SPORTAGE,22990.0,2023.0,150000.0,Híbrido enchufable,Automatico,26512.0,coches.net,utilitario
SEAT,LEÓN,12900.0,2017.0,104962.0,Gasolina,Manual,11012.0,coches.net,berlina
VOLKSWAGEN,T-ROC,20900.0,2018.0,75000.0,Gasolina,Manual,15012.0,coches.net,utilitario
OPEL,CORSA,11900.0,2020.0,25043.0,Gasolina,Manual,10012.0,coches.net,berlina
KIA,NIRO,20200.0,2022.0,64296.0,Híbrido,Automatico,14112.0,coches.net,berlina
VOLVO,V60,38900.0,2025.0,17760.0,Híbrido,Automatico,19712.0,coches.net,berlina
AUDI,A5,30990.0,2020.0,61411.0,Híbrido,Automatico,16312.0,coches.net,berlina
FORD,KUGA,21000.0,2022.0,98650.0,Híbrido,Automatico,19012.0,coches.net,utilitario
FORD,KUGA,21000.0,2022.0,98650.0,Híbrido,Automatico,19012.0,coches.net,utilitario
FORD,EDGE,14900.0,2016.0,187751.0,Diésel,Automatico,21012.0,coches.net,utilitario
OMODA,5,22670.0,2025.0,15591.0,Gasolina,Automatico,14712.0,coches.net,utilitario
MERCEDES-BENZ,CLASE GLC,24900.0,2019.0,165000.0,Diésel,Automatico,16312.0,coches.net,utilitario
AUDI,Q3 SPORTBACK,30900.0,2022.0,99000.0,Diésel,Automatico,15012.0,coches.net,utilitario
CUPRA,LEÓN,25500.0,2023.0,46850.0,Híbrido,Automatico,15012.0,coches.net,berlina
MERCEDES-BENZ,CLASE C,57500.0,2023.0,29990.0,Híbrido,Automatico,40812.0,coches.net,berlina
PEUGEOT,107,4490.0,2007.0,87000.0,Gasolina,Manual,6812.0,coches.net,berlina
BMW,SERIE 4,56300.0,2024.0,31448.0,Híbrido,Automatico,28612.0,coches.net,berlina
LAND-ROVER,RANGE ROVER VELAR,40000.0,2020.0,106933.0,Diésel,Automatico,30012.0,coches.net,utilitario
VOLKSWAGEN,MULTIVAN,38990.0,2019.0,47400.0,Diésel,Manual,15012.0,coches.net,utilitario
MERCEDES-BENZ,CLASE GLC,33990.0,2020.0,110000.0,Diésel,Automatico,19412.0,coches.net,utilitario
CITROEN,C3 AIRCROSS,11990.0,2021.0,43707.0,Gasolina,Manual,11012.0,coches.net,utilitario
OPEL,ASTRA,10199.0,2018.0,105673.0,Gasolina,Manual,12512.0,coches.net,berlina
CITROEN,C4 PICASSO,4490.0,2013.0,210000.0,Diésel,Automatico,15012.0,coches.net,utilitario
RENAULT,SCÉNIC,3700.0,2012.0,240000.0,Diésel,Manual,11012.0,coches.net,utilitario
MERCEDES-BENZ,CLASE A,22900.0,2021.0,82900.0,Gasolina,Manual,13612.0,coches.net,berlina
MERCEDES-BENZ,CLASE C,38890.0,2023.0,62000.0,Diésel,Automatico,19412.0,coches.net,berlina
MINI,COUNTRYMAN,24380.0,2022.0,55729.0,Diésel,Manual,15012.0,coches.net,berlina
TOYOTA,YARIS,19690.0,2022.0,50423.0,Híbrido,Automatico,11612.0,coches.net,berlina
TOYOTA,YARIS,16990.0,2022.0,98854.0,Híbrido,Automatico,11612.0,coches.net,berlina
TOYOTA,COROLLA,18490.0,2021.0,105965.0,Híbrido,Automatico,12212.0,coches.net,berlina
PEUGEOT,2008,19499.0,2025.0,2459.0,Gasolina,Manual,10012.0,coches.net,utilitario
OPEL,GRANDLAND X,12899.0,2020.0,107960.0,Diésel,Manual,13012.0,coches.net,utilitario
CITROEN,C5 AIRCROSS,14850.0,2020.0,102360.0,Diésel,Manual,13112.0,coches.net,utilitario
VOLKSWAGEN,POLO,18990.0,2020.0,62798.0,Gasolina,Manual,11012.0,coches.net,berlina
AUDI,Q5,50500.0,2023.0,39646.0,Híbrido,Automatico,20412.0,coches.net,utilitario
FORD,FOCUS,8470.0,2016.0,164000.0,Gasolina,Manual,12512.0,coches.net,berlina
PEUGEOT,3008,13190.0,2020.0,106855.0,Gasolina,Manual,13012.0,coches.net,utilitario
AUDI,A6,72900.0,2024.0,11238.0,Híbrido,Automatico,34412.0,coches.net,berlina
CITROEN,BERLINGO,11990.0,2016.0,120000.0,Diésel,Manual,10012.0,coches.net,utilitario
AUDI,Q5 SPORTBACK,106900.0,2026.0,60.0,Híbrido,Automatico,36712.0,coches.net,utilitario
MG,ZS,12900.0,2022.0,57000.0,Gasolina,Automatico,11112.0,coches.net,utilitario
VOLVO,XC40,19990.0,2019.0,130238.0,Gasolina,Automatico,16312.0,coches.net,utilitario
MITSUBISHI,OUTLANDER,45400.0,2025.0,9568.0,Híbrido enchufable,Automatico,30612.0,coches.net,utilitario
MITSUBISHI,OUTLANDER,45400.0,2025.0,5528.0,Híbrido enchufable,Automatico,30612.0,coches.net,utilitario
HYUNDAI,KONA,22900.0,2023.0,50312.0,Gasolina,Manual,12012.0,coches.net,utilitario
PEUGEOT,3008,13190.0,2020.0,106855.0,Gasolina,Manual,13012.0,coches.net,utilitario
LAND-ROVER,RANGE ROVER EVOQUE,52900.0,2024.0,20091.0,Híbrido enchufable,Automatico,26912.0,coches.net,utilitario
VOLKSWAGEN,CARAVELLE,14490.0,2010.0,390000.0,Diésel,Manual,14012.0,coches.net,utilitario
SKODA,OCTAVIA,20990.0,2021.0,57329.0,Diésel,Manual,15012.0,coches.net,berlina
FORD,MONDEO,14999.0,2021.0,160000.0,Híbrido,Automatico,18712.0,coches.net,berlina
MINI,MINI,15500.0,2017.0,134500.0,Gasolina,Manual,13612.0,coches.net,berlina
AUDI,Q3,25790.0,2021.0,100025.0,Híbrido enchufable,Automatico,24512.0,coches.net,utilitario
MITSUBISHI,ASX,14199.0,2018.0,74638.0,Gasolina,Manual,11712.0,coches.net,utilitario
PEUGEOT,208,16850.0,2025.0,26000.0,Híbrido,Automatico,10012.0,coches.net,berlina
PEUGEOT,508,16990.0,2020.0,63016.0,Diésel,Manual,13012.0,coches.net,berlina
JEEP,RENEGADE,30750.0,2025.0,17340.0,Híbrido,Automatico,13012.0,coches.net,utilitario
SKODA,FABIA,13500.0,2023.0,29690.0,Gasolina,Manual,8012.0,coches.net,berlina
SEAT,LEÓN,13890.0,2021.0,135165.0,Diésel,Manual,11512.0,coches.net,berlina
AUDI,A3,27300.0,2024.0,17000.0,Híbrido,Automatico,11612.0,coches.net,berlina
KIA,STONIC,14290.0,2022.0,86703.0,Híbrido,Manual,10012.0,coches.net,utilitario
HONDA,CR-V,10500.0,2010.0,163000.0,Diésel,Manual,15012.0,coches.net,utilitario
VOLVO,XC60,16900.0,2016.0,168000.0,Diésel,Automatico,15012.0,coches.net,utilitario
TOYOTA,YARIS,16500.0,2021.0,167000.0,Híbrido,Automatico,11612.0,coches.net,berlina
FIAT,500X,12899.0,2021.0,56513.0,Gasolina,Manual,12012.0,coches.net,utilitario
RENAULT,TALISMAN,17990.0,2018.0,105784.0,Diésel,Automatico,16012.0,coches.net,berlina
ALFA ROMEO,JUNIOR,24290.0,2025.0,10999.0,Híbrido,Automatico,14512.0,coches.net,utilitario
CITROEN,C3 AIRCROSS,13990.0,2024.0,49268.0,Diésel,Manual,11012.0,coches.net,utilitario
SEAT,LEÓN,14990.0,2017.0,124111.0,Diésel,Automatico,15012.0,coches.net,berlina
SEAT,ARONA,14900.0,2019.0,18003.0,Gasolina,Manual,9512.0,coches.net,utilitario
MERCEDES-BENZ,CLASE B,6499.0,2007.0,172000.0,Diésel,Automatico,10912.0,coches.net,utilitario
DACIA,DUSTER,9490.0,2017.0,122312.0,Gas,Manual,10912.0,coches.net,utilitario
AUDI,A6,70500.0,2025.0,961.0,Híbrido,Automatico,20412.0,coches.net,berlina
PEUGEOT,5008,16490.0,2020.0,110946.0,Diésel,Automatico,13012.0,coches.net,utilitario
MG,ZS,17391.0,2025.0,8000.0,Gasolina,Manual,11612.0,coches.net,utilitario
BMW,SERIE 3,18999.0,2022.0,230600.0,Híbrido,Automatico,15012.0,coches.net,berlina
PEUGEOT,208,12499.0,2024.0,32807.0,Gasolina,Manual,7512.0,coches.net,berlina
KIA,CEED,18732.0,2025.0,13585.0,Gasolina,Manual,10012.0,coches.net,berlina
OMODA,5,25800.0,2025.0,7500.0,Gasolina,Automatico,14712.0,coches.net,utilitario
MG,ZS,16990.0,2023.0,19159.0,Gasolina,Automatico,11112.0,coches.net,utilitario
NISSAN,JUKE,24800.0,2024.0,14207.0,Híbrido,Automatico,14312.0,coches.net,utilitario
PEUGEOT,208,10290.0,2021.0,70886.0,Gasolina,Manual,7512.0,coches.net,berlina
AUDI,Q5,47900.0,2022.0,39999.0,Híbrido,Automatico,20412.0,coches.net,utilitario
MERCEDES-BENZ,CLASE C,36900.0,2024.0,123000.0,Híbrido,Automatico,20012.0,coches.net,berlina
NISSAN,QASHQAI,27990.0,2024.0,19666.0,Híbrido,Automatico,15812.0,coches.net,utilitario
SEAT,LEÓN,23490.0,2023.0,20858.0,Gasolina,Manual,13012.0,coches.net,berlina
SEAT,LEÓN,23490.0,2023.0,20858.0,Gasolina,Manual,13012.0,coches.net,berlina
MINI,MINI,10500.0,2012.0,140.0,Gasolina,Manual,18412.0,coches.net,berlina
PEUGEOT,308,10499.0,2010.0,81000.0,Diésel,Manual,11212.0,coches.net,berlina
MERCEDES-BENZ,CLASE C,20750.0,2016.0,223000.0,Diésel,Automatico,17012.0,coches.net,berlina
ALFA ROMEO,MITO,4600.0,2010.0,200000.0,Diésel,Manual,12012.0,coches.net,berlina
SEAT,ATECA,22690.0,2022.0,102371.0,Diésel,Automatico,15012.0,coches.net,utilitario
BMW,X3,34900.0,2022.0,88700.0,Híbrido enchufable,Automatico,29212.0,coches.net,utilitario
CUPRA,TERRAMAR,36650.0,2025.0,51.0,Híbrido,Automatico,15012.0,coches.net,utilitario
CUPRA,TERRAMAR,36650.0,2025.0,51.0,Híbrido,Automatico,15012.0,coches.net,utilitario
MG,ZS,16990.0,2023.0,19159.0,Gasolina,Automatico,11112.0,coches.net,utilitario
BMW,SERIE 1,8990.0,2010.0,98000.0,Diésel,Manual,11512.0,coches.net,berlina
HYUNDAI,TUCSON,28990.0,2022.0,40000.0,Híbrido enchufable,Automatico,26512.0,coches.net,utilitario
FORD,KUGA,37690.0,2024.0,24253.0,Híbrido enchufable,Automatico,24312.0,coches.net,utilitario
SEAT,LEÓN,18990.0,2024.0,89990.0,Diésel,Manual,11612.0,coches.net,berlina
MERCEDES-BENZ,GLC COUPÉ,41900.0,2021.0,74500.0,Híbrido enchufable,Automatico,30612.0,coches.net,utilitario
MERCEDES-BENZ,GLA,32990.0,2021.0,120000.0,Diésel,Automatico,15012.0,coches.net,utilitario
TOYOTA,YARIS,18999.0,2022.0,37254.0,Híbrido,Automatico,11612.0,coches.net,berlina
JAGUAR,F-PACE,54900.0,2025.0,19062.0,Híbrido,Automatico,20412.0,coches.net,utilitario
CITROEN,C4,16490.0,2023.0,28580.0,Gasolina,Automatico,13112.0,coches.net,berlina
DS,DS 3 CROSSBACK,15990.0,2020.0,37031.0,Gasolina,Automatico,13012.0,coches.net,utilitario
PORSCHE,MACAN,39990.0,2016.0,161000.0,Gasolina,Automatico,36012.0,coches.net,utilitario
VOLVO,XC60,27990.0,2021.0,118800.0,Híbrido enchufable,Automatico,34012.0,coches.net,utilitario
SEAT,IBIZA,15999.0,2025.0,25000.0,Gasolina,Manual,11512.0,coches.net,berlina
SEAT,IBIZA,18690.0,2025.0,15470.0,Gasolina,Manual,11512.0,coches.net,berlina
AUDI,Q7,54800.0,2022.0,95200.0,Híbrido,Automatico,28612.0,coches.net,utilitario
PEUGEOT,RIFTER,15990.0,2020.0,99000.0,Diésel,Manual,13012.0,coches.net,utilitario
KIA,STONIC,14290.0,2023.0,32192.0,Gasolina,Manual,8412.0,coches.net,utilitario
MERCEDES-BENZ,CLASE CLK,9500.0,2006.0,192000.0,Diésel,Automatico,22412.0,coches.net,berlina
SEAT,ARONA,13790.0,2022.0,134000.0,Gasolina,Manual,11012.0,coches.net,utilitario
MERCEDES-BENZ,CLASE CLA,16000.0,2015.0,180000.0,Diésel,Automatico,17712.0,coches.net,berlina
AUDI,A1,28500.0,2025.0,100.0,Gasolina,Automatico,11612.0,coches.net,berlina
AUDI,A1,25000.0,2025.0,23149.0,Gasolina,Automatico,11612.0,coches.net,berlina
MINI,COUNTRYMAN,26490.0,2021.0,62192.0,Híbrido enchufable,Automatico,22012.0,coches.net,berlina
OPEL,CORSA,4399.0,2009.0,179000.0,Diésel,Manual,7512.0,coches.net,berlina
BMW,SERIE 3,37800.0,2024.0,20000.0,Híbrido,Automatico,15012.0,coches.net,berlina
SKODA,KAMIQ,18610.0,2022.0,60594.0,Gasolina,Automatico,11012.0,coches.net,utilitario
KIA,XCEED,17500.0,2022.0,62321.0,Gasolina,Manual,12012.0,coches.net,utilitario
PEUGEOT,3008,9199.0,2014.0,82095.0,Diésel,Manual,12012.0,coches.net,berlina
BMW,X2,22800.0,2019.0,100000.0,Diésel,Automatico,15012.0,coches.net,utilitario
MERCEDES-BENZ,CLASE E,69000.0,2024.0,2073.0,Híbrido enchufable,Automatico,31312.0,coches.net,berlina
MERCEDES-BENZ,EQS,101900.0,2025.0,3534.0,Eléctrico,Automatico,36012.0,coches.net,berlina
TOYOTA,PROACE CITY,15990.0,2021.0,77000.0,Diésel,Manual,10212.0,coches.net,utilitario
OPEL,MOKKA,13750.0,2022.0,108000.0,Diésel,Manual,11012.0,coches.net,utilitario
OPEL,CORSA,8490.0,2015.0,139000.0,Diésel,Manual,9512.0,coches.net,berlina
BMW,SERIE 2 ACTIVE TOURER,15900.0,2015.0,113000.0,Diésel,Automatico,19012.0,coches.net,utilitario
NISSAN,QASHQAI,16500.0,2020.0,90000.0,Diésel,Manual,11512.0,coches.net,berlina
HYUNDAI,TUCSON,20490.0,2021.0,113900.0,Gasolina,Manual,15012.0,coches.net,utilitario
DACIA,LODGY,3300.0,2014.0,298504.0,Diésel,Manual,10712.0,coches.net,utilitario
PEUGEOT,308,14490.0,2022.0,103736.0,Diésel,Manual,13012.0,coches.net,berlina
KIA,PICANTO,13409.0,2022.0,63005.0,Gasolina,Automatico,6712.0,coches.net,berlina
VOLKSWAGEN,GOLF,26999.0,2024.0,31220.0,Gasolina,Manual,15012.0,coches.net,berlina
MG,ZS,14380.0,2022.0,72787.0,Gasolina,Manual,10612.0,coches.net,utilitario
BMW,SERIE 1,35300.0,2025.0,14000.0,Híbrido,Automatico,17012.0,coches.net,berlina
CITROEN,C3,8990.0,2020.0,76000.0,Gasolina,Manual,8212.0,coches.net,berlina
HYUNDAI,I30,13790.0,2021.0,90000.0,Gasolina,Manual,11012.0,coches.net,berlina
FORD,KA,4850.0,2013.0,151000.0,Gasolina,Manual,6912.0,coches.net,berlina
VOLKSWAGEN,GOLF,16099.0,2014.0,81748.0,Diésel,Automatico,15012.0,coches.net,berlina
OPEL,CORSA,11990.0,2021.0,117352.0,Diésel,Manual,10212.0,coches.net,berlina
VOLKSWAGEN,GOLF SPORTSVAN,17290.0,2016.0,102031.0,Gasolina,Automatico,15012.0,coches.net,utilitario
BMW,X2,39900.0,2025.0,9000.0,Diésel,Automatico,15012.0,coches.net,utilitario
VOLKSWAGEN,GOLF SPORTSVAN,17290.0,2016.0,102031.0,Gasolina,Automatico,15012.0,coches.net,utilitario
LAND-ROVER,FREELANDER,11790.0,2007.0,84500.0,Diésel,Automatico,16012.0,coches.net,utilitario
VOLKSWAGEN,T-CROSS,20750.0,2025.0,21486.0,Gasolina,Manual,9512.0,coches.net,utilitario
KIA,RIO,12990.0,2021.0,43985.0,Gasolina,Manual,8412.0,coches.net,berlina
PORSCHE,PANAMERA,62900.0,2017.0,123656.0,Diésel,Automatico,42212.0,coches.net,berlina
KIA,CEED,19200.0,2025.0,12517.0,Gasolina,Manual,10012.0,coches.net,berlina
SKODA,KAMIQ,20800.0,2023.0,68562.0,Gasolina,Manual,15012.0,coches.net,utilitario
SEAT,ALHAMBRA,13900.0,2013.0,226000.0,Diésel,Automatico,14012.0,coches.net,utilitario
VOLKSWAGEN,PASSAT,11950.0,2017.0,219000.0,Diésel,Automatico,15012.0,coches.net,berlina
ALFA ROMEO,STELVIO,25490.0,2021.0,77717.0,Diésel,Automatico,21012.0,coches.net,utilitario
AUDI,Q3 SPORTBACK,31900.0,2022.0,64309.0,Diésel,Automatico,15012.0,coches.net,utilitario
NISSAN,MICRA,11199.0,2021.0,68078.0,Gasolina,Manual,9212.0,coches.net,berlina
LAMBORGHINI,HURACÁN,229990.0,2019.0,69000.0,Gasolina,Automatico,61012.0,coches.net,berlina
TOYOTA,YARIS,19490.0,2022.0,52650.0,Híbrido,Automatico,11612.0,coches.net,berlina
MAZDA,CX-30,16999.0,2021.0,99771.0,Híbrido,Manual,12212.0,coches.net,utilitario
AUDI,A3,16699.0,2018.0,89906.0,Gasolina,Automatico,11612.0,coches.net,berlina
JEEP,COMPASS,25499.0,2024.0,6620.0,Híbrido,Automatico,13012.0,coches.net,utilitario
MERCEDES-BENZ,CLASE A,22199.0,2020.0,54846.0,Diésel,Automatico,11612.0,coches.net,berlina
PEUGEOT,308,16899.0,2024.0,30201.0,Gasolina,Automatico,13012.0,coches.net,berlina
BMW,SERIE 1,22699.0,2022.0,45984.0,Gasolina,Automatico,13612.0,coches.net,berlina
VOLVO,XC40,24990.0,2021.0,49720.0,Gasolina,Manual,12912.0,coches.net,utilitario
SEAT,LEÓN,18990.0,2024.0,89990.0,Diésel,Manual,11612.0,coches.net,berlina
AUDI,Q3 SPORTBACK,30100.0,2020.0,108000.0,Diésel,Automatico,15012.0,coches.net,utilitario
PEUGEOT,308,7990.0,2017.0,69000.0,Gasolina,Manual,13012.0,coches.net,berlina
MINI,MINI,8490.0,2009.0,198000.0,Gasolina,Manual,17512.0,coches.net,berlina
PORSCHE,MACAN,28900.0,2017.0,164000.0,Gasolina,Automatico,25212.0,coches.net,utilitario
MERCEDES-BENZ,CLASE A,23700.0,2020.0,125434.0,Diésel,Automatico,15012.0,coches.net,berlina
MERCEDES-BENZ,CLASE A,23900.0,2020.0,99875.0,Diésel,Automatico,15012.0,coches.net,berlina
CUPRA,FORMENTOR,45900.0,2022.0,59500.0,Gasolina,Automatico,39012.0,coches.net,utilitario
JEEP,RENEGADE,22490.0,2024.0,19744.0,Híbrido,Automatico,13012.0,coches.net,utilitario
BMW,X3,16990.0,2011.0,131400.0,Diésel,Automatico,18412.0,coches.net,utilitario
NISSAN,QASHQAI,8999.0,2017.0,300000.0,Diésel,Manual,11012.0,coches.net,berlina
LAND-ROVER,RANGE ROVER VELAR,31499.0,2021.0,140718.0,Híbrido enchufable,Automatico,40412.0,coches.net,utilitario
TOYOTA,COROLLA,34490.0,2025.0,7900.0,Híbrido,Automatico,19612.0,coches.net,berlina
FORD,FOCUS,8500.0,2015.0,119000.0,Gasolina,Manual,12512.0,coches.net,berlina
CITROEN,C4,13500.0,2022.0,110000.0,Diésel,Manual,11012.0,coches.net,berlina
VOLKSWAGEN,CC,14490.0,2015.0,131000.0,Diésel,Automatico,15012.0,coches.net,berlina
AUDI,Q3 SPORTBACK,38750.0,2022.0,24729.0,Híbrido,Automatico,15012.0,coches.net,utilitario
BMW,SERIE 3,20990.0,2022.0,158000.0,Híbrido,Automatico,15012.0,coches.net,berlina
HYUNDAI,TUCSON,33990.0,2026.0,1.0,Híbrido,Automatico,23912.0,coches.net,utilitario
MERCEDES-BENZ,CLASE A,26699.0,2023.0,38832.0,Diésel,Automatico,11612.0,coches.net,berlina
MERCEDES-BENZ,CLASE A,26699.0,2023.0,38832.0,Diésel,Automatico,11612.0,coches.net,berlina
FORD,FIESTA,3900.0,2009.0,243000.0,Diésel,Manual,6812.0,coches.net,berlina
HYUNDAI,TUCSON,17990.0,2022.0,145446.0,Diésel,Manual,11512.0,coches.net,utilitario
DACIA,SANDERO,14490.0,2023.0,48000.0,Gasolina,Manual,9112.0,coches.net,berlina
TOYOTA,YARIS CROSS,21900.0,2024.0,113669.0,Híbrido,Automatico,11612.0,coches.net,utilitario
AUDI,A3,19590.0,2022.0,126861.0,Diésel,Automatico,11612.0,coches.net,berlina
SEAT,ALTEA FREETRACK,7699.0,2012.0,132000.0,Diésel,Manual,10512.0,coches.net,utilitario
BMW,SERIE 4,47990.0,2023.0,34000.0,Gasolina,Automatico,24512.0,coches.net,berlina
VOLVO,V60,22990.0,2021.0,135000.0,Híbrido,Automatico,19712.0,coches.net,berlina
FIAT,500,10990.0,2022.0,63940.0,Híbrido,Manual,7012.0,coches.net,berlina
SKODA,OCTAVIA,6800.0,2018.0,250266.0,Diésel,Manual,11512.0,coches.net,berlina
MERCEDES-BENZ,GLB,35700.0,2022.0,41677.0,Diésel,Automatico,15012.0,coches.net,utilitario
VOLKSWAGEN,GOLF,17200.0,2020.0,80412.0,Gasolina,Manual,13012.0,coches.net,berlina
CUPRA,FORMENTOR,25975.0,2023.0,96000.0,Gasolina,Automatico,15012.0,coches.net,utilitario
AUDI,A1,17300.0,2021.0,38026.0,Gasolina,Manual,9512.0,coches.net,berlina
PEUGEOT,208,7399.0,2016.0,21850.0,Gasolina,Manual,8212.0,coches.net,berlina
AUDI,Q8,109000.0,2022.0,64900.0,Gasolina,Automatico,60012.0,coches.net,utilitario
PEUGEOT,208,7399.0,2016.0,21850.0,Gasolina,Manual,8212.0,coches.net,berlina
MG,ZS,15990.0,2024.0,20468.0,Gasolina,Manual,10612.0,coches.net,utilitario
TOYOTA,HILUX,19900.0,2022.0,290000.0,Diésel,Manual,15012.0,coches.net,pick up
VOLKSWAGEN,T-ROC,27300.0,2022.0,42719.0,Gasolina,Automatico,15012.0,coches.net,utilitario
SKODA,KAROQ,18690.0,2021.0,105970.0,Diésel,Automatico,15012.0,coches.net,utilitario
MERCEDES-BENZ,CLASE C,19900.0,2017.0,146200.0,Diésel,Automatico,17012.0,coches.net,berlina
SEAT,ARONA,14500.0,2019.0,72643.0,Diésel,Manual,9512.0,coches.net,utilitario
SEAT,ATECA,18400.0,2021.0,106148.0,Diésel,Manual,11612.0,coches.net,utilitario
BMW,X3,37500.0,2022.0,62050.0,Híbrido enchufable,Automatico,29212.0,coches.net,utilitario
MERCEDES-BENZ,CLASE SLK,22990.0,2012.0,125000.0,Gasolina,Manual,18412.0,coches.net,berlina
VOLKSWAGEN,T-ROC,20900.0,2021.0,93503.0,Diésel,Automatico,15012.0,coches.net,utilitario
MAZDA,CX-5,25990.0,2022.0,44600.0,Gasolina,Manual,16512.0,coches.net,utilitario
MINI,MINI,10990.0,2012.0,93577.0,Gasolina,Manual,9812.0,coches.net,berlina
KIA,SPORTAGE,16990.0,2020.0,159000.0,Híbrido,Manual,13612.0,coches.net,utilitario
MERCEDES-BENZ,CLA,26990.0,2021.0,166890.0,Diésel,Automatico,15012.0,coches.net,berlina
DACIA,SANDERO,11900.0,2019.0,68120.0,Gasolina,Manual,9012.0,coches.net,berlina
VOLKSWAGEN,GOLF,17490.0,2020.0,84996.0,Gasolina,Manual,13012.0,coches.net,berlina
VOLKSWAGEN,TIGUAN ALLSPACE,30490.0,2022.0,92091.0,Diésel,Automatico,15012.0,coches.net,utilitario
AUDI,Q5 SPORTBACK,37990.0,2021.0,92000.0,Híbrido,Automatico,20412.0,coches.net,utilitario
SEAT,LEÓN,15900.0,2022.0,149000.0,Diésel,Manual,11512.0,coches.net,berlina
PEUGEOT,2008,17990.0,2021.0,109000.0,Diésel,Automatico,13012.0,coches.net,utilitario
MINI,MINI,13699.0,2018.0,99832.0,Gasolina,Manual,19212.0,coches.net,berlina
KIA,STONIC,21990.0,2025.0,8989.0,Híbrido,Automatico,10112.0,coches.net,utilitario
BMW,X4,52900.0,2024.0,59000.0,Diésel,Automatico,19012.0,coches.net,utilitario
SEAT,EXEO,5990.0,2011.0,360000.0,Diésel,Manual,12012.0,coches.net,berlina
MERCEDES-BENZ,CLASE A,4499.0,2005.0,197794.0,Diésel,Automatico,10912.0,coches.net,utilitario
VOLVO,S40,2900.0,2005.0,300000.0,Diésel,Manual,13612.0,coches.net,berlina
AUDI,A3,36225.0,2025.0,19619.0,Híbrido,Automatico,15012.0,coches.net,berlina
BMW,X5,45900.0,2022.0,89500.0,Diésel,Automatico,23112.0,coches.net,utilitario
RENAULT,CAPTUR,16900.0,2021.0,36419.0,Gasolina,Manual,9012.0,coches.net,utilitario
VOLVO,XC40,28900.0,2020.0,71012.0,Híbrido enchufable,Automatico,21112.0,coches.net,utilitario
TOYOTA,PROACE VERSO,31990.0,2019.0,99000.0,Diésel,Automatico,17712.0,coches.net,utilitario
VOLKSWAGEN,POLO,9290.0,2015.0,138472.0,Diésel,Manual,9012.0,coches.net,berlina
OPEL,CORSA,8199.0,2017.0,137972.0,Diésel,Manual,9512.0,coches.net,berlina
VOLVO,V60,26490.0,2019.0,75792.0,Híbrido enchufable,Automatico,39012.0,coches.net,berlina
AUDI,Q2,24900.0,2025.0,15500.0,Gasolina,Manual,11612.0,coches.net,utilitario
MERCEDES-BENZ,CLASE C,44990.0,2025.0,6934.0,Híbrido,Automatico,16312.0,coches.net,berlina
PEUGEOT,3008 HYBRID,24900.0,2023.0,37885.0,Híbrido,Automatico,13612.0,coches.net,utilitario
PEUGEOT,5008,28490.0,2024.0,9971.0,Diésel,Automatico,13012.0,coches.net,utilitario
SEAT,ARONA,14840.0,2018.0,103631.0,Diésel,Manual,9512.0,coches.net,utilitario
BMW,X2,24790.0,2020.0,52745.0,Gasolina,Manual,14012.0,coches.net,utilitario
HONDA,CR-V,12790.0,2013.0,212000.0,Diésel,Automatico,15012.0,coches.net,utilitario
BMW,SERIE 2,81990.0,2023.0,4600.0,Gasolina,Automatico,46012.0,coches.net,berlina
DACIA,SANDERO,6999.0,2016.0,147000.0,Gasolina,Manual,9012.0,coches.net,berlina
LAND-ROVER,RANGE ROVER VELAR,32990.0,2021.0,98000.0,Híbrido,Automatico,20412.0,coches.net,utilitario
LAND-ROVER,DISCOVERY SPORT,27990.0,2021.0,61353.0,Híbrido enchufable,Automatico,30912.0,coches.net,utilitario
BMW,X2,25900.0,2020.0,76200.0,Gasolina,Automatico,14012.0,coches.net,utilitario
AUDI,Q5,20599.0,2017.0,155378.0,Diésel,Automatico,19012.0,coches.net,utilitario
PEUGEOT,308,16390.0,2024.0,50241.0,Gasolina,Manual,13012.0,coches.net,berlina
SEAT,LEÓN,16990.0,2021.0,78033.0,Diésel,Manual,11512.0,coches.net,berlina
DACIA,LODGY,10490.0,2016.0,77294.0,Gasolina,Manual,11512.0,coches.net,utilitario
KIA,XCEED,15690.0,2021.0,105492.0,Híbrido enchufable,Automatico,14112.0,coches.net,utilitario
KIA,SPORTAGE,32985.0,2022.0,46237.0,Híbrido enchufable,Automatico,26512.0,coches.net,utilitario
NISSAN,QASHQAI,20500.0,2022.0,64002.0,Híbrido,Automatico,15812.0,coches.net,utilitario
TOYOTA,YARIS CROSS,24490.0,2022.0,43060.0,Híbrido,Automatico,11612.0,coches.net,utilitario
PEUGEOT,308,16390.0,2024.0,50241.0,Gasolina,Manual,13012.0,coches.net,berlina
VOLKSWAGEN,BEETLE,11990.0,2012.0,143000.0,Gasolina,Manual,16012.0,coches.net,berlina
DS,DS 7,22990.0,2022.0,36854.0,Diésel,Automatico,13012.0,coches.net,utilitario
BMW,X3,33900.0,2021.0,73258.0,Híbrido,Automatico,19012.0,coches.net,utilitario
VOLKSWAGEN,CC,12999.0,2013.0,203200.0,Diésel,Manual,14012.0,coches.net,berlina
VOLKSWAGEN,CADDY,12990.0,2017.0,344177.0,Diésel,Automatico,15012.0,coches.net,utilitario
SKODA,SCALA,18990.0,2023.0,50055.0,Gasolina,Manual,11012.0,coches.net,berlina
FIAT,PANDA,9990.0,2022.0,68650.0,Híbrido,Manual,7012.0,coches.net,berlina
HYUNDAI,TUCSON,18700.0,2021.0,146669.0,Híbrido,Manual,13612.0,coches.net,utilitario
NISSAN,QASHQAI,20800.0,2023.0,84218.0,Híbrido,Manual,14012.0,coches.net,utilitario
NISSAN,QASHQAI,21300.0,2023.0,79125.0,Híbrido,Manual,14012.0,coches.net,utilitario
TOYOTA,YARIS,21490.0,2025.0,10840.0,Híbrido,Automatico,11612.0,coches.net,berlina
VOLKSWAGEN,GOLF,18990.0,2023.0,41600.0,Gasolina,Manual,11012.0,coches.net,berlina
SKODA,SUPERB,9990.0,2008.0,150000.0,Diésel,Manual,14012.0,coches.net,berlina
MAZDA,CX-30,22900.0,2021.0,30420.0,Híbrido,Manual,12212.0,coches.net,utilitario
MAZDA,CX-30,22900.0,2022.0,60725.0,Híbrido,Manual,18612.0,coches.net,utilitario
MAZDA,CX-30,22900.0,2022.0,91000.0,Híbrido,Manual,18612.0,coches.net,utilitario
RENAULT,ARKANA,23290.0,2022.0,61800.0,Híbrido,Automatico,14512.0,coches.net,utilitario
NISSAN,MICRA,12990.0,2023.0,40070.0,Gasolina,Manual,9212.0,coches.net,berlina
TOYOTA,YARIS,18000.0,2021.0,108272.0,Híbrido,Automatico,11612.0,coches.net,berlina
VOLKSWAGEN,T-ROC,14990.0,2018.0,135378.0,Gasolina,Manual,11512.0,coches.net,utilitario
TOYOTA,YARIS,9990.0,2016.0,140000.0,Gasolina,Manual,6912.0,coches.net,berlina
SEAT,LEÓN,17499.0,2019.0,83350.0,Gasolina,Automatico,15012.0,coches.net,berlina
SKODA,OCTAVIA,10499.0,2014.0,137529.0,Diésel,Automatico,10512.0,coches.net,berlina
PEUGEOT,208,6490.0,2016.0,143981.0,Gasolina,Manual,8212.0,coches.net,berlina
LYNK & CO,01,23490.0,2022.0,52348.0,Híbrido enchufable,Automatico,26112.0,coches.net,utilitario
AUDI,A3,26990.0,2023.0,76108.0,Diésel,Automatico,15012.0,coches.net,berlina
VOLVO,V60,10800.0,2011.0,169347.0,Diésel,Automatico,16312.0,coches.net,berlina
VOLKSWAGEN,ARTEON,26500.0,2020.0,85000.0,Diésel,Automatico,15012.0,coches.net,berlina
FORD,FOCUS,6490.0,2019.0,141000.0,Diésel,Manual,12012.0,coches.net,berlina
MERCEDES-BENZ,CLASE A,32800.0,2025.0,15000.0,Híbrido,Automatico,13612.0,coches.net,berlina
KIA,PICANTO,9499.0,2019.0,52177.0,Gasolina,Manual,6712.0,coches.net,berlina
AUDI,A3,26990.0,2024.0,16458.0,Híbrido,Automatico,11012.0,coches.net,berlina
AUDI,A3,38990.0,2016.0,61900.0,Gasolina,Automatico,36712.0,coches.net,berlina
NISSAN,QASHQAI,19990.0,2021.0,70500.0,Híbrido,Automatico,15812.0,coches.net,utilitario
CITROEN,C5,4000.0,2009.0,170000.0,Diésel,Manual,10912.0,coches.net,berlina
FORD,FOCUS,18890.0,2024.0,66986.0,Híbrido,Automatico,15512.0,coches.net,berlina
FORD,FOCUS,18890.0,2024.0,64416.0,Híbrido,Automatico,15512.0,coches.net,berlina
SKODA,YETI,7900.0,2015.0,143150.0,Gasolina,Manual,10512.0,coches.net,utilitario
SEAT,IBIZA,16900.0,2024.0,34253.0,Gasolina,Manual,11512.0,coches.net,berlina
SEAT,ATECA,16400.0,2019.0,61402.0,Gasolina,Manual,11512.0,coches.net,utilitario
VOLVO,XC40,16990.0,2022.0,199000.0,Gasolina,Manual,12912.0,coches.net,utilitario
SKODA,KAMIQ,16800.0,2022.0,11881.0,Gasolina,Manual,9512.0,coches.net,utilitario
KIA,STONIC,15500.0,2020.0,28921.0,Gasolina,Manual,10012.0,coches.net,utilitario
VOLVO,XC40,35900.0,2025.0,25338.0,Híbrido,Automatico,16312.0,coches.net,utilitario
VOLVO,XC40,35400.0,2025.0,27764.0,Híbrido,Automatico,16312.0,coches.net,utilitario
VOLVO,XC40,36400.0,2025.0,26319.0,Híbrido,Automatico,16312.0,coches.net,utilitario
HYUNDAI,KONA,15490.0,2022.0,86162.0,Híbrido,Manual,12012.0,coches.net,utilitario
HYUNDAI,KONA,15490.0,2022.0,86162.0,Híbrido,Manual,12012.0,coches.net,utilitario
SKODA,OCTAVIA,16990.0,2021.0,150000.0,Diésel,Automatico,15012.0,coches.net,berlina
JAECOO,7,36500.0,2025.0,3400.0,Híbrido enchufable,Automatico,34712.0,coches.net,utilitario
OMODA,9,45900.0,2025.0,3100.0,Híbrido enchufable,Automatico,53712.0,coches.net,utilitario
JAECOO,7,35900.0,2025.0,4485.0,Híbrido enchufable,Automatico,34712.0,coches.net,utilitario
CITROEN,XSARA PICASSO,4590.0,2009.0,153000.0,Diésel,Manual,9212.0,coches.net,utilitario
SEAT,IBIZA,17999.0,2022.0,44885.0,Gasolina,Automatico,15012.0,coches.net,berlina
SEAT,IBIZA,17999.0,2022.0,44885.0,Gasolina,Automatico,15012.0,coches.net,berlina
MG,ZS,15900.0,2025.0,11260.0,Gasolina,Manual,10612.0,coches.net,utilitario
FORD,PUMA,16990.0,2020.0,19708.0,Híbrido,Manual,12512.0,coches.net,utilitario
TOYOTA,YARIS,10800.0,2016.0,45853.0,Gasolina,Manual,6912.0,coches.net,berlina
MERCEDES-BENZ,CLA,28990.0,2023.0,52000.0,Híbrido enchufable,Automatico,21812.0,coches.net,berlina
MERCEDES-BENZ,CLA,28990.0,2023.0,52000.0,Híbrido enchufable,Automatico,21812.0,coches.net,berlina
BMW,SERIE 3,39900.0,2025.0,28700.0,Híbrido,Automatico,15012.0,coches.net,berlina
VOLKSWAGEN,GOLF,21900.0,2023.0,115686.0,Diésel,Manual,11512.0,coches.net,berlina
VOLKSWAGEN,GOLF,22900.0,2023.0,75404.0,Diésel,Manual,11512.0,coches.net,berlina
BMW,SERIE 4,36950.0,2017.0,112938.0,Gasolina,Automatico,32612.0,coches.net,berlina
FIAT,TIPO,8499.0,2022.0,195600.0,Híbrido,Automatico,13012.0,coches.net,berlina
FIAT,TIPO,9249.0,2022.0,163000.0,Híbrido,Automatico,13012.0,coches.net,berlina
LEXUS,RC,27599.0,2018.0,138732.0,Híbrido,Automatico,22312.0,coches.net,berlina
LAMBORGHINI,URUS,229990.0,2021.0,60000.0,Gasolina,Automatico,66612.0,coches.net,utilitario
BMW,SERIE 2,17450.0,2015.0,121299.0,Gasolina,Automatico,13612.0,coches.net,berlina
PORSCHE,MACAN,43990.0,2020.0,143000.0,Gasolina,Automatico,24512.0,coches.net,utilitario
SKODA,OCTAVIA,20990.0,2023.0,139000.0,Diésel,Automatico,15012.0,coches.net,berlina
KIA,CEE'D,13500.0,2017.0,125000.0,Diésel,Manual,13612.0,coches.net,berlina
AUDI,A6,9490.0,2010.0,226560.0,Diésel,Manual,17012.0,coches.net,berlina
MERCEDES-BENZ,CLASE A,27700.0,2024.0,78241.0,Diésel,Automatico,11612.0,coches.net,berlina
JEEP,WRANGLER,59900.0,2022.0,29500.0,Híbrido enchufable,Automatico,38112.0,coches.net,utilitario
OPEL,ASTRA,13495.0,2021.0,69000.0,Diésel,Manual,10512.0,coches.net,berlina
OPEL,ASTRA,13495.0,2021.0,69000.0,Diésel,Manual,10512.0,coches.net,berlina
VOLKSWAGEN,TOURAN,11490.0,2012.0,243000.0,Diésel,Automatico,14012.0,coches.net,utilitario
BMW,X6,34990.0,2013.0,66000.0,Gasolina,Automatico,55512.0,coches.net,utilitario
PEUGEOT,TRAVELLER,22990.0,2017.0,138000.0,Diésel,Manual,15012.0,coches.net,utilitario
HYUNDAI,I30,18690.0,2024.0,53216.0,Híbrido,Manual,12012.0,coches.net,berlina
NISSAN,MICRA,8799.0,2014.0,52933.0,Gasolina,Manual,8012.0,coches.net,berlina
AUDI,A5,41900.0,2022.0,156723.0,Híbrido,Automatico,34112.0,coches.net,berlina
MERCEDES-BENZ,CLASE GLC,42990.0,2022.0,67400.0,Diésel,Automatico,19412.0,coches.net,utilitario
CITROEN,C3,8490.0,2019.0,68167.0,Gasolina,Manual,8212.0,coches.net,berlina
JAGUAR,E-PACE,16990.0,2019.0,95824.0,Diésel,Automatico,15012.0,coches.net,utilitario
HYUNDAI,KONA,18490.0,2023.0,87319.0,Híbrido,Manual,12012.0,coches.net,utilitario
BMW,X4,34900.0,2023.0,169000.0,Híbrido,Automatico,19012.0,coches.net,utilitario
RENAULT,CAPTUR,22850.0,2025.0,8000.0,Gas,Manual,10012.0,coches.net,utilitario
KIA,STONIC,16299.0,2021.0,27023.0,Híbrido,Manual,10012.0,coches.net,utilitario
FORD,PUMA,16490.0,2020.0,61732.0,Híbrido,Manual,12512.0,coches.net,utilitario
SEAT,IBIZA,3200.0,2004.0,200000.0,Gasolina,Manual,7512.0,coches.net,berlina
VOLKSWAGEN,POLO,13490.0,2021.0,91630.0,Gasolina,Manual,9512.0,coches.net,berlina
KIA,NIRO,20900.0,2022.0,58207.0,Híbrido,Automatico,14112.0,coches.net,berlina
RENAULT,MÉGANE,13699.0,2018.0,80877.0,Diésel,Manual,13012.0,coches.net,berlina
TOYOTA,COROLLA,15290.0,2022.0,164000.0,Híbrido,Automatico,12212.0,coches.net,berlina
VOLKSWAGEN,T-ROC,20900.0,2018.0,75000.0,Gasolina,Manual,15012.0,coches.net,utilitario
OPEL,CORSA,11900.0,2020.0,25043.0,Gasolina,Manual,10012.0,coches.net,berlina
SEAT,ARONA,21900.0,2024.0,26474.0,Gasolina,Automatico,11512.0,coches.net,utilitario
OPEL,CORSA,13400.0,2022.0,45836.0,Gasolina,Manual,10012.0,coches.net,berlina
HYUNDAI,TUCSON,22490.0,2022.0,31057.0,Gasolina,Manual,15012.0,coches.net,utilitario
VOLKSWAGEN,PASSAT,21690.0,2021.0,64114.0,Diésel,Automatico,15012.0,coches.net,berlina
LAND-ROVER,RANGE ROVER SPORT,105900.0,2024.0,27320.0,Híbrido,Automatico,24912.0,coches.net,utilitario
CITROEN,C5 AIRCROSS,20490.0,2025.0,29204.0,Diésel,Automatico,13112.0,coches.net,utilitario
OMODA,5,22670.0,2025.0,12557.0,Gasolina,Automatico,14712.0,coches.net,utilitario
FORD,KUGA,21800.0,2022.0,38000.0,Gasolina,Manual,15012.0,coches.net,utilitario
OPEL,ASTRA,13490.0,2020.0,49435.0,Gasolina,Manual,11012.0,coches.net,berlina
VOLKSWAGEN,SHARAN,31510.0,2020.0,82630.0,Diésel,Automatico,17712.0,coches.net,utilitario
JAGUAR,F-PACE,21495.0,2018.0,109000.0,Diésel,Automatico,18012.0,coches.net,utilitario
VOLKSWAGEN,GOLF,26200.0,2022.0,19619.0,Híbrido enchufable,Automatico,20412.0,coches.net,berlina
KIA,SPORTAGE,3890.0,2010.0,178439.0,Gasolina,Manual,14212.0,coches.net,utilitario
MINI,COUNTRYMAN,32000.0,2020.0,63255.0,Gasolina,Automatico,30612.0,coches.net,berlina
CITROEN,C3 PICASSO,9290.0,2017.0,26514.0,Diésel,Manual,9912.0,coches.net,utilitario
BMW,SERIE 1,22990.0,2019.0,40000.0,Gasolina,Manual,13612.0,coches.net,berlina
FIAT,LINEA,4990.0,2010.0,88900.0,Gasolina,Manual,7712.0,coches.net,berlina
MINI,MINI,21900.0,2023.0,65000.0,Gasolina,Automatico,13612.0,coches.net,berlina
AUDI,Q3,26500.0,2019.0,125000.0,Diésel,Automatico,15012.0,coches.net,utilitario
AUDI,Q2,17900.0,2020.0,185980.0,Diésel,Automatico,15012.0,coches.net,utilitario
AUDI,A8,82900.0,2025.0,8212.0,Híbrido,Automatico,28612.0,coches.net,berlina
TOYOTA,YARIS,19690.0,2022.0,50423.0,Híbrido,Automatico,11612.0,coches.net,berlina
TOYOTA,COROLLA,18490.0,2021.0,105965.0,Híbrido,Automatico,12212.0,coches.net,berlina
TOYOTA,YARIS,16990.0,2022.0,98854.0,Híbrido,Automatico,11612.0,coches.net,berlina
BMW,X2,22900.0,2020.0,99000.0,Gasolina,Automatico,14012.0,coches.net,utilitario
VOLVO,V90 CROSS COUNTRY,28999.0,2021.0,132000.0,Híbrido,Automatico,19712.0,coches.net,berlina
VOLKSWAGEN,SHARAN,34990.0,2021.0,76000.0,Gasolina,Automatico,15012.0,coches.net,utilitario
MERCEDES-BENZ,CLASE B,36750.0,2025.0,12247.0,Híbrido enchufable,Automatico,21812.0,coches.net,utilitario
RENAULT,ARKANA,21790.0,2023.0,43290.0,Híbrido,Automatico,14512.0,coches.net,utilitario
CITROEN,C3 AIRCROSS,14490.0,2024.0,22174.0,Gasolina,Manual,11012.0,coches.net,utilitario
RENAULT,5 E-TECH,25500.0,2025.0,10700.0,Eléctrico,Automatico,12212.0,coches.net,berlina
RENAULT,5 E-TECH,26500.0,2025.0,12400.0,Eléctrico,Automatico,12212.0,coches.net,berlina
CUPRA,LEÓN,28490.0,2025.0,25670.0,Híbrido,Automatico,15012.0,coches.net,berlina
CITROEN,BERLINGO,14450.0,2022.0,103000.0,Diésel,Manual,10212.0,coches.net,utilitario
VOLKSWAGEN,TIGUAN,48990.0,2025.0,10000.0,Diésel,Automatico,15012.0,coches.net,utilitario
TOYOTA,C-HR,20990.0,2022.0,162089.0,Híbrido,Automatico,18412.0,coches.net,berlina
AUDI,A3,8999.0,2012.0,179000.0,Diésel,Automatico,14012.0,coches.net,berlina
HYUNDAI,IONIQ,15990.0,2020.0,98423.0,Híbrido,Automatico,14112.0,coches.net,berlina
CUPRA,FORMENTOR,32900.0,2021.0,75320.0,Gasolina,Automatico,31012.0,coches.net,utilitario
OPEL,INSIGNIA,8200.0,2016.0,223094.0,Diésel,Manual,13612.0,coches.net,berlina
NISSAN,QASHQAI,13490.0,2017.0,158990.0,Diésel,Manual,13012.0,coches.net,berlina
MINI,MINI,11999.0,2012.0,152561.0,Diésel,Manual,14312.0,coches.net,berlina
MG,EHS,18900.0,2022.0,74000.0,Híbrido enchufable,Automatico,25812.0,coches.net,utilitario
HYUNDAI,BAYON,17300.0,2021.0,44880.0,Híbrido,Automatico,10012.0,coches.net,utilitario
OPEL,MOKKA-E,17490.0,2021.0,46493.0,Eléctrico,Automatico,13612.0,coches.net,utilitario
AUDI,Q3,33990.0,2021.0,47500.0,Diésel,Automatico,15012.0,coches.net,utilitario
VOLKSWAGEN,GOLF,17985.0,2021.0,82570.0,Gasolina,Manual,11012.0,coches.net,berlina
AUDI,Q3,32990.0,2021.0,74200.0,Diésel,Automatico,20012.0,coches.net,utilitario
PEUGEOT,308,20990.0,2023.0,108000.0,Diésel,Automatico,13012.0,coches.net,berlina
MERCEDES-BENZ,CLASE A,32490.0,2025.0,22800.0,Híbrido,Automatico,13612.0,coches.net,berlina
MERCEDES-BENZ,CLASE GLE,39500.0,2018.0,82775.0,Híbrido enchufable,Automatico,44212.0,coches.net,utilitario
MERCEDES-BENZ,GLC,58900.0,2024.0,17811.0,Híbrido,Automatico,20412.0,coches.net,utilitario
MERCEDES-BENZ,MERCEDES-AMG SL,203900.0,2024.0,10100.0,Gasolina,Automatico,58512.0,coches.net,berlina
MERCEDES-BENZ,CLASE C,50900.0,2024.0,14656.0,Híbrido enchufable,Automatico,31312.0,coches.net,berlina
FORD,FOCUS,4100.0,2009.0,213000.0,Diésel,Manual,11512.0,coches.net,berlina
VOLVO,S60,7900.0,2010.0,245523.0,Diésel,Automatico,20512.0,coches.net,berlina
CUPRA,FORMENTOR,48990.0,2023.0,12000.0,Gasolina,Automatico,39012.0,coches.net,utilitario
BMW,SERIE 5,16900.0,2015.0,169000.0,Diésel,Automatico,19012.0,coches.net,berlina
VOLKSWAGEN,T-ROC,19200.0,2022.0,81801.0,Gasolina,Manual,11012.0,coches.net,utilitario
VOLVO,XC60,34500.0,2022.0,67495.0,Híbrido enchufable,Automatico,35012.0,coches.net,utilitario
SEAT,LEÓN,15980.0,2022.0,87794.0,Diésel,Manual,11512.0,coches.net,berlina
VOLKSWAGEN,T-CROSS,18990.0,2020.0,69000.0,Gasolina,Automatico,11512.0,coches.net,utilitario
MERCEDES-BENZ,CLASE GLC,27890.0,2017.0,99462.0,Diésel,Automatico,17012.0,coches.net,utilitario
RENAULT,ARKANA,21900.0,2021.0,66158.0,Híbrido,Automatico,14512.0,coches.net,utilitario
FORD,FOCUS,10450.0,2019.0,192942.0,Gasolina,Manual,12512.0,coches.net,berlina
BMW,SERIE 1,16990.0,2019.0,99000.0,Gasolina,Manual,13612.0,coches.net,berlina
BMW,X3,48990.0,2024.0,14492.0,Híbrido,Automatico,19712.0,coches.net,utilitario
CUPRA,LEÓN,42200.0,2026.0,150.0,Híbrido enchufable,Automatico,20412.0,coches.net,berlina
BMW,SERIE 5,24899.0,2020.0,96652.0,Gasolina,Automatico,18412.0,coches.net,berlina
TOYOTA,HIGHLANDER,37990.0,2021.0,115000.0,Híbrido,Automatico,24612.0,coches.net,utilitario
SEAT,TOLEDO,12990.0,2017.0,55301.0,Gasolina,Manual,11012.0,coches.net,berlina
AUDI,A3,27999.0,2023.0,42033.0,Diésel,Automatico,15012.0,coches.net,berlina
BMW,SERIE 5,24500.0,2017.0,155000.0,Diésel,Automatico,19012.0,coches.net,berlina
DS,DS 7 CROSSBACK,22500.0,2022.0,62083.0,Híbrido enchufable,Automatico,22512.0,coches.net,utilitario
HYUNDAI,I30,29990.0,2020.0,50000.0,Gasolina,Manual,27512.0,coches.net,berlina
VOLKSWAGEN,GOLF,9500.0,2016.0,192000.0,Diésel,Manual,11012.0,coches.net,berlina
AUDI,A5,39999.0,2019.0,174000.0,Híbrido,Automatico,34712.0,coches.net,berlina
MERCEDES-BENZ,CITAN,19890.0,2021.0,80000.0,Diésel,Manual,9512.0,coches.net,utilitario
FORD,FIESTA,9600.0,2017.0,59000.0,Gasolina,Manual,8212.0,coches.net,berlina
CUPRA,FORMENTOR,30990.0,2025.0,20156.0,Híbrido,Automatico,15012.0,coches.net,utilitario
RENAULT,ESPACE,15000.0,2015.0,142000.0,Diésel,Automatico,16012.0,coches.net,utilitario
PEUGEOT,3008,16490.0,2021.0,21442.0,Gasolina,Manual,13012.0,coches.net,utilitario
VOLKSWAGEN,CARAVELLE,16990.0,2012.0,262000.0,Diésel,Manual,14012.0,coches.net,utilitario
NISSAN,JUKE,19900.0,2025.0,28376.0,Gasolina,Manual,11412.0,coches.net,utilitario
VOLKSWAGEN,T-CROSS,18800.0,2022.0,27843.0,Gasolina,Manual,11012.0,coches.net,utilitario
PEUGEOT,308,20900.0,2022.0,25647.0,Híbrido enchufable,Automatico,18012.0,coches.net,berlina
OMODA,5,22670.0,2025.0,17851.0,Gasolina,Automatico,14712.0,coches.net,utilitario
OMODA,5,22670.0,2025.0,16019.0,Gasolina,Automatico,14712.0,coches.net,utilitario
OMODA,5,22670.0,2025.0,13224.0,Gasolina,Automatico,14712.0,coches.net,utilitario
LAND-ROVER,RANGE ROVER,57995.0,2019.0,144000.0,Gasolina,Automatico,52512.0,coches.net,utilitario
MERCEDES-BENZ,CLE,77900.0,2024.0,12975.0,Gasolina,Automatico,25812.0,coches.net,berlina
FIAT,500,11490.0,2022.0,88056.0,Híbrido,Manual,7012.0,coches.net,berlina
SKODA,KODIAQ,25999.0,2020.0,64109.0,Gasolina,Automatico,15012.0,coches.net,utilitario
OPEL,CORSA,7799.0,2020.0,207688.0,Diésel,Manual,10212.0,coches.net,berlina
MERCEDES-BENZ,GLA,30999.0,2022.0,78618.0,Gasolina,Automatico,16312.0,coches.net,utilitario
CHEVROLET,AVEO,5999.0,2013.0,97400.0,Gasolina,Manual,8612.0,coches.net,berlina
TOYOTA,AYGO,11500.0,2021.0,72259.0,Gasolina,Automatico,7212.0,coches.net,berlina
FIAT,BRAVO,5490.0,2010.0,141000.0,Gasolina,Manual,9012.0,coches.net,berlina
PEUGEOT,508,13500.0,2020.0,148000.0,Diésel,Manual,13012.0,coches.net,berlina
FORD,MONDEO,18999.0,2021.0,127360.0,Híbrido,Automatico,18712.0,coches.net,berlina
FORD,TOURNEO COURIER,10990.0,2017.0,96877.0,Gasolina,Manual,10012.0,coches.net,utilitario
JEEP,COMPASS,18900.0,2022.0,105000.0,Gasolina,Manual,13012.0,coches.net,utilitario
JEEP,COMPASS,19990.0,2022.0,44473.0,Gasolina,Manual,13012.0,coches.net,utilitario
MERCEDES-BENZ,GLB,42500.0,2024.0,23661.0,Diésel,Automatico,15012.0,coches.net,utilitario
SEAT,IBIZA,3490.0,2006.0,248000.0,Diésel,Manual,7012.0,coches.net,berlina
MERCEDES-BENZ,GLB,47500.0,2024.0,16603.0,Diésel,Automatico,15012.0,coches.net,utilitario
MINI,CLUBMAN,12890.0,2018.0,161893.0,Diésel,Manual,15012.0,coches.net,berlina
RENAULT,ESPACE,4900.0,2006.0,130000.0,Diésel,Manual,12012.0,coches.net,utilitario
SEAT,LEÓN,21200.0,2025.0,41422.0,Híbrido,Automatico,15012.0,coches.net,berlina
NISSAN,QASHQAI,16990.0,2019.0,101480.0,Gasolina,Manual,14012.0,coches.net,berlina
FIAT,PANDA,6900.0,2019.0,120000.0,Gasolina,Manual,6912.0,coches.net,berlina
BMW,SERIE 5,32900.0,2022.0,75000.0,Híbrido,Automatico,19012.0,coches.net,berlina
NISSAN,JUKE,16490.0,2021.0,59754.0,Gasolina,Automatico,11412.0,coches.net,utilitario
FORD,KUGA,23890.0,2023.0,48876.0,Híbrido enchufable,Automatico,22512.0,coches.net,utilitario
MERCEDES-BENZ,CLA,29490.0,2022.0,94985.0,Híbrido enchufable,Automatico,21812.0,coches.net,berlina
BMW,X4,35900.0,2019.0,78000.0,Gasolina,Automatico,25212.0,coches.net,utilitario
VOLKSWAGEN,CALIFORNIA,47990.0,2020.0,81400.0,Diésel,Automatico,15012.0,coches.net,utilitario
CITROEN,C-ELYSÉE,6990.0,2015.0,136000.0,Diésel,Manual,9212.0,coches.net,berlina
HYUNDAI,I20,14900.0,2024.0,89000.0,Gasolina,Manual,10012.0,coches.net,berlina
MERCEDES-BENZ,CLASE C,38000.0,2019.0,99000.0,Diésel,Automatico,19412.0,coches.net,berlina
AUDI,Q5,11999.0,2008.0,171535.0,Gasolina,Automatico,21112.0,coches.net,utilitario
SUZUKI,SX4,4990.0,2009.0,235000.0,Diésel,Manual,12012.0,coches.net,utilitario
RENAULT,ZOE,12100.0,2020.0,43554.0,Eléctrico,Automatico,10812.0,coches.net,berlina
VOLKSWAGEN,GOLF,23900.0,2022.0,37317.0,Diésel,Manual,15012.0,coches.net,berlina
OPEL,ASTRA,2995.0,2006.0,325000.0,Diésel,Manual,12012.0,coches.net,berlina
MG,ZS,14380.0,2022.0,72787.0,Gasolina,Manual,10612.0,coches.net,utilitario
BMW,SERIE 1,35300.0,2025.0,14000.0,Híbrido,Automatico,17012.0,coches.net,berlina
AUDI,Q3 SPORTBACK,35900.0,2022.0,81733.0,Híbrido,Automatico,15012.0,coches.net,utilitario
PEUGEOT,308,11990.0,2016.0,140136.0,Gasolina,Automatico,13012.0,coches.net,berlina
MG,HS,20000.0,2023.0,37600.0,Gasolina,Automatico,16212.0,coches.net,utilitario
FORD,KA,4850.0,2013.0,151000.0,Gasolina,Manual,6912.0,coches.net,berlina
VOLKSWAGEN,GOLF,16099.0,2014.0,81748.0,Diésel,Automatico,15012.0,coches.net,berlina
CUPRA,FORMENTOR,24990.0,2022.0,98000.0,Híbrido enchufable,Automatico,20412.0,coches.net,utilitario
BMW,X2,39900.0,2025.0,9000.0,Diésel,Automatico,15012.0,coches.net,utilitario
VOLKSWAGEN,GOLF SPORTSVAN,17290.0,2016.0,102031.0,Gasolina,Automatico,15012.0,coches.net,utilitario
VOLKSWAGEN,GOLF SPORTSVAN,17290.0,2016.0,102031.0,Gasolina,Automatico,15012.0,coches.net,utilitario
TOYOTA,YARIS CROSS,26990.0,2025.0,9000.0,Híbrido,Automatico,11612.0,coches.net,utilitario
MERCEDES-BENZ,GLA,34800.0,2022.0,38231.0,Híbrido enchufable,Automatico,21812.0,coches.net,utilitario
PORSCHE,PANAMERA,62900.0,2017.0,123656.0,Diésel,Automatico,42212.0,coches.net,berlina
KIA,STONIC,13599.0,2023.0,79900.0,Gasolina,Manual,8412.0,coches.net,utilitario
KIA,RIO,12990.0,2021.0,43985.0,Gasolina,Manual,8412.0,coches.net,berlina
PEUGEOT,3008,11970.0,2016.0,179000.0,Diésel,Automatico,12012.0,coches.net,utilitario
CUPRA,FORMENTOR,22950.0,2021.0,50000.0,Gasolina,Manual,15012.0,coches.net,utilitario
KIA,XCEED,17990.0,2024.0,47819.0,Gasolina,Manual,10012.0,coches.net,utilitario
CUPRA,FORMENTOR,32100.0,2025.0,51.0,Híbrido,Automatico,15012.0,coches.net,utilitario
AUDI,Q3 SPORTBACK,31990.0,2021.0,54000.0,Diésel,Automatico,15012.0,coches.net,utilitario
NISSAN,MICRA,11199.0,2021.0,68078.0,Gasolina,Manual,9212.0,coches.net,berlina
FORD,PUMA,22990.0,2023.0,6471.0,Híbrido,Automatico,15512.0,coches.net,utilitario
PEUGEOT,3008,16490.0,2021.0,21442.0,Gasolina,Manual,13012.0,coches.net,utilitario
JEEP,COMPASS,25499.0,2024.0,6620.0,Híbrido,Automatico,13012.0,coches.net,utilitario
MAZDA,CX-30,16999.0,2021.0,99771.0,Híbrido,Manual,12212.0,coches.net,utilitario
TOYOTA,YARIS,14299.0,2021.0,116985.0,Híbrido,Automatico,11612.0,coches.net,berlina
KIA,STONIC,13599.0,2022.0,68154.0,Híbrido,Manual,10012.0,coches.net,utilitario
AUDI,A3,13199.0,2015.0,114515.0,Diésel,Manual,11012.0,coches.net,berlina
VOLKSWAGEN,PASSAT,12990.0,2020.0,283000.0,Diésel,Automatico,12212.0,coches.net,berlina
SEAT,MII,12590.0,2020.0,38793.0,Eléctrico,Automatico,8312.0,coches.net,berlina
PEUGEOT,308,8990.0,2018.0,177109.0,Diésel,Manual,13012.0,coches.net,berlina
RENAULT,KOLEOS,7300.0,2008.0,122000.0,Diésel,Manual,15012.0,coches.net,utilitario
VOLKSWAGEN,TOUAREG,79990.0,2025.0,15000.0,Diésel,Automatico,23112.0,coches.net,utilitario
DS,DS 7 CROSSBACK,20400.0,2022.0,97712.0,Híbrido enchufable,Automatico,30012.0,coches.net,utilitario
KGM,TIVOLI,20050.0,2025.0,41358.0,Gasolina,Automatico,16312.0,coches.net,utilitario
SEAT,IBIZA,9499.0,2015.0,69126.0,Gasolina,Manual,7512.0,coches.net,berlina
MASERATI,LEVANTE,45000.0,2017.0,71322.0,Gasolina,Automatico,43012.0,coches.net,utilitario
MAZDA,CX-5,11499.0,2015.0,201000.0,Diésel,Automatico,15012.0,coches.net,utilitario
MERCEDES-BENZ,CLASE B,12490.0,2013.0,179500.0,Diésel,Automatico,13612.0,coches.net,utilitario
DS,DS 7 CROSSBACK,14590.0,2020.0,116187.0,Diésel,Automatico,13012.0,coches.net,utilitario
OPEL,ASTRA,18500.0,2014.0,105000.0,Gasolina,Manual,24012.0,coches.net,berlina
CITROEN,C3 AIRCROSS,17575.0,2024.0,33139.0,Gasolina,Manual,11012.0,coches.net,utilitario
FORD,TRANSIT CUSTOM,22800.0,2023.0,98343.0,Diésel,Manual,13012.0,coches.net,utilitario
RENAULT,ARKANA,22900.0,2024.0,13552.0,Híbrido,Automatico,14012.0,coches.net,utilitario
VOLKSWAGEN,GOLF,26900.0,2022.0,39000.0,Gasolina,Automatico,15012.0,coches.net,berlina
MERCEDES-BENZ,CLASE C,39490.0,2021.0,25958.0,Híbrido,Automatico,20412.0,coches.net,berlina
MERCEDES-BENZ,CLASE A,19900.0,2018.0,143000.0,Diésel,Automatico,13612.0,coches.net,berlina
RENAULT,CLIO,18074.0,2025.0,16324.0,Gas,Manual,10012.0,coches.net,berlina
LAND-ROVER,RANGE ROVER EVOQUE,25990.0,2020.0,70000.0,Diésel,Automatico,15012.0,coches.net,utilitario
LAND-ROVER,RANGE ROVER EVOQUE,25990.0,2020.0,70000.0,Diésel,Automatico,15012.0,coches.net,utilitario
CITROEN,C3 PLURIEL,2850.0,2006.0,166000.0,Diésel,Manual,7012.0,coches.net,berlina
HYUNDAI,I30,15850.0,2023.0,134282.0,Gasolina,Manual,12012.0,coches.net,berlina
RENAULT,TALISMAN,13099.0,2016.0,121020.0,Gasolina,Automatico,20012.0,coches.net,berlina
VOLKSWAGEN,TAIGO,24900.0,2024.0,20304.0,Gasolina,Automatico,11012.0,coches.net,utilitario
VOLKSWAGEN,POLO,4990.0,2006.0,148000.0,Gasolina,Manual,8012.0,coches.net,berlina
CITROEN,C4 PICASSO,8750.0,2017.0,199000.0,Diésel,Manual,12012.0,coches.net,utilitario
SEAT,LEÓN,11990.0,2009.0,149000.0,Gasolina,Manual,21112.0,coches.net,berlina
HYUNDAI,I30,24399.0,2020.0,93804.0,Gasolina,Manual,27512.0,coches.net,berlina
KIA,PICANTO,9499.0,2019.0,10635.0,Gasolina,Manual,6712.0,coches.net,berlina
FIAT,500X,13995.0,2021.0,59000.0,Gasolina,Manual,12012.0,coches.net,utilitario
VOLKSWAGEN,CADDY,18500.0,2018.0,99000.0,Diésel,Manual,10212.0,coches.net,utilitario
LEXUS,UX,29990.0,2021.0,18816.0,Híbrido,Automatico,18412.0,coches.net,utilitario
SKODA,KAMIQ,18990.0,2021.0,24000.0,Gasolina,Automatico,11012.0,coches.net,utilitario
AUDI,A7,17995.0,2012.0,170000.0,Diésel,Automatico,24512.0,coches.net,berlina
SUZUKI,VITARA,15990.0,2017.0,79489.0,Gasolina,Manual,12012.0,coches.net,utilitario
DACIA,SANDERO,11399.0,2020.0,86455.0,Gasolina,Manual,10012.0,coches.net,berlina
DACIA,SANDERO,13290.0,2022.0,84288.0,Gasolina,Manual,9112.0,coches.net,berlina
LANCIA,DELTA,4990.0,2009.0,261000.0,Diésel,Manual,16512.0,coches.net,berlina
SEAT,IBIZA,7900.0,2012.0,139000.0,Diésel,Manual,9012.0,coches.net,berlina
MINI,MINI,34900.0,2024.0,19000.0,Gasolina,Automatico,23112.0,coches.net,berlina
BMW,X1,21999.0,2019.0,120000.0,Diésel,Automatico,15012.0,coches.net,utilitario
CITROEN,C4,8900.0,2015.0,103519.0,Gasolina,Manual,13012.0,coches.net,berlina
MERCEDES-BENZ,CITAN,19400.0,2018.0,185000.0,Diésel,Manual,9012.0,coches.net,utilitario
FORD,MONDEO,6990.0,2012.0,154000.0,Diésel,Manual,11512.0,coches.net,berlina
CITROEN,C3 AIRCROSS,11890.0,2020.0,56397.0,Gasolina,Manual,11012.0,coches.net,utilitario
NISSAN,JUKE,21950.0,2025.0,17347.0,Gasolina,Automatico,11412.0,coches.net,utilitario
EBRO,S700,36388.0,2025.0,15500.0,Híbrido enchufable,Automatico,34712.0,coches.net,utilitario
AUDI,A3,36950.0,2025.0,18638.0,Diésel,Automatico,15012.0,coches.net,berlina
MERCEDES-BENZ,CLASE G,134900.0,2024.0,12950.0,Eléctrico,Automatico,58712.0,coches.net,utilitario
FIAT,PANDA,10990.0,2022.0,29000.0,Híbrido,Manual,7012.0,coches.net,berlina
AUDI,A4,21500.0,2021.0,135000.0,Híbrido,Automatico,15012.0,coches.net,berlina
OPEL,INSIGNIA,6280.0,2011.0,189189.0,Diésel,Manual,16012.0,coches.net,berlina
VOLVO,XC60,27500.0,2021.0,96941.0,Híbrido,Automatico,19712.0,coches.net,utilitario
PEUGEOT,3008,10999.0,2018.0,198500.0,Diésel,Manual,13012.0,coches.net,utilitario
BMW,I7,84990.0,2023.0,3600.0,Eléctrico,Automatico,54412.0,coches.net,berlina
MERCEDES-BENZ,GLE COUPÉ,59999.0,2021.0,95000.0,Híbrido enchufable,Automatico,32012.0,coches.net,utilitario
VOLKSWAGEN,ID. BUZZ,63900.0,2026.0,50.0,Eléctrico,Automatico,34012.0,coches.net,utilitario
VOLKSWAGEN,POLO,14300.0,2021.0,64541.0,Gasolina,Manual,9512.0,coches.net,berlina
KIA,SPORTAGE,33400.0,2022.0,41898.0,Híbrido,Automatico,23012.0,coches.net,utilitario
NISSAN,QASHQAI,17750.0,2023.0,223441.0,Híbrido,Automatico,15812.0,coches.net,utilitario
AUDI,Q2,16990.0,2017.0,106100.0,Diésel,Manual,11612.0,coches.net,utilitario
PEUGEOT,5008,16499.0,2021.0,118000.0,Diésel,Manual,13012.0,coches.net,utilitario
PEUGEOT,208,18490.0,2025.0,7790.0,Híbrido,Automatico,10012.0,coches.net,berlina
TOYOTA,AYGO,9300.0,2018.0,104000.0,Gasolina,Manual,6912.0,coches.net,berlina
KIA,PICANTO,8499.0,2014.0,93388.0,Gasolina,Manual,6912.0,coches.net,berlina
SEAT,ATECA,20990.0,2021.0,88000.0,Gasolina,Manual,15012.0,coches.net,utilitario
TOYOTA,C-HR,34800.0,2025.0,8611.0,Híbrido enchufable,Automatico,22312.0,coches.net,utilitario
TOYOTA,C-HR,31500.0,2025.0,8490.0,Híbrido,Automatico,14012.0,coches.net,utilitario
FORD,KUGA,11990.0,2016.0,93000.0,Gasolina,Manual,15012.0,coches.net,utilitario
SEAT,LEÓN,24800.0,2024.0,39097.0,Diésel,Automatico,15012.0,coches.net,berlina
VOLKSWAGEN,POLO,16990.0,2019.0,168000.0,Gasolina,Automatico,20012.0,coches.net,berlina
FIAT,PANDA,10990.0,2023.0,67700.0,Híbrido,Manual,7012.0,coches.net,berlina
FORD,C-MAX,7999.0,2012.0,129000.0,Gasolina,Manual,12512.0,coches.net,utilitario
VOLVO,XC40,27900.0,2022.0,79000.0,Híbrido enchufable,Automatico,21112.0,coches.net,utilitario
HYUNDAI,TUCSON,24413.0,2023.0,27323.0,Híbrido,Manual,15012.0,coches.net,utilitario
FORD,PUMA,19999.0,2023.0,49000.0,Híbrido,Automatico,12512.0,coches.net,utilitario
BMW,X2,30900.0,2022.0,93857.0,Diésel,Automatico,15012.0,coches.net,utilitario
SEAT,TARRACO,19900.0,2021.0,178000.0,Híbrido enchufable,Automatico,24512.0,coches.net,utilitario
AUDI,Q2,23300.0,2022.0,51359.0,Gasolina,Manual,11012.0,coches.net,utilitario
VOLVO,XC40,26900.0,2020.0,103100.0,Híbrido enchufable,Automatico,26212.0,coches.net,utilitario
VOLKSWAGEN,PASSAT,5490.0,2008.0,286679.0,Diésel,Automatico,14012.0,coches.net,berlina
MERCEDES-BENZ,CLASE V,59000.0,2022.0,53000.0,Diésel,Automatico,16312.0,coches.net,utilitario
AUDI,A6 ALLROAD QUATTRO,14900.0,2013.0,259000.0,Diésel,Automatico,20412.0,coches.net,berlina
NISSAN,JUKE,28690.0,2025.0,10330.0,Híbrido,Automatico,14312.0,coches.net,utilitario
FORD,FIESTA,9990.0,2016.0,87000.0,Gasolina,Automatico,10012.0,coches.net,berlina
VOLKSWAGEN,GOLF,14990.0,2019.0,65000.0,Diésel,Manual,11512.0,coches.net,berlina
MERCEDES-BENZ,CLASE C,38900.0,2019.0,80860.0,Diésel,Automatico,19412.0,coches.net,berlina
BMW,X1,30800.0,2021.0,33000.0,Diésel,Automatico,15012.0,coches.net,utilitario
NISSAN,QASHQAI,22990.0,2022.0,35504.0,Híbrido,Automatico,15812.0,coches.net,utilitario
FORD,TOURNEO CONNECT,13900.0,2019.0,77731.0,Diésel,Manual,10012.0,coches.net,utilitario
RENAULT,LAGUNA,1499.0,2003.0,160000.0,Gasolina,Manual,13512.0,coches.net,berlina
OPEL,MERIVA,4500.0,2006.0,175000.0,Diésel,Manual,7512.0,coches.net,utilitario
FORD,RANGER,35990.0,2020.0,69000.0,Diésel,Automatico,21312.0,coches.net,pick up
DACIA,SANDERO,13900.0,2023.0,30500.0,Gasolina,Manual,9112.0,coches.net,berlina
BMW,SERIE 4,30900.0,2018.0,69900.0,Diésel,Automatico,25812.0,coches.net,berlina
FIAT,500,8890.0,2018.0,33269.0,Gasolina,Manual,6912.0,coches.net,berlina
BMW,SERIE 2 ACTIVE TOURER,23490.0,2021.0,38344.0,Diésel,Automatico,15012.0,coches.net,utilitario
AUDI,A3,9509.0,2010.0,169999.0,Gasolina,Manual,16012.0,coches.net,berlina
KIA,SPORTAGE,32985.0,2022.0,46237.0,Híbrido enchufable,Automatico,26512.0,coches.net,utilitario
AUDI,Q8,57900.0,2020.0,144000.0,Híbrido,Automatico,28612.0,coches.net,utilitario
TOYOTA,YARIS CROSS,24490.0,2022.0,43060.0,Híbrido,Automatico,11612.0,coches.net,utilitario
PEUGEOT,308,16390.0,2024.0,50241.0,Gasolina,Manual,13012.0,coches.net,berlina
VOLKSWAGEN,BEETLE,11990.0,2012.0,143000.0,Gasolina,Manual,16012.0,coches.net,berlina
BMW,X3,33900.0,2021.0,73258.0,Híbrido,Automatico,19012.0,coches.net,utilitario
FORD,C-MAX,9850.0,2015.0,78200.0,Gasolina,Manual,12512.0,coches.net,utilitario
VOLKSWAGEN,CC,12999.0,2013.0,203200.0,Diésel,Manual,14012.0,coches.net,berlina
FORD,FOCUS,18699.0,2023.0,38900.0,Híbrido,Manual,15512.0,coches.net,berlina
SKODA,SCALA,18990.0,2023.0,50055.0,Gasolina,Manual,11012.0,coches.net,berlina
PEUGEOT,3008,16900.0,2019.0,90000.0,Diésel,Manual,13012.0,coches.net,utilitario
FIAT,PANDA,9990.0,2022.0,68650.0,Híbrido,Manual,7012.0,coches.net,berlina
NISSAN,QASHQAI,21300.0,2023.0,79125.0,Híbrido,Manual,14012.0,coches.net,utilitario
NISSAN,QASHQAI,20800.0,2023.0,84218.0,Híbrido,Manual,14012.0,coches.net,utilitario
RENAULT,CLIO,9490.0,2018.0,170000.0,Diésel,Manual,9012.0,coches.net,berlina
SKODA,SUPERB,9990.0,2008.0,150000.0,Diésel,Manual,14012.0,coches.net,berlina
TOYOTA,YARIS,21490.0,2025.0,10840.0,Híbrido,Automatico,11612.0,coches.net,berlina
VOLKSWAGEN,POLO,21990.0,2024.0,15400.0,Gasolina,Manual,9512.0,coches.net,berlina
VOLVO,XC60,45990.0,2025.0,28400.0,Híbrido,Automatico,25012.0,coches.net,utilitario
BMW,SERIE 2 ACTIVE TOURER,9900.0,2017.0,198000.0,Gasolina,Manual,13612.0,coches.net,utilitario
VOLVO,XC40,23000.0,2020.0,94129.0,Híbrido enchufable,Automatico,26212.0,coches.net,utilitario
FORD,FOCUS,15850.0,2019.0,122286.0,Gasolina,Manual,15012.0,coches.net,berlina
VOLVO,XC40,21650.0,2021.0,107000.0,Híbrido enchufable,Automatico,21112.0,coches.net,utilitario
MERCEDES-BENZ,GLB,49900.0,2025.0,9900.0,Diésel,Automatico,15012.0,coches.net,utilitario
VOLKSWAGEN,POLO,7490.0,2010.0,141000.0,Diésel,Manual,9012.0,coches.net,berlina
MERCEDES-BENZ,CLE,53490.0,2025.0,12000.0,Híbrido,Automatico,19712.0,coches.net,berlina
VOLKSWAGEN,TAIGO,21990.0,2023.0,38571.0,Gasolina,Automatico,11012.0,coches.net,utilitario
TOYOTA,COROLLA,19990.0,2021.0,79195.0,Híbrido,Automatico,12212.0,coches.net,berlina
VOLKSWAGEN,POLO,9990.0,2015.0,134000.0,Diésel,Manual,7512.0,coches.net,berlina
TOYOTA,COROLLA,19990.0,2021.0,79195.0,Híbrido,Automatico,12212.0,coches.net,berlina
PEUGEOT,408,24990.0,2025.0,13115.0,Híbrido,Automatico,13612.0,coches.net,berlina
BMW,SERIE 3,18890.0,2017.0,95446.0,Diésel,Manual,15012.0,coches.net,berlina
MERCEDES-BENZ,CLASE CLS,6990.0,2006.0,275000.0,Gasolina,Automatico,29212.0,coches.net,berlina
FORD,PUMA,20900.0,2025.0,27500.0,Híbrido,Manual,12512.0,coches.net,utilitario
VOLKSWAGEN,PASSAT,7970.0,2015.0,426000.0,Diésel,Manual,15012.0,coches.net,berlina
VOLKSWAGEN,GOLF,27490.0,2019.0,95200.0,Gasolina,Automatico,24512.0,coches.net,berlina
VOLKSWAGEN,GOLF,22700.0,2020.0,69850.0,Híbrido enchufable,Automatico,20412.0,coches.net,berlina
PEUGEOT,208,11990.0,2023.0,80373.0,Gasolina,Manual,10012.0,coches.net,berlina
KIA,RIO,13990.0,2022.0,55000.0,Gasolina,Manual,8412.0,coches.net,berlina
HONDA,JAZZ,19590.0,2023.0,56000.0,Híbrido,Automatico,10912.0,coches.net,berlina
FORD,C-MAX,2700.0,2009.0,250000.0,Diésel,Manual,10912.0,coches.net,utilitario
RENAULT,TALISMAN,10900.0,2016.0,174424.0,Diésel,Manual,11012.0,coches.net,berlina
MERCEDES-BENZ,CLASE GLC,43900.0,2022.0,74437.0,Diésel,Automatico,19412.0,coches.net,utilitario
SEAT,ARONA,22990.0,2025.0,2234.0,Gasolina,Manual,11512.0,coches.net,utilitario
MAZDA,MAZDA3,16899.0,2019.0,75178.0,Híbrido,Automatico,12212.0,coches.net,berlina
FIAT,TIPO,12399.0,2019.0,29333.0,Gasolina,Manual,12012.0,coches.net,berlina
MERCEDES-BENZ,CLA,31990.0,2022.0,66000.0,Híbrido enchufable,Automatico,21812.0,coches.net,berlina
HYUNDAI,STARIA,36600.0,2022.0,47460.0,Diésel,Automatico,17712.0,coches.net,utilitario
MERCEDES-BENZ,CLA,31990.0,2022.0,66000.0,Híbrido enchufable,Automatico,21812.0,coches.net,berlina
TOYOTA,COROLLA,28490.0,2025.0,11351.0,Híbrido,Automatico,14012.0,coches.net,berlina
BMW,SERIE 7,34500.0,2018.0,130000.0,Diésel,Automatico,26512.0,coches.net,berlina
FORD,FOCUS,9799.0,2015.0,122265.0,Diésel,Manual,11512.0,coches.net,berlina
MERCEDES-BENZ,CLASE C,40990.0,2022.0,44348.0,Híbrido,Automatico,20412.0,coches.net,berlina
AUDI,Q7,14997.0,2006.0,147000.0,Gasolina,Automatico,35012.0,coches.net,utilitario
NISSAN,X-TRAIL,12500.0,2015.0,185000.0,Diésel,Automatico,13012.0,coches.net,utilitario
CITROEN,BERLINGO,12290.0,2017.0,91289.0,Gasolina,Manual,11012.0,coches.net,utilitario
PEUGEOT,208,13500.0,2023.0,45000.0,Gasolina,Manual,10012.0,coches.net,berlina
KIA,E-SOUL,25190.0,2020.0,18762.0,Eléctrico,Automatico,20412.0,coches.net,berlina
FIAT,500,12980.0,2022.0,66538.0,Híbrido,Manual,7012.0,coches.net,berlina
TOYOTA,AURIS,5400.0,2008.0,225000.0,Gasolina,Manual,12412.0,coches.net,berlina
HONDA,CR-V,6500.0,2005.0,310000.0,Diésel,Manual,14012.0,coches.net,utilitario
FORD,GRAND C-MAX,3800.0,2011.0,225000.0,Diésel,Manual,11512.0,coches.net,utilitario
PEUGEOT,5008,13900.0,2019.0,140000.0,Diésel,Manual,13012.0,coches.net,utilitario
MERCEDES-BENZ,GLA,32990.0,2022.0,109778.0,Diésel,Automatico,15012.0,coches.net,utilitario
FORD,FOCUS,16490.0,2023.0,54832.0,Híbrido,Manual,12512.0,coches.net,berlina
NISSAN,QASHQAI,8990.0,2013.0,195000.0,Diésel,Manual,13012.0,coches.net,berlina
MINI,MINI,11900.0,2015.0,137300.0,Diésel,Manual,11612.0,coches.net,berlina
NISSAN,QASHQAI,34690.0,2025.0,6747.0,Híbrido,Automatico,15812.0,coches.net,utilitario
OPEL,CORSA,21101.0,2023.0,38.0,Gasolina,Manual,10012.0,coches.net,berlina
BMW,SERIE 2 ACTIVE TOURER,18900.0,2016.0,139000.0,Diésel,Automatico,19012.0,coches.net,utilitario
RENAULT,MÉGANE,10997.0,2019.0,147200.0,Diésel,Manual,9512.0,coches.net,berlina
NISSAN,JUKE,23300.0,2024.0,18000.0,Híbrido,Automatico,14312.0,coches.net,utilitario
SEAT,ARONA,18490.0,2024.0,44651.0,Gasolina,Manual,11512.0,coches.net,utilitario
MERCEDES-BENZ,CLASE A,34900.0,2024.0,27000.0,Diésel,Automatico,15012.0,coches.net,berlina
MERCEDES-BENZ,CLASE S,48990.0,2021.0,140000.0,Diésel,Automatico,28612.0,coches.net,berlina
PEUGEOT,208,11690.0,2023.0,48974.0,Gasolina,Manual,7512.0,coches.net,berlina
SEAT,ARONA,15999.0,2023.0,50000.0,Gasolina,Manual,11012.0,coches.net,utilitario
FIAT,PANDA,7500.0,2020.0,85927.0,Gasolina,Manual,6912.0,coches.net,berlina
TOYOTA,COROLLA,20990.0,2022.0,97783.0,Híbrido,Automatico,12212.0,coches.net,berlina
FORD,FOCUS,9899.0,2014.0,83467.0,Diésel,Manual,11512.0,coches.net,berlina
FIAT,PUNTO,2950.0,2007.0,202371.0,Diésel,Manual,7012.0,coches.net,berlina
PEUGEOT,208,10499.0,2020.0,45962.0,Gasolina,Manual,7512.0,coches.net,berlina
NISSAN,MICRA,6990.0,2017.0,112120.0,Gasolina,Manual,8012.0,coches.net,berlina
SKODA,KODIAQ,49990.0,2026.0,50.0,Híbrido enchufable,Automatico,20412.0,coches.net,utilitario
PEUGEOT,E-2008,16990.0,2021.0,48449.0,Eléctrico,Automatico,13612.0,coches.net,utilitario
NISSAN,QASHQAI,26990.0,2023.0,48564.0,Híbrido,Automatico,19012.0,coches.net,utilitario
CITROEN,C3,11500.0,2022.0,44000.0,Gasolina,Manual,8312.0,coches.net,berlina
FORD,FOCUS,22690.0,2024.0,11109.0,Híbrido,Manual,15512.0,coches.net,berlina
MERCEDES-BENZ,VITO,59900.0,2026.0,100.0,Diésel,Automatico,13612.0,coches.net,utilitario
TOYOTA,YARIS CROSS,22990.0,2022.0,80956.0,Híbrido,Automatico,11612.0,coches.net,utilitario
OPEL,GRANDLAND X,10000.0,2017.0,140000.0,Diésel,Manual,12012.0,coches.net,utilitario
LYNK & CO,01,22990.0,2023.0,45835.0,Híbrido enchufable,Automatico,26112.0,coches.net,utilitario
CITROEN,C3,9099.0,2018.0,53289.0,Gasolina,Manual,8212.0,coches.net,berlina
CITROEN,C4,7399.0,2016.0,73206.0,Gasolina,Manual,11012.0,coches.net,berlina
MITSUBISHI,ASX,12990.0,2015.0,170000.0,Diésel,Automatico,15012.0,coches.net,utilitario
RENAULT,CLIO,7399.0,2016.0,140485.0,Gasolina,Manual,9512.0,coches.net,berlina
BMW,SERIE 3,48490.0,2020.0,80000.0,Híbrido,Automatico,34012.0,coches.net,berlina
PEUGEOT,3008 HYBRID,27490.0,2025.0,20950.0,Híbrido,Automatico,14512.0,coches.net,utilitario
MERCEDES-BENZ,CLASE GLC,33490.0,2022.0,104765.0,Híbrido enchufable,Automatico,30612.0,coches.net,utilitario
VOLVO,S80,6950.0,2007.0,169000.0,Diésel,Automatico,18512.0,coches.net,berlina
VOLKSWAGEN,GOLF,5490.0,2006.0,280000.0,Gasolina,Manual,11512.0,coches.net,berlina
HYUNDAI,KONA,26990.0,2024.0,16985.0,Híbrido,Automatico,14112.0,coches.net,utilitario
FORD,FOCUS,13490.0,2018.0,75631.0,Gasolina,Manual,12512.0,coches.net,berlina
RENAULT,4 E-TECH,31900.0,2025.0,9700.0,Eléctrico,Automatico,15012.0,coches.net,utilitario
BYD,SEAL U DM-I,34900.0,2025.0,9945.0,Híbrido enchufable,Automatico,32412.0,coches.net,utilitario
VOLKSWAGEN,TIGUAN,35500.0,2023.0,45000.0,Gasolina,Automatico,15012.0,coches.net,utilitario
OPEL,CROSSLAND X,8980.0,2017.0,126940.0,Gasolina,Manual,13012.0,coches.net,utilitario
NISSAN,QASHQAI,13900.0,2016.0,118850.0,Diésel,Manual,11012.0,coches.net,berlina
CITROEN,C4,19990.0,2025.0,10375.0,Híbrido,Automatico,13612.0,coches.net,berlina
CITROEN,C4,15990.0,2021.0,130000.0,Diésel,Automatico,13012.0,coches.net,berlina
RENAULT,MÉGANE,15399.0,2021.0,68800.0,Gasolina,Manual,14012.0,coches.net,berlina
AUDI,A4,22900.0,2020.0,106621.0,Híbrido,Automatico,16312.0,coches.net,berlina
BYD,SEAL U DM-I,30990.0,2025.0,8015.0,Híbrido enchufable,Automatico,21812.0,coches.net,utilitario
VOLKSWAGEN,GOLF,20400.0,2022.0,45000.0,Diésel,Manual,11512.0,coches.net,berlina
VOLKSWAGEN,PASSAT CC,10990.0,2008.0,165000.0,Diésel,Manual,14012.0,coches.net,berlina
LEXUS,CT,13490.0,2015.0,162237.0,Híbrido,Automatico,13612.0,coches.net,berlina
MERCEDES-BENZ,CLASE A,33995.0,2025.0,24323.0,Híbrido,Automatico,13612.0,coches.net,berlina
PORSCHE,CAYENNE,20300.0,2009.0,235000.0,Gasolina,Automatico,38512.0,coches.net,utilitario
DACIA,DOKKER,8999.0,2015.0,166000.0,Diésel,Manual,9012.0,coches.net,utilitario
TOYOTA,HILUX,37990.0,2022.0,85523.0,Diésel,Manual,15012.0,coches.net,pick up
FORD,FOCUS,10970.0,2019.0,179000.0,Diésel,Manual,12012.0,coches.net,berlina
TOYOTA,C-HR,20900.0,2018.0,100175.0,Híbrido,Automatico,12212.0,coches.net,berlina
BYD,SEAL U DM-I,31990.0,2025.0,14127.0,Híbrido enchufable,Automatico,21812.0,coches.net,utilitario
MERCEDES-BENZ,CLASE A,32490.0,2025.0,24160.0,Híbrido,Automatico,13612.0,coches.net,berlina
SEAT,IBIZA,13500.0,2019.0,110000.0,Diésel,Manual,11512.0,coches.net,berlina
MERCEDES-BENZ,CLASE A,32490.0,2025.0,22800.0,Híbrido,Automatico,13612.0,coches.net,berlina
MERCEDES-BENZ,EQS,101900.0,2025.0,1687.0,Eléctrico,Automatico,36012.0,coches.net,berlina
MERCEDES-BENZ,GLC COUPÉ,46900.0,2020.0,95279.0,Híbrido,Automatico,25812.0,coches.net,utilitario
MERCEDES-BENZ,GLE COUPÉ,66900.0,2021.0,102030.0,Diésel,Automatico,27212.0,coches.net,utilitario
HYUNDAI,IONIQ,12999.0,2020.0,175000.0,Híbrido,Automatico,14112.0,coches.net,berlina
CUPRA,FORMENTOR,48990.0,2023.0,12000.0,Gasolina,Automatico,39012.0,coches.net,utilitario
FORD,FOCUS,4100.0,2009.0,213000.0,Diésel,Manual,11512.0,coches.net,berlina
BMW,SERIE 5,16900.0,2015.0,169000.0,Diésel,Automatico,19012.0,coches.net,berlina
VOLKSWAGEN,T-ROC,19200.0,2022.0,81801.0,Gasolina,Manual,11012.0,coches.net,utilitario
VOLVO,XC60,34500.0,2022.0,67495.0,Híbrido enchufable,Automatico,35012.0,coches.net,utilitario
PEUGEOT,RIFTER,16900.0,2019.0,81793.0,Diésel,Manual,13012.0,coches.net,utilitario
CITROEN,C4 X,17000.0,2024.0,60685.0,Diésel,Automatico,13112.0,coches.net,berlina
SKODA,KAMIQ,17500.0,2021.0,51247.0,Gasolina,Manual,11012.0,coches.net,utilitario
SMART,FORFOUR,13000.0,2021.0,17891.0,Eléctrico,Automatico,8212.0,coches.net,berlina
MINI,COUNTRYMAN,18900.0,2019.0,110391.0,Gasolina,Automatico,13612.0,coches.net,berlina
CUPRA,LEÓN,33990.0,2026.0,500.0,Híbrido,Automatico,15012.0,coches.net,berlina
CITROEN,GRAND C4 PICASSO,10599.0,2016.0,134144.0,Diésel,Manual,12012.0,coches.net,utilitario
SEAT,ATECA,26990.0,2021.0,48910.0,Gasolina,Manual,15012.0,coches.net,utilitario
SKODA,OCTAVIA,12799.0,2018.0,73619.0,Gasolina,Automatico,11512.0,coches.net,berlina
VOLKSWAGEN,GOLF,11900.0,2009.0,32637.0,Gasolina,Manual,12212.0,coches.net,berlina
PEUGEOT,308,3800.0,2008.0,220000.0,Diésel,Manual,11012.0,coches.net,berlina
VOLKSWAGEN,GOLF,26800.0,2017.0,80000.0,Gasolina,Automatico,24512.0,coches.net,berlina
MERCEDES-BENZ,CLASE C,31000.0,2020.0,78000.0,Híbrido enchufable,Automatico,30612.0,coches.net,berlina
NISSAN,X-TRAIL,29900.0,2024.0,15000.0,Híbrido,Automatico,16312.0,coches.net,utilitario
TOYOTA,COROLLA,30450.0,2024.0,26986.0,Híbrido,Automatico,19612.0,coches.net,berlina
MERCEDES-BENZ,CLASE C,45990.0,2025.0,19076.0,Híbrido,Automatico,19712.0,coches.net,berlina
VOLVO,XC40,23100.0,2020.0,77012.0,Gasolina,Automatico,16312.0,coches.net,utilitario
VOLVO,XC40,26590.0,2022.0,30434.0,Híbrido enchufable,Automatico,21112.0,coches.net,utilitario
MITSUBISHI,OUTLANDER,5399.0,2010.0,344582.0,Diésel,Automatico,17712.0,coches.net,utilitario
FIAT,500C,10990.0,2021.0,94019.0,Híbrido,Manual,7012.0,coches.net,berlina
RENAULT,KADJAR,12199.0,2017.0,95601.0,Gasolina,Manual,13012.0,coches.net,berlina
MINI,MINI,10990.0,2017.0,263000.0,Diésel,Manual,11612.0,coches.net,berlina
SKODA,KAROQ,19890.0,2021.0,79507.0,Diésel,Automatico,15012.0,coches.net,utilitario
VOLVO,XC40,19999.0,2020.0,187000.0,Diésel,Automatico,15012.0,coches.net,utilitario
SKODA,KAROQ,17490.0,2021.0,120183.0,Diésel,Automatico,15012.0,coches.net,utilitario
BENTLEY,CONTINENTAL GT,234990.0,2020.0,29000.0,Gasolina,Automatico,63512.0,coches.net,berlina
SEAT,IBIZA,16400.0,2024.0,40000.0,Gasolina,Manual,11512.0,coches.net,berlina
TOYOTA,YARIS,19890.0,2025.0,27918.0,Híbrido,Automatico,11612.0,coches.net,berlina
MERCEDES-BENZ,CLA,31990.0,2021.0,116000.0,Diésel,Automatico,19012.0,coches.net,berlina
AUDI,A3,18199.0,2018.0,69521.0,Gasolina,Manual,15012.0,coches.net,berlina
CITROEN,C3 AIRCROSS,19500.0,2025.0,21532.0,Gasolina,Manual,10012.0,coches.net,utilitario
OPEL,ASTRA,9990.0,2017.0,85227.0,Gasolina,Manual,10512.0,coches.net,berlina
PEUGEOT,308,8899.0,2015.0,87799.0,Diésel,Manual,9212.0,coches.net,berlina
KIA,SPORTAGE,14500.0,2016.0,68000.0,Gasolina,Manual,13512.0,coches.net,utilitario
AUDI,Q5,28999.0,2019.0,135700.0,Diésel,Automatico,19012.0,coches.net,utilitario
BMW,SERIE 2 ACTIVE TOURER,24990.0,2022.0,93000.0,Diésel,Automatico,15012.0,coches.net,utilitario
BMW,X1,20750.0,2020.0,92587.0,Diésel,Automatico,11612.0,coches.net,utilitario
BMW,X1,20890.0,2022.0,135379.0,Diésel,Manual,11612.0,coches.net,utilitario
FORD,KUGA,21100.0,2022.0,62303.0,Híbrido enchufable,Automatico,22512.0,coches.net,utilitario
KIA,SPORTAGE,20999.0,2022.0,92000.0,Híbrido,Manual,15012.0,coches.net,utilitario
KIA,PICANTO,14537.0,2024.0,20784.0,Gasolina,Manual,6712.0,coches.net,berlina
RENAULT,MÉGANE,13099.0,2016.0,70476.0,Diésel,Manual,11012.0,coches.net,berlina
MERCEDES-BENZ,GLA,43900.0,2024.0,10678.0,Diésel,Automatico,15012.0,coches.net,utilitario
MERCEDES-BENZ,GLA,44990.0,2024.0,14743.0,Diésel,Automatico,15012.0,coches.net,utilitario
TOYOTA,PRIUS+,16990.0,2013.0,163500.0,Híbrido,Automatico,13612.0,coches.net,utilitario
BMW,SERIE 1,17290.0,2020.0,105182.0,Diésel,Automatico,11612.0,coches.net,berlina
NISSAN,JUKE,11499.0,2015.0,81821.0,Gasolina,Manual,11512.0,coches.net,utilitario
VOLKSWAGEN,POLO,7490.0,2013.0,140000.0,Gasolina,Manual,9012.0,coches.net,berlina
CITROEN,BERLINGO,12900.0,2019.0,160016.0,Gasolina,Manual,11012.0,coches.net,utilitario
FORD,FOCUS,13290.0,2022.0,157156.0,Diésel,Manual,12012.0,coches.net,berlina
SSANGYONG,XLV,13900.0,2017.0,95990.0,Diésel,Automatico,11512.0,coches.net,utilitario
TOYOTA,AYGO,10490.0,2019.0,42670.0,Gasolina,Manual,6912.0,coches.net,berlina
NISSAN,JUKE,16490.0,2021.0,59754.0,Gasolina,Automatico,11412.0,coches.net,utilitario
BMW,SERIE 5,32900.0,2022.0,75000.0,Híbrido,Automatico,19012.0,coches.net,berlina
MINI,MINI,14790.0,2018.0,97165.0,Diésel,Manual,9512.0,coches.net,berlina
MERCEDES-BENZ,CLA,29490.0,2022.0,94985.0,Híbrido enchufable,Automatico,21812.0,coches.net,berlina
BMW,X4,35900.0,2019.0,78000.0,Gasolina,Automatico,25212.0,coches.net,utilitario
CITROEN,C-ELYSÉE,6990.0,2015.0,136000.0,Diésel,Manual,9212.0,coches.net,berlina
FIAT,PANDA,8499.0,2017.0,108664.0,Diésel,Manual,9512.0,coches.net,berlina
BMW,SERIE 1,24990.0,2022.0,85050.0,Diésel,Automatico,19012.0,coches.net,berlina
SKODA,KAROQ,32990.0,2025.0,11000.0,Gasolina,Automatico,15012.0,coches.net,utilitario
AUDI,Q2,26900.0,2025.0,14926.0,Gasolina,Manual,11612.0,coches.net,utilitario
SUZUKI,SX4,4990.0,2009.0,235000.0,Diésel,Manual,12012.0,coches.net,utilitario
TOYOTA,YARIS,15690.0,2019.0,50611.0,Híbrido,Automatico,10012.0,coches.net,berlina
LAND-ROVER,DEFENDER,39995.0,2007.0,147000.0,Diésel,Manual,12212.0,coches.net,utilitario
MINI,MINI,23498.0,2023.0,27690.0,Gasolina,Automatico,13612.0,coches.net,berlina
SEAT,ATECA,23490.0,2020.0,24870.0,Gasolina,Manual,15012.0,coches.net,utilitario
AUDI,A3,25900.0,2023.0,44000.0,Diésel,Manual,11612.0,coches.net,berlina
SUZUKI,SWIFT,15900.0,2022.0,59000.0,Híbrido,Manual,8312.0,coches.net,berlina
TOYOTA,RAV4,49000.0,2025.0,12175.0,Híbrido enchufable,Automatico,30612.0,coches.net,utilitario
NISSAN,JUKE,10500.0,2014.0,66407.0,Gasolina,Manual,11512.0,coches.net,utilitario
TOYOTA,C-HR,22800.0,2022.0,65017.0,Híbrido,Automatico,12212.0,coches.net,berlina
TOYOTA,C-HR,20290.0,2022.0,110065.0,Híbrido,Automatico,12212.0,coches.net,berlina
TOYOTA,C-HR,22950.0,2021.0,51000.0,Híbrido,Automatico,18412.0,coches.net,berlina
PEUGEOT,RIFTER,16799.0,2021.0,101092.0,Diésel,Manual,10012.0,coches.net,utilitario
BMW,SERIE 1,13500.0,2015.0,156010.0,Diésel,Automatico,15012.0,coches.net,berlina
AUDI,Q3 SPORTBACK,43350.0,2024.0,41534.0,Gasolina,Automatico,15012.0,coches.net,utilitario
KIA,XCEED,16890.0,2021.0,64596.0,Híbrido,Manual,13612.0,coches.net,utilitario
MERCEDES-BENZ,CLASE A,25900.0,2021.0,105934.0,Híbrido enchufable,Automatico,21812.0,coches.net,berlina
KIA,SPORTAGE,14990.0,2019.0,155152.0,Híbrido,Manual,11512.0,coches.net,utilitario
BMW,X3,50900.0,2022.0,75000.0,Híbrido,Automatico,34012.0,coches.net,utilitario
SEAT,LEÓN,13499.0,2018.0,69000.0,Gasolina,Manual,11512.0,coches.net,berlina
MERCEDES-BENZ,GLC COUPÉ,38900.0,2018.0,145556.0,Gasolina,Automatico,21112.0,coches.net,utilitario
OPEL,GRANDLAND,16990.0,2023.0,47568.0,Gasolina,Automatico,13012.0,coches.net,utilitario
MERCEDES-BENZ,CLA,39990.0,2025.0,16960.0,Híbrido enchufable,Automatico,21812.0,coches.net,berlina
AUDI,Q5 SPORTBACK,40500.0,2022.0,104000.0,Híbrido,Automatico,20412.0,coches.net,utilitario
NISSAN,MURANO,10800.0,2009.0,83000.0,Gasolina,Automatico,25612.0,coches.net,utilitario
PORSCHE,CAYENNE COUPÉ,62495.0,2020.0,155000.0,Híbrido enchufable,Automatico,46212.0,coches.net,utilitario
BMW,IX2,43990.0,2024.0,15499.0,Eléctrico,Automatico,20412.0,coches.net,utilitario
AUDI,A3,28990.0,2022.0,28706.0,Híbrido enchufable,Automatico,20412.0,coches.net,berlina
FIAT,500X,9900.0,2016.0,140000.0,Gasolina,Manual,14012.0,coches.net,utilitario
SKODA,KODIAQ,30990.0,2020.0,115000.0,Diésel,Automatico,23912.0,coches.net,utilitario
TOYOTA,HILUX,29750.0,2021.0,175806.0,Diésel,Manual,15012.0,coches.net,pick up
MERCEDES-BENZ,GLC COUPÉ,39990.0,2021.0,123380.0,Híbrido enchufable,Automatico,30612.0,coches.net,utilitario
PEUGEOT,3008,15390.0,2021.0,87530.0,Gasolina,Manual,13012.0,coches.net,utilitario
SEAT,LEÓN,18690.0,2024.0,48037.0,Gasolina,Manual,13012.0,coches.net,berlina
PEUGEOT,308,24300.0,2025.0,5500.0,Híbrido,Automatico,14512.0,coches.net,berlina
TOYOTA,BZ4X,32950.0,2024.0,19000.0,Eléctrico,Automatico,20412.0,coches.net,utilitario
TOYOTA,YARIS,20490.0,2022.0,17650.0,Híbrido,Automatico,11612.0,coches.net,berlina
AUDI,A3,69900.0,2022.0,21000.0,Gasolina,Automatico,40012.0,coches.net,berlina
LEXUS,UX,37900.0,2025.0,5400.0,Híbrido,Automatico,19912.0,coches.net,utilitario
VOLVO,XC60,28990.0,2021.0,103776.0,Híbrido enchufable,Automatico,34012.0,coches.net,utilitario
HYUNDAI,IX35,9490.0,2010.0,215000.0,Diésel,Manual,13612.0,coches.net,utilitario
HYUNDAI,I20,16900.0,2024.0,9091.0,Gasolina,Manual,7912.0,coches.net,berlina
HYUNDAI,I20,16900.0,2024.0,6000.0,Gasolina,Manual,8412.0,coches.net,berlina
MERCEDES-BENZ,CLASE B,34420.0,2025.0,20000.0,Diésel,Automatico,15012.0,coches.net,utilitario
PORSCHE,CAYENNE,61999.0,2018.0,138230.0,Gasolina,Automatico,55012.0,coches.net,utilitario
OPEL,ASTRA,13490.0,2020.0,49435.0,Gasolina,Manual,11012.0,coches.net,berlina
HYUNDAI,IX20,10490.0,2015.0,89000.0,Gasolina,Automatico,12612.0,coches.net,utilitario
KIA,NIRO,17990.0,2021.0,110000.0,Híbrido,Automatico,14112.0,coches.net,berlina
HYUNDAI,TUCSON,25875.0,2025.0,31025.0,Gasolina,Manual,16012.0,coches.net,utilitario
HYUNDAI,TUCSON,27475.0,2025.0,29825.0,Gasolina,Manual,16012.0,coches.net,utilitario
FORD,FOCUS,15890.0,2022.0,109245.0,Diésel,Automatico,12012.0,coches.net,berlina
MERCEDES-BENZ,CLASE A,43600.0,2025.0,12000.0,Híbrido enchufable,Automatico,21812.0,coches.net,berlina
BMW,X3,27990.0,2020.0,73289.0,Diésel,Automatico,15012.0,coches.net,utilitario
SEAT,LEÓN,14590.0,2019.0,90832.0,Gasolina,Manual,13012.0,coches.net,berlina
FIAT,500,13495.0,2024.0,28343.0,Híbrido,Manual,7012.0,coches.net,berlina
MERCEDES-BENZ,CLASE GLC,39990.0,2022.0,79900.0,Híbrido enchufable,Automatico,32012.0,coches.net,utilitario
AUDI,Q5 SPORTBACK,40990.0,2022.0,99870.0,Híbrido,Automatico,20412.0,coches.net,utilitario
AUDI,Q5 SPORTBACK,39990.0,2022.0,119178.0,Híbrido enchufable,Automatico,29912.0,coches.net,utilitario
MITSUBISHI,SPACE STAR,14250.0,2023.0,23000.0,Gasolina,Manual,7112.0,coches.net,berlina
VOLKSWAGEN,TOURAN,20999.0,2019.0,101555.0,Gasolina,Manual,15012.0,coches.net,utilitario
NISSAN,QASHQAI,29650.0,2023.0,22300.0,Híbrido,Automatico,15812.0,coches.net,utilitario
MG,HS,25200.0,2024.0,32500.0,Gasolina,Automatico,17012.0,coches.net,utilitario
KIA,SPORTAGE,21540.0,2022.0,79822.0,Híbrido,Manual,15012.0,coches.net,utilitario
BMW,SERIE 3,22640.0,2021.0,128873.0,Híbrido,Automatico,15012.0,coches.net,berlina
VOLKSWAGEN,TIGUAN,41900.0,2025.0,24471.0,Diésel,Automatico,15012.0,coches.net,utilitario
PEUGEOT,308,20900.0,2025.0,18487.0,Gasolina,Manual,13012.0,coches.net,berlina
KIA,NIRO,19895.0,2022.0,113947.0,Híbrido,Automatico,14112.0,coches.net,berlina
DACIA,LODGY,13450.0,2018.0,48021.0,Gas,Manual,10212.0,coches.net,utilitario
FORD,KUGA,14190.0,2014.0,128400.0,Diésel,Automatico,18012.0,coches.net,utilitario
PEUGEOT,3008,14690.0,2017.0,85170.0,Diésel,Manual,12012.0,coches.net,utilitario
MERCEDES-BENZ,CLASE S,75900.0,2022.0,110572.0,Diésel,Automatico,28612.0,coches.net,berlina
LAND-ROVER,RANGE ROVER SPORT,53000.0,2021.0,52000.0,Híbrido,Automatico,24912.0,coches.net,utilitario
FIAT,FREEMONT,10990.0,2013.0,203000.0,Diésel,Automatico,17012.0,coches.net,utilitario
BMW,SERIE 3,3999.0,1997.0,182000.0,Diésel,Manual,9012.0,coches.net,berlina
SEAT,IBIZA,6299.0,2015.0,170000.0,Diésel,Manual,9012.0,coches.net,berlina
MERCEDES-BENZ,CLASE A,36900.0,2024.0,5318.0,Híbrido enchufable,Automatico,21812.0,coches.net,berlina
HYUNDAI,KONA,19450.0,2021.0,60000.0,Eléctrico,Automatico,20412.0,coches.net,utilitario
VOLKSWAGEN,GOLF,8500.0,2011.0,125000.0,Diésel,Manual,10512.0,coches.net,berlina
MERCEDES-BENZ,CLASE C,9999.0,2007.0,150000.0,Diésel,Manual,17012.0,coches.net,berlina
CITROEN,C3 AIRCROSS,11890.0,2020.0,56397.0,Gasolina,Manual,11012.0,coches.net,utilitario
NISSAN,JUKE,21950.0,2025.0,17347.0,Gasolina,Automatico,11412.0,coches.net,utilitario
FORD,GRAND C-MAX,8490.0,2015.0,163000.0,Gasolina,Manual,12512.0,coches.net,utilitario
EVO,CUATRO,20990.0,2025.0,36.0,Gas,Manual,11412.0,coches.net,utilitario
PORSCHE,MACAN,61990.0,2020.0,44000.0,Gasolina,Automatico,35412.0,coches.net,utilitario
CITROEN,Ë-C3,24450.0,2025.0,5000.0,Eléctrico,Automatico,11312.0,coches.net,berlina
MERCEDES-BENZ,GLA,32900.0,2022.0,27264.0,Gasolina,Automatico,13612.0,coches.net,utilitario
TOYOTA,YARIS,20290.0,2024.0,68890.0,Híbrido,Automatico,11612.0,coches.net,berlina
FORD,KUGA,7999.0,2011.0,240000.0,Diésel,Manual,14012.0,coches.net,utilitario
MERCEDES-BENZ,CLASE C,39900.0,2021.0,43875.0,Híbrido,Automatico,20412.0,coches.net,berlina
KIA,RIO,13950.0,2020.0,49624.0,Gasolina,Manual,10012.0,coches.net,berlina
KIA,RIO,13400.0,2021.0,34718.0,Gasolina,Manual,8412.0,coches.net,berlina
ALFA ROMEO,JUNIOR,24290.0,2025.0,10999.0,Híbrido,Automatico,14512.0,coches.net,utilitario
MERCEDES-BENZ,CLASE C,56900.0,2024.0,15.0,Híbrido enchufable,Automatico,31312.0,coches.net,berlina
PEUGEOT,E-2008,24990.0,2025.0,9839.0,Eléctrico,Automatico,15612.0,coches.net,utilitario
MERCEDES-BENZ,EQA,35900.0,2021.0,73523.0,Eléctrico,Automatico,19012.0,coches.net,utilitario
VOLVO,C40,38900.0,2026.0,1.0,Eléctrico,Automatico,23812.0,coches.net,utilitario
VOLVO,XC60,26990.0,2021.0,151713.0,Diésel,Automatico,19012.0,coches.net,utilitario
MERCEDES-BENZ,CLASE E,78990.0,2025.0,300.0,Híbrido enchufable,Automatico,31312.0,coches.net,berlina
FORD,KA+,9100.0,2017.0,62611.0,Gasolina,Manual,7012.0,coches.net,berlina
VOLKSWAGEN,TRANSPORTER,19800.0,2012.0,217000.0,Diésel,Manual,10212.0,coches.net,utilitario
SUZUKI,GRAND VITARA,10990.0,2010.0,145000.0,Diésel,Manual,12912.0,coches.net,utilitario
SEAT,ARONA,22990.0,2024.0,41981.0,Gasolina,Automatico,15012.0,coches.net,utilitario
OPEL,COMBO LIFE,13699.0,2019.0,104860.0,Gasolina,Manual,11012.0,coches.net,utilitario
BMW,SERIE 1,21500.0,2022.0,54809.0,Diésel,Automatico,11612.0,coches.net,berlina
MINI,MINI,7896.0,2006.0,120000.0,Gasolina,Manual,11612.0,coches.net,berlina
TOYOTA,HILUX,23900.0,2017.0,217000.0,Diésel,Manual,15012.0,coches.net,pick up
AUDI,Q5,42990.0,2023.0,70697.0,Híbrido,Automatico,20412.0,coches.net,utilitario
AUDI,Q5,42990.0,2022.0,61310.0,Híbrido,Automatico,20412.0,coches.net,utilitario
MERCEDES-BENZ,GLB,30999.0,2021.0,107000.0,Diésel,Automatico,15012.0,coches.net,utilitario
HONDA,ACCORD,9990.0,2011.0,174780.0,Gasolina,Manual,15612.0,coches.net,berlina
MERCEDES-BENZ,GLB,30999.0,2023.0,108000.0,Diésel,Automatico,15012.0,coches.net,utilitario
PEUGEOT,E-RIFTER,24990.0,2025.0,2707.0,Eléctrico,Automatico,13612.0,coches.net,utilitario
AUDI,Q5,27490.0,2019.0,91402.0,Diésel,Automatico,19012.0,coches.net,utilitario
VOLVO,XC40,36900.0,2023.0,26302.0,Híbrido,Automatico,19712.0,coches.net,utilitario
MERCEDES-BENZ,CLA,40900.0,2025.0,16.0,Híbrido,Automatico,16312.0,coches.net,berlina
OPEL,CORSA,13200.0,2023.0,31975.0,Gasolina,Manual,10012.0,coches.net,berlina
KIA,SPORTAGE,12990.0,2020.0,209000.0,Híbrido,Manual,13612.0,coches.net,utilitario
OPEL,CORSA,12500.0,2023.0,27601.0,Gasolina,Manual,7512.0,coches.net,berlina
KIA,E-NIRO,27300.0,2024.0,29900.0,Eléctrico,Automatico,20412.0,coches.net,berlina
CITROEN,C3,3700.0,2007.0,100000.0,Gasolina,Manual,6112.0,coches.net,berlina
AUDI,A1,24350.0,2025.0,25160.0,Gasolina,Manual,11612.0,coches.net,berlina
ASTON MARTIN,VANTAGE V8,64900.0,2012.0,58150.0,Gasolina,Automatico,43612.0,coches.net,berlina
CUPRA,LEÓN,30800.0,2025.0,14586.0,Híbrido,Automatico,15012.0,coches.net,berlina
JAGUAR,E-PACE,27900.0,2019.0,35500.0,Gasolina,Automatico,20012.0,coches.net,utilitario
RENAULT,SCÉNIC,17390.0,2020.0,78987.0,Diésel,Manual,12012.0,coches.net,utilitario
ALFA ROMEO,MITO,6990.0,2010.0,183466.0,Diésel,Manual,12012.0,coches.net,berlina
CUPRA,TERRAMAR,35290.0,2025.0,23858.0,Híbrido,Automatico,15012.0,coches.net,utilitario
BMW,SERIE 1,24890.0,2023.0,44833.0,Gasolina,Automatico,13612.0,coches.net,berlina
PEUGEOT,308,14490.0,2022.0,104887.0,Gasolina,Manual,11012.0,coches.net,berlina
PEUGEOT,3008 HYBRID,14900.0,2020.0,120000.0,Híbrido enchufable,Automatico,22512.0,coches.net,utilitario
PEUGEOT,3008,18900.0,2019.0,89999.0,Diésel,Automatico,13012.0,coches.net,utilitario
BMW,X1,13990.0,2013.0,199000.0,Diésel,Manual,18412.0,coches.net,berlina
PEUGEOT,2008,14990.0,2023.0,55402.0,Gasolina,Manual,10012.0,coches.net,utilitario
TOYOTA,C-HR,20750.0,2022.0,112933.0,Híbrido,Automatico,12212.0,coches.net,berlina
TOYOTA,C-HR,24990.0,2023.0,55152.0,Híbrido,Automatico,12212.0,coches.net,berlina
AUDI,Q3,26490.0,2019.0,77232.0,Diésel,Automatico,15012.0,coches.net,utilitario
RENAULT,CAPTUR,22990.0,2025.0,3300.0,Gas,Manual,10012.0,coches.net,utilitario
OPEL,ASTRA,8490.0,2015.0,178870.0,Diésel,Manual,13612.0,coches.net,berlina
OPEL,VIVARO,22990.0,2018.0,90000.0,Diésel,Manual,12512.0,coches.net,utilitario
OPEL,VIVARO,22990.0,2018.0,90000.0,Diésel,Manual,12512.0,coches.net,utilitario
VOLKSWAGEN,GOLF,59990.0,2026.0,1000.0,Gasolina,Automatico,33312.0,coches.net,berlina
VOLKSWAGEN,TOUAREG,39990.0,2022.0,138000.0,Diésel,Automatico,23112.0,coches.net,utilitario
SKODA,FABIA,11900.0,2019.0,58153.0,Gasolina,Manual,7512.0,coches.net,berlina
SEAT,LEÓN,10990.0,2014.0,79434.0,Diésel,Manual,10512.0,coches.net,berlina
HYUNDAI,KONA,15990.0,2022.0,113535.0,Híbrido,Manual,12012.0,coches.net,utilitario
VOLKSWAGEN,SCIROCCO,7900.0,2009.0,187000.0,Gasolina,Manual,16012.0,coches.net,berlina
JEEP,RENEGADE,13990.0,2019.0,139000.0,Diésel,Automatico,12012.0,coches.net,utilitario
TOYOTA,LAND CRUISER,47900.0,2022.0,58000.0,Diésel,Manual,20412.0,coches.net,utilitario
MERCEDES-BENZ,CLASE GLC,40899.0,2021.0,74200.0,Diésel,Automatico,19412.0,coches.net,utilitario
MERCEDES-BENZ,CLASE A,26599.0,2020.0,24789.0,Diésel,Automatico,15012.0,coches.net,berlina
BMW,SERIE 1,18990.0,2021.0,138645.0,Diésel,Automatico,11612.0,coches.net,berlina
MERCEDES-BENZ,CLASE E,44900.0,2022.0,62221.0,Diésel,Automatico,19412.0,coches.net,berlina
MINI,MINI,16900.0,2020.0,82500.0,Eléctrico,Automatico,18412.0,coches.net,berlina
VOLKSWAGEN,POLO,14599.0,2021.0,72880.0,Gasolina,Automatico,9512.0,coches.net,berlina
OPEL,VIVARO,21990.0,2019.0,85000.0,Diésel,Manual,14512.0,coches.net,utilitario
RENAULT,KANGOO COMBI,17999.0,2022.0,90000.0,Diésel,Manual,9512.0,coches.net,utilitario
OPEL,VIVARO,21990.0,2019.0,85000.0,Diésel,Manual,14512.0,coches.net,utilitario
MERCEDES-BENZ,CLASE T,24900.0,2023.0,20000.0,Diésel,Manual,9512.0,coches.net,utilitario
FORD,FIESTA,7999.0,2017.0,118112.0,Gasolina,Manual,8212.0,coches.net,berlina
BMW,X5,49990.0,2019.0,131000.0,Diésel,Automatico,40012.0,coches.net,utilitario
OPEL,MERIVA,5490.0,2011.0,138083.0,Gasolina,Manual,10012.0,coches.net,utilitario
MITSUBISHI,COLT,5990.0,2010.0,119958.0,Gasolina,Manual,7512.0,coches.net,utilitario
NISSAN,JUKE,24290.0,2023.0,27074.0,Híbrido,Automatico,14312.0,coches.net,utilitario
FIAT,500,12990.0,2022.0,44608.0,Híbrido,Manual,7012.0,coches.net,berlina
FIAT,500,11590.0,2023.0,40614.0,Híbrido,Manual,7012.0,coches.net,berlina
FIAT,500,10599.0,2021.0,39642.0,Híbrido,Manual,7012.0,coches.net,berlina
BMW,SERIE 1,17350.0,2019.0,62341.0,Gasolina,Manual,10912.0,coches.net,berlina
MERCEDES-BENZ,CLASE A,26740.0,2022.0,69969.0,Gasolina,Automatico,13612.0,coches.net,berlina
FORD,FOCUS,18990.0,2024.0,58435.0,Híbrido,Automatico,15512.0,coches.net,berlina
FORD,ECOSPORT,14490.0,2022.0,37280.0,Gasolina,Manual,12512.0,coches.net,utilitario
PEUGEOT,308,11990.0,2021.0,67000.0,Diésel,Automatico,13012.0,coches.net,berlina
AUDI,A3,18990.0,2021.0,87000.0,Gasolina,Manual,11012.0,coches.net,berlina
FORD,PUMA,21990.0,2024.0,6327.0,Híbrido,Manual,12512.0,coches.net,utilitario
VOLKSWAGEN,GOLF,20850.0,2020.0,75258.0,Gasolina,Automatico,15012.0,coches.net,berlina
VOLKSWAGEN,PASSAT,7970.0,2015.0,426000.0,Diésel,Manual,15012.0,coches.net,berlina
VOLKSWAGEN,GOLF,19499.0,2011.0,139800.0,Gasolina,Automatico,27012.0,coches.net,berlina
SEAT,ARONA,18490.0,2022.0,75595.0,Gasolina,Automatico,11012.0,coches.net,utilitario
VOLVO,XC60,25990.0,2020.0,135981.0,Híbrido,Automatico,19712.0,coches.net,utilitario
SEAT,ARONA,18990.0,2021.0,44463.0,Gasolina,Manual,11012.0,coches.net,utilitario
MERCEDES-BENZ,CLASE A,12890.0,2016.0,219000.0,Diésel,Automatico,10912.0,coches.net,berlina
MINI,MINI,19900.0,2018.0,121200.0,Gasolina,Automatico,13612.0,coches.net,berlina
KIA,SPORTAGE,28750.0,2024.0,24312.0,Gasolina,Manual,15012.0,coches.net,utilitario
TOYOTA,YARIS,17900.0,2020.0,34000.0,Híbrido,Automatico,10012.0,coches.net,berlina
OPEL,INSIGNIA,3800.0,2011.0,350000.0,Diésel,Manual,13012.0,coches.net,berlina
VOLKSWAGEN,ARTEON,27990.0,2020.0,136970.0,Diésel,Automatico,19012.0,coches.net,berlina
JEEP,WRANGLER,42900.0,2018.0,40548.0,Diésel,Automatico,20012.0,coches.net,utilitario
HYUNDAI,BAYON,15990.0,2024.0,22000.0,Gasolina,Manual,8412.0,coches.net,utilitario
TOYOTA,C-HR,21990.0,2023.0,88300.0,Híbrido,Automatico,12212.0,coches.net,berlina
TOYOTA,C-HR,23990.0,2020.0,62908.0,Híbrido,Automatico,18412.0,coches.net,berlina
TOYOTA,C-HR,24690.0,2023.0,73353.0,Híbrido,Automatico,18412.0,coches.net,berlina
RENAULT,CAPTUR,13990.0,2019.0,58890.0,Gasolina,Manual,9012.0,coches.net,berlina
MERCEDES-BENZ,CLASE GLC,32999.0,2021.0,79900.0,Diésel,Automatico,16312.0,coches.net,utilitario
OPEL,ASTRA,8950.0,2014.0,98657.0,Diésel,Manual,13012.0,coches.net,berlina
PEUGEOT,208,13900.0,2023.0,69000.0,Diésel,Manual,10012.0,coches.net,berlina
HONDA,JAZZ,25500.0,2025.0,18204.0,Híbrido,Automatico,12212.0,coches.net,berlina
DACIA,SANDERO,12650.0,2024.0,40000.0,Gas,Manual,10112.0,coches.net,berlina
KIA,SPORTAGE,19000.0,2020.0,71518.0,Híbrido,Manual,13612.0,coches.net,utilitario
SEAT,LEÓN,29475.0,2017.0,39000.0,Gasolina,Automatico,30012.0,coches.net,berlina
KIA,SPORTAGE,15990.0,2018.0,141540.0,Diésel,Manual,11512.0,coches.net,utilitario
KIA,SPORTAGE,39990.0,2025.0,31970.0,Híbrido enchufable,Automatico,25212.0,coches.net,utilitario
KIA,SPORTAGE,36570.0,2024.0,26281.0,Híbrido enchufable,Automatico,26512.0,coches.net,utilitario
NISSAN,MICRA,11790.0,2019.0,90498.0,Gasolina,Manual,10012.0,coches.net,berlina
VOLKSWAGEN,GOLF,26490.0,2023.0,83705.0,Híbrido enchufable,Automatico,20412.0,coches.net,berlina
AUDI,A1,23900.0,2021.0,46000.0,Gasolina,Automatico,11012.0,coches.net,berlina
BMW,Z4,9990.0,2006.0,143000.0,Gasolina,Manual,15012.0,coches.net,berlina
FORD,ECOSPORT,14990.0,2022.0,55055.0,Gasolina,Manual,12512.0,coches.net,utilitario
MG,ZS,14990.0,2022.0,81908.0,Gasolina,Manual,10612.0,coches.net,utilitario
VOLVO,XC60,34900.0,2023.0,141300.0,Híbrido,Automatico,19712.0,coches.net,utilitario
VOLVO,S60,26850.0,2021.0,138000.0,Híbrido enchufable,Automatico,39012.0,coches.net,berlina
CITROEN,C4 PICASSO,9990.0,2018.0,180000.0,Diésel,Manual,12012.0,coches.net,utilitario
TOYOTA,YARIS CROSS,24300.0,2022.0,84121.0,Híbrido,Automatico,11612.0,coches.net,utilitario
FORD,KUGA,22490.0,2023.0,90902.0,Gasolina,Manual,15012.0,coches.net,utilitario
BMW,SERIE 2,81990.0,2023.0,4600.0,Gasolina,Automatico,46012.0,coches.net,berlina
NISSAN,QASHQAI,26900.0,2024.0,9000.0,Híbrido,Manual,14012.0,coches.net,utilitario
CUPRA,FORMENTOR,20500.0,2022.0,112262.0,Diésel,Manual,15012.0,coches.net,utilitario
MERCEDES-BENZ,CLASE C,8990.0,2001.0,45000.0,Gasolina,Manual,19712.0,coches.net,berlina
PEUGEOT,208,17500.0,2024.0,15135.0,Híbrido,Automatico,10012.0,coches.net,berlina
PEUGEOT,208,17500.0,2024.0,15135.0,Híbrido,Automatico,10012.0,coches.net,berlina
BMW,SERIE 3,15900.0,2013.0,145000.0,Diésel,Manual,18412.0,coches.net,berlina
TOYOTA,LAND CRUISER,23990.0,2006.0,278000.0,Diésel,Automatico,17312.0,coches.net,utilitario
PEUGEOT,5008 HYBRID,34900.0,2025.0,5832.0,Híbrido,Automatico,14512.0,coches.net,utilitario
OPEL,INSIGNIA,15950.0,2018.0,14000.0,Gasolina,Manual,14012.0,coches.net,berlina
MERCEDES-BENZ,CLASE GLA,23990.0,2018.0,127100.0,Diésel,Automatico,17712.0,coches.net,utilitario
BMW,SERIE 2 GRAN TOURER,21990.0,2021.0,72000.0,Gasolina,Manual,13612.0,coches.net,utilitario
SEAT,ARONA,20900.0,2024.0,10490.0,Gasolina,Manual,11512.0,coches.net,utilitario
FORD,B-MAX,8490.0,2015.0,63818.0,Gasolina,Manual,12512.0,coches.net,berlina
BMW,SERIE 3,12990.0,2008.0,169000.0,Diésel,Manual,17712.0,coches.net,berlina
HYUNDAI,I20,18161.0,2025.0,18092.0,Gasolina,Manual,10012.0,coches.net,berlina
KIA,STONIC,15490.0,2022.0,37800.0,Gasolina,Manual,8412.0,coches.net,utilitario
NISSAN,QASHQAI,11490.0,2015.0,115000.0,Gasolina,Manual,11512.0,coches.net,berlina
LYNK & CO,01,20750.0,2022.0,80345.0,Híbrido enchufable,Automatico,26112.0,coches.net,utilitario
NISSAN,QASHQAI,15800.0,2020.0,171000.0,Diésel,Manual,11512.0,coches.net,berlina
DS,DS 3,24880.0,2023.0,34610.0,Eléctrico,Automatico,15612.0,coches.net,utilitario
VOLKSWAGEN,GOLF,39900.0,2025.0,22400.0,Gasolina,Automatico,26512.0,coches.net,berlina
MINI,MINI,10990.0,2014.0,135626.0,Gasolina,Manual,12012.0,coches.net,berlina
MINI,MINI,10990.0,2014.0,135626.0,Gasolina,Manual,12012.0,coches.net,berlina
MERCEDES-BENZ,CLASE SLC,28490.0,2018.0,91500.0,Gasolina,Automatico,18412.0,coches.net,berlina
VOLKSWAGEN,ARTEON,17990.0,2018.0,235000.0,Diésel,Automatico,15012.0,coches.net,berlina
CITROEN,C5,12990.0,2017.0,149000.0,Diésel,Automatico,18012.0,coches.net,berlina
PEUGEOT,408,27970.0,2023.0,17201.0,Gasolina,Automatico,13012.0,coches.net,berlina
VOLKSWAGEN,T-CROSS,22850.0,2023.0,30000.0,Gasolina,Automatico,11612.0,coches.net,utilitario
SKODA,KODIAQ,23990.0,2022.0,91830.0,Diésel,Automatico,15012.0,coches.net,utilitario
OPEL,MOKKA,14990.0,2022.0,48473.0,Gasolina,Manual,13012.0,coches.net,utilitario
OPEL,GRANDLAND X,13490.0,2021.0,123452.0,Gasolina,Automatico,13012.0,coches.net,utilitario
FORD,FIESTA,13900.0,2019.0,47610.0,Gasolina,Manual,8512.0,coches.net,berlina
FORD,FIESTA,12900.0,2019.0,40087.0,Gasolina,Manual,7512.0,coches.net,berlina
FIAT,500,10290.0,2022.0,40738.0,Híbrido,Manual,7012.0,coches.net,berlina
SEAT,ATECA,34490.0,2026.0,500.0,Gasolina,Automatico,15012.0,coches.net,utilitario
TOYOTA,RAV4,12600.0,2012.0,229500.0,Diésel,Automatico,15012.0,coches.net,utilitario
MERCEDES-BENZ,CLASE C,7990.0,2006.0,160000.0,Diésel,Manual,12212.0,coches.net,berlina
JEEP,COMPASS,29900.0,2025.0,453.0,Híbrido,Automatico,13012.0,coches.net,utilitario
VOLVO,XC40,33900.0,2025.0,17000.0,Híbrido,Automatico,16312.0,coches.net,utilitario
VOLKSWAGEN,T-ROC,18590.0,2018.0,97000.0,Gasolina,Manual,15012.0,coches.net,utilitario
BMW,X2,23500.0,2021.0,52000.0,Diésel,Automatico,15012.0,coches.net,utilitario
RENAULT,CAPTUR,21199.0,2024.0,9493.0,Híbrido,Automatico,14512.0,coches.net,utilitario
PEUGEOT,2008,13485.0,2019.0,59000.0,Gasolina,Manual,13012.0,coches.net,utilitario
VOLKSWAGEN,POLO,21700.0,2023.0,15723.0,Gasolina,Automatico,11012.0,coches.net,berlina
RENAULT,CAPTUR,17900.0,2021.0,52292.0,Gasolina,Automatico,14012.0,coches.net,utilitario
NISSAN,MICRA,4499.0,2007.0,191000.0,Gasolina,Manual,8812.0,coches.net,berlina
PEUGEOT,308,4999.0,2009.0,170000.0,Gasolina,Manual,15012.0,coches.net,berlina
PEUGEOT,E-208,16900.0,2022.0,30130.0,Eléctrico,Automatico,13612.0,coches.net,berlina
SEAT,IBIZA,19300.0,2025.0,12000.0,Gasolina,Manual,11512.0,coches.net,berlina
MERCEDES-BENZ,CLASE A,31000.0,2021.0,16900.0,Diésel,Automatico,15012.0,coches.net,berlina
PEUGEOT,3008,22490.0,2023.0,53955.0,Diésel,Automatico,13012.0,coches.net,utilitario
AUDI,A3,42100.0,2025.0,12600.0,Híbrido enchufable,Automatico,20412.0,coches.net,berlina
AUDI,Q5,15790.0,2015.0,203600.0,Diésel,Manual,15012.0,coches.net,utilitario
FORD,RANGER,59990.0,2024.0,23000.0,Diésel,Automatico,21012.0,coches.net,pick up
PEUGEOT,508,11990.0,2019.0,158927.0,Diésel,Manual,13012.0,coches.net,berlina
CUPRA,LEÓN,28740.0,2025.0,13154.0,Híbrido,Automatico,15012.0,coches.net,berlina
HYUNDAI,I20,15990.0,2022.0,44000.0,Híbrido,Manual,10012.0,coches.net,berlina
TOYOTA,COROLLA,19590.0,2020.0,35428.0,Híbrido,Automatico,12212.0,coches.net,berlina
BMW,SERIE 3,11490.0,2016.0,270000.0,Diésel,Automatico,19012.0,coches.net,berlina
BMW,SERIE 1,12290.0,2016.0,139193.0,Diésel,Manual,11612.0,coches.net,berlina
BMW,X1,26990.0,2022.0,62210.0,Diésel,Automatico,15012.0,coches.net,utilitario
AUDI,A3,29000.0,2024.0,23.0,Diésel,Manual,11612.0,coches.net,berlina
VOLKSWAGEN,PASSAT,17999.0,2020.0,119000.0,Diésel,Automatico,12212.0,coches.net,berlina
JEEP,COMPASS,11900.0,2017.0,183286.0,Diésel,Automatico,14012.0,coches.net,utilitario
VOLVO,XC40,24900.0,2021.0,63000.0,Híbrido enchufable,Automatico,26212.0,coches.net,utilitario
AUDI,A4,16500.0,2015.0,178110.0,Diésel,Manual,15012.0,coches.net,berlina
CITROEN,C-ELYSÉE,9900.0,2018.0,39000.0,Gasolina,Manual,8212.0,coches.net,berlina
PEUGEOT,E-208,22900.0,2023.0,11000.0,Eléctrico,Automatico,13612.0,coches.net,berlina
MINI,MINI,10990.0,2017.0,263000.0,Diésel,Manual,11612.0,coches.net,berlina
MAZDA,CX-60,37990.0,2023.0,43402.0,Híbrido enchufable,Automatico,32712.0,coches.net,utilitario
FIAT,500C,10990.0,2021.0,94019.0,Híbrido,Manual,7012.0,coches.net,berlina
VOLVO,XC40,19999.0,2020.0,187000.0,Diésel,Automatico,15012.0,coches.net,utilitario
SKODA,KAROQ,17490.0,2021.0,120183.0,Diésel,Automatico,15012.0,coches.net,utilitario
SKODA,KAROQ,19890.0,2021.0,79507.0,Diésel,Automatico,15012.0,coches.net,utilitario
TOYOTA,C-HR,38950.0,2025.0,8822.0,Híbrido enchufable,Automatico,22312.0,coches.net,utilitario
KIA,STONIC,17990.0,2024.0,16699.0,Gasolina,Manual,8412.0,coches.net,utilitario
MINI,MINI,4490.0,2007.0,224000.0,Gasolina,Manual,9512.0,coches.net,berlina
LEXUS,UX,24990.0,2019.0,75129.0,Híbrido,Automatico,18412.0,coches.net,utilitario
RENAULT,CAPTUR,26200.0,2024.0,14338.0,Híbrido,Automatico,14512.0,coches.net,utilitario
KIA,STONIC,15900.0,2021.0,38800.0,Híbrido,Manual,10012.0,coches.net,utilitario
RENAULT,CLIO,11750.0,2020.0,111999.0,Gasolina,Manual,10012.0,coches.net,berlina
BMW,SERIE 1,12999.0,2016.0,140000.0,Diésel,Manual,11612.0,coches.net,berlina
TOYOTA,COROLLA,30499.0,2025.0,11031.0,Híbrido,Automatico,19612.0,coches.net,berlina
KIA,SPORTAGE,39990.0,2023.0,16546.0,Híbrido enchufable,Automatico,26512.0,coches.net,utilitario
RENAULT,TRAFIC,15499.0,2020.0,260000.0,Diésel,Manual,12012.0,coches.net,utilitario
MG,EHS,18490.0,2022.0,55975.0,Híbrido enchufable,Automatico,25812.0,coches.net,utilitario
SEAT,IBIZA,13490.0,2022.0,115580.0,Gasolina,Manual,11012.0,coches.net,berlina
JEEP,RENEGADE,13399.0,2017.0,83543.0,Diésel,Manual,12012.0,coches.net,utilitario
SEAT,ARONA,18900.0,2025.0,14025.0,Gasolina,Manual,11512.0,coches.net,utilitario
BMW,SERIE 4,29900.0,2022.0,133000.0,Híbrido,Automatico,19012.0,coches.net,berlina
CITROEN,BERLINGO,11999.0,2016.0,170691.0,Diésel,Manual,10012.0,coches.net,utilitario
TOYOTA,C-HR,17990.0,2019.0,112000.0,Híbrido,Automatico,12212.0,coches.net,berlina
BMW,SERIE 3,24900.0,2021.0,34000.0,Diésel,Automatico,15012.0,coches.net,berlina
CITROEN,C3,11950.0,2023.0,68561.0,Gasolina,Manual,11012.0,coches.net,berlina
SEAT,IBIZA,11090.0,2017.0,76765.0,Gasolina,Manual,9512.0,coches.net,berlina
VOLVO,XC60,43500.0,2025.0,16749.0,Híbrido,Automatico,25012.0,coches.net,utilitario
BMW,SERIE 1,32399.0,2022.0,85000.0,Diésel,Automatico,19012.0,coches.net,berlina
BMW,SERIE 6,12900.0,2017.0,295000.0,Diésel,Automatico,31312.0,coches.net,berlina
HYUNDAI,I20,8990.0,2015.0,119000.0,Gasolina,Manual,8412.0,coches.net,berlina
AUDI,Q5,54150.0,2024.0,33060.0,Híbrido,Automatico,20412.0,coches.net,utilitario
DACIA,SANDERO,16499.0,2024.0,19862.0,Gasolina,Manual,11012.0,coches.net,berlina
HYUNDAI,IONIQ,16490.0,2018.0,46248.0,Híbrido enchufable,Automatico,14112.0,coches.net,berlina
BMW,X2,25990.0,2022.0,65911.0,Híbrido enchufable,Automatico,22012.0,coches.net,utilitario
OPEL,INSIGNIA,15900.0,2021.0,44000.0,Diésel,Manual,12212.0,coches.net,berlina
BMW,X6,17900.0,2008.0,266000.0,Diésel,Automatico,28612.0,coches.net,utilitario
LAND-ROVER,RANGE ROVER SPORT,23990.0,2017.0,135000.0,Diésel,Automatico,25812.0,coches.net,utilitario
PEUGEOT,5008,22990.0,2020.0,101892.0,Diésel,Automatico,18012.0,coches.net,utilitario
SEAT,LEÓN,7490.0,2013.0,201994.0,Diésel,Manual,10512.0,coches.net,berlina
PORSCHE,MACAN,24990.0,2015.0,270000.0,Diésel,Automatico,25812.0,coches.net,utilitario
NISSAN,JUKE,21500.0,2023.0,26800.0,Gasolina,Manual,11412.0,coches.net,utilitario
MERCEDES-BENZ,GLA,29990.0,2022.0,71278.0,Híbrido enchufable,Automatico,21812.0,coches.net,utilitario
AUDI,A3,9990.0,2010.0,186608.0,Diésel,Manual,14012.0,coches.net,berlina
DACIA,DUSTER,15990.0,2021.0,36500.0,Gasolina,Manual,9012.0,coches.net,utilitario
PEUGEOT,308,17498.0,2023.0,19429.0,Gasolina,Automatico,13012.0,coches.net,berlina
AUDI,A6,16499.0,2015.0,109650.0,Diésel,Automatico,19012.0,coches.net,berlina
VOLKSWAGEN,GOLF,25300.0,2022.0,90000.0,Diésel,Automatico,15012.0,coches.net,berlina
MERCEDES-BENZ,CLA,30990.0,2021.0,55000.0,Gasolina,Automatico,13612.0,coches.net,berlina
MERCEDES-BENZ,CLA,30990.0,2020.0,55000.0,Gasolina,Automatico,13612.0,coches.net,berlina
MERCEDES-BENZ,CLASE C,17290.0,2014.0,121528.0,Diésel,Manual,17012.0,coches.net,berlina
AUDI,Q5,30990.0,2018.0,120000.0,Diésel,Automatico,19012.0,coches.net,utilitario
SEAT,ARONA,18490.0,2024.0,18602.0,Gasolina,Manual,11512.0,coches.net,utilitario
MERCEDES-BENZ,CLASE C,12990.0,2011.0,230000.0,Diésel,Manual,17012.0,coches.net,berlina
HONDA,CR-V,29990.0,2023.0,53050.0,Híbrido,Automatico,18412.0,coches.net,utilitario
KIA,PICANTO,16980.0,2026.0,9.0,Gasolina,Manual,6812.0,coches.net,berlina
CITROEN,C4 PICASSO,9500.0,2015.0,102157.0,Gasolina,Manual,13012.0,coches.net,utilitario
NISSAN,X-TRAIL,22990.0,2020.0,81849.0,Gasolina,Automatico,16012.0,coches.net,utilitario
FIAT,PANDA,10500.0,2019.0,42000.0,Gasolina,Manual,6912.0,coches.net,berlina
TOYOTA,COROLLA,25490.0,2023.0,75113.0,Híbrido,Automatico,14012.0,coches.net,berlina
MERCEDES-BENZ,CLASE GLC,35850.0,2020.0,70715.0,Híbrido,Automatico,19712.0,coches.net,utilitario
AUDI,Q2,23990.0,2023.0,79000.0,Diésel,Automatico,11612.0,coches.net,utilitario
HYUNDAI,I20 ACTIVE,11990.0,2021.0,123617.0,Gasolina,Manual,10012.0,coches.net,berlina
MERCEDES-BENZ,CLASE CLK,10980.0,2007.0,207000.0,Gasolina,Automatico,27212.0,coches.net,berlina
KIA,STONIC,18990.0,2022.0,62887.0,Híbrido,Manual,10012.0,coches.net,utilitario
FORD,PUMA,18200.0,2023.0,61558.0,Híbrido,Manual,12512.0,coches.net,utilitario
LEXUS,LBX,33990.0,2025.0,5123.0,Híbrido,Automatico,13612.0,coches.net,utilitario
MAZDA,CX-60,37990.0,2023.0,43402.0,Híbrido enchufable,Automatico,32712.0,coches.net,utilitario
SEAT,LEÓN,24990.0,2024.0,11641.0,Híbrido,Automatico,15012.0,coches.net,berlina
MERCEDES-BENZ,CLASE C,48900.0,2025.0,25927.0,Híbrido,Automatico,19712.0,coches.net,berlina
SEAT,IBIZA,13999.0,2019.0,65626.0,Diésel,Manual,8012.0,coches.net,berlina
OPEL,CORSA,18900.0,2025.0,8000.0,Híbrido,Automatico,11012.0,coches.net,berlina
RENAULT,CLIO,19400.0,2024.0,12.0,Diésel,Manual,10012.0,coches.net,berlina
MG,HS,26790.0,2026.0,2500.0,Gasolina,Manual,16212.0,coches.net,utilitario
MERCEDES-BENZ,CLASE GLC,36990.0,2020.0,110000.0,Híbrido enchufable,Automatico,32012.0,coches.net,utilitario
MERCEDES-BENZ,CLASE GLC,39500.0,2020.0,113766.0,Híbrido enchufable,Automatico,30612.0,coches.net,utilitario
BMW,X6,66900.0,2022.0,109049.0,Híbrido,Automatico,34012.0,coches.net,utilitario
NISSAN,QASHQAI,19800.0,2021.0,88000.0,Híbrido,Manual,14012.0,coches.net,utilitario
SEAT,LEÓN,21500.0,2025.0,26461.0,Híbrido,Automatico,11612.0,coches.net,berlina
BMW,X1,23900.0,2019.0,39219.0,Diésel,Automatico,15012.0,coches.net,utilitario
AUDI,A3,14900.0,2012.0,68006.0,Diésel,Automatico,14012.0,coches.net,berlina
VOLKSWAGEN,GRAND CALIFORNIA,67900.0,2023.0,69000.0,Diésel,Automatico,17712.0,coches.net,utilitario
SEAT,IBIZA,17150.0,2025.0,34448.0,Gasolina,Manual,9512.0,coches.net,berlina
CUPRA,FORMENTOR,29990.0,2024.0,18000.0,Híbrido,Automatico,15012.0,coches.net,utilitario
CUPRA,FORMENTOR,30490.0,2024.0,32000.0,Híbrido enchufable,Automatico,20412.0,coches.net,utilitario
NISSAN,JUKE,24676.0,2025.0,13000.0,Híbrido,Automatico,14312.0,coches.net,utilitario
MERCEDES-BENZ,CLASE C,25490.0,2020.0,98453.0,Híbrido enchufable,Automatico,32012.0,coches.net,berlina
RENAULT,ESPACE,14990.0,2016.0,170000.0,Diésel,Automatico,16012.0,coches.net,utilitario
PORSCHE,MACAN,39900.0,2017.0,109000.0,Diésel,Automatico,25812.0,coches.net,utilitario
PEUGEOT,208,10999.0,2020.0,45953.0,Gasolina,Manual,7512.0,coches.net,berlina
OPEL,ADAM,7900.0,2016.0,56000.0,Gasolina,Manual,10012.0,coches.net,berlina
LEXUS,NX,32500.0,2021.0,99247.0,Híbrido,Automatico,19712.0,coches.net,utilitario
TOYOTA,YARIS CROSS,26400.0,2023.0,19298.0,Híbrido,Automatico,11612.0,coches.net,utilitario
SKODA,OCTAVIA,16990.0,2021.0,123728.0,Híbrido,Automatico,11012.0,coches.net,berlina
HYUNDAI,I30,18790.0,2024.0,24791.0,Gasolina,Manual,12012.0,coches.net,berlina
AUDI,Q3,20990.0,2016.0,73967.0,Gasolina,Manual,15012.0,coches.net,utilitario
CITROEN,C5 AIRCROSS,19990.0,2024.0,31913.0,Gasolina,Manual,13112.0,coches.net,utilitario
TOYOTA,C-HR,34400.0,2024.0,13487.0,Híbrido enchufable,Automatico,22312.0,coches.net,utilitario
KIA,XCEED,21610.0,2024.0,50532.0,Híbrido,Manual,13612.0,coches.net,utilitario
LAND-ROVER,RANGE ROVER SPORT,35990.0,2015.0,139670.0,Gasolina,Automatico,51012.0,coches.net,utilitario
MAZDA,CX-30,24390.0,2024.0,21627.0,Híbrido,Manual,14012.0,coches.net,utilitario
BMW,IX1,38900.0,2024.0,20000.0,Eléctrico,Automatico,31312.0,coches.net,utilitario
CUPRA,TERRAMAR,44490.0,2025.0,6600.0,Híbrido enchufable,Automatico,27212.0,coches.net,utilitario
LAND-ROVER,RANGE ROVER SPORT,21999.0,2015.0,200000.0,Diésel,Automatico,33912.0,coches.net,utilitario
CITROEN,C3 AIRCROSS,9099.0,2021.0,119076.0,Gasolina,Manual,11012.0,coches.net,utilitario
SMART,FORFOUR,11950.0,2020.0,24608.0,Eléctrico,Automatico,8212.0,coches.net,berlina
TOYOTA,YARIS,16300.0,2020.0,45618.0,Híbrido,Automatico,10012.0,coches.net,berlina
HYUNDAI,I30,18690.0,2024.0,53216.0,Híbrido,Manual,12012.0,coches.net,berlina
LEXUS,NX,46250.0,2022.0,49246.0,Híbrido,Automatico,24212.0,coches.net,utilitario
MERCEDES-BENZ,GLC COUPÉ,68990.0,2025.0,14273.0,Híbrido,Automatico,26912.0,coches.net,utilitario
KIA,CEED,13990.0,2021.0,80160.0,Gasolina,Manual,12012.0,coches.net,berlina
MERCEDES-BENZ,CLASE V,94900.0,2025.0,13000.0,Diésel,Automatico,23712.0,coches.net,utilitario
VOLKSWAGEN,MULTIVAN,58900.0,2023.0,29000.0,Diésel,Automatico,15012.0,coches.net,utilitario
AUDI,Q3 SPORTBACK,31999.0,2021.0,81000.0,Diésel,Automatico,15012.0,coches.net,utilitario
OPEL,COMBO LIFE,14900.0,2019.0,106000.0,Diésel,Manual,13112.0,coches.net,utilitario
MITSUBISHI,OUTLANDER,8500.0,2007.0,170000.0,Diésel,Manual,14012.0,coches.net,utilitario
AUDI,A3,39990.0,2025.0,14183.0,Híbrido enchufable,Automatico,20412.0,coches.net,berlina
MERCEDES-BENZ,CLASE V,48970.0,2022.0,98101.0,Diésel,Automatico,16312.0,coches.net,utilitario
KIA,CEED,18985.0,2024.0,19998.0,Gasolina,Manual,10012.0,coches.net,berlina
KIA,CEED,18985.0,2024.0,19998.0,Gasolina,Manual,10012.0,coches.net,berlina
SKODA,KAROQ,21490.0,2021.0,66834.0,Diésel,Automatico,15012.0,coches.net,utilitario
SKODA,SCALA,15500.0,2022.0,74228.0,Gasolina,Manual,11012.0,coches.net,berlina
FIAT,500,12900.0,2022.0,59999.0,Híbrido,Manual,7012.0,coches.net,berlina
FORD,FOCUS,24990.0,2024.0,27213.0,Gasolina,Manual,12512.0,coches.net,berlina
MERCEDES-BENZ,EQE SUV,61990.0,2025.0,31143.0,Eléctrico,Automatico,29212.0,coches.net,utilitario
MERCEDES-BENZ,EQE SUV,62990.0,2025.0,22538.0,Eléctrico,Automatico,29212.0,coches.net,utilitario
TOYOTA,YARIS,15990.0,2020.0,78379.0,Híbrido,Automatico,11612.0,coches.net,berlina
VOLKSWAGEN,T-ROC,24900.0,2022.0,87514.0,Diésel,Automatico,15012.0,coches.net,utilitario
SEAT,IBIZA,5999.0,2010.0,156000.0,Diésel,Manual,8012.0,coches.net,berlina
VOLKSWAGEN,ARTEON,31790.0,2021.0,91477.0,Diésel,Automatico,20012.0,coches.net,berlina
FORD,S-MAX,9450.0,2011.0,149000.0,Diésel,Manual,14012.0,coches.net,utilitario
RENAULT,KADJAR,13399.0,2016.0,78977.0,Diésel,Manual,11012.0,coches.net,berlina
VOLVO,V40,10399.0,2015.0,141009.0,Diésel,Manual,11512.0,coches.net,berlina
OPEL,ADAM,7599.0,2015.0,92619.0,Gasolina,Manual,8712.0,coches.net,berlina
KIA,SPORTAGE,21900.0,2021.0,53394.0,Gasolina,Manual,13212.0,coches.net,utilitario
MAZDA,MAZDA3,34690.0,2025.0,4475.0,Híbrido,Automatico,18612.0,coches.net,berlina
OPEL,CORSA,11600.0,2023.0,72577.0,Gasolina,Manual,10012.0,coches.net,berlina
SEAT,IBIZA,16990.0,2025.0,16000.0,Gasolina,Manual,11512.0,coches.net,berlina
OPEL,CORSA,13500.0,2024.0,37831.0,Gasolina,Manual,10012.0,coches.net,berlina
JAGUAR,E-PACE,22890.0,2021.0,75372.0,Híbrido,Automatico,16312.0,coches.net,utilitario
LEAPMOTOR,T03,16990.0,2025.0,9626.0,Eléctrico,Automatico,9512.0,coches.net,berlina
AUDI,A3,12990.0,2014.0,116662.0,Diésel,Manual,10512.0,coches.net,berlina
MERCEDES-BENZ,CLASE C,54900.0,2024.0,56181.0,Híbrido enchufable,Automatico,31312.0,coches.net,berlina
SEAT,IBIZA,18880.0,2025.0,8900.0,Gasolina,Manual,11512.0,coches.net,berlina
FORD,FOCUS,9599.0,2017.0,98150.0,Gasolina,Automatico,12512.0,coches.net,berlina
SEAT,IBIZA,18890.0,2025.0,8599.0,Gasolina,Manual,11512.0,coches.net,berlina
OPEL,ASTRA,11540.0,2021.0,101129.0,Gasolina,Manual,13012.0,coches.net,berlina
DACIA,SANDERO,16850.0,2025.0,13829.0,Gas,Manual,10112.0,coches.net,berlina
VOLKSWAGEN,GOLF,22900.0,2022.0,72248.0,Diésel,Manual,11512.0,coches.net,berlina
AUDI,Q5,28500.0,2020.0,86306.0,Diésel,Automatico,16312.0,coches.net,utilitario
VOLKSWAGEN,CARAVELLE,43900.0,2025.0,18.0,Diésel,Automatico,15012.0,coches.net,utilitario
PEUGEOT,308,8697.0,2018.0,225000.0,Diésel,Manual,10012.0,coches.net,berlina
JEEP,RENEGADE,18200.0,2021.0,54990.0,Gasolina,Automatico,15012.0,coches.net,utilitario
TOYOTA,C-HR,21990.0,2019.0,82950.0,Híbrido,Automatico,12212.0,coches.net,berlina
BMW,SERIE 1,18900.0,2020.0,78266.0,Gasolina,Manual,14012.0,coches.net,berlina
KIA,SORENTO,37490.0,2023.0,93000.0,Híbrido,Automatico,23012.0,coches.net,utilitario
VOLKSWAGEN,POLO,5500.0,2013.0,282000.0,Diésel,Manual,9012.0,coches.net,berlina
VOLKSWAGEN,TIGUAN,29490.0,2023.0,42281.0,Gasolina,Manual,15012.0,coches.net,utilitario
OPEL,CROSSLAND X,11890.0,2017.0,133000.0,Diésel,Manual,12012.0,coches.net,utilitario
CITROEN,GRAND C4 PICASSO,10999.0,2016.0,80121.0,Diésel,Manual,12012.0,coches.net,utilitario
AUDI,Q8,57890.0,2021.0,95332.0,Híbrido enchufable,Automatico,38112.0,coches.net,utilitario
PEUGEOT,308,8700.0,2020.0,180000.0,Diésel,Manual,10012.0,coches.net,berlina
KIA,NIRO,21399.0,2023.0,81791.0,Híbrido enchufable,Automatico,18312.0,coches.net,berlina
VOLVO,XC60,35199.0,2022.0,115309.0,Híbrido enchufable,Automatico,35012.0,coches.net,utilitario
MERCEDES-BENZ,CLASE GLC,36799.0,2020.0,49745.0,Híbrido enchufable,Automatico,30612.0,coches.net,utilitario
RENAULT,GRAND SCÉNIC,3600.0,2007.0,230000.0,Diésel,Manual,13012.0,coches.net,utilitario
PORSCHE,911,218900.0,2024.0,5000.0,Gasolina,Automatico,51012.0,coches.net,berlina
AUDI,Q2,29900.0,2022.0,58900.0,Diésel,Automatico,15012.0,coches.net,utilitario
ALFA ROMEO,MITO,6500.0,2014.0,152000.0,Diésel,Manual,8512.0,coches.net,berlina
AUDI,A3,27990.0,2023.0,82010.0,Diésel,Automatico,15012.0,coches.net,berlina
VOLKSWAGEN,GOLF,6800.0,2009.0,232389.0,Diésel,Manual,10512.0,coches.net,berlina
SMART,FORFOUR,11985.0,2019.0,26187.0,Eléctrico,Automatico,8212.0,coches.net,berlina
FORD,PUMA,26900.0,2025.0,1240.0,Híbrido,Manual,12512.0,coches.net,utilitario
BMW,X4,23900.0,2015.0,155000.0,Diésel,Automatico,19012.0,coches.net,utilitario
MERCEDES-BENZ,GLC COUPÉ,45990.0,2020.0,73888.0,Híbrido,Automatico,19712.0,coches.net,utilitario
RENAULT,MÉGANE,10599.0,2021.0,153421.0,Diésel,Manual,11512.0,coches.net,berlina
FERRARI,F8,459000.0,2023.0,8867.0,Gasolina,Automatico,,coches.net,berlina
FERRARI,F8,419900.0,2021.0,4340.0,Gasolina,Automatico,,coches.net,berlina
HYUNDAI,BAYON,16900.0,2023.0,18300.0,Gasolina,Manual,8412.0,coches.net,utilitario
LAND-ROVER,RANGE ROVER EVOQUE,30990.0,2021.0,33000.0,Híbrido enchufable,Automatico,30912.0,coches.net,utilitario
MERCEDES-BENZ,CLASE A,13990.0,2017.0,109000.0,Gasolina,Manual,12212.0,coches.net,berlina
AUDI,A6,34900.0,2016.0,180000.0,Diésel,Automatico,32612.0,coches.net,berlina
PEUGEOT,308,8999.0,2019.0,166829.0,Diésel,Manual,10012.0,coches.net,berlina
VOLKSWAGEN,POLO,18850.0,2023.0,66426.0,Gasolina,Manual,9512.0,coches.net,berlina
AUDI,TT,24990.0,2016.0,144800.0,Gasolina,Manual,23012.0,coches.net,berlina
SEAT,ARONA,22210.0,2024.0,6194.0,Gasolina,Automatico,11512.0,coches.net,utilitario
AUDI,Q5 SPORTBACK,35290.0,2022.0,93961.0,Híbrido,Automatico,20412.0,coches.net,utilitario
VOLKSWAGEN,GOLF,39900.0,2025.0,15000.0,Diésel,Automatico,15012.0,coches.net,berlina
PEUGEOT,2008,10200.0,2021.0,167000.0,Diésel,Manual,11012.0,coches.net,utilitario
SMART,FORTWO,17490.0,2023.0,26175.0,Eléctrico,Automatico,8212.0,coches.net,berlina
DACIA,SANDERO,13500.0,2022.0,50000.0,Gasolina,Manual,9112.0,coches.net,berlina
VOLKSWAGEN,TIGUAN,37850.0,2025.0,12913.0,Híbrido,Automatico,13012.0,coches.net,utilitario
LEXUS,UX,26900.0,2021.0,65500.0,Eléctrico,Automatico,20412.0,coches.net,utilitario
AUDI,A4,27250.0,2021.0,68500.0,Híbrido,Automatico,13612.0,coches.net,berlina
SSANGYONG,TIVOLI,9990.0,2017.0,155000.0,Diésel,Manual,11512.0,coches.net,utilitario
SEAT,TOLEDO,7900.0,2013.0,167000.0,Diésel,Manual,10512.0,coches.net,berlina
FORD,FOCUS,2990.0,2006.0,229000.0,Diésel,Manual,11512.0,coches.net,berlina
BMW,SERIE 4,27899.0,2018.0,101253.0,Gasolina,Automatico,25212.0,coches.net,berlina
NISSAN,QASHQAI,22985.0,2023.0,29999.0,Híbrido,Manual,14012.0,coches.net,utilitario
MITSUBISHI,COLT,19900.0,2024.0,1956.0,Híbrido,Automatico,14312.0,coches.net,berlina
SEAT,IBIZA,12500.0,2018.0,23180.0,Gasolina,Manual,8012.0,coches.net,berlina
HYUNDAI,TUCSON,25390.0,2025.0,14842.0,Gasolina,Manual,15012.0,coches.net,utilitario
AUDI,A3,43990.0,2021.0,75000.0,Gasolina,Automatico,31012.0,coches.net,berlina
MERCEDES-BENZ,GLC,33490.0,2022.0,104765.0,Híbrido enchufable,Automatico,33312.0,coches.net,utilitario
CITROEN,C4 SPACETOURER,9900.0,2019.0,115661.0,Gasolina,Manual,13012.0,coches.net,utilitario
OPEL,MOKKA,17190.0,2023.0,34555.0,Gasolina,Automatico,13012.0,coches.net,utilitario
FERRARI,488,249000.0,2016.0,24000.0,Gasolina,Automatico,67012.0,coches.net,berlina
DACIA,LOGAN,6999.0,2016.0,134000.0,Gasolina,Manual,9012.0,coches.net,berlina
DACIA,SANDERO,6500.0,2017.0,149000.0,Gasolina,Manual,7312.0,coches.net,berlina
VOLKSWAGEN,TIGUAN,22850.0,2021.0,98251.0,Gasolina,Automatico,15012.0,coches.net,utilitario
FIAT,500,11599.0,2021.0,45547.0,Híbrido,Manual,7012.0,coches.net,berlina
OPEL,ASTRA,11490.0,2021.0,105707.0,Gasolina,Manual,13012.0,coches.net,berlina
OPEL,ASTRA,13510.0,2021.0,47012.0,Gasolina,Manual,11012.0,coches.net,berlina
AUDI,Q5 SPORTBACK,37000.0,2022.0,120462.0,Híbrido,Automatico,20412.0,coches.net,utilitario
AUDI,Q5 SPORTBACK,39500.0,2022.0,17237.0,Híbrido,Automatico,16312.0,coches.net,utilitario
BMW,X2,24790.0,2020.0,52745.0,Gasolina,Manual,14012.0,coches.net,utilitario
TOYOTA,COROLLA,22500.0,2022.0,119714.0,Híbrido,Automatico,18012.0,coches.net,berlina
PEUGEOT,2008,17700.0,2023.0,80484.0,Gasolina,Automatico,13012.0,coches.net,utilitario
CUPRA,FORMENTOR,36990.0,2024.0,24283.0,Híbrido enchufable,Automatico,24512.0,coches.net,utilitario
RENAULT,CLIO,10290.0,2018.0,93383.0,Gas,Manual,9012.0,coches.net,berlina
RENAULT,CLIO,10290.0,2018.0,93383.0,Gas,Manual,9012.0,coches.net,berlina
CITROEN,C4,3999.0,2007.0,175000.0,Diésel,Manual,11012.0,coches.net,berlina
PEUGEOT,5008,15499.0,2019.0,149000.0,Diésel,Manual,13012.0,coches.net,utilitario
AUDI,A1,25850.0,2025.0,20876.0,Gasolina,Manual,11612.0,coches.net,berlina
MERCEDES-BENZ,CLASE GL,12900.0,2008.0,390000.0,Diésel,Automatico,22412.0,coches.net,utilitario
FORD,FOCUS,16999.0,2023.0,64024.0,Híbrido,Manual,12512.0,coches.net,berlina
NISSAN,JUKE,18550.0,2023.0,51396.0,Gasolina,Manual,11412.0,coches.net,utilitario
RENAULT,SCENIC,9300.0,2016.0,244000.0,Diésel,Automatico,11012.0,coches.net,utilitario
CITROEN,C4 SPACETOURER,15900.0,2020.0,70000.0,Diésel,Manual,13012.0,coches.net,utilitario
LEXUS,GS450H,11990.0,2007.0,223000.0,Eléctrico,Automatico,34512.0,coches.net,berlina
MAZDA,CX-30,23990.0,2022.0,69862.0,Híbrido,Manual,15012.0,coches.net,utilitario
RENAULT,CAPTUR,18990.0,2023.0,40500.0,Híbrido,Automatico,14512.0,coches.net,utilitario
NISSAN,JUKE,25990.0,2025.0,8349.0,Híbrido,Automatico,14312.0,coches.net,utilitario
MAZDA,MAZDA2,15850.0,2023.0,78000.0,Híbrido,Automatico,11612.0,coches.net,berlina
RENAULT,CLIO,19400.0,2024.0,10.0,Diésel,Manual,10012.0,coches.net,berlina
SEAT,LEÓN,16990.0,2021.0,78033.0,Diésel,Manual,11512.0,coches.net,berlina
BMW,XM,119900.0,2024.0,27000.0,Híbrido enchufable,Automatico,65312.0,coches.net,utilitario
HYUNDAI,TUCSON,24990.0,2025.0,15761.0,Gasolina,Manual,16012.0,coches.net,utilitario
HYUNDAI,TUCSON,24990.0,2025.0,19885.0,Gasolina,Manual,16012.0,coches.net,utilitario
PORSCHE,PANAMERA,59990.0,2016.0,140000.0,Diésel,Automatico,42212.0,coches.net,berlina
MINI,COUNTRYMAN,8950.0,2010.0,140000.0,Diésel,Manual,11212.0,coches.net,berlina
CITROEN,C5 X,21900.0,2023.0,5500.0,Gasolina,Automatico,13012.0,coches.net,berlina
KIA,STONIC,15000.0,2023.0,24906.0,Híbrido,Manual,10012.0,coches.net,utilitario
HYUNDAI,KONA,18500.0,2020.0,37135.0,Eléctrico,Automatico,20412.0,coches.net,utilitario
FORD,PUMA,18100.0,2021.0,40664.0,Híbrido,Manual,12512.0,coches.net,utilitario
MERCEDES-BENZ,GLA,45900.0,2025.0,21140.0,Híbrido enchufable,Automatico,21812.0,coches.net,utilitario
LAND-ROVER,RANGE ROVER VELAR,71900.0,2025.0,4956.0,Híbrido enchufable,Automatico,40412.0,coches.net,utilitario
MERCEDES-BENZ,GLA,43500.0,2025.0,19348.0,Híbrido,Automatico,16312.0,coches.net,utilitario
HYUNDAI,I20,20500.0,2025.0,9876.0,Híbrido,Automatico,10012.0,coches.net,berlina
RENAULT,CAPTUR,13499.0,2021.0,113580.0,Diésel,Manual,11512.0,coches.net,utilitario
AUDI,A3,22900.0,2020.0,93000.0,Diésel,Manual,11612.0,coches.net,berlina
SKODA,KAMIQ,21490.0,2023.0,83720.0,Gasolina,Automatico,15012.0,coches.net,utilitario
VOLKSWAGEN,POLO,13990.0,2021.0,90903.0,Gasolina,Manual,9512.0,coches.net,berlina
MERCEDES-BENZ,CLASE B,26990.0,2019.0,56000.0,Gasolina,Automatico,16312.0,coches.net,utilitario
KIA,CARNIVAL,3990.0,2007.0,199000.0,Diésel,Manual,18512.0,coches.net,utilitario
NISSAN,JUKE,17990.0,2023.0,45613.0,Gasolina,Manual,11412.0,coches.net,utilitario
BMW,SERIE 1,37900.0,2022.0,62784.0,Gasolina,Automatico,26512.0,coches.net,berlina
NISSAN,QASHQAI,27900.0,2025.0,11290.0,Híbrido,Manual,14012.0,coches.net,utilitario
CITROEN,C3,12900.0,2021.0,33000.0,Gasolina,Manual,11012.0,coches.net,berlina
HYUNDAI,I30,8499.0,2015.0,180000.0,Diésel,Manual,9012.0,coches.net,berlina
TOYOTA,YARIS,21690.0,2022.0,35379.0,Híbrido,Automatico,11612.0,coches.net,berlina
NISSAN,QASHQAI,24290.0,2022.0,62765.0,Híbrido,Manual,14012.0,coches.net,utilitario
PEUGEOT,3008,22490.0,2022.0,97831.0,Diésel,Automatico,13012.0,coches.net,utilitario
HYUNDAI,I20,12990.0,2020.0,34564.0,Gasolina,Manual,10012.0,coches.net,berlina
MERCEDES-BENZ,CLASE S,79990.0,2016.0,46651.0,Gasolina,Automatico,58512.0,coches.net,berlina
HYUNDAI,I20,13690.0,2022.0,58562.0,Gasolina,Manual,8412.0,coches.net,berlina
SEAT,IBIZA,3700.0,2002.0,134000.0,Gasolina,Manual,7512.0,coches.net,berlina
FORD,FOCUS,8599.0,2018.0,114207.0,Gasolina,Manual,12512.0,coches.net,berlina
CITROEN,BERLINGO,14990.0,2022.0,99000.0,Diésel,Manual,10212.0,coches.net,utilitario
HYUNDAI,KONA,13399.0,2018.0,76575.0,Gasolina,Manual,12012.0,coches.net,utilitario
OPEL,MOKKA X,9799.0,2017.0,110290.0,Gasolina,Manual,14012.0,coches.net,utilitario
MERCEDES-BENZ,CLASE A,35790.0,2025.0,13748.0,Híbrido enchufable,Automatico,21812.0,coches.net,berlina
PEUGEOT,5008,16410.0,2017.0,149580.0,Diésel,Manual,15012.0,coches.net,utilitario
FORD,FOCUS,17990.0,2023.0,85896.0,Híbrido,Manual,15512.0,coches.net,berlina
KIA,SORENTO,30799.0,2020.0,85606.0,Híbrido,Automatico,23012.0,coches.net,utilitario
MITSUBISHI,ASX,12890.0,2015.0,136199.0,Diésel,Manual,11612.0,coches.net,utilitario
LYNK & CO,01,20390.0,2022.0,87941.0,Híbrido enchufable,Automatico,26112.0,coches.net,utilitario
SUZUKI,S-CROSS,20190.0,2023.0,44782.0,Híbrido,Manual,12912.0,coches.net,utilitario
SUZUKI,SWIFT,17450.0,2025.0,30335.0,Híbrido,Manual,8312.0,coches.net,berlina
BMW,SERIE 2,18990.0,2017.0,89746.0,Gasolina,Automatico,13612.0,coches.net,berlina
MERCEDES-BENZ,CLASE B,6690.0,2007.0,213467.0,Diésel,Manual,14012.0,coches.net,utilitario
AUDI,Q2,20500.0,2019.0,110000.0,Gasolina,Manual,11612.0,coches.net,utilitario
TOYOTA,C-HR,25750.0,2021.0,89071.0,Híbrido,Automatico,18412.0,coches.net,berlina
OPEL,MOKKA X,9999.0,2017.0,132174.0,Gasolina,Manual,14012.0,coches.net,utilitario
VOLKSWAGEN,T-ROC,25900.0,2023.0,37000.0,Diésel,Manual,11512.0,coches.net,utilitario
OPEL,CORSA,13650.0,2024.0,41106.0,Gasolina,Manual,10012.0,coches.net,berlina
SKODA,FABIA,11499.0,2017.0,91067.0,Gasolina,Manual,7512.0,coches.net,berlina
MAZDA,CX-30,21199.0,2022.0,73665.0,Híbrido,Manual,15012.0,coches.net,utilitario
KIA,SPORTAGE,7900.0,2010.0,100000.0,Gasolina,Manual,14212.0,coches.net,utilitario
RENAULT,CLIO CAMPUS,2299.0,2004.0,209900.0,Diésel,Manual,6512.0,coches.net,berlina
AUDI,RS4,52500.0,2006.0,154400.0,Gasolina,Manual,42012.0,coches.net,berlina
RENAULT,CLIO CAMPUS,1999.0,2004.0,171700.0,Diésel,Manual,8512.0,coches.net,berlina
CITROEN,C3 AIRCROSS,14450.0,2021.0,51498.0,Gasolina,Automatico,13112.0,coches.net,utilitario
VOLKSWAGEN,TOURAN,4950.0,2008.0,286587.0,Diésel,Automatico,10512.0,coches.net,utilitario
VOLKSWAGEN,TOURAN,18500.0,2021.0,154380.0,Diésel,Manual,12212.0,coches.net,utilitario
OPEL,INSIGNIA,9499.0,2017.0,182700.0,Diésel,Manual,13612.0,coches.net,berlina
RENAULT,MÉGANE,14800.0,2018.0,119400.0,Gasolina,Manual,13012.0,coches.net,berlina
SEAT,LEÓN,12500.0,2017.0,168000.0,Gasolina,Manual,12512.0,coches.net,berlina
MERCEDES-BENZ,CLASE B,39900.0,2025.0,9535.0,Diésel,Automatico,15012.0,coches.net,utilitario
MERCEDES-BENZ,CLASE A,23490.0,2020.0,130000.0,Diésel,Automatico,15012.0,coches.net,berlina
MERCEDES-BENZ,CLASE A,23990.0,2020.0,114000.0,Diésel,Automatico,15012.0,coches.net,berlina
AUDI,Q3,20699.0,2018.0,55854.0,Gasolina,Manual,15012.0,coches.net,utilitario
TOYOTA,C-HR,29890.0,2024.0,11.0,Híbrido,Automatico,14012.0,coches.net,utilitario
MERCEDES-BENZ,CLASE C,33900.0,2022.0,94000.0,Híbrido,Automatico,16312.0,coches.net,berlina
JEEP,RENEGADE,19790.0,2023.0,69722.0,Híbrido,Automatico,13012.0,coches.net,utilitario
RENAULT,MÉGANE,4197.0,2012.0,268500.0,Diésel,Manual,13012.0,coches.net,berlina
KIA,CARENS,13498.0,2018.0,105638.0,Diésel,Manual,11512.0,coches.net,utilitario
TOYOTA,YARIS,17995.0,2023.0,63000.0,Híbrido,Automatico,11612.0,coches.net,berlina
RENAULT,MÉGANE,4990.0,2011.0,239000.0,Diésel,Manual,13012.0,coches.net,berlina
MERCEDES-BENZ,CLASE E,28900.0,2018.0,199000.0,Diésel,Automatico,19412.0,coches.net,berlina
OPEL,ASTRA,3499.0,2010.0,265700.0,Diésel,Manual,12512.0,coches.net,berlina
OPEL,ASTRA,3000.0,2010.0,273400.0,Diésel,Manual,11012.0,coches.net,berlina
VOLKSWAGEN,T-CROSS,18500.0,2021.0,60364.0,Gasolina,Automatico,11012.0,coches.net,utilitario
SKODA,KODIAQ,26980.0,2022.0,63462.0,Diésel,Automatico,15012.0,coches.net,utilitario
MERCEDES-BENZ,CLASE SLK,26900.0,2016.0,96000.0,Gasolina,Automatico,18412.0,coches.net,berlina
AUDI,A1,19990.0,2019.0,119000.0,Gasolina,Automatico,11612.0,coches.net,berlina
OPEL,CORSA,9299.0,2020.0,107308.0,Gasolina,Manual,7512.0,coches.net,berlina
MINI,COUNTRYMAN,18799.0,2018.0,99092.0,Híbrido enchufable,Automatico,22412.0,coches.net,berlina
FORD,PUMA,21900.0,2023.0,28.0,Híbrido,Manual,12512.0,coches.net,utilitario
CITROEN,C3,10200.0,2021.0,89000.0,Diésel,Manual,10212.0,coches.net,berlina
AUDI,A3,15799.0,2017.0,125537.0,Diésel,Automatico,11612.0,coches.net,berlina
AUDI,A3,15599.0,2015.0,121260.0,Diésel,Manual,15012.0,coches.net,berlina
RENAULT,ARKANA,20900.0,2022.0,97000.0,Híbrido,Automatico,14012.0,coches.net,utilitario
MINI,CLUBMAN,25900.0,2022.0,49700.0,Gasolina,Automatico,13612.0,coches.net,berlina
ALFA ROMEO,STELVIO,30990.0,2022.0,61963.0,Diésel,Automatico,19012.0,coches.net,utilitario
VOLVO,XC40,25100.0,2021.0,61134.0,Híbrido enchufable,Automatico,26212.0,coches.net,utilitario
AUDI,Q3 SPORTBACK,36100.0,2021.0,37987.0,Gasolina,Automatico,19012.0,coches.net,utilitario
TOYOTA,YARIS,17300.0,2021.0,72342.0,Híbrido,Automatico,11612.0,coches.net,berlina
TOYOTA,YARIS,17300.0,2021.0,72342.0,Híbrido,Automatico,11612.0,coches.net,berlina
BMW,SERIE 3,29990.0,2022.0,159133.0,Híbrido enchufable,Automatico,29212.0,coches.net,berlina
FORD,KUGA,26990.0,2024.0,34455.0,Híbrido,Automatico,19012.0,coches.net,utilitario
BMW,SERIE 2,22990.0,2021.0,84678.0,Gasolina,Manual,14012.0,coches.net,berlina
SEAT,IBIZA,14400.0,2018.0,74500.0,Gasolina,Manual,11512.0,coches.net,berlina
CUPRA,LEÓN,24850.0,2023.0,86000.0,Híbrido enchufable,Automatico,24512.0,coches.net,berlina
VOLVO,XC40,29500.0,2022.0,37000.0,Híbrido enchufable,Automatico,21112.0,coches.net,utilitario
FIAT,500,19990.0,2026.0,5.0,Híbrido,Manual,6512.0,coches.net,berlina
FORD,KUGA,7990.0,2016.0,225000.0,Diésel,Manual,12012.0,coches.net,utilitario
KIA,CEE'D,6500.0,2011.0,231045.0,Diésel,Manual,12812.0,coches.net,berlina
KIA,NIRO,15799.0,2020.0,105224.0,Híbrido,Automatico,14112.0,coches.net,berlina
RENAULT,KADJAR,13290.0,2018.0,63413.0,Gasolina,Manual,13012.0,coches.net,berlina
MERCEDES-BENZ,CLASE GLC,28900.0,2018.0,187000.0,Diésel,Automatico,25812.0,coches.net,utilitario
FORD,FOCUS,17799.0,2023.0,80307.0,Híbrido,Manual,15512.0,coches.net,berlina
FORD,FOCUS,12999.0,2019.0,105000.0,Gasolina,Automatico,12512.0,coches.net,berlina
LEXUS,UX,19399.0,2019.0,100026.0,Híbrido,Automatico,18412.0,coches.net,utilitario
AUDI,Q2,24900.0,2024.0,34235.0,Diésel,Manual,11612.0,coches.net,utilitario
CITROEN,BERLINGO,17200.0,2023.0,33648.0,Diésel,Manual,10212.0,coches.net,utilitario
FIAT,500,7490.0,2012.0,107292.0,Gasolina,Manual,6912.0,coches.net,berlina
BMW,I4,47300.0,2024.0,22500.0,Eléctrico,Automatico,34012.0,coches.net,berlina
VOLKSWAGEN,MULTIVAN,46890.0,2025.0,20861.0,Diésel,Automatico,15012.0,coches.net,utilitario
HONDA,CR-V,25399.0,2021.0,112029.0,Híbrido,Automatico,18412.0,coches.net,utilitario
MAZDA,CX-5,29799.0,2023.0,38830.0,Híbrido,Automatico,16512.0,coches.net,utilitario
MAZDA,CX-3,18999.0,2022.0,74783.0,Gasolina,Automatico,12112.0,coches.net,utilitario
KIA,SPORTAGE,30340.0,2023.0,23590.0,Híbrido,Automatico,23012.0,coches.net,utilitario
KIA,SPORTAGE,28090.0,2023.0,15419.0,Híbrido,Manual,13612.0,coches.net,utilitario
VOLVO,V90,25990.0,2021.0,107445.0,Híbrido,Automatico,19712.0,coches.net,berlina
MERCEDES-BENZ,CLA,29799.0,2023.0,45918.0,Gasolina,Automatico,16312.0,coches.net,berlina
BMW,SERIE 4,22990.0,2016.0,129983.0,Gasolina,Manual,18412.0,coches.net,berlina
MERCEDES-BENZ,CLASE S,6800.0,2000.0,257000.0,Gasolina,Automatico,36712.0,coches.net,berlina
KIA,SPORTAGE,30700.0,2025.0,8000.0,Híbrido,Manual,16012.0,coches.net,utilitario
PEUGEOT,5008,16399.0,2020.0,92129.0,Gasolina,Automatico,13012.0,coches.net,utilitario
TOYOTA,COROLLA,19990.0,2022.0,58000.0,Híbrido,Automatico,12212.0,coches.net,berlina
ABARTH,500,17970.0,2018.0,72901.0,Gasolina,Manual,16012.0,coches.net,berlina
MERCEDES-BENZ,CLASE E,55900.0,2022.0,14900.0,Híbrido,Automatico,20012.0,coches.net,berlina
CUPRA,LEÓN,28750.0,2025.0,10611.0,Híbrido,Automatico,15012.0,coches.net,berlina
HYUNDAI,IONIQ,15490.0,2019.0,110596.0,Híbrido,Automatico,14112.0,coches.net,berlina
OPEL,ZAFIRA TOURER,10690.0,2015.0,100600.0,Diésel,Manual,13612.0,coches.net,utilitario
FORD,FOCUS,7600.0,2016.0,210000.0,Diésel,Manual,12012.0,coches.net,berlina
RENAULT,MÉGANE,2330.0,2003.0,155597.0,Gasolina,Manual,9812.0,coches.net,berlina
CITROEN,C4,19990.0,2025.0,10375.0,Híbrido,Automatico,13612.0,coches.net,berlina
OPEL,ASTRA,16480.0,2023.0,23105.0,Gasolina,Manual,13012.0,coches.net,berlina
OPEL,ASTRA,16480.0,2023.0,23105.0,Gasolina,Manual,13012.0,coches.net,berlina
OPEL,ASTRA,15490.0,2023.0,41692.0,Gasolina,Manual,13012.0,coches.net,berlina
MINI,MINI,23500.0,2022.0,12485.0,Eléctrico,Automatico,18412.0,coches.net,berlina
PEUGEOT,3008,21399.0,2022.0,57999.0,Diésel,Automatico,13012.0,coches.net,utilitario
DACIA,LODGY,12890.0,2019.0,116296.0,Diésel,Automatico,11512.0,coches.net,utilitario
VOLKSWAGEN,BEETLE,12990.0,2018.0,124000.0,Gasolina,Manual,10512.0,coches.net,berlina
RENAULT,KANGOO COMBI,11990.0,2017.0,92000.0,Diésel,Manual,9012.0,coches.net,utilitario
VOLKSWAGEN,T-CROSS,17890.0,2023.0,58541.0,Gasolina,Manual,9512.0,coches.net,utilitario
RENAULT,KANGOO COMBI,11990.0,2016.0,92000.0,Diésel,Manual,7512.0,coches.net,utilitario
RENAULT,KOLEOS,10690.0,2014.0,132740.0,Diésel,Manual,15012.0,coches.net,utilitario
SKODA,OCTAVIA,12990.0,2020.0,205000.0,Diésel,Manual,11512.0,coches.net,berlina
MERCEDES-BENZ,CLASE A,25490.0,2021.0,61032.0,Híbrido enchufable,Automatico,21812.0,coches.net,berlina
DACIA,DUSTER,12990.0,2018.0,87091.0,Gasolina,Manual,11512.0,coches.net,utilitario
DACIA,DUSTER,12990.0,2018.0,87091.0,Gasolina,Manual,11512.0,coches.net,utilitario
NISSAN,QASHQAI,16999.0,2018.0,59000.0,Diésel,Automatico,13012.0,coches.net,berlina
KIA,SPORTAGE,31990.0,2024.0,14739.0,Híbrido,Automatico,21512.0,coches.net,utilitario
TESLA,MODEL 3,20290.0,2019.0,163000.0,Eléctrico,Automatico,47612.0,coches.net,berlina
VOLVO,XC60,27985.0,2021.0,132891.0,Híbrido enchufable,Automatico,34012.0,coches.net,utilitario
VOLVO,XC60,27985.0,2021.0,132891.0,Híbrido enchufable,Automatico,34012.0,coches.net,utilitario
CITROEN,C2,3000.0,2009.0,152700.0,Gasolina,Manual,6112.0,coches.net,berlina
VOLKSWAGEN,CADDY,22990.0,2021.0,62500.0,Diésel,Manual,10212.0,coches.net,utilitario
PEUGEOT,2008,20490.0,2025.0,25636.0,Híbrido,Automatico,13612.0,coches.net,utilitario
MERCEDES-BENZ,GLA,33990.0,2022.0,91944.0,Híbrido enchufable,Automatico,21812.0,coches.net,utilitario
FORD,PUMA,22500.0,2024.0,28000.0,Híbrido,Manual,12512.0,coches.net,utilitario
MERCEDES-BENZ,GLA,33490.0,2022.0,58000.0,Híbrido enchufable,Automatico,21812.0,coches.net,utilitario
MERCEDES-BENZ,CLASE GLC,38900.0,2021.0,61960.0,Diésel,Automatico,19412.0,coches.net,utilitario
VOLKSWAGEN,GOLF,16990.0,2022.0,128636.0,Gasolina,Manual,11012.0,coches.net,berlina
HYUNDAI,I30,26990.0,2018.0,72000.0,Gasolina,Manual,27512.0,coches.net,berlina
EBRO,S800,38900.0,2026.0,24.0,Híbrido enchufable,Automatico,27912.0,coches.net,utilitario
BMW,X3,30399.0,2020.0,138257.0,Diésel,Automatico,19012.0,coches.net,utilitario
RENAULT,CLIO,6750.0,2014.0,100432.0,Diésel,Manual,7512.0,coches.net,berlina
PEUGEOT,3008 HYBRID,23400.0,2023.0,33594.0,Híbrido enchufable,Automatico,18012.0,coches.net,utilitario
MERCEDES-BENZ,CLASE A,27500.0,2019.0,67000.0,Gasolina,Automatico,19012.0,coches.net,berlina
PEUGEOT,308,15990.0,2022.0,47645.0,Gasolina,Manual,13012.0,coches.net,berlina
BMW,SERIE 3,27900.0,2020.0,62400.0,Diésel,Automatico,15012.0,coches.net,berlina
LAND-ROVER,RANGE ROVER EVOQUE,15990.0,2019.0,158634.0,Diésel,Manual,15012.0,coches.net,utilitario
BMW,SERIE 2,147900.0,2026.0,1.0,Gasolina,Automatico,53012.0,coches.net,berlina
BMW,SERIE 2,144900.0,2026.0,1.0,Gasolina,Automatico,53012.0,coches.net,berlina
RENAULT,CLIO,16200.0,2025.0,35350.0,Gasolina,Manual,9012.0,coches.net,berlina
SEAT,LEÓN,24990.0,2024.0,6120.0,Híbrido,Automatico,15012.0,coches.net,berlina
VOLKSWAGEN,GOLF,20850.0,2022.0,117162.0,Diésel,Manual,11512.0,coches.net,berlina
SEAT,LEÓN,23500.0,2024.0,13159.0,Híbrido,Automatico,15012.0,coches.net,berlina
VOLVO,S60,14799.0,2018.0,75407.0,Diésel,Automatico,15012.0,coches.net,berlina
MINI,COUNTRYMAN,16999.0,2017.0,184500.0,Diésel,Automatico,19012.0,coches.net,berlina
DACIA,SANDERO,10490.0,2016.0,72516.0,Diésel,Manual,9012.0,coches.net,berlina
NISSAN,X-TRAIL,32990.0,2022.0,87582.0,Híbrido,Automatico,21312.0,coches.net,utilitario
FIAT,500L,9990.0,2014.0,130000.0,Diésel,Manual,8512.0,coches.net,utilitario
FORD,KUGA,15990.0,2022.0,195000.0,Diésel,Automatico,12012.0,coches.net,utilitario
FORD,FOCUS,18890.0,2018.0,72822.0,Gasolina,Manual,25012.0,coches.net,berlina
TOYOTA,YARIS CROSS,23990.0,2022.0,58618.0,Híbrido,Automatico,11612.0,coches.net,utilitario
AUDI,Q5,33900.0,2020.0,59900.0,Diésel,Automatico,16312.0,coches.net,utilitario
VOLKSWAGEN,ID.4,27890.0,2023.0,98817.0,Eléctrico,Automatico,29912.0,coches.net,utilitario
KIA,SPORTAGE,23990.0,2024.0,44580.0,Híbrido,Manual,15012.0,coches.net,utilitario
PEUGEOT,408,23690.0,2025.0,25534.0,Híbrido,Automatico,13612.0,coches.net,berlina
AUDI,Q3,36500.0,2023.0,44995.0,Diésel,Automatico,15012.0,coches.net,utilitario
PEUGEOT,308,19481.0,2019.0,39864.0,Gasolina,Manual,13012.0,coches.net,berlina
SEAT,TARRACO,32199.0,2022.0,62389.0,Diésel,Automatico,15012.0,coches.net,utilitario
OPEL,GRANDLAND X,16500.0,2019.0,38391.0,Diésel,Manual,13012.0,coches.net,utilitario
BMW,X4,45990.0,2023.0,76176.0,Híbrido,Automatico,19012.0,coches.net,utilitario
AUDI,Q7,48990.0,2021.0,84615.0,Híbrido,Automatico,23112.0,coches.net,utilitario
KIA,CARENS,11450.0,2016.0,96114.0,Gasolina,Manual,13512.0,coches.net,utilitario
