marca,modelo,precio,año,kilometros,combustible,transmision,potencia,fuente,carroceria
Ford,Transit,18600,2023.0,49800,Hybrid,MANUAL,175,coches.net,furgoneta
Renault,Master,37000,2022.0,65400,Electric,M,105,coches.net,furgoneta
MAN,TGE,,2020.0,130700,gasoil,manual,102,coches.net,furgoneta
Toyota,Proace City,17200,2021.0,100200,diesel,Auto,100,coches.net,furgoneta
Mercedes-Benz,Sprinter,16700,2021.0,126100,Gasoil,MANUAL,150,coches.net,furgoneta
Citroën,Berlingo,7500,2018.0,,diesel,Auto,100,coches.net,furgoneta
Fiat,Ducato,40200,2023.0,51900,Eléctrico,DSG,165,coches.net,furgoneta
Renault,Trafic,29500 €,2023.0,34700,gasoil,M,125,coches.net,furgoneta
Citroën,Berlingo,21100,2018.0,169500,diesel,MANUAL,100,coches.net,furgoneta
Volkswagen,Transporter,31800,2023.0,35100,Diesel,M,102,coches.net,furgoneta
Peugeot,Boxer,12000,2019.0,153300,GASOLINA,MANUAL,145,coches.net,furgoneta
Peugeot,Boxer,21600,,,Gasolina,AT,140,coches.net,furgoneta
Iveco,Daily,18000,2019.0,150600,DIESEL,M,100,coches.net,furgoneta
Ford,Transit,18300,2022.0,57200,Diesel,MANUAL,130,coches.net,furgoneta
Peugeot,Boxer,23900,2021.0,66800 km,diesel,M6,165,coches.net,furgoneta
Peugeot,Partner,24600,2021.0,84500,Eléctrico,manual,136,coches.net,furgoneta
Opel,Vivaro,24600,2020.0,106000,diesel,manual,175,coches.net,furgoneta
Volkswagen,Caddy,28400,2024.0,13000,DIESEL,M,,coches.net,furgoneta
Iveco,Daily,10400,2016.0,273500,gasolina,Manual,100,coches.net,furgoneta
Iveco,Daily,26600,2023.0,50400,Gasoil,M,,coches.net,furgoneta
Peugeot,Partner,14700,2018.0,164300,GASOLINA,Manual,110,coches.net,furgoneta
Opel,Combo,15600,2021.0,85200,Diesel,Manual,110,coches.net,furgoneta
Volkswagen,Crafter,31200,2023.0,50900,Diesel,Auto,97,coches.net,furgoneta
Volkswagen,Transporter,13800,2018.0,145600,gasoil,Manual,199,coches.net,furgoneta
Volkswagen,Transporter,10700,2015.0,328600,Diésel,manual,110,coches.net,furgoneta
Nissan,NV300,15200,2020.0,180000,Diésel,,115,coches.net,furgoneta
Fiat,Scudo,21400,2018.0,154100,DIESEL,DSG,115,coches.net,furgoneta
Fiat,Scudo,19500,2020.0,139600,Gasoil,Automática,145,coches.net,furgoneta
Renault,Trafic,29900,2021.0,85300,gasoil,manual,155,coches.net,furgoneta
Iveco,Daily,,2024.0,20600,Diésel,AT,100,coches.net,furgoneta
Volkswagen,Transporter,15600,2022.0,58900,DIESEL,M6,110,coches.net,furgoneta
Hyundai,Staria,27300,2021.0,,Gasoil,manual,177,coches.net,furgoneta
Mercedes-Benz,Sprinter,35000,2021.0,92000,Electrico,M6,120,coches.net,furgoneta
Volkswagen,Crafter,28200,2022.0,48600,Diésel,M,182,coches.net,furgoneta
Toyota,Proace City,18900,2018.0,185100,Diesel,automático,110,coches.net,furgoneta
Iveco,Daily,27200,2022.0,67800,DIESEL,M,75,coches.net,furgoneta
Volkswagen,Caddy,30900,2020.0,109900,Gasolina,M6,114,coches.net,furgoneta
Fiat,Doblo Cargo,25500,2023.0,36000,Gasoil,M,90,coches.net,furgoneta
Peugeot,Partner,17400,2020.0,122500,Diésel,manual,100,coches.net,furgoneta
Ford,Transit Connect,23200,2020.0,165600,Eléctrico (BEV),manual,125,coches.net,furgoneta
Hyundai,H350,14300,2018.0,220500,diesel,Auto,141,coches.net,furgoneta
Mercedes-Benz,Citan,30400,2024.0,25800,Gasolina,manual,140,coches.net,furgoneta
Opel,Combo,30900,2024.0,23500,Electrico,manual,95,coches.net,furgoneta
Citroën,Berlingo,24300,2024.0,16800,gasolina,M,110,coches.net,furgoneta
Peugeot,Expert,20400 €,2021.0,119200,diesel,MANUAL,,coches.net,furgoneta
Toyota,Proace City,33500,2024.0,22900,diesel,AT,100,coches.net,furgoneta
Iveco,Daily,31600,2024.0,17100,Diésel,Manual,130,coches.net,furgoneta
Opel,Movano,29800,2020.0,163200,Diesel,MANUAL,110,coches.net,furgoneta
Opel,Vivaro,21900,2024.0,28000,DIESEL,M6,95,coches.net,furgoneta
Fiat,Scudo,26700,2022.0,73200,Gasoil,Manual,145,coches.net,furgoneta
Hyundai,H350,,2021.0,67200km,DIESEL,M6,136,coches.net,furgoneta
Peugeot,Partner,29200,2022.0,70000,Eléctrico (BEV),manual,136,coches.net,furgoneta
Opel,Vivaro,13500,2019.0,105300,DIESEL,Manual,180,coches.net,furgoneta
Volkswagen,Transporter,15000,2017.0,193800,gasoil,MANUAL,150,coches.net,furgoneta
Ford,Transit Connect,20200,,,gasoil,,120,coches.net,furgoneta
Renault,Master,22000,2023.0,,diesel,M,150,coches.net,furgoneta
Volkswagen,Transporter,"34500,00",2022.0,68700,gasoil,M6,155,coches.net,furgoneta
Mercedes-Benz,Citan,34700,2021.0,94600,Diesel,automático,75,coches.net,furgoneta
Opel,Vivaro,18800,2023.0,51800,DIESEL,AT,105,coches.net,furgoneta
Iveco,Daily,29200,2024.0,20300,Gasoil,MANUAL,150,coches.net,furgoneta
Toyota,Proace,18600,2018.0,254800,Diésel,manual,,coches.net,furgoneta
Volkswagen,Transporter,29100,2020.0,136100,gasolina,M6,150,coches.net,furgoneta
Mercedes-Benz,Sprinter,27100,2019.0,136700,GASOLINA,M,102,coches.net,furgoneta
Hyundai,H350,22300,2018.0,142500,GLP/Gasolina,Manual,136,coches.net,furgoneta
Volkswagen,Caddy,19600,2017.0,203600km,Gasolina,manual,119,coches.net,furgoneta
Volkswagen,Caddy,19300,2019.0,185100,gasoil,MANUAL,102,coches.net,furgoneta
Peugeot,Partner,9300,2015.0,254100km,gasolina,Manual,105,coches.net,furgoneta
Nissan,NV400,19500,2018.0,236600,gasoil,Manual,145,coches.net,furgoneta
Opel,Combo,29000,2022.0,84700,CNG,M6,110,coches.net,furgoneta
Renault,Trafic,27300,2024.0,25100,gasoil,M,90,coches.net,furgoneta
Citroën,Jumpy,28200,2022.0,73700,Diésel,M,125,coches.net,furgoneta
Volkswagen,Transporter,42800,2024.0,15300,Electrico,DSG,97,coches.net,furgoneta
Fiat,Doblo Cargo,17400,2021.0,101700,Gasoil,MANUAL,105,coches.net,furgoneta
Opel,Combo,22200,2020.0,102500km,diesel,M6,100CV,coches.net,furgoneta
Nissan,NV200,25600,2022.0,61300,diesel,M6,110,coches.net,furgoneta
Volkswagen,Caddy,18500,2017.0,292100,Gasolina,MANUAL,114,coches.net,furgoneta
Ford,Transit Courier,25300,2023.0,48200,gasolina,,75,coches.net,furgoneta
Iveco,Daily,22400,2021.0,139800,gasoil,M,100,coches.net,furgoneta
Peugeot,Partner,30600,2021.0,97400,EV,MANUAL,136,coches.net,furgoneta
Renault,Trafic,9200,2020.0,122200,DIESEL,manual,120,coches.net,furgoneta
Hyundai,H350,27600,2022.0,76900,Diesel,MANUAL,175,coches.net,furgoneta
Renault,Master,7500,2017.0,227300,Diésel,MANUAL,145,coches.net,furgoneta
Fiat,Ducato,27000,2023.0,55100,Diesel,Manual,130,coches.net,furgoneta
Opel,Combo,15700,2019.0,137500,Gasolina,Automático,110,coches.net,furgoneta
Nissan,NV400,19300,2022.0,96100,Electrico,MANUAL,140,coches.net,furgoneta
Peugeot,Boxer,16300,2022.0,70500,DIESEL,MANUAL,135,coches.net,furgoneta
Ford,Transit Courier,23900,2023.0,52800,gasolina,M6,95,coches.net,furgoneta
Opel,Vivaro,24100,2021.0,98600,DIESEL,Manual,125,coches.net,furgoneta
Ford,Transit,28800,2024.0,,Gasoil,manual,135,coches.net,furgoneta
Mercedes-Benz,Sprinter,24400,2023.0,33600 km,GASOLINA,manual,140,coches.net,furgoneta
MAN,TGE,28300,2021.0,,MHEV,MANUAL,140,coches.net,furgoneta
Toyota,Proace,14100,2018.0,169400 km,MHEV,manual,150,coches.net,furgoneta
Mercedes-Benz,Vito,20700,2018.0,196200,Diésel,MANUAL,100,coches.net,furgoneta
Ford,Transit Connect,18000,2019.0,140900,Diésel,M,105,coches.net,furgoneta
Citroën,Jumpy,9600 €,2017.0,244500,diesel,Manual,120,coches.net,furgoneta
Mercedes-Benz,Vito,18300,2022.0,79800,Diesel,manual,102 CV,coches.net,furgoneta
Hyundai,Staria,10700,2017.0,167600,gasolina,MANUAL,182,coches.net,furgoneta
Fiat,Doblo Cargo,12500,2019.0,142200,diesel,automático,85,coches.net,furgoneta
Ford,Transit Courier,17600,2023.0,37400,GASOLINA,Manual,75,coches.net,furgoneta
Maxus,EV80,14300,2017.0,293100,Electric,Automático,115,coches.net,furgoneta
Citroën,Berlingo,28800,2022.0,71500,Gasolina,M6,115,coches.net,furgoneta
Opel,Vivaro,22700,2024.0,,,DSG,180,coches.net,furgoneta
Nissan,NV400,18500,2020.0,,Diésel,Manual,145,coches.net,furgoneta
Mercedes-Benz,Sprinter,43900,2023.0,38300,Electrico,Manual,130,coches.net,furgoneta
Opel,Combo,38800,2022.0,81700,Electric,M6,105,coches.net,furgoneta
Citroën,Berlingo,26500,2021.0,97500 km,Gasoil,MANUAL,100,coches.net,furgoneta
Volkswagen,Transporter,29200,2024.0,26400,CNG,Manual,110,coches.net,furgoneta
Nissan,NV400,18500,2022.0,67400,DIESEL,M,140,coches.net,furgoneta
Peugeot,Expert,30700,2023.0,54700,Electrico,Manual,100,coches.net,furgoneta
Citroën,Jumper,8500,2016.0,308800,Diésel,Automático,165,coches.net,furgoneta
Volkswagen,Crafter,30500,2024.0,27600,diesel,automático,140,coches.net,furgoneta
Toyota,Proace City,17800,2023.0,45900,Diésel,Auto,100,coches.net,furgoneta
Fiat,Scudo,22600,2022.0,56600,Diésel,Manual,115,coches.net,furgoneta
Ford,Transit Courier,13800,2017.0,229900,gasolina,automático,100,coches.net,furgoneta
Fiat,Ducato,28800,2023.0,38800,Gasoil,Manual,125,coches.net,furgoneta
Ford,Transit Connect,21000,2022.0,68600,MHEV,MANUAL,75,coches.net,furgoneta
Ford,Transit Courier,23300,21.0,118100,GASOLINA,M6,80,coches.net,furgoneta
Ford,Transit,23100,2022.0,80600,Gasoil,manual,165,coches.net,furgoneta
Mercedes-Benz,Sprinter,29900,2023.0,60000,DIESEL,M6,102,coches.net,furgoneta
Iveco,Daily,16800,2022.0,92700,Gasoil,automático,102,coches.net,furgoneta
Renault,Kangoo,18600,2021.0,85900,DIESEL,,70,coches.net,furgoneta
Nissan,NV400,27800,2023.0,65600,DIESEL,M6,105,coches.net,furgoneta
Maxus,Deliver 9,13700,2016.0,250200,DIESEL,manual,150,coches.net,furgoneta
Volkswagen,Caddy,30300,2024.0,17300,Gasolina,M,114,coches.net,furgoneta
Renault,Trafic,20600,2021.0,83100 km,gasolina,Manual,95,coches.net,furgoneta
Toyota,Proace City,23100,2021.0,100800,gasoil,M,110,coches.net,furgoneta
Nissan,NV400,14800,2022.0,58400,Diésel,DSG,145,coches.net,furgoneta
Mercedes-Benz,Vito,17000,2021.0,91400,diesel,Manual,100,coches.net,furgoneta
Renault,Master,17500 €,2021.0,65700,gasoil,manual,180,coches.net,furgoneta
Mercedes-Benz,Sprinter,22200,2019.0,98600,DIESEL,MANUAL,,coches.net,furgoneta
Peugeot,Boxer,22800,2023.0,42400,gasoil,manual,165,coches.net,furgoneta
Mercedes-Benz,Vito,31500,2022.0,77600,Gasoil,Auto,90,coches.net,furgoneta
Citroën,Jumpy,22800,2018.0,,DIESEL,MANUAL,100,coches.net,furgoneta
Mercedes-Benz,Sprinter,28100,2021.0,99300,Diésel,Automática,90,coches.net,furgoneta
Iveco,Daily,19200,2018.0,102700,Eléctrico,manual,100,coches.net,furgoneta
Iveco,Daily,11900,2020.0,96000,DIESEL,M6,140CV,coches.net,furgoneta
Nissan,NV300,21300,2021.0,89300,Diesel,M6,115,coches.net,furgoneta
Volkswagen,Caddy,21100,2017.0,202300,DIESEL,,75,coches.net,furgoneta
Renault,Master,22500,2021.0,78700,Electric,M6,130,coches.net,furgoneta
Renault,Kangoo,29600,2023.0,36900,GLP/Gasolina,M,80,coches.net,furgoneta
Citroën,Berlingo,24200,2021.0,105500,DIESEL,AT,105,coches.net,furgoneta
Citroën,Berlingo,17700,2019.0,146000,Electrico,M,131,coches.net,furgoneta
Fiat,Scudo,30500,2022.0,59300,DIESEL,M6,150,coches.net,furgoneta
Citroën,Jumper,26200,2021.0,108300,gasoil,Manual,125,coches.net,furgoneta
Volkswagen,Caddy,33600,2021.0,91200,,DSG,107,coches.net,furgoneta
Mercedes-Benz,Sprinter,46300,2024.0,26000,Electrico,Manual,110,coches.net,furgoneta
Toyota,Proace,18100,2021.0,104700,Diesel,manual,120,coches.net,furgoneta
Iveco,Daily,24000,2023.0,42500,gasoil,AT,120,coches.net,furgoneta
Iveco,Daily,22700,2020.0,107700,diesel,M6,140,coches.net,furgoneta
Ford,Transit Connect,20000,2021.0,123800,gasolina,,120,coches.net,furgoneta
Iveco,Daily,17900,2015.0,380000,Eléctrico,MANUAL,75CV,coches.net,furgoneta
Renault,Master,11100,2018.0,232900,Electrico,,185,coches.net,furgoneta
Nissan,NV200,26800,2023.0,26600,,AT,115,coches.net,furgoneta
Opel,Vivaro,20600,2021.0,79600,DIESEL,manual,175,coches.net,furgoneta
Volkswagen,Caddy,24900,2024.0,29000,gasolina,,107,coches.net,furgoneta
Citroën,Jumpy,14500,2023.0,54900,,manual,,coches.net,furgoneta
Peugeot,Expert,16000,19.0,150200,Diesel,manual,100,coches.net,furgoneta
Renault,Trafic,15400,2019.0,120300,Diésel,M6,125,coches.net,furgoneta
Volkswagen,Crafter,25500,2023.0,37800,Gasolina,M6,140,coches.net,furgoneta
MAN,TGE,25600,2022.0,61500,Diésel,automático,140 CV,coches.net,furgoneta
Ford,Transit Connect,17300,2020.0,135700,diesel,M6,105,coches.net,furgoneta
Opel,Movano,"19800,00",2020.0,100000,diesel,MANUAL,145,coches.net,furgoneta
Peugeot,Expert,24700,2023.0,56700,DIESEL,manual,120,coches.net,furgoneta
Fiat,Scudo,17900,2024.0,23400,gasoil,Manual,125,coches.net,furgoneta
Citroën,Berlingo,36600,2023.0,40900,EV,Manual,141,coches.net,furgoneta
Citroën,Jumper,22300,2021.0,82100,gasoil,Manual,130,coches.net,furgoneta
Renault,Master,21700,2022.0,96000,DIESEL,automático,110,coches.net,furgoneta
Peugeot,Boxer,14200,2021.0,111300,DIESEL,MANUAL,125,coches.net,furgoneta
Citroën,Berlingo,17700,,,gasolina,manual,110,coches.net,furgoneta
Opel,Movano,12700,15.0,235800,Hybrid,M6,140,coches.net,furgoneta
Renault,Kangoo,27200,2020.0,98500km,Electric,M,90,coches.net,furgoneta
Volkswagen,Caddy,16700,2023.0,36900,gasolina,M6,109 CV,coches.net,furgoneta
Volkswagen,Crafter,35300,2024.0,23300,MHEV,M6,102,coches.net,furgoneta
Toyota,Proace,16800,2023.0,40600,DIESEL,M6,115,coches.net,furgoneta
Opel,Vivaro,19900,2024.0,19200,Gasolina,manual,180,coches.net,furgoneta
Peugeot,Boxer,26400,2017.0,128300km,Eléctrico,MANUAL,160,coches.net,furgoneta
Iveco,Daily,23700,2021.0,108700 km,Diésel,MANUAL,100,coches.net,furgoneta
Ford,Transit,21000,2020.0,169600,gasoil,manual,,coches.net,furgoneta
Iveco,Daily,32000,2024.0,30100,diesel,automático,90,coches.net,furgoneta
Fiat,Doblo Cargo,22700,2023.0,57800,DIESEL,M6,95,coches.net,furgoneta
Opel,Movano,44200,2023.0,47700,,,140,coches.net,furgoneta
Ford,Transit,31900,2024.0,17200,Gasolina,AT,170,coches.net,furgoneta
Citroën,Jumpy,9700,2018.0,190400,Diesel,Automático,100,coches.net,furgoneta
Nissan,NV200,32600,2023.0,56600,Gasoil,manual,85,coches.net,furgoneta
Mercedes-Benz,Citan,31000,2022.0,78800,Híbrido,Manual,100,coches.net,furgoneta
Renault,Master,11800,2017.0,197100,DIESEL,Manual,150,coches.net,furgoneta
Volkswagen,Crafter,21200,2019.0,108900,Diesel,M,177,coches.net,furgoneta
Mercedes-Benz,Citan,28200,2023.0,56300,DIESEL,DSG,130,coches.net,furgoneta
Opel,Vivaro,21800,2020.0,100400,MHEV,DSG,180,coches.net,furgoneta
Opel,Vivaro,20800,2019.0,166400,gasoil,Manual,175,coches.net,furgoneta
Nissan,NV400,18100,2019.0,180500,Diésel,Manual,115,coches.net,furgoneta
Mercedes-Benz,Sprinter,27900,2023.0,41100,Diésel,Auto,140,coches.net,furgoneta
Volkswagen,Crafter,30100,2022.0,59100,DIESEL,Auto,140,coches.net,furgoneta
Mercedes-Benz,Sprinter,34100,2024.0,26000,Diésel,M6,90,coches.net,furgoneta
Iveco,Daily,33600,2023.0,55000km,Diesel,manual,150,coches.net,furgoneta
Toyota,Proace,28300,2022.0,87200,Autogás,M,120,coches.net,furgoneta
MAN,TGE,24600,2018.0,145000,Diesel,manual,140,coches.net,furgoneta
MAN,TGE,16000,2016.0,307700,Diésel,M6,107,coches.net,furgoneta
Mercedes-Benz,Citan,,2022.0,53500,DIESEL,Auto,102,coches.net,furgoneta
Iveco,Daily,21500,2021.0,133000,diesel,Manual,100,coches.net,furgoneta
Citroën,Jumper,20400,2023.0,,gasoil,manual,155,coches.net,furgoneta
Ford,Transit,33300,2024.0,21300,,M6,105,coches.net,furgoneta
Toyota,Proace,17400,2023.0,53200 km,DIESEL,Manual,150,coches.net,furgoneta
Mercedes-Benz,Sprinter,20800,2020.0,97100 km,EV,M,140,coches.net,furgoneta
Renault,Master,23900,2022.0,76900,Hibrido,DSG,180,coches.net,furgoneta
Citroën,Jumpy,15500,2019.0,131200km,Electric,manual,115,coches.net,furgoneta
Iveco,Daily,31600 €,2023.0,38800,Diésel,Manual,130,coches.net,furgoneta
Volkswagen,Transporter,31100,2024.0,22500,,M,115,coches.net,furgoneta
Opel,Combo,32100,2022.0,98300,Electric,Manual,105,coches.net,furgoneta
Peugeot,Expert,,2019.0,154900,gasoil,manual,115,coches.net,furgoneta
Toyota,Proace,30700,2022.0,75200,Eléctrico,MANUAL,115,coches.net,furgoneta
Ford,Transit,26700,2023.0,61900,gasoil,manual,125,coches.net,furgoneta
Fiat,Doblo Cargo,24000 €,2023.0,49000,GASOLINA,Manual,90,coches.net,furgoneta
Toyota,Proace,33600,2022.0,54200,Diesel,manual,150,coches.net,furgoneta
Toyota,Proace City,30900,2024.0,20100,gasoil,automático,110,coches.net,furgoneta
Volkswagen,Caddy,26400,2019.0,180400,diesel,manual,75,coches.net,furgoneta
Iveco,Daily,22400,2020.0,120600,Eléctrico (BEV),Auto,,coches.net,furgoneta
Iveco,Daily,31800,2023.0,,,Auto,130,coches.net,furgoneta
Renault,Trafic,17300,2017.0,239700,Diésel,Auto,95,coches.net,furgoneta
Fiat,Ducato,7500,2015.0,271000,gasoil,M,117,coches.net,furgoneta
Mercedes-Benz,Citan,"26300,00",2021.0,98200,gasoil,MANUAL,140,coches.net,furgoneta
Citroën,Jumpy,20400,2022.0,43500,Diesel,MANUAL,100,coches.net,furgoneta
Fiat,Ducato,26000,2024.0,31200,Diesel,manual,122,coches.net,furgoneta
Ford,Transit,21800,2020.0,110400,diesel,Auto,155,coches.net,furgoneta
Ford,Transit Connect,19100,2020.0,63600,Diesel,M,120,coches.net,furgoneta
Mercedes-Benz,Citan,7500,2016.0,326000,DIESEL,M6,,coches.net,furgoneta
Ford,Transit,28900,2022.0,59800,diesel,M6,100,coches.net,furgoneta
Renault,Master,14800,2017.0,254300,gasolina,M,,coches.net,furgoneta
Iveco,Daily,21500,2015.0,182300,Eléctrico,M,130,coches.net,furgoneta
Ford,Transit Connect,19900,2021.0,94500,Diesel,Manual,125,coches.net,furgoneta
Hyundai,Staria,24300,2021.0,123800,gasoil,M6,177,coches.net,furgoneta
Mercedes-Benz,Vito,31100,2021.0,77200,Gasoil,manual,150,coches.net,furgoneta
Volkswagen,Crafter,34600,2024.0,14900,diesel,automático,102,coches.net,furgoneta
Mercedes-Benz,Citan,28800,2023.0,31600,diesel,M,110,coches.net,furgoneta
Opel,Movano,26300,2024.0,21100,diesel,DSG,105,coches.net,furgoneta
Mercedes-Benz,Sprinter,33400,2023.0,,diesel,manual,90,coches.net,furgoneta
MAN,TGE,31100,2024.0,23800,Diesel,manual,107 CV,coches.net,furgoneta
Nissan,NV300,20500,2020.0,141400,DIESEL,M,90,coches.net,furgoneta
Fiat,Scudo,13900,2020.0,123000,Gasoil,M,145,coches.net,furgoneta
Volkswagen,Transporter,13400,2015.0,257300,gasoil,manual,145,coches.net,furgoneta
Volkswagen,Caddy,22100,2024.0,25300,gasolina,Manual,114,coches.net,furgoneta
Volkswagen,Caddy,31400,2023.0,61600,GASOLINA,Manual,102,coches.net,furgoneta
Ford,Transit,22100,2020.0,156600,DIESEL,M6,130,coches.net,furgoneta
Ford,Transit,29400,2023.0,54800,Hibrido,M6,135,coches.net,furgoneta
Ford,Transit Connect,32400,2024.0,28900,Gasoil,manual,105,coches.net,furgoneta
Toyota,Proace,22300,2016.0,247200,EV,M,136 CV,coches.net,furgoneta
Volkswagen,Transporter,13200,2022.0,69600,Diésel,Manual,107,coches.net,furgoneta
Nissan,NV400,19100,2022.0,70200,MHEV,M6,140,coches.net,furgoneta
Ford,Transit,36100,2023.0,36600,Gasoil,M6,160,coches.net,furgoneta
Renault,Kangoo,26900,2022.0,82000,Eléctrico,Manual,90,coches.net,furgoneta
Mercedes-Benz,Citan,10100,2015.0,277800,Diesel,AT,90,coches.net,furgoneta
Maxus,EV80,27000,2019.0,140400,Eléctrico,MANUAL,120,coches.net,furgoneta
Volkswagen,Crafter,24400,2021.0,120800,Diésel,Manual,102,coches.net,furgoneta
Volkswagen,Transporter,29100,2023.0,41100,Híbrido,M6,204,coches.net,furgoneta
Peugeot,Boxer,32800,2022.0,58600,Electric,Auto,165,coches.net,furgoneta
Volkswagen,Caddy,34200,2024.0,23700,Gasoil,Auto,102,coches.net,furgoneta
Toyota,Proace,47400,2024.0,12700,EV,M,150CV,coches.net,furgoneta
Citroën,Berlingo,24700,2022.0,83600,DIESEL,Manual,100,coches.net,furgoneta
Fiat,Scudo,18500,2021.0,92800,diesel,M6,145,coches.net,furgoneta
Renault,Kangoo,20900,2020.0,137900,MHEV,M,75,coches.net,furgoneta
Mercedes-Benz,Citan,37400,2024.0,22000 km,Diesel,Manual,90,coches.net,furgoneta
Fiat,Scudo,9300,2015.0,249600,Diesel,MANUAL,125,coches.net,furgoneta
Ford,Transit,22300,2018.0,203500,Gasoil,Automático,135,coches.net,furgoneta
Hyundai,H350,23800,2020.0,162400,gasoil,M6,165,coches.net,furgoneta
Renault,Master,22500,2023.0,55000,gasoil,MANUAL,185,coches.net,furgoneta
Renault,Kangoo,14300,2019.0,175200,Diesel,MANUAL,70,coches.net,furgoneta
Hyundai,H350,30000,2024.0,26200,DIESEL,Auto,170,coches.net,furgoneta
Citroën,Jumper,15100,2021.0,91800,Diésel,Manual,165,coches.net,furgoneta
Renault,Master,17000,2019.0,146700,diesel,manual,135,coches.net,furgoneta
Mercedes-Benz,Citan,42600,2023.0,45000,Electrico,M,120,coches.net,furgoneta
Volkswagen,Transporter,20400,2021.0,113600,Diésel,Manual,115,coches.net,furgoneta
Opel,Combo,30100,2024.0,17300,gasoil,M,95,coches.net,furgoneta
Citroën,Jumpy,25000,2022.0,,gasolina,manual,120,coches.net,furgoneta
Peugeot,Partner,9700,2015.0,243800,Electric,manual,136,coches.net,furgoneta
Mercedes-Benz,Sprinter,15800,2018.0,120100,Eléctrico (BEV),Manual,150,coches.net,furgoneta
Volkswagen,Transporter,27400,2022.0,66500,,Manual,115,coches.net,furgoneta
Opel,Vivaro,15900,2022.0,69800,Gasoil,MANUAL,100,coches.net,furgoneta
Toyota,Proace City,28000,2020.0,180000,Diesel,DSG,110,coches.net,furgoneta
Renault,Master,12900,2020.0,126400,gasoil,MANUAL,135,coches.net,furgoneta
MAN,TGE,29700,2022.0,53400 km,Gas Natural,M6,140,coches.net,furgoneta
Volkswagen,Crafter,10500,2016.0,308200,GLP,manual,140,coches.net,furgoneta
Fiat,Ducato,19000,2022.0,98000,GASOLINA,Manual,,coches.net,furgoneta
Hyundai,H350,23600,2020.0,98800,Diesel,manual,131,coches.net,furgoneta
Ford,Transit Connect,14600,2020.0,104900,Gasoil,MANUAL,120,coches.net,furgoneta
Volkswagen,Crafter,24800,2021.0,123000,DIESEL,manual,145,coches.net,furgoneta
Maxus,Deliver 9,13800,2018.0,238000 km,gasoil,Manual,150,coches.net,furgoneta
Mercedes-Benz,Sprinter,19100,2020.0,133000,DIESEL,AT,140,coches.net,furgoneta
Iveco,Daily,19400,2020.0,135900,DIESEL,M,102,coches.net,furgoneta
Mercedes-Benz,Citan,29500,2021.0,135700,gasolina,Manual,150,coches.net,furgoneta
Renault,Trafic,15000,2020.0,102600,Gasoil,M6,90,coches.net,furgoneta
Iveco,Daily,14700,2019.0,173500,gasoil,M6,120,coches.net,furgoneta
Opel,Movano,13600,2019.0,146600,Diésel,M,110,coches.net,furgoneta
Fiat,Scudo,13200,2022.0,72500,DIESEL,M,150,coches.net,furgoneta
Citroën,Jumpy,21200,2022.0,74400,Hybrid,automático,150,coches.net,furgoneta
Maxus,EV80,13100,2017.0,290200,Eléctrico (BEV),M6,120,coches.net,furgoneta
Hyundai,H350,17200,2019.0,186500,GNC,MANUAL,136,coches.net,furgoneta
Mercedes-Benz,Sprinter,7500,2019.0,120300,diesel,M6,120 CV,coches.net,furgoneta
Ford,Transit,21000,2021.0,120000,gasoil,AT,170,coches.net,furgoneta
Hyundai,H350,"27800,00",2023.0,60000,diesel,M,170,coches.net,furgoneta
Nissan,NV400,17400,2020.0,111900,Electric,M,115,coches.net,furgoneta
Mercedes-Benz,Sprinter,26500,2018.0,84700,Diesel,AT,120,coches.net,furgoneta
Peugeot,Partner,26900,2024.0,21100,GASOLINA,Manual,105,coches.net,furgoneta
Citroën,Berlingo,25200,2021.0,110900,Hibrido,Automática,100,coches.net,furgoneta
Iveco,Daily,25000,2023.0,42700,diesel,manual,100,coches.net,furgoneta
Citroën,Berlingo,29500,2023.0,52900,Gasolina,automático,110,coches.net,furgoneta
Nissan,NV400,24500,24.0,20200,CNG,M,110CV,coches.net,furgoneta
Citroën,Berlingo,9900,2018.0,170300 km,Gasolina,DSG,115,coches.net,furgoneta
Citroën,Berlingo,21300,2022.0,61100,Hibrido,M6,100,coches.net,furgoneta
Mercedes-Benz,Citan,22400,2019.0,149800,Gasoil,MANUAL,110,coches.net,furgoneta
Fiat,Doblo Cargo,20500,21.0,101600,GLP,M,90 CV,coches.net,furgoneta
Mercedes-Benz,Vito,22000,2020.0,117600,Diésel,MANUAL,100,coches.net,furgoneta
Mercedes-Benz,Vito,25600,2021.0,130700,diesel,M6,110,coches.net,furgoneta
Maxus,Deliver 9,14000,2021.0,94000km,EV,DSG,150,coches.net,furgoneta
Opel,Vivaro,"22500,00",2022.0,85700,Hybrid,M6,105,coches.net,furgoneta
Peugeot,Boxer,11300,2020.0,130100,diesel,MANUAL,130,coches.net,furgoneta
Fiat,Ducato,23500,2022.0,70600,DIESEL,M,127,coches.net,furgoneta
MAN,TGE,35400,2024.0,18300,Híbrido,Automático,140,coches.net,furgoneta
Mercedes-Benz,Sprinter,33200,2021.0,110200 km,GASOLINA,automático,102,coches.net,furgoneta
Mercedes-Benz,Vito,"50800,00",2024.0,24600 km,Eléctrico,Auto,75,coches.net,furgoneta
Ford,Transit,28400,2022.0,58400,Diésel,MANUAL,175,coches.net,furgoneta
Volkswagen,Caddy,16800,2015.0,209400,EV,automático,75,coches.net,furgoneta
Volkswagen,Caddy,15800,2018.0,137400,gasoil,M6,97,coches.net,furgoneta
Ford,Transit Courier,29400,2022.0,70000,Eléctrico,M,75,coches.net,furgoneta
Volkswagen,Transporter,20100,2023.0,31400,Gasoil,Automático,97,coches.net,furgoneta
Nissan,NV400,21400,2020.0,131000,Diesel,MANUAL,110,coches.net,furgoneta
Citroën,Berlingo,8400,2016.0,248200,GLP,M6,100,coches.net,furgoneta
Peugeot,Expert,27700,2024.0,19600,Diesel,MANUAL,105,coches.net,furgoneta
Ford,Transit,14800,2020.0,113300,gasoil,Automático,135,coches.net,furgoneta
Renault,Trafic,21600,2019.0,144000 km,Diesel,M6,120,coches.net,furgoneta
Ford,Transit Connect,35200,2023.0,51900,Diésel,automático,75,coches.net,furgoneta
Renault,Master,28400,2024.0,28300,diesel,M6,135,coches.net,furgoneta
Toyota,Proace,39100,2022.0,38400,EV,Automático,136,coches.net,furgoneta
Ford,Transit,32600,2024.0,15000,Diesel,M6,125,coches.net,furgoneta
Volkswagen,Caddy,9700 €,2017.0,200200,Diesel,Manual,97,coches.net,furgoneta
MAN,TGE,19100,,,gasolina,manual,140,coches.net,furgoneta
Mercedes-Benz,Citan,31800,2021.0,112100,gasoil,manual,102,coches.net,furgoneta
Volkswagen,Crafter,19900,2020.0,162800,gasoil,Automático,182,coches.net,furgoneta
Renault,Master,25700,2024.0,34100km,diesel,M6,145,coches.net,furgoneta
Nissan,NV300,21700,2020.0,92800,Híbrido,MANUAL,120,coches.net,furgoneta
Opel,Movano,17200,2019.0,194900,Diésel,M6,163,coches.net,furgoneta
Iveco,Daily,14500,2016.0,302500,diesel,M6,100,coches.net,furgoneta
Fiat,Doblo Cargo,20600,2020.0,144200,GNC,DSG,105,coches.net,furgoneta
Volkswagen,Crafter,17800,2018.0,149800,Gasoil,Manual,140,coches.net,furgoneta
Hyundai,Staria,17700,2020.0,128600,Diésel,MANUAL,177,coches.net,furgoneta
Volkswagen,Crafter,31100,2022.0,71900,diesel,M,97,coches.net,furgoneta
Mercedes-Benz,Vito,22600,2022.0,55700,Diesel,M,90,coches.net,furgoneta
Mercedes-Benz,Citan,29000,2021.0,108400,Diésel,Manual,90,coches.net,furgoneta
Volkswagen,Transporter,35700,2022.0,88500,DIESEL,manual,97,coches.net,furgoneta
Toyota,Proace City,30100,2021.0,94500,diesel,manual,100,coches.net,furgoneta
Renault,Master,14000,2021.0,83900,gasoil,M6,145,coches.net,furgoneta
Fiat,Scudo,14400,2017.0,152400,Eléctrico (BEV),M,120,coches.net,furgoneta
Volkswagen,Caddy,11300,2018.0,162100,Gasolina,M6,119,coches.net,furgoneta
Fiat,Scudo,25400,2022.0,69700,Eléctrico (BEV),Automática,120,coches.net,furgoneta
Ford,Transit Courier,26700,2021.0,57800,gasolina,M,100,coches.net,furgoneta
Fiat,Ducato,21000,2022.0,87800,gasoil,M6,160,coches.net,furgoneta
Ford,Transit,23300,2022.0,80800,Gasolina,Manual,105,coches.net,furgoneta
Citroën,Jumper,,2019.0,185500,gasolina,M6,140,coches.net,furgoneta
Opel,Vivaro,34600,2024.0,16900,Híbrido,manual,120,coches.net,furgoneta
Toyota,Proace City,25800,2019.0,135000,Diesel,Manual,105,coches.net,furgoneta
Nissan,NV400,16800,2018.0,146700,Hibrido,manual,105,coches.net,furgoneta
Toyota,Proace,14500,2017.0,231600,Electrico,Manual,120 CV,coches.net,furgoneta
Peugeot,Boxer,12300,2018.0,184400,Diesel,Manual,160,coches.net,furgoneta
Renault,Trafic,21300 €,2017.0,186300km,Diésel,M6,115,coches.net,furgoneta
MAN,TGE,18000,2022.0,89700,gasoil,manual,135,coches.net,furgoneta
Peugeot,Partner,25400,2022.0,71800,Gasolina,M,105,coches.net,furgoneta
Citroën,Jumpy,22500,2024.0,17100,Diésel,M6,100,coches.net,furgoneta
Volkswagen,Caddy,26600,22.0,76500,GASOLINA,AT,114,coches.net,furgoneta
Iveco,Daily,25500,2020.0,108300,gasoil,manual,110,coches.net,furgoneta
Iveco,Daily,26800,2023.0,49100,Diésel,AT,90,coches.net,furgoneta
Fiat,Scudo,17700,,,Gasoil,manual,145,coches.net,furgoneta
Citroën,Jumper,14400,2019.0,131300,gasoil,Auto,155,coches.net,furgoneta
Mercedes-Benz,Vito,32900,2021.0,,,AT,130,coches.net,furgoneta
Nissan,Primastar,16900,2019.0,181100,Gasoil,manual,119 CV,coches.net,furgoneta
Nissan,NV200,24900,2022.0,64600,Diesel,M,105,coches.net,furgoneta
Mercedes-Benz,Vito,29900,2023.0,45600,Eléctrico (BEV),M6,102,coches.net,furgoneta
Citroën,Jumper,14900,2023.0,54800,Diésel,M6,140,coches.net,furgoneta
Mercedes-Benz,Citan,19300,2017.0,300000,DIESEL,M6,140,coches.net,furgoneta
Opel,Vivaro,13200,2017.0,282400,DIESEL,Automático,120,coches.net,furgoneta
Volkswagen,Transporter,23400,2021.0,105800,diesel,manual,110,coches.net,furgoneta
Toyota,Proace City,23700,2023.0,67300,Diesel,MANUAL,110,coches.net,furgoneta
Renault,Kangoo,27400,2023.0,52800,Gasoil,M,90,coches.net,furgoneta
Iveco,Daily,15500,2018.0,247700,gasoil,Manual,110,coches.net,furgoneta
Mercedes-Benz,Citan,8800,2017.0,213700,DIESEL,manual,100,coches.net,furgoneta
Fiat,Scudo,24500,2020.0,153500,Diésel,Manual,150,coches.net,furgoneta
Fiat,Doblo Cargo,26400,2022.0,67200,MHEV,M6,105,coches.net,furgoneta
Hyundai,Staria,14500,2021.0,80100,gasoil,Manual,182,coches.net,furgoneta
Ford,Transit,24700,2024.0,20300,DIESEL,MANUAL,170,coches.net,furgoneta
Hyundai,H350,24000,2021.0,110500,Gasoil,M,131,coches.net,furgoneta
Iveco,Daily,16800,2020.0,132600,GASOLINA,M6,102,coches.net,furgoneta
Mercedes-Benz,Sprinter,19300,2020.0,132600,diesel,Manual,75,coches.net,furgoneta
Mercedes-Benz,Vito,38800,2021.0,108000km,Eléctrico (BEV),M6,150,coches.net,furgoneta
Toyota,Proace City,14100,2016.0,310000 km,gasoil,M6,95,coches.net,furgoneta
Opel,Vivaro,20000,2023.0,57600,diesel,Auto,185,coches.net,furgoneta
Citroën,Jumper,11800,2020.0,118800,Diesel,M6,155,coches.net,furgoneta
Nissan,NV400,21100,2020.0,138700,Diésel,manual,150,coches.net,furgoneta
Peugeot,Boxer,23400,2023.0,57200,diesel,MANUAL,140,coches.net,furgoneta
Iveco,Daily,14300,2017.0,215000,diesel,M,,coches.net,furgoneta
Peugeot,Boxer,18300,2023.0,40000,diesel,manual,140,coches.net,furgoneta
Iveco,Daily,29300,2024.0,26400,diesel,M,140,coches.net,furgoneta
Fiat,Scudo,7500,2015.0,247400,Diesel,manual,145,coches.net,furgoneta
Toyota,Proace City,23500,2019.0,154500,Híbrido,M6,110,coches.net,furgoneta
Opel,Vivaro,29100,2024.0,23700,Diésel,M6,180,coches.net,furgoneta
Volkswagen,Transporter,18800,2017.0,195000,diesel,DSG,204,coches.net,furgoneta
Renault,Trafic,26900,2021.0,102000,Gasoil,M,90,coches.net,furgoneta
Toyota,Proace City,36900,2024.0,23000,Diesel,MANUAL,110,coches.net,furgoneta
Fiat,Scudo,,2016.0,233000,Diésel,M,145,coches.net,furgoneta
Renault,Master,22200,2024.0,20800,Gasolina,MANUAL,175,coches.net,furgoneta
Opel,Movano,13000,2020.0,135900,Diesel,,105,coches.net,furgoneta
Fiat,Ducato,26000,2022.0,73900,DIESEL,AT,125,coches.net,furgoneta
Mercedes-Benz,Vito,25400,2023.0,36500,diesel,MANUAL,120,coches.net,furgoneta
Ford,Transit Connect,21000,2020.0,101100,Diésel,Automática,75,coches.net,furgoneta
Ford,Transit Connect,27400,2022.0,63700,DIESEL,Manual,120,coches.net,furgoneta
Renault,Kangoo,29800,2023.0,56200,,automático,90,coches.net,furgoneta
Fiat,Doblo Cargo,21600,2020.0,156200,Gasoil,manual,85,coches.net,furgoneta
Hyundai,H350,19800,2020.0,111500,Gasoil,M,136,coches.net,furgoneta
Volkswagen,Crafter,22600 €,2017.0,199400,Gasoil,automático,140,coches.net,furgoneta
Peugeot,Expert,"13400,00",2022.0,88100 km,DIESEL,AT,100,coches.net,furgoneta
Renault,Master,22500,2023.0,38700,Diésel,MANUAL,180,coches.net,furgoneta
Renault,Trafic,11300,2020.0,115900,diesel,M,95,coches.net,furgoneta
Mercedes-Benz,Citan,30800,2022.0,76400,Diesel,manual,75,coches.net,furgoneta
Fiat,Doblo Cargo,7500,2017.0,192300,EV,automático,95,coches.net,furgoneta
Volkswagen,Transporter,38500,2023.0,38000,Diésel,MANUAL,110,coches.net,furgoneta
Renault,Master,13000,2015.0,170100 km,diesel,manual,110,coches.net,furgoneta
Nissan,NV200,21800,2023.0,50100,Diesel,M6,110,coches.net,furgoneta
Toyota,Proace City,32200,2024.0,17500,,M,110,coches.net,furgoneta
Peugeot,Boxer,28900,2023.0,41100,Diésel,Automática,130,coches.net,furgoneta
Nissan,NV200,32900,2023.0,35000,GASOLINA,DSG,110,coches.net,furgoneta
Fiat,Ducato,26200,2022.0,99300,Eléctrico (BEV),manual,122,coches.net,furgoneta
Citroën,Jumpy,23600,2022.0,77400,EV,MANUAL,95,coches.net,furgoneta
Citroën,Jumper,27400,2023.0,42600,Eléctrico,M,160,coches.net,furgoneta
Ford,Transit,27200,24.0,14600 km,GASOLINA,M,170,coches.net,furgoneta
Ford,Transit Courier,36900,2023.0,45200,gasolina,MANUAL,100,coches.net,furgoneta
Citroën,Jumpy,39100,2023.0,46300,Electric,Automática,120,coches.net,furgoneta
Toyota,Proace,28900,2024.0,22700,,M6,150,coches.net,furgoneta
Citroën,Berlingo,12100,2020.0,123300,gasolina,manual,,coches.net,furgoneta
Iveco,Daily,14100,2017.0,190000,DIESEL,M6,75,coches.net,furgoneta
Nissan,NV200,12800,2018.0,,Diesel,MANUAL,85,coches.net,furgoneta
Mercedes-Benz,Sprinter,17000,2020.0,54600,diesel,M,150,coches.net,furgoneta
Citroën,Berlingo,32700,2023.0,42500,Electric,Manual,131,coches.net,furgoneta
Hyundai,H350,9400,2018.0,220700,Gasoil,M,170,coches.net,furgoneta
Nissan,Primastar,16700,2019.0,213500,Diésel,MANUAL,114,coches.net,furgoneta
Renault,Trafic,,2021.0,101800,Diesel,M,145,coches.net,furgoneta
Renault,Kangoo,16900,2021.0,88000,EV,M6,90,coches.net,furgoneta
Mercedes-Benz,Vito,16700,2015.0,,DIESEL,M6,150,coches.net,furgoneta
Opel,Combo,18900,2023.0,49100,Diésel,manual,95CV,coches.net,furgoneta
Ford,Transit Connect,15600,2021.0,100600,diesel,manual,75,coches.net,furgoneta
Renault,Kangoo,22300,2020.0,160100,diesel,MANUAL,,coches.net,furgoneta
Ford,Transit Courier,38400,2023.0,,EV,MANUAL,75,coches.net,furgoneta
Nissan,NV200,28100,2022.0,81000,Electrico,MANUAL,110,coches.net,furgoneta
Toyota,Proace City,8500,2022.0,64800,gasoil,manual,100,coches.net,furgoneta
Mercedes-Benz,Vito,22800,2018.0,183800 km,Gasoil,M6,110,coches.net,furgoneta
Opel,Movano,25900,2022.0,63700,DIESEL,,105,coches.net,furgoneta
Ford,Transit Courier,34200,2024.0,28200 km,Diesel,manual,75,coches.net,furgoneta
Ford,Transit,"16100,00",2022.0,91700,Gasolina,Automática,155,coches.net,furgoneta
Ford,Transit,22800,2024.0,20400,Diesel,M6,155,coches.net,furgoneta
Iveco,Daily,29100 €,2021.0,118100,Electric,Automático,100,coches.net,furgoneta
Opel,Vivaro,18800,2020.0,104500,Gasoil,M6,185,coches.net,furgoneta
Mercedes-Benz,Sprinter,12500,2017.0,231600,Gasoil,MANUAL,90,coches.net,furgoneta
Renault,Kangoo,24000,2024.0,26200,Diesel,Manual,75,coches.net,furgoneta
Peugeot,Partner,18600,2023.0,58500,Gasolina,M,105,coches.net,furgoneta
Mercedes-Benz,Vito,23400,2022.0,54700,MHEV,manual,100,coches.net,furgoneta
Iveco,Daily,19500,2022.0,59600,gasoil,M,130,coches.net,furgoneta
Citroën,Jumpy,25400,2023.0,34200,Electrico,M,155,coches.net,furgoneta
Volkswagen,Crafter,36000,2024.0,20400,diesel,Auto,102,coches.net,furgoneta
Hyundai,Staria,25700,2024.0,19900,Gasoil,manual,177,coches.net,furgoneta
Renault,Kangoo,9900,2019.0,71100,gasoil,Automático,90,coches.net,furgoneta
Peugeot,Expert,27200,2021.0,101600,diesel,MANUAL,95,coches.net,furgoneta
Ford,Transit Connect,17200,2020.0,173500,gasolina,Automático,75,coches.net,furgoneta
Peugeot,Partner,18600,2017.0,224300 km,EV,Automática,136,coches.net,furgoneta
Fiat,Ducato,24000,2021.0,113300,DIESEL,Automática,160,coches.net,furgoneta
Mercedes-Benz,Vito,24500,21.0,97500,Diesel,manual,102,coches.net,furgoneta
Ford,Transit Connect,28200,2024.0,23600,diesel,automático,115CV,coches.net,furgoneta
Volkswagen,Caddy,31600,2023.0,50600,diesel,manual,75CV,coches.net,furgoneta
Renault,Trafic,19500,2021.0,91100,GASOLINA,Manual,150,coches.net,furgoneta
Opel,Vivaro,22300,2022.0,63000,DIESEL,M6,95,coches.net,furgoneta
Volkswagen,Caddy,21400,2020.0,128100,Gasoil,manual,97,coches.net,furgoneta
Fiat,Ducato,28700,2023.0,44500,Gasoil,Manual,160,coches.net,furgoneta
Citroën,Berlingo,25400,2024.0,14200,GASOLINA,Manual,110,coches.net,furgoneta
Ford,Transit Courier,16900,2022.0,75000,Gasolina,M6,100,coches.net,furgoneta
Peugeot,Partner,15700,2023.0,27100,Gasolina,AT,110,coches.net,furgoneta
Iveco,Daily,25100,2020.0,134300,,M,140,coches.net,furgoneta
Toyota,Proace City,36000,2024.0,22000,GLP/Gasolina,Automático,95,coches.net,furgoneta
Renault,Trafic,13300,2019.0,140400,diesel,manual,115,coches.net,furgoneta
Volkswagen,Transporter,18900,2023.0,38100,Diesel,manual,110,coches.net,furgoneta
Citroën,Jumpy,19300,2021.0,103400,Diesel,Manual,115,coches.net,furgoneta
Volkswagen,Crafter,23100,2019.0,182500,Gasoil,MANUAL,182,coches.net,furgoneta
Volkswagen,Crafter,28100,2024.0,22300,diesel,MANUAL,107,coches.net,furgoneta
Opel,Combo,23000,2023.0,50200 km,Gasoil,MANUAL,100,coches.net,furgoneta
Volkswagen,Caddy,14400,2019.0,149000,Gasoil,MANUAL,80,coches.net,furgoneta
Ford,Transit,19500,2022.0,76800,gasoil,MANUAL,130,coches.net,furgoneta
Nissan,NV200,22000,2019.0,155000,GASOLINA,Manual,85,coches.net,furgoneta
Citroën,Jumpy,,2023.0,54200,Diesel,Automático,100,coches.net,furgoneta
Hyundai,H350,24500,2023.0,48900,Diésel,Auto,170,coches.net,furgoneta
Nissan,NV400,20500 €,2023.0,37500,Electric,MANUAL,110,coches.net,furgoneta
Mercedes-Benz,Sprinter,31500,2023.0,34400,Híbrido,Auto,102,coches.net,furgoneta
Mercedes-Benz,Vito,25500,2018.0,200900,Diesel,M6,100,coches.net,furgoneta
Citroën,Jumpy,14000,2021.0,84500,Gasoil,MANUAL,145,coches.net,furgoneta
Toyota,Proace City,26500,2023.0,38900,Hibrido,MANUAL,105,coches.net,furgoneta
Citroën,Berlingo,19400,2023.0,40200,Gasolina,MANUAL,110,coches.net,furgoneta
Mercedes-Benz,Citan,23600,2020.0,150800,Diésel,manual,75,coches.net,furgoneta
Peugeot,Partner,17100,2021.0,113900,gasolina,M,110,coches.net,furgoneta
Hyundai,H350,16400,23.0,49000,gasolina,MANUAL,170,coches.net,furgoneta
Volkswagen,Transporter,24700,2021.0,103400,diesel,manual,110,coches.net,furgoneta
Toyota,Proace City,29000,2023.0,47800,Gasoil,M,105,coches.net,furgoneta
Mercedes-Benz,Vito,32300,2023.0,40500,Gasoil,Automática,75,coches.net,furgoneta
Fiat,Doblo Cargo,23100,2020.0,134000,,manual,100,coches.net,furgoneta
Peugeot,Partner,8200,2017.0,284000,Gasolina,,105,coches.net,furgoneta
Maxus,EV80,34700,2022.0,70800,EV,Auto,125,coches.net,furgoneta
Hyundai,Staria,19400,2021.0,109300,Gasoil,Automático,177,coches.net,furgoneta
Renault,Kangoo,34900,2021.0,76500,Eléctrico,Automático,75,coches.net,furgoneta
Nissan,NV200,24800,2022.0,72600,Diésel,Manual,95,coches.net,furgoneta
Mercedes-Benz,Vito,27900,2024.0,21400,gasoil,manual,75,coches.net,furgoneta
Hyundai,H350,29400,2021.0,108600,Electric,Manual,170,coches.net,furgoneta
Ford,Transit,17800,2020.0,91300,gasoil,M6,105,coches.net,furgoneta
MAN,TGE,,,None km,CNG,manual,107,coches.net,furgoneta
Volkswagen,Transporter,21000,2018.0,221500,diesel,Manual,102,coches.net,furgoneta
Opel,Combo,24500,2022.0,78700,Gasoil,M6,115,coches.net,furgoneta
Fiat,Scudo,19500,2021.0,115600,Diesel,M6,120,coches.net,furgoneta
Peugeot,Boxer,"17300,00",2018.0,207400 km,Gasolina,manual,140,coches.net,furgoneta
Fiat,Scudo,8400,2016.0,233600,diesel,Manual,120,coches.net,furgoneta
Volkswagen,Crafter,34400,2023.0,34400,Gasoil,MANUAL,107,coches.net,furgoneta
Volkswagen,Crafter,38300,2024.0,20800,Diésel,manual,182,coches.net,furgoneta
Mercedes-Benz,Sprinter,47200,2024.0,27900,MHEV,Manual,130,coches.net,furgoneta
Hyundai,H350,28000,2023.0,58600,gasoil,M,136,coches.net,furgoneta
Mercedes-Benz,Sprinter,29200,2023.0,37800,diesel,Manual,75,coches.net,furgoneta
Fiat,Doblo Cargo,27500,2024.0,23300,Diésel,Manual,85,coches.net,furgoneta
Mercedes-Benz,Citan,14000,2019.0,145700,Hibrido,Automática,120,coches.net,furgoneta
Opel,Combo,23600,2021.0,89400,Gasoil,manual,100,coches.net,furgoneta
Ford,Transit Connect,18400,2018.0,189300,gasolina,Manual,115,coches.net,furgoneta
MAN,TGE,32000,2023.0,53200,Eléctrico (BEV),AT,140,coches.net,furgoneta
Iveco,Daily,16200,2018.0,198100,Diésel,M,102,coches.net,furgoneta
Opel,Movano,21900,2022.0,54600,gasoil,manual,168,coches.net,furgoneta
Toyota,Proace City,13800,2017.0,254200,,manual,100,coches.net,furgoneta
Mercedes-Benz,Vito,30300,2022.0,73700,Gasoil,Manual,75,coches.net,furgoneta
Nissan,Primastar,31.000,2024.0,26200,EV,MANUAL,119 CV,coches.net,furgoneta
Nissan,Primastar,18800,2020.0,123800,DIESEL,M,,coches.net,furgoneta
Renault,Kangoo,32400,2024.0,21000,Electric,Auto,90,coches.net,furgoneta
Fiat,Ducato,18800,2021.0,106500,diesel,MANUAL,160,coches.net,furgoneta
Volkswagen,Caddy,32700,2020.0,140600,gasoil,Manual,80,coches.net,furgoneta
Opel,Vivaro,28100,2024.0,24600,gasoil,MANUAL,120,coches.net,furgoneta
Mercedes-Benz,Citan,14100,2017.0,262600,Diesel,M6,150,coches.net,furgoneta
Peugeot,Expert,16800,2016.0,202500,Diésel,M6,95,coches.net,furgoneta
Citroën,Berlingo,22200,2023.0,55400,gasolina,MANUAL,110,coches.net,furgoneta
Fiat,Ducato,25300,2024.0,21700 km,gasolina,,117,coches.net,furgoneta
Ford,Transit Courier,23700,2023.0,51600,Gasolina,M6,100,coches.net,furgoneta
Renault,,20300,2021.0,98900,gasoil,M,75,coches.net,furgoneta
Mercedes-Benz,Citan,16900,2021.0,122800,DIESEL,M,110,coches.net,furgoneta
Opel,Movano,16000,,,DIESEL,M6,110,coches.net,furgoneta
Hyundai,H350,30100,2023.0,38200,DIESEL,manual,170,coches.net,furgoneta
Peugeot,Boxer,27100,2024.0,27900,GASOLINA,MANUAL,,coches.net,furgoneta
Volkswagen,Caddy,25600,2024.0,21700km,GASOLINA,MANUAL,114CV,coches.net,furgoneta
Mercedes-Benz,Sprinter,10600,2018.0,116900 km,gasoil,M6,75,coches.net,furgoneta
Renault,Kangoo,27600,2024.0,22700,Diésel,Automático,80,coches.net,furgoneta
Opel,Combo,17400,2019.0,166700,Diésel,M,110,coches.net,furgoneta
Iveco,Daily,35500,2024.0,22900,Gasoil,Manual,130,coches.net,furgoneta
Opel,Vivaro,31500,2024.0,25700,Gasoil,Automático,125,coches.net,furgoneta
Fiat,Ducato,28000,2023.0,45700 km,,,155,coches.net,furgoneta
Fiat,Ducato,17400,2023.0,40300,Hibrido,MANUAL,122,coches.net,furgoneta
Renault,Master,18700,2019.0,214700,diesel,Automático,175,coches.net,furgoneta
Peugeot,Expert,21600,2021.0,97000,Diésel,M6,100,coches.net,furgoneta
Nissan,NV400,23100,2021.0,88100,Gasoil,M6,145,coches.net,furgoneta
Renault,Master,21900,2021.0,112600,gasoil,M6,130,coches.net,furgoneta
Peugeot,Boxer,23800,2021.0,125900,Diésel,M,130,coches.net,furgoneta
Fiat,Doblo Cargo,24100,2024.0,18900,diesel,M,105,coches.net,furgoneta
Mercedes-Benz,Sprinter,23600,2017.0,197500,gasoil,Manual,140,coches.net,furgoneta
Ford,Transit,26700,2024.0,11600 km,DIESEL,DSG,170,coches.net,furgoneta
Opel,,,2016.0,243000,Diésel,Manual,110,coches.net,furgoneta
Hyundai,Staria,27900,2022.0,90200,Electric,,182,coches.net,furgoneta
Nissan,NV300,18000,2019.0,113900,Gasoil,M6,120,coches.net,furgoneta
Citroën,Jumpy,7500,2015.0,263200,Diésel,MANUAL,105,coches.net,furgoneta
Iveco,,26200,2023.0,46400 km,gasolina,Automático,110,coches.net,furgoneta
Fiat,Doblo Cargo,21000,2023.0,32600,gasoil,M6,105,coches.net,furgoneta
Volkswagen,Caddy,24200,2021.0,114500km,gasoil,manual,102,coches.net,furgoneta
Volkswagen,Transporter,15300,2017.0,214700,Gasoil,M6,110,coches.net,furgoneta
Renault,Master,22400,2021.0,102700,DIESEL,M,145,coches.net,furgoneta
Volkswagen,Crafter,27000,2021.0,82800,Diésel,DSG,177,coches.net,furgoneta
Mercedes-Benz,Citan,13200,2015.0,180200,Diesel,manual,100,coches.net,furgoneta
Citroën,Jumpy,20000,,,Diésel,M,150CV,coches.net,furgoneta
Toyota,Proace City,17800,2021.0,83800,DIESEL,manual,105,coches.net,furgoneta
Ford,Transit Connect,17200,2020.0,114600,diesel,automático,125,coches.net,furgoneta
Toyota,Proace,19600,2020.0,116300,GASOLINA,Manual,120,coches.net,furgoneta
Peugeot,Expert,17800,2020.0,133200,Diesel,MANUAL,105,coches.net,furgoneta
Renault,Master,20400,19.0,164000,Gasoil,M,110,coches.net,furgoneta
Opel,Vivaro,14100,2019.0,191800,Diésel,MANUAL,180,coches.net,furgoneta
Iveco,Daily,25500,2024.0,19700,gasolina,Auto,150,coches.net,furgoneta
Renault,Kangoo,26100,20.0,55300,Eléctrico,MANUAL,90 CV,coches.net,furgoneta
Volkswagen,Transporter,36700 €,2023.0,35400,gasoil,automático,107,coches.net,furgoneta
Ford,Transit,24400,2019.0,157600,gasoil,,130,coches.net,furgoneta
Volkswagen,Transporter,17800,2017.0,252200,Diésel,Manual,110,coches.net,furgoneta
Ford,Transit Connect,29100,2023.0,56600,Diésel,Manual,125,coches.net,furgoneta
Fiat,Ducato,26600,2023.0,47500,Diésel,M6,155,coches.net,furgoneta
Renault,Kangoo,15300,2021.0,128900,diesel,Manual,95,coches.net,furgoneta
Peugeot,Expert,23200,2021.0,92400,Gasoil,manual,155,coches.net,furgoneta
Renault,Trafic,17900,2023.0,53200,Diesel,Automático,150,coches.net,furgoneta
Mercedes-Benz,Vito,36600,2023.0,48000,Diésel,MANUAL,75,coches.net,furgoneta
Peugeot,Expert,23200,2021.0,89500,Electric,manual,150,coches.net,furgoneta
Ford,Transit Courier,22100,2023.0,38700,GASOLINA,Auto,100,coches.net,furgoneta
Nissan,NV400,13200,2018.0,201000,Hybrid,M,145,coches.net,furgoneta
Mercedes-Benz,Citan,37700,2023.0,49500,Diesel,M,140,coches.net,furgoneta
Nissan,Primastar,35600,2024.0,22300,,M,114,coches.net,furgoneta
Renault,Kangoo,21600,2020.0,174900,Diésel,DSG,80,coches.net,furgoneta
Ford,Transit Connect,32500,2024.0,24400,GASOLINA,,70,coches.net,furgoneta
Citroën,Berlingo,19800,2022.0,55600,Gasolina,MANUAL,105,coches.net,furgoneta
Hyundai,H350,11600,2016.0,219800,Híbrido,M,170,coches.net,furgoneta
Ford,Transit Connect,16700,2019.0,172000,Electrico,manual,120 CV,coches.net,furgoneta
Iveco,Daily,34100,2022.0,90600,gasoil,Auto,140,coches.net,furgoneta
Toyota,Proace City,32200,2022.0,79200,Gasoil,M6,105,coches.net,furgoneta
Fiat,Ducato,30400,2023.0,46100,GASOLINA,Automático,127,coches.net,furgoneta
Hyundai,H350,15400,2020.0,125600,DIESEL,Manual,175,coches.net,furgoneta
MAN,TGE,39300,2022.0,41900,diesel,Manual,102,coches.net,furgoneta
Toyota,Proace City,15700,2019.0,167200,Diesel,M,115,coches.net,furgoneta
Ford,Transit Connect,14800,,,diesel,M,120,coches.net,furgoneta
Fiat,Scudo,27700,2022.0,66200,gasoil,Manual,140,coches.net,furgoneta
Nissan,NV200,22000,2023.0,36300,DIESEL,DSG,90,coches.net,furgoneta
Nissan,NV200,21100,2022.0,83100,DIESEL,MANUAL,90,coches.net,furgoneta
Citroën,Jumper,26100,2022.0,89800,Diesel,M6,130,coches.net,furgoneta
MAN,TGE,32300 €,2023.0,47900,Autogás,automático,107,coches.net,furgoneta
Renault,Trafic,26200,,,diesel,MANUAL,145,coches.net,furgoneta
Ford,Transit Courier,11100,2017.0,214900,Gasolina,M,105,coches.net,furgoneta
Volkswagen,Caddy,39300,2023.0,63400,Electric,Manual,70,coches.net,furgoneta
Opel,Combo,19200,2022.0,62100km,Hibrido,Manual,110,coches.net,furgoneta
Ford,Transit,22600,2024.0,16700,Autogás,manual,,coches.net,furgoneta
Citroën,Jumpy,15400,2016.0,277600,gasoil,M6,100,coches.net,furgoneta
Volkswagen,Caddy,23400,2018.0,234900 km,Gasolina,automático,114,coches.net,furgoneta
Volkswagen,Transporter,23800,2021.0,83000,GASOLINA,M,97,coches.net,furgoneta
Fiat,Scudo,12000,2020.0,111700,Gasoil,Manual,145,coches.net,furgoneta
Nissan,NV200,20800,2024.0,21500,gasoil,Automático,110,coches.net,furgoneta
Volkswagen,Crafter,23600,2020.0,115000,Eléctrico (BEV),Automática,145,coches.net,furgoneta
Renault,Kangoo,31200,2024.0,23400,,Manual,75,coches.net,furgoneta
Ford,Transit Courier,19500,2023.0,44800,Gasolina,manual,100,coches.net,furgoneta
Volkswagen,Transporter,42300 €,2023.0,43600,Eléctrico (BEV),manual,150,coches.net,furgoneta
Mercedes-Benz,Sprinter,28500,2024.0,11200,Diesel,MANUAL,150,coches.net,furgoneta
Nissan,NV300,26400,2020.0,61800 km,EV,MANUAL,95,coches.net,furgoneta
Peugeot,Partner,,2015.0,320900,Eléctrico,MANUAL,131,coches.net,furgoneta
Fiat,Ducato,36300,2024.0,21100,EV,Auto,125,coches.net,furgoneta
Peugeot,Partner,26700,2022.0,47600,gasoil,Auto,105,coches.net,furgoneta
Fiat,Scudo,20400,2021.0,66900,gasoil,M,140,coches.net,furgoneta
Renault,Trafic,17200,2017.0,235700,gasolina,MANUAL,115,coches.net,furgoneta
Mercedes-Benz,Vito,36600,2024.0,22700,,MANUAL,90,coches.net,furgoneta
Iveco,Daily,12500,2015.0,380000,gasoil,Manual,102,coches.net,furgoneta
Ford,Transit Connect,14300 €,2017.0,239700,Gasoil,Manual,100,coches.net,furgoneta
Iveco,Daily,27900,2023.0,44100,Gasoil,M6,100,coches.net,furgoneta
Fiat,Ducato,19000,2020.0,105800,DIESEL,MANUAL,160,coches.net,furgoneta
Ford,Transit,34000,2024.0,13400,Diesel,automático,160,coches.net,furgoneta
Citroën,Jumpy,20500,2022.0,62400,Diesel,AT,100,coches.net,furgoneta
Renault,Master,"23800,00",2020.0,121200,Gasoil,Automática,145,coches.net,furgoneta
Opel,Combo,9600,2019.0,138500,GLP/Gasolina,M6,110,coches.net,furgoneta
Citroën,Jumpy,20000,2022.0,79400,CNG,manual,125,coches.net,furgoneta
Renault,Master,28900,2023.0,48200km,EV,M6,180,coches.net,furgoneta
Renault,Trafic,26200,2020.0,126000,DIESEL,M6,125,coches.net,furgoneta
Ford,Transit Courier,16500,2023.0,41100 km,GASOLINA,M6,105,coches.net,furgoneta
Fiat,Ducato,13500,2019.0,111800,Gasoil,Manual,135,coches.net,furgoneta
Fiat,Doblo Cargo,31600,,,DIESEL,MANUAL,105,coches.net,furgoneta
Peugeot,Partner,11100,2020.0,73500,DIESEL,MANUAL,100,coches.net,furgoneta
Fiat,Doblo Cargo,21300,2022.0,81500,Gasoil,M,90,coches.net,furgoneta
Iveco,Daily,29400,2022.0,82800,Eléctrico (BEV),Auto,75,coches.net,furgoneta
Volkswagen,Caddy,25700,2024.0,30400,gasoil,,97,coches.net,furgoneta
Toyota,Proace,33500,2020.0,126000,Electric,MANUAL,136,coches.net,furgoneta
Toyota,Proace,30900,2023.0,42400,Electric,manual,141,coches.net,furgoneta
Mercedes-Benz,Citan,25600,2023.0,53400,GASOLINA,MANUAL,102,coches.net,furgoneta
Mercedes-Benz,Vito,19800,2019.0,159900 km,Gasoil,M6,100,coches.net,furgoneta
Citroën,Jumpy,17700,2020.0,125100,DIESEL,M6,150,coches.net,furgoneta
Renault,Kangoo,23700,2023.0,55800,EV,M,90,coches.net,furgoneta
Ford,Transit,22300,2020.0,140100,EV,M,105,coches.net,furgoneta
Nissan,Primastar,13700,2023.0,49200,gasoil,DSG,114,coches.net,furgoneta
Renault,Master,23700,2022.0,106200,Gasoil,MANUAL,145,coches.net,furgoneta
Peugeot,Partner,20000,2022.0,73100,Electric,M6,136,coches.net,furgoneta
Renault,Trafic,"21700,00",2022.0,102100,Gasoil,MANUAL,120,coches.net,furgoneta
Mercedes-Benz,Citan,"16500,00",2019.0,156900,gasoil,MANUAL,75,coches.net,furgoneta
Peugeot,Boxer,30300,2021.0,122500,DIESEL,MANUAL,160,coches.net,furgoneta
Mercedes-Benz,Vito,38100,2023.0,60200,GLP,M6,75,coches.net,furgoneta
Renault,Trafic,17200,2021.0,103900,Diésel,manual,95,coches.net,furgoneta
MAN,TGE,12300,2021.0,116100,Diesel,M,145 CV,coches.net,furgoneta
Maxus,Deliver 9,12000,2019.0,170800,EV,Manual,120,coches.net,furgoneta
Peugeot,Boxer,31300 €,2024.0,29600,DIESEL,MANUAL,140,coches.net,furgoneta
Fiat,Scudo,7500,2018.0,174600,DIESEL,M,115,coches.net,furgoneta
Peugeot,Boxer,10800,2018.0,218200,Diésel,MANUAL,125,coches.net,furgoneta
Ford,Transit Connect,26800,2022.0,56500,Diesel,M6,120,coches.net,furgoneta
Renault,Trafic,15100,2023.0,43900,diesel,M6,115,coches.net,furgoneta
Citroën,Jumpy,25000,2022.0,78000,gasoil,MANUAL,100,coches.net,furgoneta
Renault,Master,27300,2024.0,27200,Diesel,manual,,coches.net,furgoneta
Renault,Master,20300,2023.0,50300,diesel,M6,,coches.net,furgoneta
Citroën,Jumpy,26600,2023.0,55700 km,diesel,DSG,95,coches.net,furgoneta
Citroën,Berlingo,16100,2023.0,44000,Electrico,automático,136,coches.net,furgoneta
Mercedes-Benz,Sprinter,24000,2022.0,,gasoil,M6,140,coches.net,furgoneta
Nissan,NV300,13700,2018.0,168300,Diesel,MANUAL,95,coches.net,furgoneta
Nissan,NV200,18500,2019.0,146600,diesel,MANUAL,105,coches.net,furgoneta
Volkswagen,Transporter,19200,2020.0,142600,Gasoil,Manual,107,coches.net,furgoneta
Peugeot,Expert,29100,2023.0,56900,Eléctrico,M6,120,coches.net,furgoneta
Nissan,Primastar,13300,2019.0,104200,Electric,manual,119,coches.net,furgoneta
Citroën,Jumper,23500,2022.0,67100,DIESEL,manual,155,coches.net,furgoneta
Volkswagen,Transporter,24900,2020.0,136300km,Diesel,Automático,204,coches.net,furgoneta
Citroën,Jumpy,31000,2024.0,26200,Gasoil,MANUAL,100,coches.net,furgoneta
Fiat,Ducato,18500,2019.0,119900 km,Electrico,M6,165,coches.net,furgoneta
Iveco,Daily,32400,2020.0,128300,DIESEL,M,90,coches.net,furgoneta
Renault,Trafic,27100,2023.0,49500,gasoil,,150,coches.net,furgoneta
Mercedes-Benz,Vito,18600,2022.0,93600km,Gasoil,M6,100,coches.net,furgoneta
Volkswagen,Caddy,11800,2016.0,289300,diesel,Manual,75,coches.net,furgoneta
Peugeot,Expert,24700,2023.0,38100,Diésel,Automático,100,coches.net,furgoneta
Ford,Transit Connect,21700,2023.0,60200,Gasoil,DSG,75,coches.net,furgoneta
Maxus,EV80,27500,2020.0,134300,Electric,MANUAL,125,coches.net,furgoneta
Peugeot,Boxer,18200,2020.0,101100,Diesel,Manual,160,coches.net,furgoneta
Toyota,Proace,26800,2021.0,87800,,manual,120,coches.net,furgoneta
Citroën,Jumpy,23000,2021.0,86000,gasoil,DSG,145,coches.net,furgoneta
Renault,Master,15300,2020.0,129300,gasoil,Automática,115CV,coches.net,furgoneta
Volkswagen,Transporter,27800,2022.0,74900,GNC,AT,150,coches.net,furgoneta
Volkswagen,Caddy,22200,2020.0,108000,DIESEL,MANUAL,107,coches.net,furgoneta
Ford,Transit,29700,2023.0,43500,Eléctrico (BEV),AT,130,coches.net,furgoneta
Volkswagen,Transporter,24100,2023.0,55600,gasoil,MANUAL,204,coches.net,furgoneta
Renault,Kangoo,7500,2017.0,219700,Diésel,,75,coches.net,furgoneta
Nissan,NV300,17300,2020.0,93600,gasoil,M6,90,coches.net,furgoneta
Fiat,Scudo,23900,2020.0,90400,gasoil,M,140,coches.net,furgoneta
Peugeot,Boxer,24100,2024.0,15200,Autogás,M,130,coches.net,furgoneta
Opel,Movano,20300,2020.0,145700,DIESEL,M,150 CV,coches.net,furgoneta
Hyundai,Staria,35600,2024.0,16300,Eléctrico (BEV),automático,177,coches.net,furgoneta
Volkswagen,Caddy,"29000,00",2023.0,32800,Diésel,M6,102,coches.net,furgoneta
Citroën,Jumpy,12600,2021.0,81800,Gasoil,M,100,coches.net,furgoneta
Nissan,NV200,31900,24.0,17000,Hybrid,manual,90,coches.net,furgoneta
Renault,Master,38600,2024.0,12400,EV,MANUAL,110,coches.net,furgoneta
Nissan,Primastar,28800,2024.0,25700,Diesel,Automática,119,coches.net,furgoneta
Mercedes-Benz,Citan,32000,2024.0,19500,Diesel,Manual,150,coches.net,furgoneta
Peugeot,Partner,26800,2024.0,22000,Diesel,automático,,coches.net,furgoneta
Renault,Trafic,11000,2016.0,161200,gasoil,manual,,coches.net,furgoneta
Mercedes-Benz,Vito,11200,2019.0,185500,Eléctrico,Manual,75,coches.net,furgoneta
Volkswagen,Crafter,36100,2024.0,26900,,manual,172,coches.net,furgoneta
Fiat,Scudo,7500,2018.0,176800,diesel,MANUAL,115,coches.net,furgoneta
Opel,Movano,31000,,,DIESEL,M6,110,coches.net,furgoneta
Toyota,Proace City,33100,2024.0,27500,diesel,automático,100,coches.net,furgoneta
Mercedes-Benz,Sprinter,40200,2023.0,49500,Diesel,M,75,coches.net,furgoneta
Peugeot,Expert,10600,2017.0,192100,Diésel,DSG,155,coches.net,furgoneta
Ford,Transit,25.000,2022.0,64900,gasolina,manual,105,coches.net,furgoneta
Volkswagen,Transporter,18900,2016.0,214700,EV,Manual,204,coches.net,furgoneta
Toyota,Proace,35200,2023.0,30800,gasoil,MANUAL,,coches.net,furgoneta
Maxus,Deliver 9,16200,2022.0,78000,Eléctrico (BEV),manual,120,coches.net,furgoneta
Nissan,Primastar,31400,2023.0,38900,Electric,manual,114,coches.net,furgoneta
Ford,Transit,26900,2022.0,86300,diesel,Manual,160,coches.net,furgoneta
Iveco,Daily,,2016.0,198200,Eléctrico (BEV),manual,75,coches.net,furgoneta
Opel,Movano,7500 €,2019.0,170300,Gasoil,MANUAL,168,coches.net,furgoneta
Peugeot,Partner,26000,2022.0,78500,Eléctrico,M,141,coches.net,furgoneta
Mercedes-Benz,Sprinter,23000,2021.0,136700,DIESEL,AT,90,coches.net,furgoneta
Mercedes-Benz,Sprinter,17300,2017.0,217900,Diésel,M6,90,coches.net,furgoneta
Mercedes-Benz,Vito,29200,2019.0,120400,Diesel,manual,102,coches.net,furgoneta
Hyundai,Staria,15800,2024.0,14100,,M,,coches.net,furgoneta
Fiat,Scudo,23900,23.0,47600 km,Diesel,manual,120,coches.net,furgoneta
Ford,Transit Courier,,2017.0,231900,gasolina,MANUAL,95,coches.net,furgoneta
Peugeot,Partner,,2023.0,53600,Diésel,Auto,100,coches.net,furgoneta
Renault,Kangoo,17000,2024.0,13900,diesel,M,80,coches.net,furgoneta
Fiat,Scudo,25600,2023.0,54000,DIESEL,Manual,150,coches.net,furgoneta
Toyota,Proace City,28900,2023.0,25000,Diésel,Manual,110,coches.net,furgoneta
Maxus,EV80,31100,2022.0,52400,Eléctrico,M6,120,coches.net,furgoneta
Mercedes-Benz,Citan,35600,2024.0,14600,diesel,MANUAL,150,coches.net,furgoneta
Hyundai,Staria,43100,2022.0,,Electric,MANUAL,172,coches.net,furgoneta
Ford,Transit Courier,24500,2023.0,49200,diesel,M6,,coches.net,furgoneta
Renault,Kangoo,29700,2021.0,112700,Eléctrico (BEV),M,90 CV,coches.net,furgoneta
Iveco,Daily,25400,2020.0,95600,Diesel,Automático,150,coches.net,furgoneta
Volkswagen,Caddy,23800,2018.0,228500,Gasoil,Manual,,coches.net,furgoneta
Hyundai,Staria,15300,2018.0,198500 km,,M,177,coches.net,furgoneta
Iveco,Daily,18300,2019.0,165600,gasoil,manual,110,coches.net,furgoneta
Fiat,Scudo,12300,2019.0,125400,Hibrido,MANUAL,120,coches.net,furgoneta
Volkswagen,Transporter,41200,2024.0,19500,GNC,Manual,204,coches.net,furgoneta
Renault,Kangoo,22100,2020.0,150100,Gasolina,Automático,100,coches.net,furgoneta
Citroën,Jumpy,24100,2021.0,119600,Hibrido,Manual,100,coches.net,furgoneta
Volkswagen,Crafter,8200,2020.0,173700,Gasoil,Manual,140,coches.net,furgoneta
MAN,TGE,27600,2021.0,83400,GLP/Gasolina,M6,107,coches.net,furgoneta
Fiat,Scudo,10300,2019.0,131800,Diésel,,120,coches.net,furgoneta
Toyota,Proace,21100,2021.0,106400,Eléctrico (BEV),AT,141,coches.net,furgoneta
Volkswagen,Caddy,31300,2023.0,52900,GASOLINA,manual,102,coches.net,furgoneta
Maxus,EV80,33000,2024.0,24700,Eléctrico,manual,120,coches.net,furgoneta
Volkswagen,Transporter,28700,2022.0,89100,GLP/Gasolina,M,204,coches.net,furgoneta
Maxus,EV80,24700,2022.0,56400 km,Eléctrico (BEV),manual,120,coches.net,furgoneta
Peugeot,Partner,16700,2016.0,230400,gasoil,Automático,95,coches.net,furgoneta
Peugeot,,26800,2023.0,32200,Diesel,M,95,coches.net,furgoneta
Mercedes-Benz,Vito,33100,2024.0,22500,diesel,Manual,110,coches.net,furgoneta
Fiat,Scudo,"24900,00",2021.0,107700,,Manual,145,coches.net,furgoneta
Renault,Master,20000,2020.0,87800,Diésel,M6,180,coches.net,furgoneta
Volkswagen,Transporter,"14500,00",2018.0,181800,Diesel,M,102,coches.net,furgoneta
Renault,Master,13900,2021.0,67800,Diésel,MANUAL,180,coches.net,furgoneta
Nissan,NV200,20500,2021.0,98600,Gasoil,MANUAL,85,coches.net,furgoneta
Iveco,Daily,21900,2022.0,62000,Híbrido,M,120,coches.net,furgoneta
Mercedes-Benz,Citan,25600,2020.0,130000,Electric,manual,150,coches.net,furgoneta
Peugeot,Expert,14700,2021.0,108400,Gasolina,Manual,120,coches.net,furgoneta
Ford,Transit Courier,27000,2024.0,23800,gasoil,M,70,coches.net,furgoneta
Opel,Vivaro,13900,2018.0,92900,Gasoil,M,95,coches.net,furgoneta
Fiat,Doblo Cargo,28100,2022.0,73800km,CNG,Auto,85,coches.net,furgoneta
Volkswagen,Crafter,18500,2022.0,50200,DIESEL,automático,177,coches.net,furgoneta
Iveco,Daily,12200,2022.0,87100,gasolina,Manual,102,coches.net,furgoneta
Renault,Trafic,24100,2023.0,34800,Gasoil,MANUAL,85,coches.net,furgoneta
Fiat,Scudo,29300,2023.0,40600,Diesel,manual,120,coches.net,furgoneta
Ford,Transit,20300,2022.0,69500,Diesel,manual,170,coches.net,furgoneta
Fiat,Scudo,17600,2021.0,119500,Electrico,manual,115,coches.net,furgoneta
Citroën,Jumpy,27900,2023.0,46300km,DIESEL,manual,105,coches.net,furgoneta
Volkswagen,Caddy,31400,2021.0,99100,diesel,MANUAL,102,coches.net,furgoneta
Ford,Transit Connect,26800,2023.0,57200km,EV,automático,120,coches.net,furgoneta
Nissan,NV300,19300,2019.0,185200,Hibrido,Automático,95,coches.net,furgoneta
Opel,Vivaro,27100,2021.0,93500,DIESEL,M6,100,coches.net,furgoneta
Peugeot,Partner,30500,2022.0,,Electric,Manual,141,coches.net,furgoneta
Renault,Trafic,22700,2022.0,83500,Diésel,,90,coches.net,furgoneta
Ford,Transit,15800,2018.0,225900,DIESEL,manual,170,coches.net,furgoneta
Volkswagen,Transporter,30100,2021.0,119000 km,Gasoil,MANUAL,110,coches.net,furgoneta
Opel,Movano,26800,2023.0,40800,gasolina,M,150,coches.net,furgoneta
Nissan,Primastar,8100,,,gasoil,manual,114,coches.net,furgoneta
Nissan,NV200,29000,2022.0,53900,diesel,M,90,coches.net,furgoneta
Maxus,Deliver 9,31200,2024.0,25100,EV,manual,120,coches.net,furgoneta
Mercedes-Benz,Citan,35200,2024.0,21700,DIESEL,M6,110,coches.net,furgoneta
Nissan,NV400,26700,2020.0,123200,Electric,Manual,145,coches.net,furgoneta
Citroën,Jumper,23400,2023.0,47200,diesel,Manual,130,coches.net,furgoneta
Volkswagen,Crafter,27600,2020.0,106900,Gasolina,Manual,140,coches.net,furgoneta
Renault,Trafic,,2020.0,64200,,Manual,155,coches.net,furgoneta
Toyota,Proace City,28500,2023.0,45800,Diésel,M,110,coches.net,furgoneta
Citroën,Berlingo,27200,2023.0,55100,Diesel,MANUAL,100,coches.net,furgoneta
Renault,Master,17300,2020.0,163300,Electric,manual,145,coches.net,furgoneta
Peugeot,Expert,7500,2017.0,188900,Diésel,M6,120,coches.net,furgoneta
Renault,Trafic,15400,2021.0,119600,diesel,M6,120,coches.net,furgoneta
Ford,Transit Courier,7500,2016.0,340000 km,GASOLINA,Manual,100,coches.net,furgoneta
Mercedes-Benz,Sprinter,43900,2024.0,26900,gasoil,Manual,130,coches.net,furgoneta
Opel,Movano,20500,2022.0,81200,Gasoil,M6,145,coches.net,furgoneta
Toyota,Proace,21700,2020.0,146600,Gasoil,DSG,155,coches.net,furgoneta
Citroën,Jumpy,8600,2020.0,144200,Híbrido,Manual,100,coches.net,furgoneta
Peugeot,Partner,26200,2021.0,74100,EV,M,136,coches.net,furgoneta
Mercedes-Benz,Vito,13100,2018.0,168200,gasoil,MANUAL,102,coches.net,furgoneta
Fiat,Doblo Cargo,36400,2024.0,22600,Hibrido,manual,110,coches.net,furgoneta
Nissan,NV300,23300,2022.0,71200,GLP,manual,100,coches.net,furgoneta
Peugeot,Partner,24500,2024.0,26200,gasolina,Auto,100,coches.net,furgoneta
Opel,Movano,20700,2020.0,149000,gasoil,Manual,163,coches.net,furgoneta
Volkswagen,Transporter,31600,2021.0,87400,CNG,Automático,110,coches.net,furgoneta
Ford,Transit Courier,29500,2024.0,21700,Hybrid,Manual,70,coches.net,furgoneta
Hyundai,H350,16300,2021.0,98200,diesel,manual,136,coches.net,furgoneta
Iveco,,29700,2024.0,14300,diesel,M,110,coches.net,furgoneta
Renault,Kangoo,25800,2024.0,20600 km,Eléctrico,M6,85,coches.net,furgoneta
Ford,Transit Courier,24900,2024.0,24300,GLP,manual,80,coches.net,furgoneta
Volkswagen,Crafter,23100,2023.0,45000,Hibrido,manual,140,coches.net,furgoneta
Nissan,NV200,20200,2021.0,100600,Diesel,Manual,90,coches.net,furgoneta
Ford,Transit Courier,10800,2020.0,130500,gasolina,Manual,95,coches.net,furgoneta
Volkswagen,Transporter,17100,2020.0,140200,gasoil,DSG,204,coches.net,furgoneta
Mercedes-Benz,Sprinter,36000,2024.0,19000,Gasoil,M6,90,coches.net,furgoneta
Ford,Transit,15900 €,2024.0,23800,Diesel,Manual,130,coches.net,furgoneta
Iveco,Daily,16900,2019.0,184300,Gasoil,manual,120,coches.net,furgoneta
Peugeot,Expert,7500,2016.0,243200,diesel,M,145,coches.net,furgoneta
Renault,Master,11400,2020.0,138000,gasoil,M,140,coches.net,furgoneta
Opel,Movano,13900,2019.0,181400,DIESEL,Automático,110,coches.net,furgoneta
Citroën,Berlingo,23100,2022.0,64200,DIESEL,DSG,100,coches.net,furgoneta
Ford,Transit Courier,26100,2022.0,74700,Gasolina,Automática,75,coches.net,furgoneta
Opel,Combo,20900,2022.0,58400,Diésel,M,110,coches.net,furgoneta
Ford,Transit Connect,8700 €,2021.0,125100,diesel,,120 CV,coches.net,furgoneta
Nissan,NV200,22900,2024.0,23100,DIESEL,MANUAL,85,coches.net,furgoneta
Mercedes-Benz,Sprinter,23500 €,2021.0,108800,,MANUAL,102CV,coches.net,furgoneta
Fiat,Ducato,34100,2024.0,16200,Diésel,Manual,155,coches.net,furgoneta
Peugeot,Expert,14700,2021.0,107700,Diesel,M6,150,coches.net,furgoneta
Mercedes-Benz,Sprinter,32200,2020.0,140400,Diesel,Manual,100,coches.net,furgoneta
Ford,Transit Connect,24900,2022.0,53400,DIESEL,M6,120,coches.net,furgoneta
Toyota,Proace,36300,2024.0,25400,gasoil,MANUAL,150,coches.net,furgoneta
Toyota,Proace City,21300,2024.0,22500,DIESEL,manual,100,coches.net,furgoneta
Iveco,Daily,23000,2022.0,73300,MHEV,manual,102,coches.net,furgoneta
Ford,Transit Connect,18700,2020.0,142200,Diésel,Manual,100,coches.net,furgoneta
Ford,Transit Connect,16200,2019.0,169500,DIESEL,Automática,80,coches.net,furgoneta
Opel,Movano,15400,2019.0,215500,Eléctrico,,140,coches.net,furgoneta
Ford,Transit Connect,17500,2021.0,93100,Diésel,MANUAL,125,coches.net,furgoneta
Ford,Transit,30500,2023.0,50100,DIESEL,MANUAL,160,coches.net,furgoneta
Iveco,Daily,23700,2021.0,105600,gasoil,M,120,coches.net,furgoneta
Citroën,Berlingo,10600,2016.0,296300,Eléctrico,MANUAL,131,coches.net,furgoneta
Nissan,NV300,19100,2022.0,63100 km,DIESEL,Manual,95,coches.net,furgoneta
Peugeot,Partner,27500,2023.0,58700,gasolina,Manual,110,coches.net,furgoneta
Renault,Master,19900,2022.0,71100,GASOLINA,M,130,coches.net,furgoneta
Mercedes-Benz,Citan,15400,2019.0,142600,DIESEL,automático,130,coches.net,furgoneta
Opel,Combo,30700,2024.0,25300,diesel,,100,coches.net,furgoneta
Ford,Transit Connect,39500,2024.0,27000,Diésel,M,100,coches.net,furgoneta
Volkswagen,Crafter,24800,2021.0,119000,Diesel,MANUAL,102,coches.net,furgoneta
Volkswagen,Crafter,32200,2022.0,54800,Gasoil,AT,145,coches.net,furgoneta
Peugeot,Expert,19700,2020.0,87900,Diesel,Manual,100,coches.net,furgoneta
Volkswagen,Caddy,25900,2019.0,193800,GASOLINA,AT,114,coches.net,furgoneta
Mercedes-Benz,Vito,19800,2019.0,171800,Diesel,manual,102,coches.net,furgoneta
Hyundai,H350,17700,2022.0,64400,Gasoil,M6,131,coches.net,furgoneta
Renault,Trafic,34100,2024.0,21400,DIESEL,M,90,coches.net,furgoneta
Peugeot,Expert,14800,2016.0,173100,Autogás,M6,115,coches.net,furgoneta
Fiat,Doblo Cargo,"15900,00",2022.0,94300,DIESEL,Auto,95,coches.net,furgoneta
Citroën,Berlingo,14500,2023.0,48100,Electrico,AT,136,coches.net,furgoneta
Ford,Transit Connect,17900,2019.0,162200,Hibrido,Manual,95,coches.net,furgoneta
Renault,Master,19600,2019.0,177400,Eléctrico,AT,150,coches.net,furgoneta
Ford,Transit,19100,2023.0,51900,DIESEL,AT,175,coches.net,furgoneta
Renault,Master,13900,2023.0,56400,Diésel,M,110,coches.net,furgoneta
Fiat,Ducato,27600,2023.0,45700,GLP/Gasolina,DSG,165,coches.net,furgoneta
Renault,Master,21000,2019.0,164100,DIESEL,Automática,145,coches.net,furgoneta
Volkswagen,Crafter,38900,2023.0,34700,Gasoil,manual,140,coches.net,furgoneta
Renault,Master,23500,2023.0,53200,GLP,Manual,135,coches.net,furgoneta
Volkswagen,Caddy,8400,2017.0,271700,Gasolina,Manual,114,coches.net,furgoneta
Toyota,Proace,12500,2016.0,191500,EV,manual,136,coches.net,furgoneta
MAN,TGE,32100,2019.0,162900,Gasoil,MANUAL,107,coches.net,furgoneta
Opel,Combo,22100,2020.0,133900,DIESEL,M6,100,coches.net,furgoneta
Renault,Master,19300,2022.0,92500,gasoil,Manual,115,coches.net,furgoneta
Volkswagen,Caddy,11700,2021.0,81200,,manual,114 CV,coches.net,furgoneta
Renault,Kangoo,16300,2021.0,111000,Electric,M6,85,coches.net,furgoneta
Iveco,Daily,21500,2023.0,46500,gasoil,MANUAL,140,coches.net,furgoneta
Peugeot,Partner,27900,2023.0,39900,GASOLINA,Manual,110,coches.net,furgoneta
Ford,Transit,7500,2015.0,313300,gasoil,Manual,135,coches.net,furgoneta
Maxus,EV80,21500,2024.0,32800,Electric,DSG,125,coches.net,furgoneta
Nissan,NV300,12000,2018.0,200400,DIESEL,manual,115,coches.net,furgoneta
Toyota,Proace,24400,2019.0,129400,DIESEL,M,150,coches.net,furgoneta
Iveco,Daily,18100,2017.0,214400,Hibrido,Manual,90,coches.net,furgoneta
Renault,Trafic,18700,2023.0,50500,Diésel,Automática,150,coches.net,furgoneta
Opel,Vivaro,17400,2020.0,62800,diesel,Automática,120,coches.net,furgoneta
Peugeot,Partner,21900,2021.0,91200,gasoil,MANUAL,95,coches.net,furgoneta
Ford,Transit,24900,2022.0,85100,Gasolina,MANUAL,150,coches.net,furgoneta
Peugeot,Expert,16300,2020.0,102400,GLP/Gasolina,MANUAL,120,coches.net,furgoneta
Mercedes-Benz,Citan,30600,2022.0,55100,DIESEL,MANUAL,110,coches.net,furgoneta
Toyota,Proace City,11500,2016.0,261900,DIESEL,M,110,coches.net,furgoneta
Citroën,Berlingo,32000,2024.0,23100,Electrico,automático,136,coches.net,furgoneta
Opel,Movano,14200,2021.0,109300,Diésel,M,163,coches.net,furgoneta
Toyota,Proace City,29100,2024.0,21400,Diesel,AT,110,coches.net,furgoneta
Ford,Transit,30100,2021.0,92800,MHEV,MANUAL,175,coches.net,furgoneta
Maxus,Deliver 9,23900,2023.0,42400,Eléctrico,M,115,coches.net,furgoneta
,Transit,29000,2020.0,110000,Diésel,DSG,135,coches.net,furgoneta
Peugeot,Partner,30600,2023.0,53200,gasoil,M6,105,coches.net,furgoneta
Volkswagen,Caddy,18700,2018.0,158900km,GASOLINA,manual,109,coches.net,furgoneta
Fiat,Scudo,21000,2019.0,153200,Eléctrico (BEV),M6,140,coches.net,furgoneta
Toyota,Proace City,,2017.0,151700,diesel,M,115,coches.net,furgoneta
Peugeot,Expert,21200,,,Eléctrico (BEV),MANUAL,100,coches.net,furgoneta
Fiat,Ducato,28100,2022.0,52500,Electric,Automática,130,coches.net,furgoneta
Toyota,Proace,22900,2024.0,28600,GASOLINA,M6,120,coches.net,furgoneta
Opel,Combo,29000,2024.0,18600,Electric,M,100,coches.net,furgoneta
Hyundai,H350,18900,2020.0,94900,DIESEL,AT,141,coches.net,furgoneta
Mercedes-Benz,Sprinter,32600,2023.0,48700,DIESEL,M6,100,coches.net,furgoneta
Toyota,Proace,44200,2023.0,44600,Eléctrico,AT,120,coches.net,furgoneta
Citroën,Berlingo,19400,2020.0,134400 km,Gasolina,M6,110,coches.net,furgoneta
Renault,Trafic,19000,2021.0,96500,DIESEL,M,155 CV,coches.net,furgoneta
Ford,Transit Connect,23600,2022.0,78100,Hibrido,Manual,75,coches.net,furgoneta
Fiat,Ducato,22700,2023.0,47700,gasoil,Automático,165 CV,coches.net,furgoneta
Iveco,Daily,15000,2022.0,86200,Diesel,Manual,140,coches.net,furgoneta
Ford,Transit Connect,18900,,,Diésel,manual,75,coches.net,furgoneta
Volkswagen,Crafter,28100,2024.0,27400km,DIESEL,manual,107,coches.net,furgoneta
Peugeot,Partner,13300,2018.0,193200,Gasolina,Automática,105,coches.net,furgoneta
Volkswagen,Crafter,22700,2021.0,129300,DIESEL,Automática,102,coches.net,furgoneta
Ford,Transit Connect,30700,2024.0,29300,Gasoil,automático,70,coches.net,furgoneta
Volkswagen,Crafter,36700,2023.0,54500,Gasoil,Automático,97,coches.net,furgoneta
Nissan,NV200,23800,2020.0,125300,gasolina,automático,85,coches.net,furgoneta
MAN,TGE,24400,2022.0,74200,DIESEL,M6,140,coches.net,furgoneta
Citroën,Berlingo,21100,2022.0,76300,DIESEL,manual,95,coches.net,furgoneta
Citroën,Jumpy,17800,21.0,92200,Híbrido,MANUAL,95,coches.net,furgoneta
Citroën,Berlingo,27700,2022.0,82700,Eléctrico (BEV),M,141,coches.net,furgoneta
Ford,Transit Courier,16300,2019.0,142900,GASOLINA,M6,100,coches.net,furgoneta
Volkswagen,Transporter,10500,2020.0,118500,Autogás,manual,209,coches.net,furgoneta
Ford,Transit,25500,2020.0,117300,Diésel,M,160,coches.net,furgoneta
Volkswagen,Transporter,22000,2019.0,134800,Diésel,automático,,coches.net,furgoneta
Nissan,NV300,,2023.0,50400,diesel,automático,90,coches.net,furgoneta
Renault,Master,28300,2024.0,20900,Electrico,manual,130,coches.net,furgoneta
Mercedes-Benz,Citan,17100,2018.0,233200,Diesel,M6,130,coches.net,furgoneta
Renault,Trafic,22900,2022.0,74000,DIESEL,Auto,115,coches.net,furgoneta
Peugeot,Partner,25700,2022.0,62800,diesel,DSG,95,coches.net,furgoneta
Opel,Vivaro,16700,2020.0,103200 km,Hibrido,M6,180,coches.net,furgoneta
Peugeot,Expert,22500,2021.0,103700,Diésel,DSG,105,coches.net,furgoneta
Citroën,Jumpy,18200 €,2017.0,300000,gasoil,Manual,115,coches.net,furgoneta
Hyundai,Staria,18800,2020.0,129100,EV,Manual,172,coches.net,furgoneta
Citroën,Berlingo,31700,2022.0,59800,Eléctrico (BEV),M,136,coches.net,furgoneta
Fiat,Doblo Cargo,17200,2021.0,126800,gasoil,Manual,90,coches.net,furgoneta
Volkswagen,Transporter,19500,2024.0,27000,diesel,MANUAL,110,coches.net,furgoneta
Citroën,Jumpy,21300,2021.0,92800,GLP/Gasolina,Automática,115,coches.net,furgoneta
Citroën,Jumper,27100,2023.0,51700,DIESEL,Automático,160,coches.net,furgoneta
Opel,Combo,14900,2019.0,,DIESEL,MANUAL,95,coches.net,furgoneta
Ford,Transit Connect,24200,2022.0,54600,Diesel,Manual,105,coches.net,furgoneta
Opel,Vivaro,23100,2022.0,67200,Diesel,MANUAL,115,coches.net,furgoneta
Renault,Trafic,20600,2022.0,53000,DIESEL,Manual,150,coches.net,furgoneta
Opel,Movano,24300,2024.0,18900km,Diésel,M6,163,coches.net,furgoneta
Nissan,NV400,25200,2022.0,67200,DIESEL,M6,150,coches.net,furgoneta
Maxus,Deliver 9,30000,2022.0,55900,Eléctrico (BEV),manual,120,coches.net,furgoneta
Peugeot,Expert,20300,2022.0,74500,Diésel,M,120,coches.net,furgoneta
Peugeot,Partner,19400,2023.0,39300,GLP,Automática,100,coches.net,furgoneta
Iveco,Daily,26400,2022.0,73700,gasolina,Manual,75,coches.net,furgoneta
Toyota,Proace City,14700,2020.0,132300,Diésel,M,105,coches.net,furgoneta
Fiat,Scudo,24700,2021.0,107100,GASOLINA,M,150,coches.net,furgoneta
Volkswagen,Transporter,33800,2020.0,87800,Eléctrico (BEV),manual,,coches.net,furgoneta
Hyundai,H350,20500,,,Diésel,MANUAL,136,coches.net,furgoneta
Nissan,Primastar,19500 €,2022.0,49900,DIESEL,DSG,109,coches.net,furgoneta
Peugeot,Expert,31800,,,Electrico,M,105,coches.net,furgoneta
Peugeot,Partner,30700,2023.0,52700,Electric,MANUAL,136,coches.net,furgoneta
Ford,Transit,10100,2015.0,244600,DIESEL,Manual,135,coches.net,furgoneta
Peugeot,Expert,15300,2021.0,81600,gasoil,MANUAL,100,coches.net,furgoneta
Opel,Combo,17300,2019.0,135800,Diesel,MANUAL,110,coches.net,furgoneta
Volkswagen,Crafter,18700,2018.0,260000,DIESEL,Auto,145,coches.net,furgoneta
Ford,Transit Connect,14500,2022.0,83400,diesel,manual,,coches.net,furgoneta
Volkswagen,,9500,2016.0,263200 km,GASOLINA,M,114,coches.net,furgoneta
Citroën,Jumper,26200,2023.0,55900,gasoil,DSG,155,coches.net,furgoneta
Mercedes-Benz,Sprinter,37400,2023.0,44400,gasoil,Manual,102CV,coches.net,furgoneta
Renault,Master,26600,2024.0,13400 km,Diesel,M6,,coches.net,furgoneta
Toyota,Proace City,34300,2024.0,31400,Diesel,Manual,105,coches.net,furgoneta
Ford,Transit Connect,30300,2023.0,37900,Gasolina,M,120,coches.net,furgoneta
Toyota,Proace City,32800,2024.0,32700,Electrico,M6,100,coches.net,furgoneta
Fiat,Scudo,26500,2021.0,95600,gasoil,M,120,coches.net,furgoneta
Volkswagen,Crafter,40700,2023.0,48600,EV,Manual,97,coches.net,furgoneta
Citroën,Berlingo,19900,2020.0,167300,Eléctrico (BEV),Manual,131,coches.net,furgoneta
Citroën,Jumper,17500,2020.0,87600,Diésel,manual,135,coches.net,furgoneta
Volkswagen,Transporter,12700,2018.0,153200,Gasoil,Manual,102,coches.net,furgoneta
Nissan,NV300,15600,2021.0,90300,Autogás,AT,120,coches.net,furgoneta
Renault,Master,24500,2021.0,109500,Diesel,Manual,110,coches.net,furgoneta
Peugeot,Partner,19300,2019.0,146800,Electric,MANUAL,136,coches.net,furgoneta
Nissan,NV400,10500,2021.0,121500,Diésel,manual,145,coches.net,furgoneta
Fiat,Scudo,20300,2021.0,73200,Gasoil,Manual,125,coches.net,furgoneta
Volkswagen,Crafter,31700,23.0,48700,Diésel,MANUAL,102,coches.net,furgoneta
Volkswagen,Transporter,20000,2021.0,100400,gasoil,manual,150 CV,coches.net,furgoneta
Citroën,Jumper,18300,2021.0,95800,diesel,Automática,125,coches.net,furgoneta
Nissan,NV200,20000,2020.0,152800,gasoil,Manual,105,coches.net,furgoneta
Fiat,Ducato,16500,2020.0,136400,Gasolina,M6,130,coches.net,furgoneta
Citroën,Jumper,17900,2021.0,87000 km,Eléctrico (BEV),Manual,160,coches.net,furgoneta
Peugeot,Expert,24900,2021.0,110700,Gasoil,DSG,150,coches.net,furgoneta
Peugeot,Expert,17300,2015.0,277500 km,DIESEL,Manual,120,coches.net,furgoneta
Fiat,Doblo Cargo,22400,2024.0,20700,Diesel,MANUAL,85,coches.net,furgoneta
Citroën,Jumper,18900,2021.0,68500,Eléctrico,M6,165,coches.net,furgoneta
Renault,Kangoo,28500,2022.0,69500,Diésel,automático,100,coches.net,furgoneta
Mercedes-Benz,Citan,30800,2023.0,29200km,GNC,Automática,140,coches.net,furgoneta
Citroën,Berlingo,18000,2022.0,76800,gasolina,Manual,110,coches.net,furgoneta
Renault,Master,16500,2022.0,80000,DIESEL,MANUAL,185,coches.net,furgoneta
Mercedes-Benz,Citan,25200,2020.0,,gasoil,M6,75,coches.net,furgoneta
Iveco,Daily,32800,2024.0,20900,gasoil,Auto,150,coches.net,furgoneta
Hyundai,H350,33600,2023.0,57600,Gasolina,MANUAL,131,coches.net,furgoneta
Opel,Movano,30700,2023.0,63000,GLP,M6,145,coches.net,furgoneta
Hyundai,H350,14800,2018.0,234200,Diésel,M6,141,coches.net,furgoneta
Hyundai,Staria,17900,2017.0,224500,Gasolina,MANUAL,177,coches.net,furgoneta
Mercedes-Benz,Citan,23300,2021.0,85700,Gasoil,manual,140,coches.net,furgoneta
Fiat,Scudo,25100,2022.0,78700,GLP,manual,145,coches.net,furgoneta
MAN,TGE,7500,2017.0,277900,DIESEL,MANUAL,102,coches.net,furgoneta
Renault,Kangoo,22700,2018.0,143800,EV,M6,90,coches.net,furgoneta
Peugeot,Partner,38100,2024.0,19700,Electric,AT,131,coches.net,furgoneta
Toyota,Proace City,20100,2020.0,97800,Gasoil,Automático,110,coches.net,furgoneta
Fiat,Scudo,24700,2023.0,27400,Gasoil,Manual,140,coches.net,furgoneta
Maxus,EV80,25900,2024.0,27500,EV,MANUAL,120,coches.net,furgoneta
MAN,TGE,24600,2019.0,136600,Diésel,Manual,102,coches.net,furgoneta
Opel,Vivaro,22900,2022.0,55600,gasolina,manual,120,coches.net,furgoneta
Ford,Transit,11700,2023.0,46100,GLP,MANUAL,105,coches.net,furgoneta
Iveco,Daily,15100,2019.0,181400,Diésel,M6,90,coches.net,furgoneta
MAN,TGE,31300,2021.0,90600,Gasoil,Automática,97,coches.net,furgoneta
Volkswagen,Crafter,19300,2021.0,93700,gasoil,MANUAL,177,coches.net,furgoneta
Peugeot,Boxer,25300,2023.0,37400,GNC,M6,140,coches.net,furgoneta
Hyundai,Staria,13800,2019.0,174400,,MANUAL,182,coches.net,furgoneta
Nissan,NV200,13100,2018.0,242600,Diésel,M6,110,coches.net,furgoneta
Citroën,Berlingo,25200,2019.0,111900,EV,Manual,100,coches.net,furgoneta
Iveco,Daily,28300,2024.0,11500,Híbrido,Manual,102,coches.net,furgoneta
Opel,Movano,31100,2021.0,104300,Eléctrico,M,110CV,coches.net,furgoneta
Peugeot,Expert,18200,2017.0,167800,diesel,MANUAL,125,coches.net,furgoneta
Nissan,NV200,19700 €,2020.0,130200 km,Gasoil,M6,90,coches.net,furgoneta
Iveco,Daily,13500,2015.0,380000,DIESEL,Manual,130,coches.net,furgoneta
Fiat,Scudo,17700,2020.0,180000,GNC,MANUAL,145,coches.net,furgoneta
Peugeot,Expert,13000,2022.0,99000,Diesel,Manual,150,coches.net,furgoneta
Hyundai,H350,31200 €,2023.0,35700,diesel,MANUAL,175 CV,coches.net,furgoneta
Opel,Movano,32400,2023.0,29100,Eléctrico,Manual,105,coches.net,furgoneta
Iveco,Daily,19600,2020.0,107100,diesel,M6,,coches.net,furgoneta
Volkswagen,Caddy,18100,,,Diésel,M,107,coches.net,furgoneta
MAN,TGE,36500,2022.0,63900,gasolina,M,107,coches.net,furgoneta
Ford,Transit,29800,2021.0,106900 km,EV,Auto,130,coches.net,furgoneta
Peugeot,Boxer,13500,2019.0,139400,Diésel,Automático,160,coches.net,furgoneta
Hyundai,H350,30300,2023.0,41400,Eléctrico (BEV),M,136,coches.net,furgoneta
Fiat,Doblo Cargo,20100,2022.0,62900,CNG,Manual,110,coches.net,furgoneta
Renault,Kangoo,14800,2018.0,210000,gasoil,M6,95,coches.net,furgoneta
Citroën,Jumper,20500,2020.0,102800,gasoil,manual,160,coches.net,furgoneta
Ford,Transit Courier,13700,2020.0,135400,Gasolina,Manual,100,coches.net,furgoneta
Renault,Trafic,23000,2023.0,52900,Diésel,Manual,120,coches.net,furgoneta
Peugeot,Boxer,12100,2021.0,98300,Gasoil,automático,155,coches.net,furgoneta
Ford,Transit Courier,15900,2021.0,92000,Diésel,manual,75,coches.net,furgoneta
Renault,Trafic,17100,2022.0,54800,Gasoil,automático,125,coches.net,furgoneta
Nissan,NV200,22500,2020.0,138900,Híbrido,MANUAL,90,coches.net,furgoneta
Mercedes-Benz,Citan,26800,2023.0,46800,Diésel,Manual,100,coches.net,furgoneta
Mercedes-Benz,Sprinter,37000,2023.0,46200,gasoil,automático,150,coches.net,furgoneta
Toyota,Proace,,2018.0,150800,Eléctrico (BEV),Manual,136,coches.net,furgoneta
Fiat,Ducato,22200,2020.0,123000,Diesel,MANUAL,122,coches.net,furgoneta
Renault,Kangoo,23100,,,Eléctrico (BEV),M,95,coches.net,furgoneta
MAN,TGE,25700,2022.0,59700,Diésel,automático,140,coches.net,furgoneta
Mercedes-Benz,Sprinter,34400,2022.0,56500,Diésel,manual,150,coches.net,furgoneta
Volkswagen,Caddy,12600,2015.0,380000 km,GLP/Gasolina,M6,80,coches.net,furgoneta
MAN,TGE,23500,2017.0,233300,Gasoil,Auto,102,coches.net,furgoneta
Toyota,Proace,38500,2024.0,,Eléctrico (BEV),MANUAL,131,coches.net,furgoneta
Citroën,Jumpy,16700,2022.0,60100,CNG,Manual,155,coches.net,furgoneta
Toyota,Proace,19000,2021.0,100900 km,Gasolina,manual,150,coches.net,furgoneta
Nissan,NV200,20700,2021.0,111900,Gasoil,M6,90,coches.net,furgoneta
Maxus,Deliver 9,7500,2020.0,88800,gasoil,Auto,150,coches.net,furgoneta
Peugeot,Expert,20800,2021.0,91000,DIESEL,M,150,coches.net,furgoneta
Volkswagen,Transporter,30100,2023.0,43900,Electric,M,110,coches.net,furgoneta
Volkswagen,Crafter,25700,2023.0,53600,gasoil,M,182,coches.net,furgoneta
Peugeot,Boxer,31100,2024.0,27200,Gasoil,manual,130,coches.net,furgoneta
Fiat,Doblo Cargo,25300,2023.0,46200,Gasoil,manual,110,coches.net,furgoneta
Fiat,Scudo,24600,2022.0,93800,Gasolina,DSG,125,coches.net,furgoneta
Opel,Combo,10200,2017.0,176800,diesel,DSG,110,coches.net,furgoneta
Ford,Transit Connect,"21400,00",2022.0,82800,Gasoil,manual,95,coches.net,furgoneta
Mercedes-Benz,Vito,29600,2019.0,85000,gasoil,MANUAL,102,coches.net,furgoneta
Opel,Movano,21300,2022.0,71700,DIESEL,manual,115,coches.net,furgoneta
Ford,Transit,25300,2018.0,200700,Electric,AT,130,coches.net,furgoneta
Opel,Movano,18700,2019.0,206800,Híbrido,Manual,,coches.net,furgoneta
Peugeot,Boxer,20200,2024.0,25600,gasolina,manual,160,coches.net,furgoneta
MAN,TGE,40000,2019.0,170000,EV,,140,coches.net,furgoneta
Maxus,Deliver 9,23200,2021.0,99200,Electric,M,115,coches.net,furgoneta
Toyota,Proace,37800,2023.0,55400,Eléctrico,MANUAL,131,coches.net,furgoneta
Iveco,Daily,40300,2023.0,39200,Eléctrico (BEV),M,90,coches.net,furgoneta
Volkswagen,Transporter,15800,2016.0,285600,diesel,Automática,204 CV,coches.net,furgoneta
Citroën,Berlingo,25100,2024.0,22100,Electric,manual,141,coches.net,furgoneta
Opel,Movano,16500,2017.0,190600,Electrico,MANUAL,145,coches.net,furgoneta
Renault,Trafic,"21900,00",2021.0,88200,Diesel,Auto,90 CV,coches.net,furgoneta
Fiat,Scudo,18200,2017.0,144400,diesel,M,125,coches.net,furgoneta
Mercedes-Benz,Sprinter,17200,2021.0,109300,EV,MANUAL,120,coches.net,furgoneta
Maxus,Deliver 9,23500,2024.0,18700,Diesel,Automática,150,coches.net,furgoneta
Fiat,Ducato,17400,2020.0,126700,Diésel,M,160,coches.net,furgoneta
Iveco,Daily,28700,2023.0,44400,Diesel,MANUAL,150,coches.net,furgoneta
Iveco,Daily,20200,2022.0,87100,DIESEL,M,100,coches.net,furgoneta
Ford,Transit Connect,19600,2020.0,93800,Eléctrico,MANUAL,80,coches.net,furgoneta
Renault,Trafic,27000,2022.0,85200,Diésel,M,120,coches.net,furgoneta
Hyundai,Staria,24000,2021.0,85400,Diesel,MANUAL,177,coches.net,furgoneta
Citroën,Berlingo,17800,2019.0,128300,gasolina,M,110,coches.net,furgoneta
Fiat,Scudo,,2022.0,64600,CNG,Automática,145,coches.net,furgoneta
Iveco,Daily,19800,2020.0,117200,CNG,Manual,90,coches.net,furgoneta
Fiat,Doblo Cargo,24800,2024.0,24300 km,gasoil,M6,90,coches.net,furgoneta
Peugeot,Expert,9000,2017.0,270500,diesel,Manual,,coches.net,furgoneta
Mercedes-Benz,Sprinter,38000,2023.0,34400,gasoil,Manual,150,coches.net,furgoneta
Volkswagen,Caddy,20700,2021.0,99400,Gasolina,MANUAL,102,coches.net,furgoneta
Volkswagen,Transporter,32000,2021.0,95100,Gasoil,M6,155,coches.net,furgoneta
Mercedes-Benz,Citan,21000,2020.0,166600,Diesel,MANUAL,110,coches.net,furgoneta
Peugeot,Boxer,21700,2022.0,80700,diesel,manual,160,coches.net,furgoneta
MAN,TGE,41700,2024.0,24700,Diesel,AT,,coches.net,furgoneta
Citroën,Berlingo,11300,2017.0,205000,GASOLINA,MANUAL,110,coches.net,furgoneta
Mercedes-Benz,Sprinter,25500,2020.0,141300,gasoil,M6,110,coches.net,furgoneta
Volkswagen,Crafter,28000,2022.0,73500,Hybrid,DSG,102,coches.net,furgoneta
Citroën,Jumper,30600,2024.0,21100,Eléctrico,M,135,coches.net,furgoneta
Mercedes-Benz,Citan,38400,2024.0,19200,Diesel,M6,75,coches.net,furgoneta
Renault,Master,24900,2024.0,16400,gasolina,M6,110,coches.net,furgoneta
Citroën,Berlingo,31300,2021.0,125200,Eléctrico,M,136,coches.net,furgoneta
Opel,Combo,26600,2024.0,29000,Diésel,manual,100,coches.net,furgoneta
Opel,Vivaro,23000,2019.0,220000,gasoil,Manual,95,coches.net,furgoneta
Citroën,Berlingo,24900,2023.0,39800,Gasolina,MANUAL,100,coches.net,furgoneta
Iveco,Daily,34600,2024.0,20800,diesel,M,120,coches.net,furgoneta
Volkswagen,Crafter,32200,2022.0,,gasoil,Automático,182,coches.net,furgoneta
Iveco,Daily,24300,2024.0,23400,Diésel,M,110,coches.net,furgoneta
Peugeot,Partner,30600,2024.0,22100,EV,AT,141,coches.net,furgoneta
Volkswagen,Caddy,34700,2024.0,14000,DIESEL,Manual,75,coches.net,furgoneta
Renault,Master,26800,2024.0,22400,DIESEL,Automática,145,coches.net,furgoneta
Citroën,Jumpy,24400,2023.0,37800,Gasoil,M6,145,coches.net,furgoneta
Ford,Transit Connect,16700,2023.0,51700,Eléctrico (BEV),Auto,95,coches.net,furgoneta
Toyota,Proace City,34200,2022.0,64400,Gasoil,Automático,100,coches.net,furgoneta
Opel,Combo,49300,2024.0,25000,EV,DSG,,coches.net,furgoneta
Volkswagen,Caddy,23800,2022.0,43300,diesel,manual,97,coches.net,furgoneta
Volkswagen,Transporter,19500,2018.0,125000,DIESEL,Manual,110,coches.net,furgoneta
Fiat,Ducato,15700,2018.0,122800,Hibrido,AT,130,coches.net,furgoneta
MAN,TGE,19200,2017.0,255900,Gasoil,M,,coches.net,furgoneta
Citroën,Jumpy,13800,2023.0,61400,gasoil,M,120,coches.net,furgoneta
Citroën,Jumper,20300,2024.0,20800,Gasoil,,125,coches.net,furgoneta
Peugeot,Expert,18300,2024.0,13000,GLP/Gasolina,M6,115,coches.net,furgoneta
Hyundai,Staria,25100,2024.0,17400,Autogás,MANUAL,172,coches.net,furgoneta
Mercedes-Benz,Citan,"17100,00",2021.0,81300,diesel,M,130,coches.net,furgoneta
Nissan,NV300,8600,2015.0,290200,diesel,MANUAL,95,coches.net,furgoneta
Ford,Transit Connect,14400,2018.0,236100,Hybrid,M6,100,coches.net,furgoneta
MAN,TGE,,2021.0,136400,diesel,M6,140,coches.net,furgoneta
Mercedes-Benz,Vito,26700,2023.0,53500,DIESEL,Auto,140,coches.net,furgoneta
Fiat,Doblo Cargo,24300,2024.0,21800,,M,100,coches.net,furgoneta
Renault,Trafic,8600,2016.0,202700 km,Gasoil,M,150,coches.net,furgoneta
Ford,Transit Connect,7500,2022.0,,gasoil,MANUAL,75,coches.net,furgoneta
Citroën,Jumper,19600,2022.0,53700,Diesel,manual,160,coches.net,furgoneta
Toyota,Proace City,27200,2023.0,57300,diesel,M6,100,coches.net,furgoneta
Maxus,EV80,21800,2018.0,245300,EV,AT,125,coches.net,furgoneta
Renault,Kangoo,27200 €,2021.0,104400,diesel,Manual,75,coches.net,furgoneta
Mercedes-Benz,Vito,23000,2022.0,62300,DIESEL,Manual,130,coches.net,furgoneta
Ford,Transit,33500,2024.0,32200,Diésel,manual,125,coches.net,furgoneta
Hyundai,H350,29800,2024.0,20800,Gasoil,Manual,170CV,coches.net,furgoneta
Nissan,NV300,15600,2019.0,136400,Diésel,M,95,coches.net,furgoneta
Renault,Trafic,23200,2020.0,111100km,Diésel,M,90,coches.net,furgoneta
Toyota,Proace City,37000,2024.0,17000,DIESEL,Manual,95,coches.net,furgoneta
Maxus,Deliver 9,22000,2018.0,180700,Eléctrico,automático,115,coches.net,furgoneta
Peugeot,Expert,17800,2021.0,110800,Hybrid,MANUAL,125,coches.net,furgoneta
Mercedes-Benz,Citan,42000,2024.0,27100,diesel,M,120,coches.net,furgoneta
Peugeot,Boxer,,2023.0,41700,gasoil,MANUAL,130,coches.net,furgoneta
Volkswagen,Caddy,,2019.0,148600km,Diesel,M6,,coches.net,furgoneta
Volkswagen,Transporter,25000,2021.0,93700,DIESEL,AT,204,coches.net,furgoneta
Peugeot,Partner,35300,2022.0,79100,Eléctrico,M6,136,coches.net,furgoneta
Renault,Master,35000,2024.0,31200,Diesel,MANUAL,180,coches.net,furgoneta
Renault,Kangoo,20900,,,Gasoil,M6,95,coches.net,furgoneta
Fiat,Ducato,27400,2023.0,60500,Diésel,M6,165,coches.net,furgoneta
Iveco,Daily,,2021.0,104200,Diésel,M,140,coches.net,furgoneta
Peugeot,Partner,17100,2020.0,176800,GASOLINA,AT,110,coches.net,furgoneta
Ford,Transit,19900,2019.0,167700,gasoil,manual,155,coches.net,furgoneta
Toyota,Proace,25800,2022.0,95400,Diésel,M6,150CV,coches.net,furgoneta
,Combo,15800,2020.0,107300,Diésel,M,95,coches.net,furgoneta
Renault,Kangoo,21300 €,2018.0,202600,Eléctrico (BEV),M6,90,coches.net,furgoneta
Citroën,Jumpy,13600,2017.0,197800,Gasolina,Manual,125,coches.net,furgoneta
Opel,Vivaro,26900,2022.0,49900,Eléctrico (BEV),M6,185,coches.net,furgoneta
Opel,Vivaro,14200,2020.0,133700,GLP/Gasolina,M,95,coches.net,furgoneta
Mercedes-Benz,Citan,18700,2023.0,36100,Autogás,Automático,130,coches.net,furgoneta
Mercedes-Benz,Vito,"37800,00",2023.0,31000,GASOLINA,manual,75,coches.net,furgoneta
Ford,Transit Connect,20000,2017.0,294400,Eléctrico (BEV),automático,70,coches.net,furgoneta
Peugeot,Expert,19900,2024.0,23100,DIESEL,MANUAL,120,coches.net,furgoneta
Mercedes-Benz,Vito,30300,2024.0,20500,Diésel,MANUAL,130,coches.net,furgoneta
Citroën,Berlingo,19700,2021.0,83200,Gasolina,M6,110,coches.net,furgoneta
Volkswagen,Caddy,25600,2023.0,42500,DIESEL,,102,coches.net,furgoneta
Volkswagen,Crafter,27300,2023.0,27200,DIESEL,Manual,107,coches.net,furgoneta
Citroën,Jumper,18700,2021.0,103400,gasoil,Manual,130,coches.net,furgoneta
Ford,Transit Connect,33100,2023.0,53100,diesel,manual,70,coches.net,furgoneta
Nissan,NV400,11700,2017.0,265100,diesel,M6,110,coches.net,furgoneta
Iveco,Daily,8900,2017.0,164400,gasolina,Automático,150,coches.net,furgoneta
Iveco,Daily,23500,2021.0,95500,Gasoil,manual,140,coches.net,furgoneta
Opel,Combo,25900,2022.0,52400,DIESEL,AT,100,coches.net,furgoneta
Renault,Trafic,26400,2022.0,82200,DIESEL,manual,120,coches.net,furgoneta
Volkswagen,Caddy,14400,2017.0,259900,gasolina,MANUAL,119,coches.net,furgoneta
MAN,TGE,29900,2023.0,51100,DIESEL,M,102,coches.net,furgoneta
Toyota,Proace,13400,2018.0,222800,Eléctrico,M,136,coches.net,furgoneta
Iveco,Daily,22500,2022.0,62900,gasoil,MANUAL,90,coches.net,furgoneta
Volkswagen,Crafter,15100,2020.0,101900,Diesel,M,145,coches.net,furgoneta
Ford,Transit Connect,36400,2024.0,18800,DIESEL,M6,105,coches.net,furgoneta
Volkswagen,Caddy,34600,2022.0,70400,Electric,MANUAL,75,coches.net,furgoneta
Ford,Transit,9100,2017.0,178400,Gasoil,AT,155,coches.net,furgoneta
Toyota,Proace City,24700,2020.0,156800,Híbrido,manual,105,coches.net,furgoneta
Fiat,Doblo Cargo,17700,2021.0,81700,Gasoil,M6,90,coches.net,furgoneta
Fiat,Scudo,24900,2021.0,97800,Gasolina,automático,120,coches.net,furgoneta
Mercedes-Benz,Citan,15300,2016.0,286900,Gasolina,DSG,100,coches.net,furgoneta
Citroën,Berlingo,35400,2024.0,14000,Electric,M6,,coches.net,furgoneta
Peugeot,Boxer,35200,2023.0,43000,EV,M,155,coches.net,furgoneta
Renault,Master,25000,2023.0,44200,diesel,Automática,110,coches.net,furgoneta
Toyota,Proace,37000,2022.0,59400,Eléctrico (BEV),M6,136,coches.net,furgoneta
MAN,TGE,35400,2022.0,59800,Gasoil,MANUAL,140,coches.net,furgoneta
Volkswagen,Caddy,39700,2020.0,90000,Electric,Manual,107,coches.net,furgoneta
Hyundai,Staria,,2021.0,72800,Gasoil,M,177,coches.net,furgoneta
Renault,Trafic,29800,2022.0,74000,Gasoil,manual,150,coches.net,furgoneta
Nissan,Primastar,17900,2020.0,141300,diesel,manual,114,coches.net,furgoneta
Renault,Trafic,24000,2022.0,78300,GLP/Gasolina,manual,125,coches.net,furgoneta
Citroën,Jumper,9700,2017.0,182900,gasoil,manual,135,coches.net,furgoneta
Maxus,Deliver 9,15900,2021.0,131800,diesel,automático,150,coches.net,furgoneta
Renault,Trafic,24700,2022.0,73900,Gasoil,Automática,120,coches.net,furgoneta
Citroën,Berlingo,15400,2020.0,128000,GASOLINA,Manual,115,coches.net,furgoneta
Citroën,Berlingo,19000,2021.0,101900,Gasolina,AT,115,coches.net,furgoneta
Mercedes-Benz,Citan,8300,2016.0,156500,DIESEL,manual,102,coches.net,furgoneta
Nissan,NV300,27900,2023.0,44900,Gasoil,manual,95,coches.net,furgoneta
Mercedes-Benz,Vito,26700,2022.0,54200,gasolina,MANUAL,100,coches.net,furgoneta
Mercedes-Benz,Sprinter,27300,2021.0,80100,gasolina,Manual,150,coches.net,furgoneta
Volkswagen,Caddy,25700,2022.0,72000,DIESEL,M6,97,coches.net,furgoneta
Peugeot,Expert,20800,2020.0,106700,Eléctrico,Automático,145,coches.net,furgoneta
Mercedes-Benz,Sprinter,17500,2022.0,63800,diesel,Manual,150,coches.net,furgoneta
Opel,Movano,13900,2022.0,75300,GLP,Automático,145,coches.net,furgoneta
Peugeot,Expert,14000,2019.0,141600,Gasolina,Manual,120,coches.net,furgoneta
Toyota,Proace City,22800,2022.0,101800,gasoil,MANUAL,110,coches.net,furgoneta
Ford,Transit Courier,26200,2024.0,19100,GASOLINA,Manual,100,coches.net,furgoneta
Peugeot,Boxer,16000,2021.0,111300,Diesel,Automática,135,coches.net,furgoneta
Citroën,Jumper,11100,2021.0,128200,Gasoil,Auto,155,coches.net,furgoneta
Peugeot,Boxer,22700,2022.0,43300,DIESEL,Manual,135,coches.net,furgoneta
Renault,Kangoo,35900,2024.0,18900,Electrico,DSG,85,coches.net,furgoneta
Volkswagen,Crafter,21400,2023.0,63500,DIESEL,M6,107,coches.net,furgoneta
Nissan,Primastar,24300,2021.0,103300,Diesel,Manual,119,coches.net,furgoneta
Volkswagen,Caddy,30200,2024.0,20400,gasolina,Automático,114,coches.net,furgoneta
Citroën,Jumpy,21200,2024.0,20500,Diésel,M6,95,coches.net,furgoneta
Mercedes-Benz,Sprinter,29800,2022.0,79300,Diésel,Manual,,coches.net,furgoneta
Renault,Kangoo,19300,2022.0,58800,Diesel,M,75,coches.net,furgoneta
Nissan,NV300,19200,2023.0,52300,GNC,M,100,coches.net,furgoneta
Citroën,Jumpy,24800,2023.0,46900,Diésel,MANUAL,120,coches.net,furgoneta
Ford,Transit Connect,31200,2024.0,19100,Gasoil,M,95,coches.net,furgoneta
Fiat,Ducato,24300,2024.0,30500,Gasolina,MANUAL,122,coches.net,furgoneta
Volkswagen,Transporter,"18200,00",2018.0,157500,DIESEL,Automática,102,coches.net,furgoneta
Fiat,Doblo Cargo,27400,2023.0,57000,gasoil,Automática,100,coches.net,furgoneta
Mercedes-Benz,Vito,35100,2023.0,44400,Diesel,M,120,coches.net,furgoneta
Volkswagen,Crafter,23300,2022.0,85000,Diesel,automático,182,coches.net,furgoneta
Fiat,Scudo,12400,2015.0,291400,diesel,Manual,140,coches.net,furgoneta
Hyundai,H350,16900,2018.0,260000,Gasoil,automático,131,coches.net,furgoneta
Volkswagen,Caddy,20500,2021.0,113800,GASOLINA,M,,coches.net,furgoneta
Peugeot,Partner,26300,2023.0,29300km,GASOLINA,manual,110,coches.net,furgoneta
Mercedes-Benz,Sprinter,"29600,00",2021.0,68600,Diésel,Automática,150,coches.net,furgoneta
Ford,Transit Connect,11900,2018.0,131200,gasolina,manual,120,coches.net,furgoneta
Renault,Kangoo,13200,2018.0,130500,gasolina,Automática,75,coches.net,furgoneta
Ford,Transit Courier,"17100,00",2019.0,182400,Diesel,Manual,75,coches.net,furgoneta
Renault,Master,10800,2016.0,252500,Diésel,manual,130,coches.net,furgoneta
Iveco,Daily,"35700,00",2023.0,23300,CNG,M6,90,coches.net,furgoneta
Mercedes-Benz,Sprinter,42600 €,2024.0,20500,Diesel,Automático,130,coches.net,furgoneta
Peugeot,Boxer,"15300,00",2021.0,,Gasolina,AT,155,coches.net,furgoneta
Mercedes-Benz,Citan,30600,23.0,38000,Diesel,AT,130,coches.net,furgoneta
Opel,Vivaro,10900,2018.0,155400,gasoil,manual,120,coches.net,furgoneta
Hyundai,Staria,18600,2024.0,24700,gasoil,manual,177,coches.net,furgoneta
Ford,Transit Connect,26500,2024.0,24900,MHEV,MANUAL,95,coches.net,furgoneta
Opel,Vivaro,22600,2021.0,103700,Diésel,MANUAL,95,coches.net,furgoneta
Toyota,Proace City,,19.0,187400,Hybrid,Manual,110,coches.net,furgoneta
Opel,Vivaro,17300,2018.0,202000,gasoil,MANUAL,125,coches.net,furgoneta
Renault,Master,40000,2020.0,128900,Electric,MANUAL,135CV,coches.net,furgoneta
Volkswagen,Transporter,27200,2023.0,54300,diesel,Manual,204,coches.net,furgoneta
Toyota,Proace City,30900,2023.0,29700,Eléctrico,M,100,coches.net,furgoneta
Renault,Master,17400,2023.0,47300,gasoil,Manual,180,coches.net,furgoneta
Peugeot,Partner,25700,2023.0,27900,gasoil,Automático,100,coches.net,furgoneta
Mercedes-Benz,Citan,39000,2020.0,,Diesel,AT,90CV,coches.net,furgoneta
Hyundai,H350,19600,2018.0,199800,GNC,M,136,coches.net,furgoneta
Ford,Transit,7500,2016.0,278900,Diésel,Auto,105,coches.net,furgoneta
Mercedes-Benz,Citan,28900,2019.0,178700,Gasoil,MANUAL,75,coches.net,furgoneta
Mercedes-Benz,Sprinter,29100,2024.0,16400,Gasoil,automático,140,coches.net,furgoneta
Renault,Trafic,14000,2018.0,258000,gasolina,M,90,coches.net,furgoneta
Volkswagen,Transporter,28500,2024.0,20500km,Diesel,Automática,199,coches.net,furgoneta
Volkswagen,Transporter,29800,2022.0,77200,Diésel,Manual,115,coches.net,furgoneta
Ford,Transit,22800,2023.0,31600,diesel,M,170,coches.net,furgoneta
Toyota,Proace City,26500,2024.0,,gasolina,M6,110,coches.net,furgoneta
Volkswagen,Crafter,16700,2023.0,46800,gasoil,MANUAL,135,coches.net,furgoneta
Fiat,Ducato,18200,2019.0,152800,Diesel,Manual,155CV,coches.net,furgoneta
Renault,Trafic,15100,2019.0,139700,gasoil,M6,90,coches.net,furgoneta
Peugeot,Expert,43000,2024.0,20700,Eléctrico,manual,120,coches.net,furgoneta
Maxus,Deliver 9,17100,2020.0,,Autogás,M,145 CV,coches.net,furgoneta
Ford,Transit,10300,2016.0,240200,DIESEL,M6,165,coches.net,furgoneta
Citroën,Jumper,9700,2017.0,,Diesel,MANUAL,140,coches.net,furgoneta
Renault,Master,17900,2019.0,163600,Gasolina,Manual,185,coches.net,furgoneta
Fiat,Doblo Cargo,8700,2020.0,106700,Diesel,Manual,105 CV,coches.net,furgoneta
Iveco,Daily,17500,2022.0,112200,Diesel,M,150,coches.net,furgoneta
Ford,Transit Connect,9000,2018.0,231300,Diesel,manual,75,coches.net,furgoneta
Renault,Trafic,22800 €,2020.0,125900,Diésel,Manual,85,coches.net,furgoneta
Ford,Transit,18700,2022.0,68400,MHEV,M,175,coches.net,furgoneta
Mercedes-Benz,Sprinter,35900,2024.0,24600,Diesel,M6,75,coches.net,furgoneta
Opel,Vivaro,25900,2022.0,60400,GLP/Gasolina,M6,125,coches.net,furgoneta
Mercedes-Benz,Citan,33600,2022.0,80500,gasolina,M,150,coches.net,furgoneta
Renault,Kangoo,14500,2022.0,50400,Diesel,Manual,75,coches.net,furgoneta
Volkswagen,Crafter,15600,,,Diesel,M6,,coches.net,furgoneta
Iveco,Daily,19500,2021.0,114800,Hybrid,Manual,90,coches.net,furgoneta
Renault,Trafic,17700,2020.0,112400,Diesel,MANUAL,125CV,coches.net,furgoneta
Citroën,Berlingo,10000,2019.0,212600,DIESEL,MANUAL,100,coches.net,furgoneta
Iveco,Daily,27400,2023.0,,diesel,Automático,75,coches.net,furgoneta
Nissan,Primastar,22900,2021.0,116700,Híbrido,Manual,119,coches.net,furgoneta
Citroën,Jumpy,29600,2023.0,36900,Gas Natural,M6,150,coches.net,furgoneta
Peugeot,Partner,20200,2019.0,136400,Gasoil,Automática,100,coches.net,furgoneta
Volkswagen,Caddy,17200,2018.0,208700,diesel,manual,107,coches.net,furgoneta
MAN,TGE,,2023.0,70200,Gasoil,M,145,coches.net,furgoneta
Hyundai,H350,23800,2024.0,19700,Diesel,manual,131,coches.net,furgoneta
Volkswagen,Transporter,32000,2020.0,120200,Gasolina,M,145,coches.net,furgoneta
Volkswagen,Transporter,30800,2019.0,121800,Diesel,Automática,209CV,coches.net,furgoneta
Iveco,Daily,20800,2023.0,44000,diesel,M,140,coches.net,furgoneta
Fiat,Scudo,26600,2024.0,13600,Hybrid,MANUAL,115,coches.net,furgoneta
Ford,Transit,38600,2024.0,27400,gasoil,M,155,coches.net,furgoneta
Peugeot,Boxer,18600,2022.0,89600,Diesel,Manual,160,coches.net,furgoneta
Ford,Transit Connect,35200,2023.0,52700,DIESEL,manual,,coches.net,furgoneta
Ford,Transit Connect,14000,2022.0,83400,DIESEL,Automática,120,coches.net,furgoneta
Opel,Vivaro,16900,2020.0,92900,gasolina,M,120CV,coches.net,furgoneta
Volkswagen,Caddy,14400,2021.0,,gasolina,manual,114,coches.net,furgoneta
Hyundai,Staria,26400,2023.0,37000km,Diesel,manual,172,coches.net,furgoneta
Ford,Transit Courier,12300,2020.0,140400,diesel,Auto,70,coches.net,furgoneta
Mercedes-Benz,Citan,14300,2015.0,,Gasolina,M,110,coches.net,furgoneta
Renault,Kangoo,12900,2021.0,89300,gasoil,Automática,95,coches.net,furgoneta
Toyota,Proace City,27200,2022.0,99800,Diésel,MANUAL,95,coches.net,furgoneta
Iveco,Daily,26800,2022.0,73600,gasoil,MANUAL,120,coches.net,furgoneta
Opel,Combo,24500,2021.0,86400,Gasolina,MANUAL,110,coches.net,furgoneta
Nissan,NV400,21900,2023.0,35100,Gasoil,DSG,110CV,coches.net,furgoneta
Volkswagen,Transporter,23500,2022.0,70800,GLP/Gasolina,DSG,105,coches.net,furgoneta
Volkswagen,Caddy,30600,2024.0,17900,diesel,manual,102,coches.net,furgoneta
Fiat,Ducato,19300,2020.0,130700,Gasoil,DSG,160,coches.net,furgoneta
Peugeot,Partner,22600,2023.0,43300,GASOLINA,manual,110,coches.net,furgoneta
Mercedes-Benz,Citan,19400,2020.0,108500,gasoil,M,90,coches.net,furgoneta
Citroën,Jumpy,8000 €,2017.0,239000,DIESEL,MANUAL,100,coches.net,furgoneta
Iveco,Daily,25600,2019.0,162600,Híbrido,Manual,110,coches.net,furgoneta
Renault,Master,13200 €,2018.0,162000,,M,130,coches.net,furgoneta
Toyota,Proace,37500,2024.0,18900,,Manual,150,coches.net,furgoneta
Ford,Transit Connect,41200,2024.0,19400,Electric,MANUAL,100,coches.net,furgoneta
Volkswagen,Caddy,27400 €,2023.0,37800,Diesel,M6,75,coches.net,furgoneta
Volkswagen,Transporter,12900,2019.0,185800,Hibrido,MANUAL,110,coches.net,furgoneta
Ford,Transit,19600,2021.0,83000,,manual,170,coches.net,furgoneta
Peugeot,Boxer,27100,2023.0,49500,Gasoil,Manual,160,coches.net,furgoneta
Volkswagen,Caddy,24900,2020.0,158600,EV,manual,75,coches.net,furgoneta
Citroën,Jumper,24500 €,2022.0,66300km,DIESEL,DSG,130,coches.net,furgoneta
Ford,Transit Courier,22400,2023.0,56200,DIESEL,M,80,coches.net,furgoneta
Renault,Kangoo,28800,2023.0,66300,diesel,MANUAL,80,coches.net,furgoneta
Nissan,NV200,29900,2024.0,17300,Gasoil,AT,110,coches.net,furgoneta
Ford,Transit,29600,2024.0,15100,DIESEL,M,130,coches.net,furgoneta
Renault,Master,30700,2023.0,53100,Diesel,manual,140,coches.net,furgoneta
Volkswagen,Crafter,29300,2024.0,11100,Diésel,M,182,coches.net,furgoneta
Fiat,Scudo,25500 €,2020.0,117500,Gasolina,M,140 CV,coches.net,furgoneta
Peugeot,Boxer,12700,2018.0,99100 km,Gas Natural,M6,130,coches.net,furgoneta
Nissan,Primastar,26200,2022.0,63000,Gasoil,Manual,114,coches.net,furgoneta
Ford,Transit Connect,19300,2018.0,170900,Hybrid,Manual,70,coches.net,furgoneta
Fiat,Doblo Cargo,14800 €,2022.0,57100,Diésel,Manual,95,coches.net,furgoneta
Opel,Combo,29000,2023.0,40300,DIESEL,M6,105,coches.net,furgoneta
Citroën,Berlingo,28700,2023.0,46100,Eléctrico (BEV),M6,136,coches.net,furgoneta
Fiat,,7500,2017.0,283300,diesel,AT,160 CV,coches.net,furgoneta
Volkswagen,Crafter,29400,2020.0,139400,DIESEL,Manual,140,coches.net,furgoneta
Nissan,NV400,15700,2023.0,34900,Gasoil,M,105,coches.net,furgoneta
Volkswagen,Caddy,"10800,00",2020.0,125400,diesel,manual,75,coches.net,furgoneta
Fiat,Scudo,32000,2024.0,17100,,manual,120,coches.net,furgoneta
Citroën,Berlingo,7500,2016.0,157300,Gasolina,M,115,coches.net,furgoneta
Volkswagen,Transporter,29700,,,Diesel,manual,110,coches.net,furgoneta
Renault,Master,22200,2020.0,158100,Diésel,MANUAL,180,coches.net,furgoneta
Ford,Transit Courier,16800,,,Diésel,manual,75,coches.net,furgoneta
Volkswagen,Transporter,31800,2021.0,141100,gasoil,M6,105,coches.net,furgoneta
Mercedes-Benz,Citan,25900,2020.0,110100,Gasolina,Manual,110,coches.net,furgoneta
Nissan,Primastar,24000,2023.0,41600,DIESEL,Automático,114,coches.net,furgoneta
Volkswagen,Caddy,21300,2021.0,96200,GLP,manual,102,coches.net,furgoneta
Hyundai,H350,23600,2022.0,71300,Gasolina,DSG,141,coches.net,furgoneta
Ford,Transit Connect,27700,2024.0,21100,MHEV,M,75,coches.net,furgoneta
Citroën,Jumper,12700,2019.0,115800,,M,140,coches.net,furgoneta
Nissan,NV200,21800,2024.0,23400,Diésel,M,85,coches.net,furgoneta
Volkswagen,Crafter,10200,2017.0,215300,Gasoil,DSG,177,coches.net,furgoneta
Nissan,NV400,20800,2022.0,64100,Hibrido,AT,145,coches.net,furgoneta
Mercedes-Benz,Sprinter,40300,2024.0,25400,DIESEL,MANUAL,140,coches.net,furgoneta
Mercedes-Benz,Sprinter,25400,2022.0,85000km,Diesel,M,120,coches.net,furgoneta
Citroën,Jumper,19800,2020.0,101700,Gasoil,DSG,160,coches.net,furgoneta
MAN,TGE,10700,2017.0,251400,DIESEL,MANUAL,145,coches.net,furgoneta
Citroën,Jumper,22200,2021.0,99500,Diesel,manual,140,coches.net,furgoneta
Fiat,Doblo Cargo,17300,2020.0,115200,Hybrid,Manual,100,coches.net,furgoneta
Ford,Transit Courier,,2019.0,128900,gasolina,M6,105,coches.net,furgoneta
,Daily,26700,2020.0,98200,Diésel,manual,130,coches.net,furgoneta
Volkswagen,Crafter,16900,2020.0,160500,Gasoil,MANUAL,102,coches.net,furgoneta
Mercedes-Benz,Vito,18200,2018.0,217300,DIESEL,M,140,coches.net,furgoneta
Iveco,Daily,19200,2023.0,56900,Diesel,M,140,coches.net,furgoneta
Renault,Trafic,27200,23.0,41900,Diésel,Manual,150,coches.net,furgoneta
Mercedes-Benz,Sprinter,20500,2017.0,173500,Diésel,M6,102,coches.net,furgoneta
Ford,Transit Courier,28000,2019.0,176300,Electrico,Manual,80,coches.net,furgoneta
Ford,Transit,14600,2016.0,228200,Diesel,Automática,105,coches.net,furgoneta
Toyota,Proace,21100,2021.0,98200,Diésel,Auto,120,coches.net,furgoneta
Opel,Vivaro,16900,2023.0,42100,diesel,M,105,coches.net,furgoneta
Ford,Transit Courier,31400,,,Eléctrico (BEV),M,80,coches.net,furgoneta
Fiat,Doblo Cargo,13300,2019.0,186000,diesel,manual,105,coches.net,furgoneta
Nissan,Primastar,28000,24.0,32400,MHEV,Manual,109,coches.net,furgoneta
Ford,Transit Connect,16300,2020.0,152400,diesel,MANUAL,120,coches.net,furgoneta
Opel,Vivaro,11100,2019.0,141400,Electrico,MANUAL,115,coches.net,furgoneta
Hyundai,H350,12300,2021.0,95100,Diésel,M,170,coches.net,furgoneta
Volkswagen,Crafter,24800,,,diesel,M,,coches.net,furgoneta
Hyundai,H350,26400,2023.0,49800,Diesel,automático,170,coches.net,furgoneta
Hyundai,Staria,20500,2022.0,66600km,CNG,M6,177,coches.net,furgoneta
Ford,Transit,19700,2021.0,102600,gasoil,manual,130,coches.net,furgoneta
Peugeot,Partner,23700,2022.0,70900,,MANUAL,141,coches.net,furgoneta
Peugeot,Expert,26300,2022.0,69900,MHEV,automático,100,coches.net,furgoneta
Peugeot,Expert,29400,2024.0,19600,DIESEL,MANUAL,145,coches.net,furgoneta
Ford,Transit,11000,2019.0,157300,Diesel,M6,125,coches.net,furgoneta
Volkswagen,Crafter,11600,,,Diésel,MANUAL,172,coches.net,furgoneta
Mercedes-Benz,Sprinter,17700,2019.0,169400,Híbrido,manual,150,coches.net,furgoneta
Renault,Trafic,16000,2018.0,207900,Gasoil,Manual,,coches.net,furgoneta
Renault,Trafic,22900,2023.0,46600,DIESEL,M6,150,coches.net,furgoneta
Peugeot,Boxer,10300,2021.0,105000,Hibrido,manual,140,coches.net,furgoneta
Maxus,EV80,30400,2022.0,58400,Eléctrico (BEV),DSG,125,coches.net,furgoneta
Citroën,Jumper,11100,2020.0,180000,DIESEL,Manual,130,coches.net,furgoneta
Renault,Kangoo,22200,2021.0,85800,EV,Automático,85,coches.net,furgoneta
Citroën,Jumpy,23800,2023.0,50700,Gasoil,manual,120,coches.net,furgoneta
Peugeot,Expert,28600,2022.0,63300,diesel,Manual,120,coches.net,furgoneta
Volkswagen,Transporter,26500,2023.0,51900,Diésel,M,150,coches.net,furgoneta
Toyota,Proace,26800,2023.0,46400,GLP,manual,120,coches.net,furgoneta
Mercedes-Benz,Vito,15400,2017.0,176900,Diesel,DSG,110,coches.net,furgoneta
Opel,Combo,16700,2022.0,70400 km,gasoil,M,,coches.net,furgoneta
Volkswagen,Transporter,28300,2019.0,174700,diesel,Manual,110,coches.net,furgoneta
Volkswagen,Crafter,20400,2018.0,166200,Diesel,AT,140,coches.net,furgoneta
Toyota,Proace,28800,2024.0,19400,Diesel,Manual,115,coches.net,furgoneta
Nissan,Primastar,21400,2023.0,36200,diesel,MANUAL,109,coches.net,furgoneta
Renault,Trafic,21800,2021.0,59600,Hibrido,Automática,85,coches.net,furgoneta
Ford,Transit,"24100,00",2022.0,50000,gasoil,MANUAL,165,coches.net,furgoneta
Hyundai,H350,21000,2022.0,89500,CNG,Manual,175,coches.net,furgoneta
Opel,Vivaro,23800,2022.0,70100,,manual,180,coches.net,furgoneta
Opel,Movano,11100,2016.0,232200,gasoil,manual,145,coches.net,furgoneta
Hyundai,Staria,20600,2020.0,,diesel,MANUAL,177,coches.net,furgoneta
Opel,Movano,24300,2022.0,67200,Gasoil,M,115,coches.net,furgoneta
Peugeot,Expert,24200,2022.0,81100,GLP,M6,120,coches.net,furgoneta
Mercedes-Benz,Vito,7500,2017.0,190100,Diesel,M,130,coches.net,furgoneta
Iveco,Daily,17900,2020.0,93200,Diesel,M,130,coches.net,furgoneta
Peugeot,Boxer,32000,2024.0,25000,MHEV,manual,140,coches.net,furgoneta
Citroën,Jumpy,13300,2018.0,175900,Diésel,MANUAL,120,coches.net,furgoneta
Mercedes-Benz,Citan,26500,2020.0,128300,gasolina,MANUAL,150,coches.net,furgoneta
Toyota,Proace,29100,2024.0,17800,diesel,M6,115,coches.net,furgoneta
Mercedes-Benz,Sprinter,22800,2023.0,50300,CNG,manual,90,coches.net,furgoneta
Opel,Vivaro,24400,2022.0,76200,Autogás,M6,180,coches.net,furgoneta
Ford,Transit Connect,30700,2022.0,81200,Diesel,manual,125,coches.net,furgoneta
Renault,Trafic,25900,2024.0,21800,Gasolina,M,150,coches.net,furgoneta
Hyundai,H350,9900,2015.0,250200,gasolina,M,136,coches.net,furgoneta
Volkswagen,Caddy,19700,2022.0,90900km,GLP,MANUAL,107,coches.net,furgoneta
Citroën,Jumper,19900,2023.0,24100,diesel,manual,145,coches.net,furgoneta
Ford,Transit,9100,2015.0,,DIESEL,manual,150,coches.net,furgoneta
Peugeot,Expert,25200,2023.0,50700,gasoil,MANUAL,145,coches.net,furgoneta
Citroën,Berlingo,14600,2021.0,104900,Diésel,manual,100,coches.net,furgoneta
Renault,Master,15400,2021.0,129200,DIESEL,MANUAL,135,coches.net,furgoneta
Nissan,NV200,23300,2023.0,39900,Gasolina,,105,coches.net,furgoneta
Mercedes-Benz,Sprinter,18700,2018.0,91400,Gasoil,Auto,110,coches.net,furgoneta
Iveco,Daily,12200,2016.0,271400,Diésel,manual,130,coches.net,furgoneta
Iveco,Daily,13900,2019.0,142800,DIESEL,M6,110,coches.net,furgoneta
Volkswagen,Crafter,25600,2024.0,19500km,Gasoil,M6,145,coches.net,furgoneta
Citroën,Jumper,12900,2019.0,146300,diesel,Automático,155,coches.net,furgoneta
Iveco,Daily,22900 €,2024.0,15100,Gasolina,manual,100,coches.net,furgoneta
Mercedes-Benz,Sprinter,29100,2019.0,102500,Diesel,Manual,90,coches.net,furgoneta
Nissan,NV300,12000,2018.0,162500,gasoil,DSG,90,coches.net,furgoneta
Peugeot,Boxer,28300,2024.0,25100,Diesel,M6,165,coches.net,furgoneta
Citroën,Jumper,18300,2021.0,86600,DIESEL,M,140,coches.net,furgoneta
Peugeot,Expert,17900,2021.0,92400 km,,M,120,coches.net,furgoneta
Peugeot,Partner,31200,2024.0,22000,Gasoil,M,100,coches.net,furgoneta
Ford,Transit,28300,2022.0,63100,EV,M,170,coches.net,furgoneta
Renault,Trafic,16600,2020.0,97000,Híbrido,Manual,85,coches.net,furgoneta
Mercedes-Benz,Citan,34200,2024.0,21500,Gasoil,M,102,coches.net,furgoneta
Ford,Transit Connect,13100,2016.0,146700,gasoil,AT,115,coches.net,furgoneta
Ford,Transit Courier,32900,23.0,65400,gasolina,Manual,105,coches.net,furgoneta
Iveco,Daily,14300,2021.0,134400,gasoil,MANUAL,75 CV,coches.net,furgoneta
Ford,Transit,11300,2017.0,201800,Diésel,M6,105,coches.net,furgoneta
Renault,Kangoo,26700,2020.0,98300,Electric,M6,90,coches.net,furgoneta
Iveco,Daily,11300,2015.0,240200,gasoil,Automático,110,coches.net,furgoneta
Opel,Movano,15100,2021.0,80700,DIESEL,AT,110,coches.net,furgoneta
Citroën,Jumpy,,2020.0,155300,Gasoil,Manual,145,coches.net,furgoneta
Volkswagen,Crafter,18700,2019.0,157200,gasolina,automático,140,coches.net,furgoneta
Iveco,Daily,22200,2022.0,57700,diesel,MANUAL,140,coches.net,furgoneta
Ford,Transit Courier,,2018.0,203500,Diesel,M,,coches.net,furgoneta
Mercedes-Benz,Vito,19300,2018.0,168100,DIESEL,Manual,110,coches.net,furgoneta
Renault,Master,20100,2022.0,68000,Diésel,automático,135,coches.net,furgoneta
MAN,TGE,29500,2019.0,183500,Diésel,M6,140,coches.net,furgoneta
Renault,Kangoo,24200,2023.0,56400,GASOLINA,Manual,75CV,coches.net,furgoneta
Hyundai,Staria,24700,2023.0,39000,Electric,Manual,177,coches.net,furgoneta
Volkswagen,Transporter,24100,2018.0,242700,Hibrido,M,102,coches.net,furgoneta
Citroën,Berlingo,16500,2022.0,70400,DIESEL,M,100,coches.net,furgoneta
Ford,Transit Connect,29700,2021.0,116600,Hibrido,M,100,coches.net,furgoneta
Fiat,Ducato,11600,2017.0,228600,GASOLINA,AT,122,coches.net,furgoneta
Mercedes-Benz,Vito,34200,2021.0,117100,Hibrido,MANUAL,75,coches.net,furgoneta
Ford,Transit Connect,12800,2020.0,166100,Gasoil,M,100,coches.net,furgoneta
Renault,,21100,2020.0,154100,,Manual,70,coches.net,furgoneta
Iveco,Daily,24300,2024.0,25000,Gasoil,Manual,,coches.net,furgoneta
Iveco,Daily,"31100,00",2024.0,20100,Diesel,Automático,75 CV,coches.net,furgoneta
Fiat,Doblo Cargo,11200,2016.0,278900,Diésel,automático,85,coches.net,furgoneta
Opel,,23500 €,2020.0,173700,Diésel,MANUAL,175,coches.net,furgoneta
Maxus,EV80,,2022.0,73900,Electric,Manual,120,coches.net,furgoneta
Citroën,Jumpy,25900,2022.0,75700,gasoil,DSG,120,coches.net,furgoneta
Volkswagen,Crafter,35200,2024.0,20100,DIESEL,Automático,107,coches.net,furgoneta
MAN,,22100,2020.0,119400,Diesel,M,135,coches.net,furgoneta
Ford,Transit,17100,2022.0,57100,Gasoil,M,155,coches.net,furgoneta
Opel,Vivaro,20100,2023.0,48300,Diesel,Manual,180,coches.net,furgoneta
Peugeot,Partner,24000,2021.0,95500,Gasolina,AT,95,coches.net,furgoneta
Fiat,Doblo Cargo,22300,2024.0,19800,Autogás,Automático,105,coches.net,furgoneta
Maxus,Deliver 9,20600,2023.0,36000,Electric,Manual,115,coches.net,furgoneta
Peugeot,Boxer,16800,,,Diesel,Automática,140,coches.net,furgoneta
Iveco,Daily,29700,2023.0,36500,Diesel,manual,120,coches.net,furgoneta
Renault,Master,21300,2021.0,109800,Diésel,automático,115CV,coches.net,furgoneta
Citroën,Jumpy,19600,2021.0,68600,diesel,Automática,150,coches.net,furgoneta
Ford,Transit,11400,2019.0,103800,diesel,MANUAL,130,coches.net,furgoneta
Mercedes-Benz,Sprinter,30700,2020.0,109900,Diésel,M,110,coches.net,furgoneta
Citroën,Jumper,19600,2023.0,46700,gasoil,Manual,145,coches.net,furgoneta
Opel,Movano,20100,2022.0,64600,DIESEL,M6,145,coches.net,furgoneta
Ford,Transit Courier,19100,2022.0,,Gasoil,Manual,75,coches.net,furgoneta
Ford,Transit Courier,9800,2018.0,225700,Gasolina,MANUAL,95,coches.net,furgoneta
Maxus,EV80,8900,2016.0,270400,Eléctrico (BEV),DSG,120,coches.net,furgoneta
Opel,Movano,7500,2018.0,146400,DIESEL,manual,115,coches.net,furgoneta
Renault,Trafic,33200,2023.0,51300,diesel,M,90,coches.net,furgoneta
Fiat,Doblo Cargo,22900 €,,,Diesel,MANUAL,90,coches.net,furgoneta
Nissan,NV300,19600,2019.0,141600,,AT,95,coches.net,furgoneta
Fiat,Ducato,30600,2024.0,26400 km,diesel,M6,122,coches.net,furgoneta
Peugeot,Boxer,17400,2020.0,138300,GASOLINA,MANUAL,165,coches.net,furgoneta
Mercedes-Benz,Sprinter,19700,2020.0,108200,gasoil,M6,140,coches.net,furgoneta
Iveco,Daily,28200,2022.0,79400,DIESEL,MANUAL,140,coches.net,furgoneta
Mercedes-Benz,Citan,26000,2023.0,30300,Gasoil,M,130,coches.net,furgoneta
Renault,Master,29700,2022.0,36800,Gasoil,MANUAL,180,coches.net,furgoneta
Renault,Trafic,22100,2021.0,115300,DIESEL,Automático,115,coches.net,furgoneta
Volkswagen,Crafter,25800,2018.0,170800,diesel,M6,182,coches.net,furgoneta
Nissan,NV200,30300,2022.0,84700 km,Eléctrico (BEV),M,90,coches.net,furgoneta
Ford,Transit Connect,18800,2020.0,140800,Gasoil,M6,100,coches.net,furgoneta
Nissan,NV400,21200,2022.0,81000,diesel,MANUAL,145,coches.net,furgoneta
Renault,Trafic,22600,2022.0,85000,diesel,DSG,150,coches.net,furgoneta
Ford,Transit,20800,2022.0,69100,diesel,MANUAL,155,coches.net,furgoneta
Fiat,Scudo,,2022.0,55900,diesel,M6,145,coches.net,furgoneta
Peugeot,Partner,30900,2024.0,30300,Eléctrico (BEV),Manual,131,coches.net,furgoneta
Fiat,Ducato,26500,2024.0,28800,Diesel,Manual,160,coches.net,furgoneta
Maxus,EV80,25500,2020.0,94600,Electric,manual,125,coches.net,furgoneta
Renault,Trafic,18300,2023.0,59400 km,gasoil,MANUAL,115,coches.net,furgoneta
Ford,Transit Connect,10400,2020.0,,MHEV,automático,105,coches.net,furgoneta
Opel,Combo,32700,2024.0,25900,DIESEL,Manual,100,coches.net,furgoneta
Fiat,Ducato,10300,2020.0,101300,Diésel,Manual,135,coches.net,furgoneta
Maxus,Deliver 9,23400,2021.0,98100,EV,Automática,120,coches.net,furgoneta
Volkswagen,Caddy,26400,2022.0,73000,DIESEL,MANUAL,75,coches.net,furgoneta
Opel,Movano,13900,2018.0,196700,Diesel,AT,163,coches.net,furgoneta
Volkswagen,Caddy,35600,,,DIESEL,MANUAL,75,coches.net,furgoneta
Mercedes-Benz,Vito,24000,2021.0,85300,gasoil,Automático,120,coches.net,furgoneta
Hyundai,Staria,14500 €,2018.0,189200,DIESEL,Manual,172,coches.net,furgoneta
Ford,Transit,25700,2023.0,54000,DIESEL,M,130CV,coches.net,furgoneta
Volkswagen,Transporter,33000,2023.0,48300,Diesel,manual,110,coches.net,furgoneta
Renault,Trafic,25500,2022.0,58700,gasolina,MANUAL,145,coches.net,furgoneta
Opel,Movano,19500,2019.0,167200,gasoil,MANUAL,110,coches.net,furgoneta
Fiat,Scudo,30600,2024.0,21500,Eléctrico,M,145,coches.net,furgoneta
Ford,Transit Connect,28900,2022.0,63600 km,diesel,AT,75,coches.net,furgoneta
Renault,Trafic,31000,2020.0,140300,DIESEL,MANUAL,90,coches.net,furgoneta
Peugeot,Expert,8100,2019.0,170300,DIESEL,manual,145,coches.net,furgoneta
Peugeot,Expert,15900 €,2018.0,243500,CNG,M,155,coches.net,furgoneta
Toyota,Proace City,13900,22.0,95100,gasoil,manual,100,coches.net,furgoneta
Nissan,Primastar,13600,2020.0,134400,DIESEL,M,119,coches.net,furgoneta
Peugeot,Expert,,2022.0,59000,EV,Manual,150,coches.net,furgoneta
Opel,Movano,24200,2023.0,38400,Diesel,MANUAL,168,coches.net,furgoneta
Toyota,Proace,23000,,,EV,DSG,136,coches.net,furgoneta
Citroën,Berlingo,24700,2023.0,42800,Eléctrico (BEV),MANUAL,136,coches.net,furgoneta
Toyota,Proace,19500,2023.0,34500,Eléctrico,manual,131,coches.net,furgoneta
Mercedes-Benz,Vito,31700,2022.0,61300,gasoil,M,120,coches.net,furgoneta
Hyundai,Staria,24200,2023.0,53100,GNC,M6,177,coches.net,furgoneta
Toyota,Proace,17500,2020.0,154600,Diesel,M,,coches.net,furgoneta
Volkswagen,Crafter,16100,20.0,121600,Diésel,Manual,102,coches.net,furgoneta
Mercedes-Benz,Citan,29700,2019.0,163800,diesel,M6,130,coches.net,furgoneta
Ford,Transit Connect,19900,2020.0,170300,Diésel,M,105,coches.net,furgoneta
Iveco,Daily,36100,2024.0,25100km,diesel,M,150,coches.net,furgoneta
Renault,Kangoo,23200,2019.0,91600,EV,manual,90,coches.net,furgoneta
MAN,TGE,26400,2020.0,122300,gasoil,manual,102,coches.net,furgoneta
Nissan,NV400,18600,2020.0,121100,DIESEL,MANUAL,115,coches.net,furgoneta
Ford,Transit Courier,27300,2021.0,96800,GASOLINA,M6,100,coches.net,furgoneta
Nissan,Primastar,22500,2020.0,110700,Eléctrico (BEV),MANUAL,119,coches.net,furgoneta
Mercedes-Benz,Vito,28400,2023.0,59600,DIESEL,MANUAL,102,coches.net,furgoneta
Volkswagen,Crafter,27200,2023.0,47400,GASOLINA,Manual,172,coches.net,furgoneta
Mercedes-Benz,Vito,45800,2023.0,57200,Diesel,Manual,75,coches.net,furgoneta
Opel,Vivaro,20200,2019.0,184600,Gasoil,M,100,coches.net,furgoneta
Iveco,Daily,27900,2021.0,121300,DIESEL,M,110,coches.net,furgoneta
Mercedes-Benz,Vito,25300,2023.0,33500,GASOLINA,manual,100,coches.net,furgoneta
Nissan,NV200,17000,2021.0,80000,,Manual,85,coches.net,furgoneta
Iveco,Daily,24200,2020.0,165800,DIESEL,M6,120,coches.net,furgoneta
Renault,Kangoo,38700,2024.0,17700,Diesel,AT,95,coches.net,furgoneta
Ford,Transit,10200,2016.0,269800,gasolina,M6,155,coches.net,furgoneta
Ford,Transit,11700,2018.0,162800,DIESEL,MANUAL,170,coches.net,furgoneta
Peugeot,Partner,29400,2023.0,26500,EV,AT,141,coches.net,furgoneta
Peugeot,Partner,20000,2023.0,47900,GASOLINA,Manual,110,coches.net,furgoneta
Hyundai,Staria,29700,2024.0,24400,diesel,,172,coches.net,furgoneta
Peugeot,Boxer,,2018.0,97200,Hybrid,manual,140,coches.net,furgoneta
Renault,Kangoo,33500,2021.0,97500,Electric,MANUAL,70,coches.net,furgoneta
Iveco,Daily,25000,2024.0,19800,Gasoil,Manual,102,coches.net,furgoneta
Peugeot,Expert,22300,2020.0,101100,Diesel,M6,120,coches.net,furgoneta
Citroën,Jumper,12000,2017.0,,Diésel,manual,125,coches.net,furgoneta
Toyota,Proace,17200,2018.0,188500,diesel,manual,115,coches.net,furgoneta
Citroën,Jumper,19700,2022.0,34900,Diesel,Manual,130,coches.net,furgoneta
Peugeot,Partner,14100,2017.0,269100,CNG,manual,100,coches.net,furgoneta
Peugeot,Partner,32600,2021.0,92200,Electric,MANUAL,136,coches.net,furgoneta
Ford,,20700,2020.0,143000 km,Gasoil,M6,130,coches.net,furgoneta
Mercedes-Benz,Sprinter,28100,2022.0,35600,DIESEL,Automático,100,coches.net,furgoneta
Iveco,Daily,26100,2020.0,106300,Diesel,,75 CV,coches.net,furgoneta
Fiat,Doblo Cargo,20200,2019.0,172500,gasoil,Automática,90,coches.net,furgoneta
Mercedes-Benz,Vito,42300,2023.0,36700,Eléctrico (BEV),MANUAL,102,coches.net,furgoneta
Opel,Combo,33600,2024.0,16900,Diesel,Manual,100,coches.net,furgoneta
Volkswagen,Crafter,15800,2019.0,202800,gasoil,M6,140,coches.net,furgoneta
Ford,Transit Courier,17500,2015.0,278900,MHEV,Manual,80,coches.net,furgoneta
Renault,Master,26400,2022.0,47200,diesel,manual,115,coches.net,furgoneta
Iveco,Daily,18400,2023.0,38400,gasoil,M6,140,coches.net,furgoneta
Renault,Trafic,21500,2024.0,16900,Diésel,MANUAL,120 CV,coches.net,furgoneta
Ford,Transit Connect,11800,2023.0,36300 km,Diesel,Automático,,coches.net,furgoneta
Renault,Master,38900,2024.0,17200 km,DIESEL,Manual,175,coches.net,furgoneta
Peugeot,Expert,23800,2023.0,51300,MHEV,Automático,120,coches.net,furgoneta
Maxus,Deliver 9,23700,2023.0,61100,gasoil,Automático,155,coches.net,furgoneta
Hyundai,H350,34300,2022.0,64000,diesel,M6,165,coches.net,furgoneta
Toyota,Proace,14200,2019.0,184000,Gasoil,Auto,120,coches.net,furgoneta
Renault,Trafic,24600,2024.0,17500,gasoil,Manual,150,coches.net,furgoneta
Ford,Transit Courier,14400,2016.0,243700 km,gasoil,MANUAL,70,coches.net,furgoneta
Opel,Vivaro,14600,2022.0,67100,Diésel,manual,100,coches.net,furgoneta
Ford,Transit Courier,34300,2023.0,38200,Gasolina,MANUAL,100,coches.net,furgoneta
Nissan,NV400,20800,2021.0,112900,Diésel,manual,110,coches.net,furgoneta
Fiat,Ducato,7500,2016.0,336400,Diesel,manual,117,coches.net,furgoneta
Peugeot,,22200,2022.0,79300,Diesel,manual,120,coches.net,furgoneta
Peugeot,Expert,30200,2023.0,56400,Electrico,M6,150,coches.net,furgoneta
Toyota,Proace City,28300,2023.0,,diesel,M6,100,coches.net,furgoneta
Volkswagen,Transporter,28300,2023.0,54100,Gasoil,Manual,102,coches.net,furgoneta
Volkswagen,Crafter,18900,2022.0,87000,Diésel,M6,177,coches.net,furgoneta
Ford,Transit Connect,15700,2020.0,139500,,MANUAL,125,coches.net,furgoneta
Opel,Vivaro,14500,2021.0,72800,Gasoil,M,115CV,coches.net,furgoneta
Volkswagen,Transporter,16600,2021.0,93800,DIESEL,M6,204,coches.net,furgoneta
Renault,Kangoo,21800,2023.0,49600,Híbrido,M,95,coches.net,furgoneta
Ford,Transit Connect,21400,2020.0,167300,DIESEL,M6,120,coches.net,furgoneta
Iveco,Daily,33100,2022.0,84200 km,Eléctrico (BEV),manual,130,coches.net,furgoneta
Renault,Master,13200,2018.0,169900 km,gasoil,M,105,coches.net,furgoneta
MAN,TGE,11500,2016.0,272300,Gasoil,Auto,140,coches.net,furgoneta
Toyota,Proace,18800,2020.0,157500,Electrico,M6,136,coches.net,furgoneta
Nissan,NV400,34400,2024.0,20000 km,Electrico,MANUAL,115,coches.net,furgoneta
Volkswagen,Caddy,44500,2023.0,48800,EV,manual,75,coches.net,furgoneta
Mercedes-Benz,Sprinter,41100,2022.0,76300,Eléctrico (BEV),Manual,110,coches.net,furgoneta
Toyota,Proace,,2022.0,91200,Diésel,MANUAL,120,coches.net,furgoneta
Iveco,Daily,9100,2017.0,197800,gasoil,M,102,coches.net,furgoneta
Volkswagen,Transporter,27300,2021.0,79500,DIESEL,MANUAL,150,coches.net,furgoneta
Peugeot,Boxer,20600,2020.0,115400km,Diésel,M,135,coches.net,furgoneta
Ford,,,2024.0,16300,gasoil,MANUAL,110,coches.net,furgoneta
,Sprinter,10900,2018.0,129600,DIESEL,MANUAL,130,coches.net,furgoneta
Mercedes-Benz,Vito,32200 €,2021.0,68200,gasoil,Manual,110,coches.net,furgoneta
Peugeot,Expert,19100,2023.0,,diesel,manual,100,coches.net,furgoneta
Mercedes-Benz,Sprinter,34900,2023.0,50700,DIESEL,automático,,coches.net,furgoneta
Fiat,Scudo,28300,2024.0,28600,diesel,Manual,115,coches.net,furgoneta
Ford,Transit Courier,30500,2023.0,43800,gasolina,AT,100,coches.net,furgoneta
Volkswagen,Crafter,25400,2019.0,134200,Híbrido,M6,182,coches.net,furgoneta
Fiat,Scudo,25600,2024.0,27900,DIESEL,M,120CV,coches.net,furgoneta
Volkswagen,Transporter,15900,2022.0,67800,DIESEL,Automático,115,coches.net,furgoneta
Peugeot,Expert,7500,2019.0,122200,Diesel,MANUAL,150,coches.net,furgoneta
Nissan,NV300,26600 €,2023.0,46400,Gas Natural,manual,100,coches.net,furgoneta
Ford,Transit,27000,2023.0,66200,Gasoil,DSG,130,coches.net,furgoneta
Volkswagen,Caddy,30100,2022.0,81400,GASOLINA,Automática,114,coches.net,furgoneta
Volkswagen,Caddy,28000 €,2024.0,21000,MHEV,AT,80,coches.net,furgoneta
Ford,Transit,20800,2021.0,116800,Diésel,M6,125,coches.net,furgoneta
Toyota,Proace,21900,2021.0,88100,Diésel,MANUAL,145,coches.net,furgoneta
Renault,Kangoo,16100,2020.0,162600,Diésel,Manual,80,coches.net,furgoneta
Mercedes-Benz,Citan,9700,2016.0,266600,DIESEL,MANUAL,140,coches.net,furgoneta
Citroën,Jumper,29500,22.0,80700,,manual,140,coches.net,furgoneta
Volkswagen,Crafter,19800,2015.0,208100,gasoil,manual,177,coches.net,furgoneta
Toyota,Proace City,29000,2023.0,27900,,M,105,coches.net,furgoneta
Ford,Transit,35300,2024.0,23400,,Manual,155,coches.net,furgoneta
Fiat,Ducato,30700,2020.0,109400,EV,Manual,165,coches.net,furgoneta
Hyundai,Staria,22700,2022.0,61500,Diesel,Manual,177,coches.net,furgoneta
Citroën,Jumpy,28500,2022.0,77100,,manual,120,coches.net,furgoneta
Ford,Transit Connect,8700,2016.0,272500,Electric,Manual,100,coches.net,furgoneta
Renault,Trafic,29000,2024.0,27000 km,diesel,automático,,coches.net,furgoneta
Iveco,Daily,22700 €,2018.0,260000,gasoil,Manual,,coches.net,furgoneta
Hyundai,H350,25200,2020.0,171900,diesel,manual,,coches.net,furgoneta
Fiat,Doblo Cargo,24300,2021.0,111700,DIESEL,automático,85,coches.net,furgoneta
Toyota,Proace,30200,2021.0,95700,,Automático,136,coches.net,furgoneta
Ford,Transit Connect,17700,2019.0,101600,Hibrido,MANUAL,80,coches.net,furgoneta
Ford,Transit,15900 €,2021.0,126200,diesel,manual,130,coches.net,furgoneta
Renault,Trafic,,2016.0,308700,Diesel,M,90,coches.net,furgoneta
MAN,TGE,16500,2017.0,194400,Diésel,M,145,coches.net,furgoneta
Peugeot,Partner,24200,2023.0,50000,EV,M6,131,coches.net,furgoneta
Toyota,Proace City,21500,2024.0,13500,Diésel,manual,100 CV,coches.net,furgoneta
Renault,Master,18000,2020.0,104600km,Gasolina,MANUAL,110,coches.net,furgoneta
Renault,Kangoo,10700,2019.0,169600,Electric,MANUAL,75,coches.net,furgoneta
Renault,Kangoo,22500,2023.0,45000,DIESEL,MANUAL,75,coches.net,furgoneta
Opel,Combo,12400,2020.0,175100,gasoil,MANUAL,115,coches.net,furgoneta
Volkswagen,Transporter,23900,2021.0,68500,diesel,MANUAL,102,coches.net,furgoneta
Renault,Kangoo,19600,2017.0,285700,gasoil,M,90,coches.net,furgoneta
Renault,Kangoo,17000,2020.0,78600,diesel,M6,75,coches.net,furgoneta
Fiat,Doblo Cargo,19700,2020.0,116700,Gasolina,M,95,coches.net,furgoneta
Ford,Transit Courier,16800,2020.0,101900,Gasolina,AT,105 CV,coches.net,furgoneta
Mercedes-Benz,Vito,26600,,,Híbrido,M6,102 CV,coches.net,furgoneta
Renault,Kangoo,24900,,,Gasoil,M6,,coches.net,furgoneta
Citroën,Jumpy,10800,2020.0,123600km,gasoil,,100,coches.net,furgoneta
Toyota,Proace City,24500,,,Diesel,manual,105,coches.net,furgoneta
Mercedes-Benz,Sprinter,17200,2022.0,77300,Gasoil,M,140,coches.net,furgoneta
Mercedes-Benz,Sprinter,19700,2020.0,142900,Gasoil,MANUAL,75,coches.net,furgoneta
Volkswagen,Transporter,32600,2021.0,87900,Diésel,manual,199,coches.net,furgoneta
Renault,Kangoo,26900,2021.0,136300,Eléctrico,manual,90,coches.net,furgoneta
Renault,Kangoo,24800,2021.0,100700,Electric,Automática,,coches.net,furgoneta
Fiat,Scudo,"27600,00",2023.0,40900,Gasoil,M,120,coches.net,furgoneta
Toyota,Proace City,42700,24.0,31300,,M6,115,coches.net,furgoneta
Renault,Kangoo,18100,2022.0,88400,diesel,M6,75,coches.net,furgoneta
Ford,Transit,24200,2021.0,88300,gasolina,M6,155,coches.net,furgoneta
Volkswagen,Transporter,26100,2020.0,140500,Diésel,manual,110,coches.net,furgoneta
Ford,Transit,15200,2018.0,126800,MHEV,Manual,150,coches.net,furgoneta
Ford,Transit Courier,17500,2022.0,80100,Diesel,M,70,coches.net,furgoneta
Maxus,EV80,26300,2023.0,42000,EV,AT,115,coches.net,furgoneta
Volkswagen,Transporter,23300,2019.0,163700,Gasoil,MANUAL,150,coches.net,furgoneta
Mercedes-Benz,Citan,30600,2024.0,18400,Eléctrico,manual,140,coches.net,furgoneta
Fiat,Scudo,20100,2024.0,22800,Diésel,automático,125,coches.net,furgoneta
Renault,Master,9800,2015.0,194700,Gasoil,M6,110,coches.net,furgoneta
Nissan,Primastar,19200,2022.0,68500,Diesel,Automática,109,coches.net,furgoneta
Fiat,Ducato,23100,2023.0,34000,gasoil,M,155,coches.net,furgoneta
Citroën,Jumper,13700,2019.0,138900,gasoil,manual,160,coches.net,furgoneta
Fiat,Doblo Cargo,21500,2023.0,37200,gasolina,MANUAL,85,coches.net,furgoneta
Toyota,Proace,8500,15.0,365000,diesel,M,145,coches.net,furgoneta
Opel,Combo,21400,2023.0,53800,GLP/Gasolina,MANUAL,95,coches.net,furgoneta
Ford,Transit,14900,2017.0,227000,diesel,Manual,125,coches.net,furgoneta
Iveco,Daily,24500,2021.0,106000,Electrico,manual,100,coches.net,furgoneta
Toyota,Proace City,32500,2020.0,93300,Electric,M,110,coches.net,furgoneta
Nissan,NV400,11000,2018.0,226300,Diesel,MANUAL,145,coches.net,furgoneta
Volkswagen,Transporter,29800,2022.0,66100,gasoil,M,102 CV,coches.net,furgoneta
Renault,Trafic,31700,2024.0,24600,Eléctrico,MANUAL,155,coches.net,furgoneta
Ford,Transit,24100,2024.0,18200,gasolina,M6,135,coches.net,furgoneta
Peugeot,Partner,19100,2022.0,41400,Gasolina,Manual,110,coches.net,furgoneta
Renault,Trafic,26000,2023.0,39100,diesel,manual,90,coches.net,furgoneta
Ford,Transit Connect,28200,2022.0,81600,gasoil,Manual,120,coches.net,furgoneta
Citroën,Jumpy,17800,2017.0,203600,Diesel,manual,145,coches.net,furgoneta
Mercedes-Benz,Citan,23500,2017.0,209400,Eléctrico (BEV),M6,100,coches.net,furgoneta
Peugeot,Partner,32900,2024.0,17600,GASOLINA,MANUAL,105,coches.net,furgoneta
Toyota,Proace,8400,2017.0,149300,Diesel,Auto,120,coches.net,furgoneta
Mercedes-Benz,Vito,26100 €,2021.0,77300,DIESEL,Automática,140,coches.net,furgoneta
Renault,Trafic,13400,2021.0,96300,gasolina,MANUAL,90 CV,coches.net,furgoneta
Hyundai,H350,17800,2020.0,100100,,DSG,170,coches.net,furgoneta
Mercedes-Benz,Citan,30900,2021.0,98300,DIESEL,MANUAL,90,coches.net,furgoneta
Peugeot,Boxer,17400,2020.0,170700,Gasolina,M6,160,coches.net,furgoneta
Peugeot,Expert,11900,2017.0,186900,Diésel,automático,155,coches.net,furgoneta
Volkswagen,Caddy,19100,2016.0,206900 km,Electrico,DSG,75,coches.net,furgoneta
Volkswagen,Transporter,29600,2023.0,53400,diesel,M6,105 CV,coches.net,furgoneta
Toyota,Proace City,17000,2022.0,55400,Gasoil,Auto,100,coches.net,furgoneta
Ford,Transit Courier,22800,2023.0,48200,Gasolina,M,100,coches.net,furgoneta
Fiat,Doblo Cargo,30500,2022.0,69300,EV,Automático,90,coches.net,furgoneta
Renault,Trafic,28500,2021.0,92500,DIESEL,Manual,115,coches.net,furgoneta
Renault,Master,31100,2022.0,80000 km,Gasoil,Manual,135,coches.net,furgoneta
Iveco,Daily,13200,2018.0,229100,DIESEL,Manual,140,coches.net,furgoneta
Fiat,Ducato,17400,2023.0,48000,gasoil,M6,122,coches.net,furgoneta
Mercedes-Benz,Vito,19800,2019.0,185500,DIESEL,M,120,coches.net,furgoneta
Nissan,NV200,23000,2021.0,105300,diesel,MANUAL,,coches.net,furgoneta
Fiat,Doblo Cargo,29100,2023.0,39800,GNC,M,110,coches.net,furgoneta
Volkswagen,Crafter,,2024.0,20300 km,gasoil,Automático,102,coches.net,furgoneta
Opel,Vivaro,29400,2022.0,80400km,DIESEL,M6,180,coches.net,furgoneta
MAN,TGE,29000,2019.0,200600,gasoil,automático,97,coches.net,furgoneta
Renault,Master,19900,2022.0,81300,Diésel,M,150,coches.net,furgoneta
Hyundai,Staria,14000,18.0,176800,Gasoil,M6,177 CV,coches.net,furgoneta
Renault,Master,13800,2022.0,60300,GASOLINA,MANUAL,105,coches.net,furgoneta
MAN,TGE,,24.0,29200,Diesel,MANUAL,140,coches.net,furgoneta
Peugeot,Boxer,20700,2020.0,89100,GLP/Gasolina,manual,130,coches.net,furgoneta
Ford,Transit Connect,34300,2024.0,18100km,Eléctrico (BEV),automático,80,coches.net,furgoneta
Nissan,NV400,24200,2024.0,28100,Gasoil,DSG,110,coches.net,furgoneta
Opel,Combo,13900,2021.0,134400,DIESEL,MANUAL,110,coches.net,furgoneta
Citroën,Jumper,24300,2022.0,,diesel,MANUAL,125 CV,coches.net,furgoneta
Opel,Vivaro,18300,2022.0,45700,Gasolina,M6,95,coches.net,furgoneta
Renault,Kangoo,28000,2023.0,31700,EV,M6,90,coches.net,furgoneta
Volkswagen,Transporter,23700,2018.0,203600,MHEV,M,110,coches.net,furgoneta
Iveco,Daily,35000,2023.0,36000 km,Eléctrico (BEV),Manual,150,coches.net,furgoneta
Ford,Transit Connect,18300,2019.0,116000,diesel,Manual,100,coches.net,furgoneta
Ford,Transit Courier,18900,2019.0,194500,Gasoil,DSG,75,coches.net,furgoneta
Volkswagen,Caddy,21500,2022.0,58200,GASOLINA,Manual,119,coches.net,furgoneta
Ford,Transit Courier,18900,2020.0,143400,GLP,M6,75,coches.net,furgoneta
Fiat,Scudo,13600,2020.0,99400,gasoil,manual,140,coches.net,furgoneta
Ford,Transit Connect,18800,2019.0,158200,diesel,Auto,105,coches.net,furgoneta
Opel,Vivaro,23100,2023.0,42400,Diésel,manual,95,coches.net,furgoneta
Citroën,Berlingo,20000,2016.0,241600,Eléctrico,automático,131,coches.net,furgoneta
Peugeot,Boxer,22200,2022.0,106200,diesel,automático,125,coches.net,furgoneta
Ford,Transit Connect,20800,2020.0,96000,gasoil,MANUAL,75,coches.net,furgoneta
Nissan,NV400,23100,2021.0,124400,DIESEL,Manual,150,coches.net,furgoneta
Iveco,Daily,19900,2021.0,87400,gasoil,automático,102,coches.net,furgoneta
Mercedes-Benz,Vito,16500,2015.0,278400,Electrico,M,90,coches.net,furgoneta
Volkswagen,Transporter,15400,2023.0,44900,Diésel,Automático,110,coches.net,furgoneta
Toyota,Proace,17800,2022.0,65500,Hibrido,M6,115,coches.net,furgoneta
Toyota,Proace City,20300,2021.0,122100,Gasoil,Auto,110 CV,coches.net,furgoneta
Peugeot,Boxer,,2023.0,36900,Diésel,manual,155,coches.net,furgoneta
Citroën,Jumper,14900,2021.0,91000,DIESEL,Auto,160,coches.net,furgoneta
Peugeot,Boxer,25900,2022.0,71300,Electrico,manual,135,coches.net,furgoneta
Ford,Transit Connect,18300,2020.0,122200,Diésel,Manual,100,coches.net,furgoneta
Hyundai,H350,28900,2023.0,38600,DIESEL,Manual,141,coches.net,furgoneta
Peugeot,Expert,17800,2021.0,124000,Diésel,MANUAL,155,coches.net,furgoneta
Mercedes-Benz,Citan,11900,2016.0,229200,Diésel,MANUAL,140,coches.net,furgoneta
Nissan,NV300,17800 €,2019.0,155700,DIESEL,manual,125,coches.net,furgoneta
Iveco,Daily,26000,2022.0,80300,DIESEL,MANUAL,130,coches.net,furgoneta
Citroën,Jumper,22900,2022.0,73200,Diésel,MANUAL,160,coches.net,furgoneta
Mercedes-Benz,Vito,,2023.0,51700,Eléctrico (BEV),automático,130,coches.net,furgoneta
MAN,TGE,27600,2023.0,40100,Diésel,automático,107,coches.net,furgoneta
Volkswagen,Transporter,32800,2023.0,27700,diesel,Automático,107,coches.net,furgoneta
Fiat,Doblo Cargo,22500,2024.0,16000,Diésel,manual,100,coches.net,furgoneta
Mercedes-Benz,Citan,33700,2023.0,43200,Diesel,Automática,150,coches.net,furgoneta
Volkswagen,Transporter,31700,2021.0,92200km,DIESEL,Manual,115,coches.net,furgoneta
Opel,Combo,16400,2020.0,131900,Electric,Automática,105,coches.net,furgoneta
Renault,Master,25500,2022.0,73200,diesel,M6,150,coches.net,furgoneta
Renault,Trafic,25000,2022.0,82500,DIESEL,M,90,coches.net,furgoneta
Ford,Transit,14400,2020.0,125600,DIESEL,M,130,coches.net,furgoneta
Nissan,NV300,22600,2021.0,99600,Diesel,Automática,95,coches.net,furgoneta
Iveco,Daily,21800,2021.0,93500,gasoil,Manual,120,coches.net,furgoneta
Volkswagen,Crafter,39700,2021.0,89900,Eléctrico,M6,182,coches.net,furgoneta
Volkswagen,Transporter,30700,2023.0,51500,Gasoil,M,105CV,coches.net,furgoneta
Peugeot,Expert,21600,2020.0,135900,gasoil,Manual,115,coches.net,furgoneta
Citroën,Jumpy,7500,2016.0,270200,Electrico,,105,coches.net,furgoneta
Ford,Transit Courier,20600,2022.0,105400,Diesel,,70,coches.net,furgoneta
Ford,Transit Connect,"9200,00",2017.0,,Diésel,Automática,80,coches.net,furgoneta
Ford,Transit Courier,23100,2022.0,97800,gasoil,Automático,75,coches.net,furgoneta
Iveco,Daily,15900,2017.0,218100,Gas Natural,M6,150,coches.net,furgoneta
Ford,Transit,23500,2020.0,99100,Gasolina,DSG,150,coches.net,furgoneta
Fiat,Scudo,32900,2024.0,20100,Eléctrico (BEV),M,120,coches.net,furgoneta
Hyundai,H350,19600,2017.0,300000,Electric,M6,175,coches.net,furgoneta
Citroën,Berlingo,,2020.0,147100,Eléctrico (BEV),M,131,coches.net,furgoneta
Ford,Transit Connect,21700,2019.0,131000,Gasoil,Manual,80,coches.net,furgoneta
Peugeot,Boxer,26600,2024.0,28400,GASOLINA,Manual,135,coches.net,furgoneta
MAN,TGE,25400,2023.0,47200,gasoil,MANUAL,135,coches.net,furgoneta
Ford,Transit,30800,2023.0,43300,gasoil,Manual,130,coches.net,furgoneta
Ford,Transit Courier,28900,2023.0,42400,gasoil,Manual,75,coches.net,furgoneta
Nissan,NV300,18700,2023.0,39300,,Auto,95,coches.net,furgoneta
Volkswagen,Caddy,27800,2022.0,95700,Diesel,M6,,coches.net,furgoneta
Mercedes-Benz,Citan,13600,2015.0,258100,Híbrido,MANUAL,110,coches.net,furgoneta
Iveco,Daily,29000,2022.0,70500,DIESEL,MANUAL,130,coches.net,furgoneta
Volkswagen,Caddy,17300,2019.0,169600 km,GASOLINA,M,114,coches.net,furgoneta
Ford,Transit Courier,19900,2021.0,64800,Diesel,M6,80,coches.net,furgoneta
Citroën,Berlingo,,2020.0,172400,Electrico,M,136,coches.net,furgoneta
Citroën,Berlingo,28300,2024.0,13000 km,Gasolina,M,110,coches.net,furgoneta
Ford,,18000,2020.0,121000,Diésel,M,105,coches.net,furgoneta
Peugeot,Partner,19700,2021.0,106700,Gasolina,M6,110,coches.net,furgoneta
Volkswagen,Crafter,18000,2018.0,185300,Autogás,DSG,177,coches.net,furgoneta
Mercedes-Benz,Sprinter,24100,2020.0,123900,Gasoil,M,75,coches.net,furgoneta
Mercedes-Benz,Sprinter,31400,2023.0,47000 km,Diésel,M6,100,coches.net,furgoneta
Ford,Transit Courier,31400,2023.0,57100,Electric,MANUAL,75,coches.net,furgoneta
Mercedes-Benz,Sprinter,28600,2020.0,120900 km,GLP/Gasolina,automático,150,coches.net,furgoneta
Ford,Transit Connect,15700 €,2021.0,117600,gasoil,manual,100,coches.net,furgoneta
Peugeot,Partner,12500,2018.0,136000,gasolina,Auto,105,coches.net,furgoneta
Citroën,Jumpy,26300,2023.0,40400,Electrico,Manual,145,coches.net,furgoneta
Citroën,Berlingo,28800,2023.0,49100,EV,M6,136,coches.net,furgoneta
Opel,Vivaro,28000,2023.0,48200,DIESEL,MANUAL,180,coches.net,furgoneta
MAN,TGE,34500,2020.0,110600,Diesel,MANUAL,140,coches.net,furgoneta
Toyota,Proace City,10800,21.0,108600,Diesel,Auto,,coches.net,furgoneta
Nissan,NV300,16100,2021.0,105600,GLP/Gasolina,automático,120,coches.net,furgoneta
Mercedes-Benz,Citan,25100,2021.0,117300,GASOLINA,manual,100,coches.net,furgoneta
Nissan,NV300,30600,2024.0,21600,Diésel,MANUAL,115,coches.net,furgoneta
Opel,Vivaro,13500,2023.0,48000,Autogás,manual,100,coches.net,furgoneta
Volkswagen,,24500,2021.0,94900,Híbrido,M,102,coches.net,furgoneta
Opel,Combo,7500,2015.0,322900,diesel,Auto,115,coches.net,furgoneta
Renault,Trafic,25300,2022.0,68000,Diésel,manual,150,coches.net,furgoneta
Maxus,Deliver 9,17300 €,2019.0,160900,Electric,MANUAL,150,coches.net,furgoneta
Mercedes-Benz,Citan,19400,2015.0,164800,Electrico,M6,130,coches.net,furgoneta
Fiat,Ducato,19900,2022.0,84400,gasoil,Automático,135,coches.net,furgoneta
Volkswagen,Crafter,37700,2023.0,61100,Eléctrico (BEV),M6,102,coches.net,furgoneta
Renault,Kangoo,28700,2023.0,50600,Electrico,Automático,90,coches.net,furgoneta
Toyota,Proace,34400,2023.0,48500,EV,M,,coches.net,furgoneta
Opel,Vivaro,27900,2023.0,46200,gasoil,M,125,coches.net,furgoneta
Ford,Transit Connect,22100,2022.0,58300,GASOLINA,manual,115,coches.net,furgoneta
Volkswagen,Caddy,22500,2022.0,,Gasoil,Manual,75,coches.net,furgoneta
Peugeot,Expert,11100,2016.0,196500,Diésel,M6,150,coches.net,furgoneta
Opel,Vivaro,14500,2018.0,187300,Eléctrico (BEV),M,180,coches.net,furgoneta
Volkswagen,Crafter,28000,2020.0,101100,gasoil,Manual,177,coches.net,furgoneta
Fiat,Doblo Cargo,25100,2021.0,100800,Gasolina,Manual,105,coches.net,furgoneta
Renault,Trafic,15900,2019.0,137500,diesel,Manual,90,coches.net,furgoneta
Ford,Transit Connect,,2024.0,34600,DIESEL,M6,75,coches.net,furgoneta
Citroën,Jumper,17000,2018.0,204600,Diésel,M6,160,coches.net,furgoneta
Ford,Transit,20500,2021.0,97000,Diesel,M,150,coches.net,furgoneta
Hyundai,Staria,19000,2022.0,59100,Electrico,MANUAL,177,coches.net,furgoneta
Renault,Trafic,10500,2018.0,172100,Hibrido,M6,150,coches.net,furgoneta
Ford,Transit Connect,11900 €,2019.0,127800,Gasolina,manual,70,coches.net,furgoneta
Nissan,NV400,22500,2022.0,61400,Diesel,M,110,coches.net,furgoneta
Maxus,EV80,8400,2015.0,282900,Electric,M,120,coches.net,furgoneta
Peugeot,Partner,19800,2023.0,59000,gasoil,MANUAL,100,coches.net,furgoneta
Maxus,EV80,19200,2022.0,81800,Eléctrico (BEV),M6,120,coches.net,furgoneta
Maxus,EV80,29300,2022.0,89400,Electric,manual,125,coches.net,furgoneta
Hyundai,H350,24300,2021.0,117100,Diésel,M,136,coches.net,furgoneta
Renault,Kangoo,14500,2016.0,297800,Eléctrico (BEV),manual,90,coches.net,furgoneta
Mercedes-Benz,Vito,41600,2024.0,23700,EV,Automático,100,coches.net,furgoneta
MAN,TGE,34100,2023.0,,Diesel,manual,97,coches.net,furgoneta
Citroën,Berlingo,22000,2022.0,76200km,Eléctrico,manual,131,coches.net,furgoneta
Citroën,Jumpy,22200,,,Diésel,M,125,coches.net,furgoneta
Ford,Transit,28100,2022.0,75800,Diesel,Automático,105,coches.net,furgoneta
Fiat,Scudo,15900 €,2021.0,95900,,Manual,150,coches.net,furgoneta
Opel,Vivaro,29600,2024.0,19400,diesel,Auto,105,coches.net,furgoneta
Nissan,Primastar,8100,2015.0,332300,Diesel,Automático,109,coches.net,furgoneta
Volkswagen,Transporter,24700,2022.0,62500,Diésel,M,199,coches.net,furgoneta
MAN,TGE,18000,2017.0,263500,DIESEL,,,coches.net,furgoneta
Peugeot,Partner,16400,2021.0,101200,gasolina,M,110,coches.net,furgoneta
Renault,Kangoo,26300,2021.0,94500,Eléctrico,Automática,90,coches.net,furgoneta
Ford,Transit Connect,21300,2019.0,136100 km,Híbrido,MANUAL,100,coches.net,furgoneta
Renault,Master,15800,2020.0,107000,GASOLINA,Automática,115,coches.net,furgoneta
Mercedes-Benz,Citan,31700,2022.0,64300,diesel,Automática,,coches.net,furgoneta
Iveco,Daily,35900,2022.0,,Gasolina,Manual,120,coches.net,furgoneta
Toyota,Proace,33700,2024.0,21700,Gasoil,Manual,120,coches.net,furgoneta
Ford,Transit Connect,7500,2015.0,273000,Diesel,manual,95,coches.net,furgoneta
Fiat,Doblo Cargo,8000,2016.0,319100,CNG,M,100,coches.net,furgoneta
Fiat,Ducato,16300,2022.0,79100 km,Diesel,Auto,160,coches.net,furgoneta
Renault,Master,18600,,,Gasoil,M6,135,coches.net,furgoneta
Volkswagen,Crafter,21400,2017.0,300000 km,Eléctrico (BEV),MANUAL,107,coches.net,furgoneta
Iveco,Daily,25100,2022.0,77700,Hybrid,MANUAL,100,coches.net,furgoneta
Mercedes-Benz,Vito,11900,2017.0,207200,diesel,M,120,coches.net,furgoneta
Ford,Transit Connect,17700,2019.0,153800,diesel,M,100,coches.net,furgoneta
Ford,Transit,21700 €,2021.0,93900,gasolina,M,,coches.net,furgoneta
Fiat,Doblo Cargo,14200,2020.0,128400,diesel,manual,105,coches.net,furgoneta
Mercedes-Benz,Citan,23800,2019.0,116900,DIESEL,M,140,coches.net,furgoneta
Renault,Kangoo,24700,2019.0,160800,gasoil,M,,coches.net,furgoneta
Ford,Transit Connect,28400,2024.0,19800,Autogás,Automática,115,coches.net,furgoneta
Citroën,Jumpy,30200,2022.0,86100,gasoil,M6,125,coches.net,furgoneta
Renault,Master,27300,2023.0,50500,gasoil,MANUAL,110CV,coches.net,furgoneta
Toyota,Proace City,24700,2019.0,171200,,M,110,coches.net,furgoneta
Mercedes-Benz,Vito,14300,2016.0,319800,diesel,M,130,coches.net,furgoneta
Fiat,Ducato,24300 €,2023.0,35600,DIESEL,M6,122,coches.net,furgoneta
Fiat,Doblo Cargo,,2023.0,29000,Gasoil,M,110,coches.net,furgoneta
Iveco,Daily,26800,2022.0,80000,Gasolina,Auto,110,coches.net,furgoneta
Citroën,,14900,2023.0,42200,Diésel,M,145,coches.net,furgoneta
Renault,Kangoo,27500,2020.0,129100,Gasoil,M6,80,coches.net,furgoneta
Fiat,Doblo Cargo,7500,2015.0,264600,Gasoil,Manual,90,coches.net,furgoneta
Fiat,Doblo Cargo,22000,2021.0,98800,Hybrid,M6,95,coches.net,furgoneta
Peugeot,Expert,25500,2024.0,22500,Diésel,AT,145,coches.net,furgoneta
Citroën,Jumpy,14000,2022.0,,Gasolina,Manual,150,coches.net,furgoneta
Hyundai,Staria,31200,2023.0,41200,gasoil,M,177,coches.net,furgoneta
Hyundai,Staria,19300,2022.0,75600,,Manual,177,coches.net,furgoneta
Opel,Movano,9000,2015.0,313400,Eléctrico,MANUAL,168,coches.net,furgoneta
Mercedes-Benz,Vito,29500,2022.0,67900,gasoil,M,130,coches.net,furgoneta
Ford,Transit Connect,29800,2021.0,67100,Electric,manual,100,coches.net,furgoneta
Ford,Transit,28800,2024.0,19700,EV,manual,155,coches.net,furgoneta
Renault,Master,21900,2023.0,42800,Diésel,M,115,coches.net,furgoneta
Ford,Transit,24300,2022.0,81000,Diesel,Automática,110,coches.net,furgoneta
Citroën,Berlingo,17100,2018.0,123100,Eléctrico,MANUAL,136,coches.net,furgoneta
Iveco,Daily,22800,2019.0,169500km,diesel,Manual,110,coches.net,furgoneta
Volkswagen,Crafter,20900,2020.0,106500,Diesel,Manual,140,coches.net,furgoneta
Citroën,Berlingo,28700 €,2023.0,48400,Electrico,M6,141,coches.net,furgoneta
Fiat,Scudo,17400,2021.0,70300,Diesel,Auto,120,coches.net,furgoneta
,Transporter,18700,2017.0,140000,diesel,manual,102,coches.net,furgoneta
Peugeot,Expert,27300,2024.0,18200,Electric,manual,95,coches.net,furgoneta
Ford,Transit,18600,2024.0,18700,Diésel,Auto,130,coches.net,furgoneta
Fiat,Ducato,20700,2023.0,49900,Gas Natural,AT,165,coches.net,furgoneta
Ford,Transit Courier,25000,2023.0,32400,gasolina,M,95,coches.net,furgoneta
Peugeot,Expert,27700,2022.0,92000,Diésel,M,120,coches.net,furgoneta
Renault,Trafic,18700,2023.0,44700,gasoil,AT,120,coches.net,furgoneta
Volkswagen,Crafter,15100,2021.0,106500,,manual,102,coches.net,furgoneta
Ford,Transit,30000,23.0,59300km,Electric,MANUAL,175,coches.net,furgoneta
Volkswagen,Transporter,13700,2016.0,307000,Híbrido,M,204,coches.net,furgoneta
Ford,Transit Connect,10600,2020.0,165300,Diésel,Manual,100,coches.net,furgoneta
Mercedes-Benz,Vito,22600,2023.0,41500 km,Diesel,Manual,90,coches.net,furgoneta
Ford,Transit Connect,22100,2022.0,79700,DIESEL,M6,75,coches.net,furgoneta
Peugeot,Boxer,27600,2022.0,101700,diesel,Automático,160,coches.net,furgoneta
Citroën,Berlingo,14500,,,DIESEL,Automática,100,coches.net,furgoneta
Nissan,NV300,18900,2019.0,165100,Diésel,MANUAL,90,coches.net,furgoneta
Volkswagen,Crafter,16300,2022.0,89300,diesel,Manual,140,coches.net,furgoneta
Renault,Kangoo,28800,2020.0,92400,Electrico,M6,90,coches.net,furgoneta
Hyundai,Staria,29500,2024.0,23500,Diesel,manual,177,coches.net,furgoneta
Citroën,Jumper,24900,24.0,20800,MHEV,M6,140,coches.net,furgoneta
Citroën,Berlingo,25500,2022.0,75200,Gasolina,Manual,115,coches.net,furgoneta
Ford,Transit,22000,2021.0,150000,Eléctrico,M,125,coches.net,furgoneta
Hyundai,H350,22500,2021.0,133200,DIESEL,Manual,170,coches.net,furgoneta
Mercedes-Benz,Citan,24900,2020.0,125100,diesel,Automático,75,coches.net,furgoneta
Peugeot,Boxer,29700,2023.0,50700,DIESEL,automático,145,coches.net,furgoneta
Ford,Transit Courier,29100,2024.0,9300,GASOLINA,M6,100,coches.net,furgoneta
Volkswagen,Caddy,32600,2022.0,66900,diesel,Auto,75,coches.net,furgoneta
Nissan,NV200,15500,2018.0,207500,GASOLINA,MANUAL,90,coches.net,furgoneta
Opel,Combo,15700,2021.0,94000,Diésel,manual,100,coches.net,furgoneta
Fiat,Scudo,21700,2022.0,62000,gasolina,M6,145,coches.net,furgoneta
Mercedes-Benz,Vito,26400,2024.0,20700,DIESEL,manual,140,coches.net,furgoneta
Volkswagen,Caddy,23900,2019.0,165200,gasolina,MANUAL,109,coches.net,furgoneta
Maxus,Deliver 9,20400,2018.0,252800,DIESEL,MANUAL,145,coches.net,furgoneta
Peugeot,Boxer,25700,2024.0,23500,GLP,Manual,160,coches.net,furgoneta
Ford,Transit Connect,22500,2019.0,211900,Electric,manual,100,coches.net,furgoneta
Hyundai,Staria,"33500,00",2024.0,27800,Gasoil,MANUAL,172,coches.net,furgoneta
Peugeot,Boxer,21500,2023.0,34400,Diesel,M6,,coches.net,furgoneta
Toyota,Proace,26500,2023.0,35400,Gasolina,Manual,145,coches.net,furgoneta
Ford,Transit Courier,15200,2016.0,303300,GASOLINA,M6,70,coches.net,furgoneta
Mercedes-Benz,Sprinter,15500,2020.0,144200,CNG,AT,110,coches.net,furgoneta
Ford,Transit,17700,2018.0,133500,Gasolina,manual,130,coches.net,furgoneta
Hyundai,Staria,17800,2020.0,134900,DIESEL,M6,177 CV,coches.net,furgoneta
Peugeot,Boxer,"20500,00",2023.0,46100,Gasolina,MANUAL,140,coches.net,furgoneta
MAN,TGE,36800,2020.0,152000,,manual,,coches.net,furgoneta
Renault,Master,7700,2015.0,250800,gasoil,Manual,110,coches.net,furgoneta
Volkswagen,Transporter,26000,2023.0,44100,GASOLINA,manual,204,coches.net,furgoneta
Volkswagen,Crafter,36300,2023.0,39500,Electric,Manual,172,coches.net,furgoneta
Maxus,Deliver 9,14000,2017.0,180700,Diésel,Manual,150,coches.net,furgoneta
Opel,Movano,18500,2021.0,107000,DIESEL,M6,163,coches.net,furgoneta
Iveco,Daily,42800,2024.0,23000,EV,manual,140CV,coches.net,furgoneta
Ford,Transit,19500,2023.0,50800,Diesel,M6,155,coches.net,furgoneta
Toyota,Proace City,25500,2018.0,137900,Gasolina,M6,110,coches.net,furgoneta
Peugeot,Boxer,18200,2022.0,97300,Diésel,M6,,coches.net,furgoneta
Nissan,Primastar,27200,2021.0,106300,DIESEL,AT,114,coches.net,furgoneta
Nissan,NV400,16700,2018.0,221900,diesel,manual,145,coches.net,furgoneta
Mercedes-Benz,Vito,36400,2023.0,46000,Eléctrico (BEV),M,110,coches.net,furgoneta
Volkswagen,Transporter,24200,2020.0,117800,GASOLINA,DSG,102,coches.net,furgoneta
Ford,Transit Courier,24500,2023.0,47000,GASOLINA,Manual,95,coches.net,furgoneta
Fiat,Doblo Cargo,26300,2023.0,50200,gasoil,M6,105,coches.net,furgoneta
Renault,Kangoo,25600 €,2022.0,63000,EV,Manual,95,coches.net,furgoneta
Peugeot,Partner,20400,2022.0,45500,Gasolina,M,105,coches.net,furgoneta
Mercedes-Benz,Sprinter,15200,2022.0,78100,gasoil,M,120,coches.net,furgoneta
Fiat,Doblo Cargo,27800,2022.0,95200,diesel,M6,90,coches.net,furgoneta
Ford,Transit Connect,28400,2024.0,17400,Gasoil,manual,100,coches.net,furgoneta
Peugeot,Boxer,14000,2019.0,108400,diesel,manual,160,coches.net,furgoneta
Volkswagen,Crafter,20000,2021.0,100000,diesel,MANUAL,102,coches.net,furgoneta
Renault,,16400,2019.0,130900,Gasoil,Manual,,coches.net,furgoneta
Peugeot,Boxer,22900,2022.0,63100,Gasoil,manual,160,coches.net,furgoneta
Hyundai,Staria,28900,2021.0,93200,GLP,AT,182,coches.net,furgoneta
Opel,Movano,18000,2020.0,126600,Diésel,Manual,110,coches.net,furgoneta
Iveco,Daily,24300,2022.0,70200,Gasolina,automático,102,coches.net,furgoneta
Opel,Movano,26000,2020.0,98100,Electrico,M6,168,coches.net,furgoneta
Mercedes-Benz,Sprinter,31500,2022.0,52600,Hybrid,MANUAL,110,coches.net,furgoneta
Peugeot,Boxer,20500,2019.0,119400,diesel,MANUAL,145,coches.net,furgoneta
Toyota,Proace City,28100,2024.0,14900,Diésel,Auto,,coches.net,furgoneta
Renault,Kangoo,34200,2024.0,19000,Diesel,Automática,75,coches.net,furgoneta
Peugeot,Partner,11800,2022.0,110100,Diesel,automático,95,coches.net,furgoneta
Mercedes-Benz,Citan,14200,2021.0,101000,DIESEL,M,75,coches.net,furgoneta
Peugeot,Boxer,20900,2021.0,107700,DIESEL,MANUAL,135,coches.net,furgoneta
Nissan,NV200,18900,2022.0,65800,Hibrido,Manual,90,coches.net,furgoneta
Volkswagen,Crafter,22300,2018.0,135600,Gasoil,M6,172,coches.net,furgoneta
Opel,Movano,26200,2024.0,26300,MHEV,AT,110,coches.net,furgoneta
Hyundai,Staria,20700,2022.0,93100,Hibrido,Manual,182,coches.net,furgoneta
Nissan,NV300,7500,2016.0,150000,DIESEL,Auto,95,coches.net,furgoneta
Iveco,Daily,7500,2020.0,89100,DIESEL,MANUAL,120,coches.net,furgoneta
Citroën,Jumper,11900 €,20.0,140800,diesel,manual,145,coches.net,furgoneta
Ford,Transit Courier,22500,2023.0,41200,gasolina,automático,100,coches.net,furgoneta
Iveco,Daily,18200,2020.0,109300,GASOLINA,Manual,150,coches.net,furgoneta
Iveco,Daily,17900,2019.0,173200,Diesel,M6,100,coches.net,furgoneta
Toyota,Proace,34000,2022.0,53300,DIESEL,manual,150,coches.net,furgoneta
Ford,Transit,28600,2022.0,70300,GNC,M6,170,coches.net,furgoneta
Hyundai,H350,17100,2019.0,162400,Gasolina,Manual,141,coches.net,furgoneta
Ford,Transit Courier,24300,2023.0,47900,diesel,Automática,75,coches.net,furgoneta
Volkswagen,Crafter,32500,2021.0,130100,diesel,Automática,177,coches.net,furgoneta
Mercedes-Benz,Vito,17500,2019.0,169800,Diésel,M6,90,coches.net,furgoneta
Fiat,Doblo Cargo,18100,2022.0,84600,Hibrido,M,90,coches.net,furgoneta
Iveco,Daily,26500,2022.0,65700,Gasoil,Auto,75,coches.net,furgoneta
Citroën,Jumper,23700,2023.0,55500,DIESEL,manual,135,coches.net,furgoneta
Peugeot,Boxer,27900 €,2022.0,81300,DIESEL,Manual,160,coches.net,furgoneta
Citroën,Jumpy,27300,2023.0,32100,Eléctrico (BEV),Automático,150,coches.net,furgoneta
Ford,Transit,18500,2018.0,173500,Diesel,Automático,125,coches.net,furgoneta
MAN,TGE,19700,2019.0,117600,DIESEL,M6,145,coches.net,furgoneta
Peugeot,Boxer,11900,2015.0,266100,MHEV,manual,165,coches.net,furgoneta
Renault,Master,20200,2024.0,29000,gasoil,MANUAL,145,coches.net,furgoneta
Mercedes-Benz,Sprinter,28300,2021.0,53300,Diesel,M,90,coches.net,furgoneta
Volkswagen,Transporter,32900,2023.0,54000,DIESEL,M,110,coches.net,furgoneta
Ford,Transit Connect,20700,2020.0,110800,diesel,MANUAL,,coches.net,furgoneta
Volkswagen,Transporter,33400,2023.0,64100,Diésel,M,107,coches.net,furgoneta
Citroën,Jumper,7500,2018.0,183500,Electric,MANUAL,140,coches.net,furgoneta
MAN,TGE,18800,2020.0,161700,Gasoil,,97,coches.net,furgoneta
Ford,Transit Connect,7500,2020.0,168200,Diésel,MANUAL,75,coches.net,furgoneta
Renault,Master,22200,2024.0,22400,gasoil,M6,175,coches.net,furgoneta
Hyundai,H350,27800,2021.0,99500,gasoil,M6,136,coches.net,furgoneta
Iveco,Daily,23600,2022.0,66900,Gasoil,AT,90,coches.net,furgoneta
Mercedes-Benz,Vito,11600,2016.0,282300,GASOLINA,Manual,140,coches.net,furgoneta
Ford,Transit Courier,37000,2024.0,30200,diesel,manual,75,coches.net,furgoneta
Iveco,Daily,20700,2023.0,38400,Eléctrico (BEV),M,90,coches.net,furgoneta
Volkswagen,Transporter,18300,2018.0,224100,DIESEL,MANUAL,204,coches.net,furgoneta
Iveco,Daily,30600,2024.0,24900,Diésel,manual,75CV,coches.net,furgoneta
Toyota,Proace City,31600,2021.0,106200,gasoil,Manual,110,coches.net,furgoneta
Mercedes-Benz,Vito,33600,2021.0,100500,diesel,Automático,150,coches.net,furgoneta
Peugeot,Expert,27800,2023.0,51700,Gasoil,Automática,100,coches.net,furgoneta
Toyota,Proace City,23800,,,Electric,manual,115,coches.net,furgoneta
Ford,Transit,12400,2019.0,120400,Híbrido,M,130,coches.net,furgoneta
Ford,Transit,25300,2020.0,98600,MHEV,Manual,170,coches.net,furgoneta
Mercedes-Benz,Citan,45500,2021.0,94100,Eléctrico (BEV),Manual,140,coches.net,furgoneta
Maxus,EV80,"25100,00",2021.0,73800km,EV,Manual,120,coches.net,furgoneta
Opel,Combo,13200,2017.0,186600,gasoil,Manual,105,coches.net,furgoneta
Citroën,Berlingo,23000,2020.0,112300,Electric,automático,136,coches.net,furgoneta
Volkswagen,Crafter,31900,2022.0,65800,gasoil,automático,102,coches.net,furgoneta
Volkswagen,Transporter,21400,2021.0,118200,Diésel,M,107,coches.net,furgoneta
Ford,Transit Connect,19400,2019.0,109900,gasolina,AT,80,coches.net,furgoneta
Peugeot,Expert,11200,2017.0,242500,DIESEL,manual,95,coches.net,furgoneta
Iveco,Daily,20300,2021.0,115800,Diésel,MANUAL,110,coches.net,furgoneta
Nissan,NV200,15200,2021.0,90600,Diesel,DSG,115,coches.net,furgoneta
Iveco,Daily,9000,2015.0,354500,Diésel,DSG,110,coches.net,furgoneta
Ford,Transit Courier,27100,,,GASOLINA,MANUAL,100,coches.net,furgoneta
Peugeot,Partner,21000,2023.0,53600,Eléctrico (BEV),Automática,136,coches.net,furgoneta
Peugeot,Boxer,30300,2023.0,41500,DIESEL,MANUAL,140,coches.net,furgoneta
Mercedes-Benz,Vito,24400,2024.0,24400,Diésel,M6,150,coches.net,furgoneta
Renault,Trafic,11100,2019.0,167200,gasoil,Auto,150,coches.net,furgoneta
Fiat,Scudo,15600,2018.0,,Electric,Automática,120,coches.net,furgoneta
Volkswagen,Transporter,20200,2017.0,219700,diesel,Automática,115,coches.net,furgoneta
Mercedes-Benz,Sprinter,26200,2021.0,123400,Diésel,MANUAL,90,coches.net,furgoneta
Renault,Master,17100,2018.0,157500,diesel,MANUAL,145,coches.net,furgoneta
Iveco,Daily,25500,2023.0,46900,Diésel,M,110 CV,coches.net,furgoneta
Fiat,Scudo,12500,2022.0,76200,Diésel,M,145,coches.net,furgoneta
Renault,Master,,2022.0,72000,Gasoil,Manual,185,coches.net,furgoneta
Opel,Vivaro,28900,2024.0,30000,Diésel,M,100,coches.net,furgoneta
Maxus,EV80,16500,2018.0,213200,Electric,MANUAL,120,coches.net,furgoneta
MAN,TGE,"25400,00",2023.0,45600,diesel,automático,145,coches.net,furgoneta
Volkswagen,Caddy,24800,2017.0,230900,diesel,AT,80,coches.net,furgoneta
Renault,Kangoo,12100,2017.0,252300,gasoil,MANUAL,95,coches.net,furgoneta
Ford,Transit Connect,25200,2022.0,,gasoil,manual,125,coches.net,furgoneta
Ford,Transit Connect,23800,2023.0,45900,gasoil,manual,75,coches.net,furgoneta
Peugeot,Expert,21900,2024.0,21100,DIESEL,automático,120 CV,coches.net,furgoneta
Ford,Transit Connect,18500,2019.0,188400,Diésel,Automático,100,coches.net,furgoneta
Hyundai,H350,15600,2018.0,185600,gasoil,M6,175,coches.net,furgoneta
Citroën,Jumpy,29700 €,2023.0,54500,Diésel,M,100,coches.net,furgoneta
Mercedes-Benz,Sprinter,24500,2021.0,108000,gasoil,M6,130,coches.net,furgoneta
Nissan,NV400,22500,2017.0,264600,Eléctrico,AT,145,coches.net,furgoneta
Iveco,Daily,35000,2022.0,54100,Electrico,manual,90,coches.net,furgoneta
Maxus,Deliver 9,16200,2018.0,169000,Electrico,manual,150,coches.net,furgoneta
Hyundai,H350,20400,2023.0,41900,Hibrido,MANUAL,131,coches.net,furgoneta
Mercedes-Benz,Vito,16300,2019.0,118400,Gasoil,manual,120,coches.net,furgoneta
Ford,Transit Connect,13900,2020.0,124700,Diésel,M6,120,coches.net,furgoneta
Peugeot,Partner,25700,2020.0,137800,GASOLINA,Manual,110,coches.net,furgoneta
Fiat,Doblo Cargo,27700,2023.0,46300,gasoil,Manual,95,coches.net,furgoneta
Opel,Vivaro,23800,2022.0,70200 km,Gasoil,Manual,185,coches.net,furgoneta
Ford,Transit,27600,2024.0,28800,DIESEL,MANUAL,105,coches.net,furgoneta
Citroën,Jumper,18700,2022.0,60700,Gasoil,AT,140,coches.net,furgoneta
Hyundai,H350,17400,2022.0,70100,gasoil,Automático,136,coches.net,furgoneta
Volkswagen,Transporter,31100,2022.0,70600,diesel,M6,150,coches.net,furgoneta
Renault,Master,24300,2023.0,49700,GASOLINA,M6,140,coches.net,furgoneta
Volkswagen,Crafter,25600,2021.0,100400,Diesel,Automático,140,coches.net,furgoneta
Toyota,Proace,19500,2019.0,146100,Diesel,M6,120,coches.net,furgoneta
Citroën,Jumper,17100,2021.0,106400,DIESEL,manual,145,coches.net,furgoneta
,,18200,2018.0,207500,Hybrid,MANUAL,95,coches.net,furgoneta
Opel,Vivaro,18600,2018.0,250900 km,Híbrido,M,180,coches.net,furgoneta
Renault,Master,20900,2024.0,24100,Diésel,automático,185,coches.net,furgoneta
Volkswagen,Crafter,17400,2019.0,134100,Gasoil,M6,135,coches.net,furgoneta
Mercedes-Benz,Sprinter,24300,2023.0,43400,DIESEL,Automática,90,coches.net,furgoneta
Ford,Transit Connect,,2020.0,131700,Diesel,manual,95,coches.net,furgoneta
Peugeot,Boxer,20100,,,GASOLINA,M6,135,coches.net,furgoneta
Ford,Transit,27900,2022.0,83700,DIESEL,M6,155,coches.net,furgoneta
Opel,Vivaro,28800,2023.0,43800 km,Diésel,M,115,coches.net,furgoneta
Ford,Transit,30000,2023.0,28000,Diesel,M,135,coches.net,furgoneta
Volkswagen,Crafter,28000,2024.0,32400,DIESEL,AT,140,coches.net,furgoneta
Mercedes-Benz,Vito,23800,2022.0,55400,DIESEL,Automático,75,coches.net,furgoneta
Renault,Master,27300,2023.0,42800,Gasoil,manual,145,coches.net,furgoneta
Renault,Kangoo,17800,2016.0,264100,Electrico,M,80,coches.net,furgoneta
Fiat,Scudo,15600,2018.0,213500,Diesel,M,120,coches.net,furgoneta
Nissan,Primastar,"25800,00",2023.0,35600,Diesel,M,109,coches.net,furgoneta
MAN,TGE,18100,2018.0,185600,Gasoil,automático,145,coches.net,furgoneta
Iveco,Daily,24200,2018.0,240400,Diesel,manual,110,coches.net,furgoneta
Peugeot,Partner,11700,2022.0,50500,Gasoil,M,105,coches.net,furgoneta
Renault,Trafic,19100,2022.0,84700,gasoil,manual,145,coches.net,furgoneta
Opel,Movano,25600,2023.0,39800,GASOLINA,M6,110,coches.net,furgoneta
Renault,Trafic,30800,2024.0,,Gasolina,M,90,coches.net,furgoneta
Volkswagen,Transporter,27300,2020.0,146000,GLP,DSG,150,coches.net,furgoneta
Maxus,EV80,26200,2019.0,168300,,Automático,115,coches.net,furgoneta
Opel,Vivaro,14300,2020.0,90800,DIESEL,Manual,115,coches.net,furgoneta
Opel,Combo,16900,2022.0,70200,Diesel,automático,110,coches.net,furgoneta
Ford,Transit Courier,34600,2024.0,26800,gasolina,M6,100,coches.net,furgoneta
Ford,Transit Connect,13200,2018.0,219700,gasoil,manual,125,coches.net,furgoneta
Volkswagen,Crafter,37200,2024.0,19700,gasolina,manual,177,coches.net,furgoneta
Opel,Vivaro,"18100,00",2021.0,90500,Gasolina,MANUAL,175,coches.net,furgoneta
Opel,Combo,32000,24.0,21600,diesel,Manual,100,coches.net,furgoneta
Maxus,EV80,16100,2021.0,86200,Eléctrico (BEV),M6,120,coches.net,furgoneta
Opel,Combo,19500,2019.0,96500,diesel,,105CV,coches.net,furgoneta
Citroën,Jumpy,24500,2018.0,149800,Eléctrico (BEV),M6,100,coches.net,furgoneta
Peugeot,Expert,11500,2022.0,66500,DIESEL,Manual,115,coches.net,furgoneta
Iveco,Daily,21800,2020.0,155500,DIESEL,Manual,110,coches.net,furgoneta
Iveco,Daily,20200,2020.0,103700,DIESEL,M,130,coches.net,furgoneta
Fiat,Scudo,14600,2019.0,220000,Diesel,Manual,150,coches.net,furgoneta
MAN,TGE,31400,2022.0,75000,Diesel,MANUAL,102,coches.net,furgoneta
Mercedes-Benz,Sprinter,39500,2023.0,68200,gasoil,manual,102,coches.net,furgoneta
Ford,Transit Courier,29100,21.0,78700,Gasolina,M,95,coches.net,furgoneta
Peugeot,Boxer,32300,2023.0,53800,Gasoil,MANUAL,135,coches.net,furgoneta
Opel,Combo,,2020.0,90900,Híbrido,M6,105,coches.net,furgoneta
Renault,Trafic,21800,2023.0,32800,Hybrid,manual,90,coches.net,furgoneta
Iveco,Daily,18700,2020.0,155800km,Gasoil,Manual,100,coches.net,furgoneta
Opel,Combo,28300,2024.0,21000,DIESEL,M6,100 CV,coches.net,furgoneta
Volkswagen,Transporter,31500,2023.0,39600,Diésel,manual,107,coches.net,furgoneta
Peugeot,Boxer,26400,2024.0,23700,Gasoil,M6,165,coches.net,furgoneta
Mercedes-Benz,Sprinter,28500,,,Electrico,manual,90,coches.net,furgoneta
Mercedes-Benz,Vito,30700,2021.0,100300,Diésel,M,150,coches.net,furgoneta
Volkswagen,Caddy,17400,2017.0,171400,gasoil,MANUAL,75,coches.net,furgoneta
Maxus,EV80,26200,,,EV,Manual,115,coches.net,furgoneta
Peugeot,Boxer,20200,2022.0,82000km,Diésel,manual,145,coches.net,furgoneta
Ford,Transit,32700,2024.0,22200,Electric,M6,105,coches.net,furgoneta
Ford,Transit Connect,,,,DIESEL,M6,125,coches.net,furgoneta
Ford,Transit Courier,27400 €,2024.0,21700,GASOLINA,M,100,coches.net,furgoneta
Ford,Transit Connect,7500,2016.0,272000,Diésel,MANUAL,120,coches.net,furgoneta
Ford,Transit Courier,11200,16.0,242000,Eléctrico (BEV),MANUAL,80,coches.net,furgoneta
Citroën,Berlingo,21500,2024.0,29600,Gasoil,Manual,95,coches.net,furgoneta
Ford,Transit Connect,20800,2022.0,65000,GLP,M6,95,coches.net,furgoneta
Toyota,Proace City,29900,2023.0,,Eléctrico (BEV),Manual,100,coches.net,furgoneta
Ford,Transit Connect,,2022.0,66600,gasoil,manual,120,coches.net,furgoneta
Peugeot,Partner,26200,2019.0,152200 km,EV,M,131,coches.net,furgoneta
Toyota,Proace,29900,2022.0,76900,Electric,Manual,131,coches.net,furgoneta
Peugeot,Expert,12900,2020.0,136900,Híbrido,M6,100,coches.net,furgoneta
Nissan,Primastar,8700,,,diesel,M6,114,coches.net,furgoneta
Ford,Transit Connect,29400,2021.0,96000,gasoil,M6,80,coches.net,furgoneta
Renault,Master,34900,2024.0,17700,Electric,M,110,coches.net,furgoneta
Peugeot,Boxer,24700,2023.0,46700,DIESEL,MANUAL,160,coches.net,furgoneta
Ford,Transit Connect,15800,2015.0,302700,Diésel,Manual,125,coches.net,furgoneta
Volkswagen,Caddy,20300,2022.0,92700,Gasolina,MANUAL,119,coches.net,furgoneta
MAN,TGE,32000,2023.0,49400,Diesel,MANUAL,140,coches.net,furgoneta
Toyota,Proace City,42600,2024.0,21800,Electric,manual,,coches.net,furgoneta
Toyota,Proace City,22800,2024.0,18900,Diésel,Manual,110,coches.net,furgoneta
Toyota,Proace,22900,2022.0,45900,Diesel,M,120,coches.net,furgoneta
Iveco,Daily,24000,2020.0,84600,DIESEL,DSG,102,coches.net,furgoneta
Volkswagen,Caddy,29100,2023.0,56000,gasoil,M,75,coches.net,furgoneta
Renault,Kangoo,8000,2018.0,195300,Eléctrico,M6,95,coches.net,furgoneta
MAN,TGE,14900,2019.0,153400,Diésel,MANUAL,97 CV,coches.net,furgoneta
Nissan,NV200,19000,2021.0,93400,DIESEL,Auto,115,coches.net,furgoneta
Ford,Transit Connect,28900,2023.0,47000,Diésel,manual,80,coches.net,furgoneta
Nissan,NV300,8000,2019.0,191600,DIESEL,MANUAL,100CV,coches.net,furgoneta
Ford,Transit Connect,17700,2018.0,142700,Gasoil,manual,75,coches.net,furgoneta
Fiat,Doblo Cargo,13500,2019.0,146000,Diesel,Manual,105,coches.net,furgoneta
Toyota,Proace,11500 €,2017.0,174100,diesel,manual,150,coches.net,furgoneta
Ford,Transit,23100,2021.0,128100,diesel,M,170,coches.net,furgoneta
Citroën,Berlingo,11900,2016.0,258700,gasoil,M,100,coches.net,furgoneta
Opel,Combo,9300,2018.0,130300,DIESEL,automático,110,coches.net,furgoneta
Nissan,Primastar,20800,2019.0,206200,Gasoil,MANUAL,114,coches.net,furgoneta
Volkswagen,Caddy,25700,2021.0,90800,Diésel,M,75,coches.net,furgoneta
Citroën,Jumper,18200,2020.0,137500,Gasoil,manual,130,coches.net,furgoneta
Iveco,Daily,38200,2024.0,23700,Gasoil,manual,90,coches.net,furgoneta
Volkswagen,Transporter,20800,2020.0,168200,gasoil,,199,coches.net,furgoneta
MAN,TGE,15000,2016.0,206800,diesel,MANUAL,140,coches.net,furgoneta
Opel,Combo,18600,2022.0,66100,GLP,manual,110,coches.net,furgoneta
Citroën,Jumper,7700,2020.0,93500,GLP,Manual,,coches.net,furgoneta
Toyota,Proace,"10700,00",2015.0,302100,EV,M,136,coches.net,furgoneta
Iveco,Daily,27100,2020.0,119700,Gasoil,manual,140,coches.net,furgoneta
Volkswagen,Crafter,24700,2021.0,91200km,DIESEL,DSG,,coches.net,furgoneta
Ford,Transit Courier,16900,2021.0,97700,Diesel,Automático,75,coches.net,furgoneta
Mercedes-Benz,Sprinter,32100,2020.0,136200,Diésel,manual,150,coches.net,furgoneta
Peugeot,Expert,26000,2023.0,37300,Diésel,M6,145,coches.net,furgoneta
Ford,Transit,23200,2022.0,62800,DIESEL,Manual,170,coches.net,furgoneta
Mercedes-Benz,Citan,24800,2022.0,60300,GASOLINA,Manual,120,coches.net,furgoneta
Opel,Vivaro,29600,2024.0,12000km,Diesel,Automático,120,coches.net,furgoneta
Renault,Master,12500,2017.0,240300,diesel,M,180,coches.net,furgoneta
Renault,Kangoo,26800,2024.0,24300,Diésel,Manual,75,coches.net,furgoneta
Fiat,Doblo Cargo,21300,2023.0,48600,Diesel,M,90,coches.net,furgoneta
Iveco,Daily,27900,2021.0,86400,gasoil,M,100CV,coches.net,furgoneta
MAN,TGE,10900,2018.0,137600,gasoil,MANUAL,140,coches.net,furgoneta
Ford,Transit Connect,20600,2023.0,30000,Diesel,Manual,75 CV,coches.net,furgoneta
Mercedes-Benz,Citan,21400,2022.0,74200,Gasoil,M6,110,coches.net,furgoneta
Ford,Transit Courier,23200,2023.0,55200,Autogás,MANUAL,80,coches.net,furgoneta
Iveco,Daily,,2021.0,121600,DIESEL,Auto,90,coches.net,furgoneta
Mercedes-Benz,Sprinter,21600,2018.0,190600,gasoil,MANUAL,110,coches.net,furgoneta
Nissan,Primastar,37000,2024.0,19700,EV,M,114,coches.net,furgoneta
Renault,Kangoo,21300,2020.0,121200,EV,automático,95,coches.net,furgoneta
Opel,Movano,19500,2020.0,100700,Diésel,automático,110,coches.net,furgoneta
Volkswagen,Caddy,16400,2020.0,131200,gasoil,Manual,102,coches.net,furgoneta
Mercedes-Benz,Sprinter,10500,2016.0,235800,DIESEL,automático,130,coches.net,furgoneta
,Partner,23000,2024.0,20700,gasolina,MANUAL,115,coches.net,furgoneta
Citroën,Jumper,21400,2023.0,61000,Diésel,M6,145,coches.net,furgoneta
Mercedes-Benz,Citan,27800,2022.0,70500,DIESEL,M,110,coches.net,furgoneta
Peugeot,Partner,12900,2017.0,151200,DIESEL,M6,95,coches.net,furgoneta
MAN,TGE,21800,2022.0,73300 km,Diesel,M6,102,coches.net,furgoneta
Renault,Kangoo,,2023.0,44300,gasoil,Auto,75,coches.net,furgoneta
Mercedes-Benz,Citan,26300,2020.0,103500,Diésel,Manual,75,coches.net,furgoneta
Peugeot,Expert,17900,2021.0,103800,diesel,M,115,coches.net,furgoneta
Mercedes-Benz,Vito,42800,2024.0,18800,Eléctrico (BEV),Manual,102,coches.net,furgoneta
Volkswagen,Transporter,28400,2024.0,31100,Diesel,M,97,coches.net,furgoneta
Renault,Master,21000,2021.0,94200,Gasolina,M6,130,coches.net,furgoneta
Ford,Transit Courier,16700,2018.0,183100,gasolina,automático,100,coches.net,furgoneta
Volkswagen,Transporter,27200,2024.0,16900,Gasoil,Manual,199,coches.net,furgoneta
Mercedes-Benz,Sprinter,36300,2024.0,20700,diesel,M6,130,coches.net,furgoneta
Peugeot,Partner,24900,2021.0,79200,Eléctrico,MANUAL,136,coches.net,furgoneta
Renault,Kangoo,30600,2021.0,82600,Electrico,M6,85,coches.net,furgoneta
Opel,Combo,11700,2017.0,213000,Gasoil,M,110,coches.net,furgoneta
Ford,Transit Connect,29300,23.0,54900,gasoil,AT,125,coches.net,furgoneta
Mercedes-Benz,Citan,12900,2017.0,231000,Diesel,Manual,140,coches.net,furgoneta
Ford,Transit Courier,26100,2022.0,59000,Electric,M,70,coches.net,furgoneta
Opel,Vivaro,10400,2015.0,238800,Eléctrico,Manual,180 CV,coches.net,furgoneta
Citroën,Jumpy,24300,2024.0,28500 km,GNC,M6,100,coches.net,furgoneta
Nissan,Primastar,29200,2022.0,81000,Gasoil,MANUAL,109,coches.net,furgoneta
Fiat,Doblo Cargo,27600,2020.0,158100,Diésel,manual,90,coches.net,furgoneta
Ford,Transit,19100,2021.0,97000,diesel,automático,125,coches.net,furgoneta
Fiat,Scudo,20300,2019.0,197400,Eléctrico,M,120CV,coches.net,furgoneta
Citroën,Berlingo,21900,2024.0,17800,Gasolina,Manual,105,coches.net,furgoneta
Iveco,Daily,30400,2024.0,18600,Diesel,MANUAL,120,coches.net,furgoneta
Hyundai,H350,12700,2019.0,135200,MHEV,manual,170,coches.net,furgoneta
Volkswagen,Caddy,27900,2023.0,51900,Diésel,MANUAL,80 CV,coches.net,furgoneta
Opel,Combo,9400,2019.0,178700 km,diesel,M,105,coches.net,furgoneta
Ford,Transit Connect,28900,2018.0,211700,Eléctrico (BEV),M6,115,coches.net,furgoneta
Renault,Master,7800,2022.0,86200,diesel,,135,coches.net,furgoneta
Renault,Trafic,30200,23.0,35400,Gasoil,Manual,155,coches.net,furgoneta
Mercedes-Benz,Sprinter,39900,2024.0,16500,diesel,manual,100,coches.net,furgoneta
Opel,Movano,13700,2015.0,278500,,Auto,163,coches.net,furgoneta
Renault,Master,23200,2021.0,84400 km,Gasoil,Automático,135,coches.net,furgoneta
Renault,Kangoo,20700,2018.0,206900,GLP/Gasolina,automático,80,coches.net,furgoneta
Hyundai,H350,36000,2024.0,22200,CNG,Manual,136,coches.net,furgoneta
Iveco,Daily,23500,2019.0,174700,CNG,Automática,110,coches.net,furgoneta
Volkswagen,Caddy,24800,2022.0,64500,gasolina,Automática,75,coches.net,furgoneta
Nissan,NV400,29900,2024.0,21900,gasoil,Manual,115,coches.net,furgoneta
Opel,Movano,14100,2022.0,81100 km,Gasoil,manual,163CV,coches.net,furgoneta
Fiat,Scudo,26600,2024.0,18100,gasolina,M,140,coches.net,furgoneta
Opel,Vivaro,27800,2023.0,38600,gasoil,Manual,125,coches.net,furgoneta
Ford,Transit,21500,2022.0,84500,Diésel,manual,105,coches.net,furgoneta
Opel,Vivaro,29100,2023.0,45800,Electric,M6,180,coches.net,furgoneta
Iveco,Daily,22500,2024.0,20700,Gasoil,Manual,120,coches.net,furgoneta
Opel,Combo,24800,2024.0,17900,gasolina,DSG,100,coches.net,furgoneta
Hyundai,Staria,13600,2018.0,163600,Diésel,manual,182,coches.net,furgoneta
Peugeot,Partner,7500,2016.0,244900,Gasolina,M6,110,coches.net,furgoneta
Renault,Trafic,30300,2022.0,72000,DIESEL,M6,85,coches.net,furgoneta
Volkswagen,Transporter,28600 €,2022.0,57500,Diésel,automático,110,coches.net,furgoneta
Fiat,Scudo,26300,2022.0,74700,,Manual,145,coches.net,furgoneta
Peugeot,Expert,10800,2020.0,132100,Diesel,Automático,150,coches.net,furgoneta
Ford,Transit Courier,,2021.0,129000,gasolina,MANUAL,100,coches.net,furgoneta
Iveco,Daily,14900,2020.0,180000,,manual,100,coches.net,furgoneta
Renault,Master,15200,2021.0,107800km,gasoil,Automático,110,coches.net,furgoneta
Renault,Master,19700,2021.0,91700,Diesel,Auto,135,coches.net,furgoneta
MAN,TGE,12800,2022.0,82400,diesel,Auto,140,coches.net,furgoneta
Renault,Kangoo,28900,2020.0,,Electrico,M,95,coches.net,furgoneta
Ford,Transit Connect,14600,2023.0,54500,Gasoil,M6,105,coches.net,furgoneta
Renault,Master,24800,2023.0,50200,Gasolina,Automático,110,coches.net,furgoneta
Toyota,Proace City,19800,2017.0,198700,Diesel,MANUAL,105,coches.net,furgoneta
Citroën,Berlingo,27000,2022.0,72400,GASOLINA,Manual,105,coches.net,furgoneta
Peugeot,Boxer,22500,2019.0,107200,Diésel,M6,130,coches.net,furgoneta
Peugeot,Partner,16900,2020.0,122200,Eléctrico (BEV),M6,141CV,coches.net,furgoneta
Citroën,Jumper,33700,2024.0,22900,EV,M6,130,coches.net,furgoneta
Hyundai,Staria,24300,2024.0,25600,,manual,177,coches.net,furgoneta
Mercedes-Benz,Sprinter,30700,2021.0,92600,,DSG,130,coches.net,furgoneta
Peugeot,Boxer,7500,2017.0,277900,diesel,Automático,135,coches.net,furgoneta
Toyota,,23000,2024.0,22900,Gasoil,automático,115,coches.net,furgoneta
Renault,Kangoo,16600,2020.0,174700,gasolina,DSG,75,coches.net,furgoneta
Mercedes-Benz,Sprinter,16900,2020.0,138600,Gasoil,Manual,100,coches.net,furgoneta
Hyundai,Staria,31500,2023.0,45400,Gasoil,Automática,182,coches.net,furgoneta
Ford,,22800,2022.0,51000,Diésel,Manual,155,coches.net,furgoneta
Volkswagen,Transporter,13800,2021.0,73500,GASOLINA,DSG,150,coches.net,furgoneta
Peugeot,Boxer,21100,2022.0,64500,Hybrid,AT,160,coches.net,furgoneta
Ford,Transit,31800,2024.0,19600,DIESEL,manual,170,coches.net,furgoneta
Iveco,Daily,24500,2020.0,115200,Gas Natural,M,100,coches.net,furgoneta
Mercedes-Benz,Sprinter,32400,2022.0,77200,diesel,M,120,coches.net,furgoneta
Mercedes-Benz,Sprinter,29100 €,2022.0,67600,MHEV,manual,75,coches.net,furgoneta
Toyota,Proace,51200,2023.0,45000,Electric,MANUAL,136,coches.net,furgoneta
Peugeot,Expert,22000,2023.0,32300,diesel,M,105,coches.net,furgoneta
Citroën,Berlingo,21000,2021.0,108500,Diesel,M,100,coches.net,furgoneta
Maxus,EV80,12300,2016.0,258300,EV,manual,125,coches.net,furgoneta
Volkswagen,Caddy,16600,2017.0,215500,GASOLINA,Manual,114,coches.net,furgoneta
Volkswagen,Transporter,28600,2022.0,67100,EV,Auto,,coches.net,furgoneta
Citroën,Berlingo,30200,2023.0,47500,Electrico,M,141,coches.net,furgoneta
Mercedes-Benz,Vito,25600,2021.0,88400,,manual,102,coches.net,furgoneta
Renault,Kangoo,26300,2022.0,78900,Eléctrico (BEV),M6,,coches.net,furgoneta
Citroën,Jumpy,22800,2022.0,69500,gasoil,Manual,120,coches.net,furgoneta
Peugeot,Boxer,19100,2024.0,23200,gasoil,M,140,coches.net,furgoneta
Ford,,8800,2018.0,154100,gasoil,M,130,coches.net,furgoneta
Toyota,Proace,31300,2022.0,64200,gasoil,MANUAL,155,coches.net,furgoneta
Iveco,Daily,22400,2018.0,183800,DIESEL,MANUAL,110 CV,coches.net,furgoneta
Hyundai,H350,28300,2023.0,40100,CNG,manual,131,coches.net,furgoneta
Volkswagen,Caddy,24800,2021.0,104900,EV,MANUAL,70,coches.net,furgoneta
Fiat,Doblo Cargo,11100,2019.0,138200,Gasoil,M6,110,coches.net,furgoneta
Nissan,NV400,19000,2023.0,72200,Gasoil,Automática,150,coches.net,furgoneta
Renault,Master,24400,2021.0,68800,CNG,AT,145,coches.net,furgoneta
Renault,Master,14600,2022.0,70600,GLP/Gasolina,manual,135,coches.net,furgoneta
Peugeot,Boxer,24100,2021.0,75900,GLP/Gasolina,Manual,155,coches.net,furgoneta
Opel,Vivaro,23500,2023.0,40100,MHEV,M6,100,coches.net,furgoneta
Fiat,Scudo,29000,2023.0,46500,Electric,,,coches.net,furgoneta
Ford,Transit Connect,14600,2020.0,108600,Diésel,manual,75,coches.net,furgoneta
Peugeot,Expert,31800,2023.0,61300,Gasoil,M6,100,coches.net,furgoneta
Ford,Transit,13100,2018.0,198100,gasoil,automático,155,coches.net,furgoneta
Nissan,NV200,17300,2018.0,196500,Diésel,M6,110,coches.net,furgoneta
Renault,Master,13200,2020.0,113700,Diesel,Manual,150,coches.net,furgoneta
Nissan,Primastar,12300,2015.0,380000,GASOLINA,MANUAL,119,coches.net,furgoneta
Volkswagen,Transporter,31500,2023.0,38100,diesel,Automático,97,coches.net,furgoneta
Peugeot,Boxer,10000,2018.0,196800km,Diesel,M6,130,coches.net,furgoneta
Nissan,Primastar,12600,2022.0,73300,DIESEL,MANUAL,119,coches.net,furgoneta
Peugeot,Expert,17400,2020.0,135800,Hybrid,M6,95,coches.net,furgoneta
Volkswagen,Crafter,23100,2019.0,169100,diesel,MANUAL,177,coches.net,furgoneta
Citroën,Jumpy,26200,2021.0,85800,Autogás,MANUAL,150,coches.net,furgoneta
Nissan,Primastar,17100,2022.0,52800,Diésel,,114,coches.net,furgoneta
Nissan,NV200,7800,2019.0,153700,DIESEL,M,,coches.net,furgoneta
Fiat,Doblo Cargo,26.000,2020.0,126200,diesel,manual,105 CV,coches.net,furgoneta
Renault,Trafic,21700,2020.0,128500,Diésel,MANUAL,90,coches.net,furgoneta
Citroën,Jumpy,25700 €,2022.0,71500,,MANUAL,105,coches.net,furgoneta
Ford,Transit,15800,2016.0,233700,DIESEL,AT,105,coches.net,furgoneta
Mercedes-Benz,Citan,29900,2020.0,122200,DIESEL,manual,110,coches.net,furgoneta
Iveco,Daily,27400,2020.0,133800,DIESEL,Manual,130,coches.net,furgoneta
Volkswagen,Crafter,24800,2022.0,78400,gasoil,MANUAL,97,coches.net,furgoneta
Iveco,Daily,32700,2024.0,18500,gasoil,M6,110 CV,coches.net,furgoneta
Iveco,Daily,23800,2021.0,109200,Diésel,M,130,coches.net,furgoneta
Renault,Trafic,22500,2022.0,46400,Hibrido,Manual,150,coches.net,furgoneta
Volkswagen,Transporter,18200,2020.0,,gasoil,MANUAL,102,coches.net,furgoneta
Mercedes-Benz,Citan,29900 €,2021.0,86300,GLP,M6,130,coches.net,furgoneta
Volkswagen,Caddy,21900,2022.0,58100,,MANUAL,102,coches.net,furgoneta
Ford,Transit Connect,20300,2020.0,109300,gasoil,Auto,120,coches.net,furgoneta
Citroën,Jumper,15500,2023.0,41300,Diesel,M,130 CV,coches.net,furgoneta
Opel,Combo,23600,2023.0,47300,MHEV,Manual,100,coches.net,furgoneta
Ford,Transit Connect,17200,2021.0,74700,MHEV,Automática,105,coches.net,furgoneta
Opel,Combo,23100,2023.0,37600,gasoil,MANUAL,100,coches.net,furgoneta
Mercedes-Benz,Vito,42700,2023.0,39200,diesel,M,140,coches.net,furgoneta
Iveco,Daily,24800,2024.0,21200,GASOLINA,Manual,110,coches.net,furgoneta
Renault,Kangoo,22900,2021.0,91100,Diesel,M6,75,coches.net,furgoneta
Renault,Kangoo,19500,2021.0,101300,GASOLINA,M6,75,coches.net,furgoneta
Renault,Kangoo,13100,2021.0,72600,Electric,MANUAL,90,coches.net,furgoneta
Iveco,Daily,11400,2015.0,278600,Gasoil,Automático,75,coches.net,furgoneta
Citroën,Jumper,20600,2024.0,19600,Diesel,AT,130,coches.net,furgoneta
Renault,Kangoo,20500,2019.0,167400,gasoil,M6,100,coches.net,furgoneta
Peugeot,Expert,16100,17.0,148200,Gasoil,AT,150,coches.net,furgoneta
Citroën,Berlingo,17600,2018.0,216700,Eléctrico,M6,131,coches.net,furgoneta
Renault,Trafic,11900,2023.0,51700,Híbrido,MANUAL,120,coches.net,furgoneta
Hyundai,Staria,11000,2023.0,47700,diesel,Manual,177,coches.net,furgoneta
Peugeot,Partner,35500,2020.0,145200,,Auto,141,coches.net,furgoneta
Iveco,Daily,23200,2024.0,17400,CNG,MANUAL,75,coches.net,furgoneta
Renault,Master,21800,2023.0,40500,Gasoil,Automático,145,coches.net,furgoneta
Maxus,Deliver 9,26400,2024.0,26100,EV,MANUAL,120,coches.net,furgoneta
Renault,Trafic,7500,15.0,281700,GASOLINA,MANUAL,150,coches.net,furgoneta
Iveco,Daily,29800,2024.0,19600,Diésel,MANUAL,120,coches.net,furgoneta
Mercedes-Benz,Sprinter,30700,2023.0,43600,Electrico,Manual,102,coches.net,furgoneta
Opel,Movano,18500,2020.0,180000,Diesel,Automático,145,coches.net,furgoneta
Citroën,Jumpy,23700 €,2021.0,110500,diesel,Manual,150,coches.net,furgoneta
Volkswagen,Caddy,10600,2021.0,99000,Diesel,M,102,coches.net,furgoneta
Renault,Master,,2022.0,69800,DIESEL,M,180,coches.net,furgoneta
Citroën,Jumpy,23600,2021.0,125900,MHEV,M,150,coches.net,furgoneta
Volkswagen,Transporter,18600,2019.0,112000,Diesel,M,105,coches.net,furgoneta
,Master,27300,2023.0,48300,Diésel,Auto,185,coches.net,furgoneta
Volkswagen,Crafter,18500,2016.0,231700 km,DIESEL,M,102,coches.net,furgoneta
Mercedes-Benz,Sprinter,13100,2020.0,134300,gasolina,automático,102,coches.net,furgoneta
Volkswagen,Transporter,31000,2020.0,132600,Hibrido,AT,110,coches.net,furgoneta
Citroën,Jumper,12500,2018.0,200600,Gasolina,M6,130,coches.net,furgoneta
Renault,Trafic,25200,2024.0,13600,gasoil,M6,155,coches.net,furgoneta
Renault,Trafic,7500,2016.0,241500,Gasoil,M,120,coches.net,furgoneta
Iveco,Daily,23800,2021.0,97800,Diésel,Manual,75,coches.net,furgoneta
Fiat,Doblo Cargo,22300,2022.0,65300,Diesel,MANUAL,105,coches.net,furgoneta
Nissan,NV200,16900,2019.0,199700,DIESEL,Manual,110,coches.net,furgoneta
Fiat,Ducato,28400,2023.0,36700,Gasoil,M6,160,coches.net,furgoneta
Iveco,Daily,26400,2022.0,69500,diesel,M6,102,coches.net,furgoneta
Opel,Movano,19000,2021.0,84500,Gasoil,DSG,140,coches.net,furgoneta
Toyota,Proace,42700,2024.0,21000,EV,MANUAL,131,coches.net,furgoneta
Citroën,Berlingo,,2020.0,132200,Eléctrico,Manual,136,coches.net,furgoneta
Ford,Transit Connect,26500,2021.0,89600 km,DIESEL,Manual,120,coches.net,furgoneta
Renault,Trafic,13300,2019.0,191700,Diésel,M,120,coches.net,furgoneta
MAN,TGE,51100,2024.0,16400,Electrico,M6,140,coches.net,furgoneta
Mercedes-Benz,Vito,27200,2022.0,65900,Diesel,Automática,150,coches.net,furgoneta
Peugeot,Boxer,27300,2024.0,20900,gasolina,M,130,coches.net,furgoneta
Peugeot,Partner,23000,2021.0,134600,EV,Manual,131,coches.net,furgoneta
Citroën,Jumper,11700,2017.0,211800,Gasolina,manual,135,coches.net,furgoneta
Nissan,Primastar,24600,2022.0,52800,gasoil,MANUAL,119,coches.net,furgoneta
Toyota,Proace City,40000,2021.0,94600,Electrico,DSG,100CV,coches.net,furgoneta
Fiat,Doblo Cargo,25500,2023.0,54000,diesel,manual,85,coches.net,furgoneta
Citroën,Jumpy,31600,2023.0,46100,Diesel,manual,105,coches.net,furgoneta
Volkswagen,Transporter,22700,2022.0,76000,GASOLINA,M,97,coches.net,furgoneta
Opel,Movano,22000,2021.0,104200 km,DIESEL,Auto,145,coches.net,furgoneta
Volkswagen,Crafter,"32700,00",2020.0,144400,diesel,manual,102,coches.net,furgoneta
MAN,TGE,31400,2024.0,24700,DIESEL,M,135,coches.net,furgoneta
Mercedes-Benz,Vito,30900,2020.0,129900,Diesel,MANUAL,100,coches.net,furgoneta
Renault,Trafic,19200,19.0,190000,Diésel,M,150,coches.net,furgoneta
Fiat,Scudo,28700,2024.0,19900,DIESEL,manual,150,coches.net,furgoneta
Peugeot,Boxer,26800 €,2022.0,85500,Gasoil,automático,140,coches.net,furgoneta
Fiat,Doblo Cargo,12700,2016.0,221100,DIESEL,manual,,coches.net,furgoneta
Renault,Kangoo,24000,2023.0,26300,gasoil,M,95,coches.net,furgoneta
Renault,Kangoo,24900,2023.0,55600,diesel,M,100,coches.net,furgoneta
Mercedes-Benz,Sprinter,27900,2021.0,97100,Diesel,AT,75,coches.net,furgoneta
Mercedes-Benz,Vito,24100,2023.0,54600,diesel,M,140,coches.net,furgoneta
MAN,TGE,31100,2022.0,91900,MHEV,M6,102,coches.net,furgoneta
Peugeot,Boxer,16900,2022.0,34800,gasoil,Manual,125,coches.net,furgoneta
Opel,Movano,11700,2016.0,147500,diesel,manual,105,coches.net,furgoneta
Renault,Kangoo,22300,2022.0,52300,gasolina,M6,95,coches.net,furgoneta
Opel,Vivaro,22900,2020.0,105000,Gasoil,manual,95,coches.net,furgoneta
Renault,Master,14800,2023.0,54700,DIESEL,M6,180,coches.net,furgoneta
Toyota,Proace City,20300,2018.0,205400,GASOLINA,Manual,110,coches.net,furgoneta
Ford,Transit,35300,2023.0,49200,Electrico,manual,105,coches.net,furgoneta
Mercedes-Benz,Citan,38700,2021.0,108600,Gasoil,Auto,100 CV,coches.net,furgoneta
Iveco,Daily,20600,2021.0,94200,,AT,75,coches.net,furgoneta
Renault,Kangoo,27800,2024.0,9600,MHEV,M6,90,coches.net,furgoneta
Peugeot,Partner,33500,2024.0,11700,GASOLINA,Manual,105,coches.net,furgoneta
Ford,Transit,24200,2021.0,91300,EV,M6,125,coches.net,furgoneta
Mercedes-Benz,Vito,28500,2021.0,101600,Diésel,Auto,75,coches.net,furgoneta
Opel,Combo,21500,2022.0,79800,Diésel,Automático,110,coches.net,furgoneta
Peugeot,Boxer,13900,2022.0,50100,Híbrido,,130,coches.net,furgoneta
Peugeot,Expert,30400,2023.0,53400km,Hibrido,manual,145,coches.net,furgoneta
Peugeot,Expert,11800,2016.0,210200,Diésel,manual,120,coches.net,furgoneta
Hyundai,H350,26800,2023.0,49200,Gasoil,M6,136,coches.net,furgoneta
Renault,Kangoo,17200,2021.0,90500,Hybrid,AT,100,coches.net,furgoneta
Peugeot,Boxer,20500,,,Diesel,M6,145,coches.net,furgoneta
MAN,TGE,31100,2022.0,40400,Gasoil,manual,97,coches.net,furgoneta
Volkswagen,Caddy,22000,2020.0,131300,diesel,M6,102,coches.net,furgoneta
Ford,Transit Connect,22200,2022.0,70500,Gasolina,Manual,100,coches.net,furgoneta
Mercedes-Benz,Vito,27100,2019.0,212800,DIESEL,M,120,coches.net,furgoneta
Ford,Transit Courier,33800,2024.0,25400,GASOLINA,Manual,100,coches.net,furgoneta
Citroën,Jumper,12500,,,Diésel,MANUAL,155,coches.net,furgoneta
Toyota,Proace City,22900,2021.0,116400,Gasolina,manual,110,coches.net,furgoneta
Mercedes-Benz,Sprinter,37600,2023.0,33500,Híbrido,M6,120,coches.net,furgoneta
Ford,Transit Courier,32500,2024.0,19200,gasolina,MANUAL,95,coches.net,furgoneta
Ford,Transit Courier,15200,2020.0,157000,diesel,M6,75,coches.net,furgoneta
Peugeot,Expert,24600,2024.0,28000,Diesel,M,105,coches.net,furgoneta
Renault,Trafic,25200 €,2020.0,167600 km,EV,,90,coches.net,furgoneta
Peugeot,Partner,14400,2023.0,,Gasolina,M,110,coches.net,furgoneta
Mercedes-Benz,Citan,29700,2023.0,42000,Diésel,Auto,90,coches.net,furgoneta
Citroën,Berlingo,17700,2022.0,63400,GASOLINA,automático,110,coches.net,furgoneta
Renault,Kangoo,23900,2023.0,51300,Diesel,M6,95,coches.net,furgoneta
Peugeot,Boxer,11800,2016.0,316600,MHEV,,165,coches.net,furgoneta
Volkswagen,Transporter,21100,2022.0,,Diésel,M6,204,coches.net,furgoneta
Citroën,Jumper,11600,2015.0,293300,gasoil,,140,coches.net,furgoneta
Fiat,Doblo Cargo,17700,2020.0,72600,Autogás,M,105,coches.net,furgoneta
Citroën,Jumpy,20200,2024.0,22300,GASOLINA,M,125,coches.net,furgoneta
MAN,TGE,28900,2021.0,74600,DIESEL,M,140,coches.net,furgoneta
Citroën,Berlingo,16700,2023.0,47700,gasolina,M,110,coches.net,furgoneta
Toyota,Proace City,19000,2019.0,147700,DIESEL,Manual,110,coches.net,furgoneta
Volkswagen,Crafter,14800,2020.0,142200,diesel,M,97,coches.net,furgoneta
Renault,Trafic,15400,2022.0,77700,diesel,manual,150,coches.net,furgoneta
Renault,Trafic,16500,2021.0,95100,Gas Natural,M,150,coches.net,furgoneta
Ford,Transit Connect,25800,2023.0,55500,Gasoil,AT,95,coches.net,furgoneta
Volkswagen,Caddy,23800,2023.0,46500,Gasoil,manual,107,coches.net,furgoneta
Fiat,Scudo,8200,2015.0,288100,CNG,Manual,120,coches.net,furgoneta
Maxus,Deliver 9,30500,2024.0,26800,Gasoil,,150,coches.net,furgoneta
Nissan,NV300,18700,2022.0,90700,diesel,M6,120,coches.net,furgoneta
Renault,Kangoo,27600,2021.0,73300 km,Diésel,M,95,coches.net,furgoneta
Ford,Transit,23900,2019.0,215900 km,Electrico,AT,135,coches.net,furgoneta
Hyundai,H350,30500,2024.0,19800,gasoil,Manual,170,coches.net,furgoneta
Ford,Transit,23800,2021.0,86600,MHEV,MANUAL,130,coches.net,furgoneta
Peugeot,Partner,24000,2023.0,55200,Diésel,M6,100,coches.net,furgoneta
Renault,Master,27400,2024.0,21900,Eléctrico (BEV),manual,130,coches.net,furgoneta
Fiat,Doblo Cargo,27000,2023.0,44400,DIESEL,automático,90,coches.net,furgoneta
Peugeot,Expert,17400 €,2017.0,217200,diesel,manual,150,coches.net,furgoneta
Renault,Master,22900,2023.0,41100km,Gasoil,MANUAL,135,coches.net,furgoneta
Mercedes-Benz,Vito,21700,2021.0,105200,Diesel,M6,150,coches.net,furgoneta
Mercedes-Benz,Citan,29800,2022.0,80400,Electrico,M,110,coches.net,furgoneta
Ford,Transit,15000,2019.0,160000,DIESEL,M6,105,coches.net,furgoneta
Volkswagen,Crafter,31200,2023.0,35100,,M,102 CV,coches.net,furgoneta
Citroën,Jumper,11500,2016.0,296300,DIESEL,Automática,140,coches.net,furgoneta
Renault,Trafic,25100,,,diesel,MANUAL,120,coches.net,furgoneta
Citroën,Jumper,22800,2020.0,123500,diesel,Manual,140,coches.net,furgoneta
Ford,Transit Connect,22300,2016.0,174600,gasoil,M6,105,coches.net,furgoneta
MAN,TGE,20600,2019.0,141600,Diésel,M,135,coches.net,furgoneta
Volkswagen,Transporter,21600,2022.0,88700,gasoil,manual,105,coches.net,furgoneta
Mercedes-Benz,Sprinter,30200,2023.0,44100,GLP/Gasolina,MANUAL,110 CV,coches.net,furgoneta
MAN,TGE,25900,2023.0,39900,Diésel,Manual,102,coches.net,furgoneta
Citroën,Jumper,14700,2017.0,300000,Diésel,manual,160,coches.net,furgoneta
Renault,Kangoo,18900,2023.0,52900km,Diesel,Manual,100,coches.net,furgoneta
Maxus,EV80,35900,2024.0,24600,Eléctrico (BEV),MANUAL,115,coches.net,furgoneta
Fiat,Ducato,12300,2018.0,150400,Diésel,M6,130,coches.net,furgoneta
Citroën,Jumper,11000,2018.0,198200,Eléctrico (BEV),M,140,coches.net,furgoneta
Hyundai,Staria,29600,2023.0,51100,MHEV,M,177,coches.net,furgoneta
Iveco,Daily,22000,2022.0,84800,gasoil,M,120,coches.net,furgoneta
Volkswagen,Transporter,27200,2021.0,73600,Diésel,M6,209,coches.net,furgoneta
Renault,Trafic,16700,2020.0,108300,DIESEL,M,150,coches.net,furgoneta
Opel,Combo,18400,2021.0,88800,diesel,MANUAL,100,coches.net,furgoneta
Nissan,NV400,21500,2022.0,64900,diesel,Manual,145,coches.net,furgoneta
Volkswagen,Transporter,17400,2016.0,226800,DIESEL,M6,199,coches.net,furgoneta
Toyota,Proace,10900,2020.0,91300,Gasoil,manual,145,coches.net,furgoneta
Renault,Master,,2018.0,156400,gasoil,M,110,coches.net,furgoneta
Peugeot,Expert,25700,2022.0,58800,Híbrido,Automática,150,coches.net,furgoneta
Hyundai,H350,7600,2017.0,276000,GNC,Manual,141,coches.net,furgoneta
Nissan,NV400,27200,2022.0,80800,gasoil,manual,140,coches.net,furgoneta
Volkswagen,Transporter,30000,2022.0,81600,GASOLINA,M,150,coches.net,furgoneta
Ford,Transit,27400 €,2023.0,34400,Diésel,manual,130,coches.net,furgoneta
Nissan,Primastar,"13100,00",2020.0,116200 km,Gasoil,M6,119,coches.net,furgoneta
Mercedes-Benz,Citan,"30600,00",2024.0,12700,MHEV,M6,75,coches.net,furgoneta
Fiat,Ducato,23000,2021.0,143200,Hibrido,M,155,coches.net,furgoneta
Ford,Transit Courier,"12700,00",2020.0,112200,GASOLINA,automático,95,coches.net,furgoneta
Iveco,Daily,25000,2022.0,59500 km,Diésel,Manual,102,coches.net,furgoneta
Opel,Movano,22400,2023.0,40000,Diésel,Manual,150,coches.net,furgoneta
Opel,Vivaro,"25700,00",2021.0,90000,Eléctrico (BEV),Manual,100,coches.net,furgoneta
Mercedes-Benz,Vito,11800,2018.0,175900,Diésel,AT,100,coches.net,furgoneta
Citroën,Berlingo,24200,2023.0,62200,Electric,M6,100,coches.net,furgoneta
Renault,Master,26900,2021.0,90500,Eléctrico,M6,185,coches.net,furgoneta
Fiat,Ducato,11200,2017.0,210800,Gasoil,MANUAL,130,coches.net,furgoneta
Ford,Transit Connect,23700,2021.0,82200,gasoil,manual,120,coches.net,furgoneta
Citroën,Jumper,32000,2024.0,8900,Hybrid,MANUAL,140,coches.net,furgoneta
Opel,Combo,17300,2021.0,120700,Diésel,Manual,100,coches.net,furgoneta
Peugeot,Expert,20000,2023.0,53600,gasoil,MANUAL,100,coches.net,furgoneta
Citroën,Jumpy,27400,2023.0,37700,EV,M6,150,coches.net,furgoneta
Peugeot,Expert,19500,2020.0,146400,gasoil,Automático,95,coches.net,furgoneta
Renault,Kangoo,22200,2019.0,187300,DIESEL,manual,95,coches.net,furgoneta
Renault,Trafic,28500,2024.0,21200,Diésel,M,120,coches.net,furgoneta
Opel,Movano,21600,,,Diésel,Manual,145,coches.net,furgoneta
Peugeot,Expert,,2024.0,22200,Diésel,Manual,100,coches.net,furgoneta
Fiat,Scudo,27400,2024.0,27000,DIESEL,automático,145,coches.net,furgoneta
Peugeot,Boxer,36600,2024.0,,DIESEL,automático,,coches.net,furgoneta
Hyundai,H350,19400,2021.0,106500,Diesel,MANUAL,175,coches.net,furgoneta
Mercedes-Benz,Vito,27900,2019.0,146600,EV,M6,130,coches.net,furgoneta
Nissan,NV200,13300,2019.0,204900,Autogás,MANUAL,110 CV,coches.net,furgoneta
Mercedes-Benz,Sprinter,26100,2018.0,148700,Gasoil,MANUAL,150,coches.net,furgoneta
Citroën,Jumpy,13000,2022.0,68800,Gasoil,MANUAL,120,coches.net,furgoneta
Peugeot,Boxer,16100,2021.0,94200,diesel,MANUAL,140,coches.net,furgoneta
Opel,Vivaro,26500,2022.0,53800,gasolina,M6,95,coches.net,furgoneta
Volkswagen,Caddy,28600,2023.0,,gasoil,Automático,102,coches.net,furgoneta
Ford,Transit Courier,7500,2017.0,211700,diesel,MANUAL,75,coches.net,furgoneta
Hyundai,H350,34900,2024.0,33600,Gasolina,MANUAL,136,coches.net,furgoneta
Renault,Kangoo,32400,2024.0,24200,gasoil,AT,100,coches.net,furgoneta
Citroën,Jumper,32600,2023.0,40700,Electric,manual,155,coches.net,furgoneta
Toyota,Proace City,33500,2023.0,41700,diesel,Manual,110,coches.net,furgoneta
Peugeot,Expert,16500,2022.0,50100,Gasoil,M,,coches.net,furgoneta
Volkswagen,Transporter,30800,2021.0,61900,Hybrid,M6,110,coches.net,furgoneta
Iveco,Daily,30000,2024.0,15000,DIESEL,manual,140 CV,coches.net,furgoneta
Toyota,Proace City,24300,2022.0,78000,gasoil,MANUAL,105,coches.net,furgoneta
Toyota,Proace,25800,2023.0,47900,diesel,Automático,145,coches.net,furgoneta
Mercedes-Benz,Vito,13500,2020.0,95500,Autogás,Manual,130,coches.net,furgoneta
Volkswagen,Crafter,25600,2023.0,54500,Diesel,Manual,145,coches.net,furgoneta
Peugeot,Boxer,20900 €,2024.0,24500,Diésel,M6,160,coches.net,furgoneta
Peugeot,Boxer,7500,2021.0,103700,Electrico,M6,160,coches.net,furgoneta
Renault,Trafic,14600,2018.0,148800,DIESEL,Manual,95,coches.net,furgoneta
Volkswagen,Caddy,27900,2024.0,21500,Gasolina,manual,80CV,coches.net,furgoneta
Renault,Trafic,29600,2022.0,80500,Hibrido,M6,120,coches.net,furgoneta
Opel,Combo,18800 €,2020.0,110400,Gasoil,Manual,100,coches.net,furgoneta
Opel,Movano,13100,2017.0,,GLP/Gasolina,Automático,,coches.net,furgoneta
Fiat,Ducato,25200,2022.0,94300,EV,MANUAL,127,coches.net,furgoneta
Nissan,NV400,17500,2016.0,223700,Eléctrico,manual,110,coches.net,furgoneta
Ford,Transit,23600,2021.0,121400,diesel,M,170,coches.net,furgoneta
Toyota,Proace City,19600,2020.0,77100,Híbrido,MANUAL,110,coches.net,furgoneta
Iveco,Daily,31900,2022.0,94700,Diésel,DSG,75,coches.net,furgoneta
Mercedes-Benz,Citan,29500,2021.0,76300,DIESEL,manual,102,coches.net,furgoneta
Citroën,Berlingo,13900,2021.0,89100,Diesel,Manual,105,coches.net,furgoneta
MAN,TGE,24500,2021.0,102600 km,Hybrid,MANUAL,102,coches.net,furgoneta
Iveco,Daily,25400 €,2017.0,203900,Diésel,MANUAL,130,coches.net,furgoneta
Ford,Transit Connect,18700,2022.0,67900,Diesel,Manual,100,coches.net,furgoneta
Ford,Transit Connect,7500,2016.0,296000,gasoil,M6,105,coches.net,furgoneta
MAN,TGE,35400,2023.0,36000,Diésel,MANUAL,97,coches.net,furgoneta
Opel,Combo,15800,2018.0,219400,Hibrido,MANUAL,95,coches.net,furgoneta
Volkswagen,Caddy,24800,2023.0,54400,DIESEL,manual,75,coches.net,furgoneta
Ford,Transit Connect,23500,2021.0,113600,Diesel,M,80,coches.net,furgoneta
Citroën,Jumper,18200,2022.0,63800,DIESEL,M,125,coches.net,furgoneta
Peugeot,Partner,17500,2019.0,197400,Gasolina,M6,110,coches.net,furgoneta
Mercedes-Benz,Sprinter,33300,2023.0,55700,Híbrido,manual,102,coches.net,furgoneta
Peugeot,Expert,15100,2019.0,99700,diesel,M,150,coches.net,furgoneta
Ford,Transit Connect,25700,2023.0,46100,Gasoil,MANUAL,75,coches.net,furgoneta
Citroën,Jumpy,30100,2024.0,27900,gasoil,Automático,105,coches.net,furgoneta
Mercedes-Benz,Vito,29600,2021.0,95300,gasoil,M6,110,coches.net,furgoneta
Renault,Trafic,26400,2022.0,70600,Gasoil,manual,90,coches.net,furgoneta
MAN,TGE,33400,2021.0,74100,Diésel,Manual,102,coches.net,furgoneta
Volkswagen,Crafter,28100,2022.0,59700,GNC,Manual,102,coches.net,furgoneta
Mercedes-Benz,Citan,36400,2023.0,27800,diesel,M,120,coches.net,furgoneta
Opel,Movano,17300,2020.0,147000,Diésel,manual,140CV,coches.net,furgoneta
Fiat,Ducato,24700,2022.0,87600,Diésel,Manual,122,coches.net,furgoneta
Ford,Transit,31900,2020.0,90600,Híbrido,M6,170,coches.net,furgoneta
Citroën,Jumpy,19800,2023.0,58100 km,Gasoil,MANUAL,115,coches.net,furgoneta
Mercedes-Benz,Citan,16100,2017.0,257900,MHEV,,100,coches.net,furgoneta
Ford,Transit Connect,33500,2023.0,51500,Diésel,Automática,75,coches.net,furgoneta
Fiat,Doblo Cargo,14200,2019.0,132800,Hibrido,MANUAL,105,coches.net,furgoneta
Fiat,Doblo Cargo,28500,2024.0,15200,Diesel,Manual,110,coches.net,furgoneta
Citroën,Jumper,20200,2021.0,105900,Diésel,M,160,coches.net,furgoneta
Toyota,Proace,20500,2022.0,63300,gasoil,M6,115,coches.net,furgoneta
Volkswagen,Crafter,25000,2022.0,77200km,Diesel,manual,177,coches.net,furgoneta
Mercedes-Benz,Vito,28500,2023.0,64400,diesel,M,100,coches.net,furgoneta
Volkswagen,Crafter,15700,2017.0,240300,diesel,M,145,coches.net,furgoneta
Volkswagen,Transporter,16100,2019.0,141100,gasoil,MANUAL,110,coches.net,furgoneta
Peugeot,Expert,20600,23.0,66500,DIESEL,Auto,150,coches.net,furgoneta
Mercedes-Benz,Sprinter,45400,,,diesel,M,102,coches.net,furgoneta
Mercedes-Benz,Citan,33500,,,Diesel,manual,100,coches.net,furgoneta
Renault,Trafic,19800,23.0,45300,Diesel,Auto,90,coches.net,furgoneta
Fiat,Scudo,21800,2024.0,27400,Diesel,Automático,120,coches.net,furgoneta
MAN,TGE,45800,2024.0,21400,Eléctrico,M6,135,coches.net,furgoneta
Volkswagen,Caddy,19200,2018.0,179400,Eléctrico,M,75,coches.net,furgoneta
Citroën,Jumper,9200,2020.0,60000,gasoil,M,160,coches.net,furgoneta
Mercedes-Benz,Citan,12700,2016.0,322100,GASOLINA,manual,102,coches.net,furgoneta
Renault,Trafic,22000,2019.0,133500,DIESEL,AT,90,coches.net,furgoneta
Opel,Combo,31500,2021.0,103300,gasoil,Automática,105,coches.net,furgoneta
Volkswagen,Transporter,21100 €,2023.0,42900,diesel,M,155,coches.net,furgoneta
Renault,Trafic,11800,2017.0,300000,diesel,AT,150CV,coches.net,furgoneta
Peugeot,Boxer,30100,2024.0,17200,Diésel,Manual,125,coches.net,furgoneta
MAN,TGE,17400,2021.0,103800,Gasoil,Automática,135,coches.net,furgoneta
Iveco,Daily,38200,2024.0,16400,Diesel,Manual,130,coches.net,furgoneta
Renault,Trafic,7500,2021.0,107600,Gas Natural,Automático,85,coches.net,furgoneta
Citroën,Berlingo,12800,2019.0,153100,DIESEL,AT,100,coches.net,furgoneta
Ford,Transit Courier,12100,2016.0,227200,EV,M6,75,coches.net,furgoneta
Citroën,Jumpy,19700,2018.0,164200,Diésel,M6,120,coches.net,furgoneta
Opel,Movano,26100,2023.0,48900,DIESEL,M,110,coches.net,furgoneta
Volkswagen,Caddy,20500,2019.0,154300,Gasoil,manual,75,coches.net,furgoneta
MAN,TGE,17700,2020.0,106400,DIESEL,M6,102,coches.net,furgoneta
Renault,Kangoo,30300,2024.0,23400,diesel,manual,80,coches.net,furgoneta
Fiat,Doblo Cargo,20600,2021.0,101900,DIESEL,MANUAL,90 CV,coches.net,furgoneta
Nissan,NV200,20600,2022.0,45000,gasoil,manual,90,coches.net,furgoneta
Toyota,Proace,16800,2020.0,171700,Híbrido,M6,155,coches.net,furgoneta
Volkswagen,Crafter,35700,2024.0,19300,Diesel,AT,102,coches.net,furgoneta
Fiat,Ducato,13000,2021.0,143300,Diésel,Auto,135,coches.net,furgoneta
Volkswagen,Transporter,14300,2017.0,151900,Diesel,DSG,110,coches.net,furgoneta
Ford,Transit Connect,17300,2017.0,194500,Híbrido,M6,120,coches.net,furgoneta
Peugeot,Boxer,20400,2022.0,56700,Gasoil,manual,135,coches.net,furgoneta
Fiat,Ducato,26600,2023.0,44000,GASOLINA,MANUAL,130CV,coches.net,furgoneta
Iveco,Daily,12500,2018.0,141400,CNG,Automático,100,coches.net,furgoneta
Ford,Transit,21300,2019.0,183000,EV,AT,130,coches.net,furgoneta
Ford,Transit Courier,19000,2023.0,43300,Gasoil,Manual,75 CV,coches.net,furgoneta
Fiat,Scudo,18000,2022.0,65200,gasoil,Manual,125,coches.net,furgoneta
Iveco,Daily,24400,23.0,40100,Diésel,AT,100,coches.net,furgoneta
Toyota,Proace,30400,2021.0,91400,EV,Manual,141,coches.net,furgoneta
Ford,Transit Courier,,2019.0,162500,Gasolina,M,105,coches.net,furgoneta
MAN,TGE,28200,2022.0,91900 km,Diesel,Manual,102,coches.net,furgoneta
Nissan,Primastar,20200,2021.0,90300,diesel,Automático,119,coches.net,furgoneta
Fiat,Doblo Cargo,14500,2022.0,80400,DIESEL,M6,85,coches.net,furgoneta
Hyundai,H350,"20000,00",2020.0,137100,diesel,M,136,coches.net,furgoneta
Mercedes-Benz,Vito,20500,2018.0,193900,Diesel,manual,90,coches.net,furgoneta
Ford,Transit Courier,27300,2023.0,63800,,MANUAL,75,coches.net,furgoneta
Opel,Movano,7500,2018.0,156200,Autogás,M,163,coches.net,furgoneta
Maxus,EV80,19300,2023.0,52800,Electric,M6,120,coches.net,furgoneta
Volkswagen,Crafter,21400,2022.0,89000,Gasoil,M6,177,coches.net,furgoneta
Renault,Kangoo,19400,2021.0,84600,DIESEL,manual,75,coches.net,furgoneta
Renault,Trafic,10200,2018.0,228500,GASOLINA,Manual,150,coches.net,furgoneta
Fiat,Scudo,23600,2021.0,86100,Diesel,M,120,coches.net,furgoneta
Ford,Transit,7800,2018.0,260000,gasoil,M,155,coches.net,furgoneta
Volkswagen,Caddy,35900,2022.0,59400,gasoil,Auto,97,coches.net,furgoneta
Renault,Master,18000,2021.0,91800km,Electric,M6,,coches.net,furgoneta
Ford,Transit,24700,2021.0,88700,Gasoil,Manual,155,coches.net,furgoneta
Ford,Transit Courier,23000,2022.0,75600,DIESEL,Manual,,coches.net,furgoneta
Peugeot,Partner,29200,2022.0,68400,EV,,136,coches.net,furgoneta
Iveco,Daily,19800,2020.0,136700,Gasoil,M,90,coches.net,furgoneta
Fiat,Scudo,22600 €,2023.0,40000,GLP/Gasolina,manual,150,coches.net,furgoneta
Peugeot,Partner,,2022.0,64200,Gasolina,Manual,110,coches.net,furgoneta
Toyota,Proace,32900,2024.0,20800,DIESEL,manual,155,coches.net,furgoneta
Renault,Trafic,12800,2016.0,332200,EV,M6,150,coches.net,furgoneta
Citroën,Jumpy,31400,2024.0,27900,GASOLINA,Manual,120,coches.net,furgoneta
Toyota,Proace,,2023.0,45300,Eléctrico,AT,115,coches.net,furgoneta
Renault,Master,37300,2023.0,42400,gasoil,Manual,115,coches.net,furgoneta
Volkswagen,Crafter,24800,2022.0,64200,gasolina,MANUAL,182,coches.net,furgoneta
Citroën,Jumper,32200,2024.0,23100,GNC,manual,135,coches.net,furgoneta
Renault,Trafic,22400,2021.0,83100,Diesel,M6,120,coches.net,furgoneta
Mercedes-Benz,Vito,35600,2020.0,90600,diesel,M6,102,coches.net,furgoneta
Mercedes-Benz,Sprinter,26400,2022.0,45300,gasoil,MANUAL,130,coches.net,furgoneta
Peugeot,Boxer,22400,2022.0,61000 km,Diesel,M,145,coches.net,furgoneta
Ford,Transit,25300,2021.0,101700,Hibrido,manual,105,coches.net,furgoneta
Ford,Transit,33000,2024.0,17900,,MANUAL,130,coches.net,furgoneta
Peugeot,Partner,14200,2018.0,229100,GNC,automático,100,coches.net,furgoneta
Toyota,Proace,27800,2023.0,61300,Eléctrico (BEV),manual,136,coches.net,furgoneta
Nissan,NV200,28700,23.0,48000,Eléctrico (BEV),M,105,coches.net,furgoneta
,Vito,27000,2022.0,73900 km,Gasoil,M,100,coches.net,furgoneta
Mercedes-Benz,Citan,25900,2020.0,136000,Gasolina,M,120,coches.net,furgoneta
Volkswagen,Caddy,12600,2019.0,144500,Diesel,M,75,coches.net,furgoneta
Iveco,Daily,28300,2023.0,44700,Autogás,AT,120,coches.net,furgoneta
Volkswagen,Transporter,30900,,,GASOLINA,M,145,coches.net,furgoneta
Ford,Transit,10100,2020.0,121200,Diesel,M6,155,coches.net,furgoneta
Peugeot,Partner,,2021.0,89300,Eléctrico,manual,136,coches.net,furgoneta
Ford,Transit Connect,37300,2024.0,24300,Diesel,manual,100,coches.net,furgoneta
Mercedes-Benz,Sprinter,29900,2020.0,115800,diesel,MANUAL,75,coches.net,furgoneta
Iveco,Daily,25000,2020.0,122600,Electrico,M,100,coches.net,furgoneta
Nissan,NV200,17200,2021.0,94500,Diesel,manual,90,coches.net,furgoneta
Citroën,Berlingo,22700,2024.0,29400,Gasolina,manual,105,coches.net,furgoneta
Volkswagen,Crafter,20300,2018.0,,DIESEL,Auto,182 CV,coches.net,furgoneta
Fiat,,14700,2019.0,195900,diesel,Manual,150,coches.net,furgoneta
Ford,Transit Connect,,2020.0,113500,Diésel,M,100,coches.net,furgoneta
Volkswagen,Transporter,22200,2023.0,45000,Diésel,M6,110,coches.net,furgoneta
Citroën,Jumpy,29500,2023.0,37600,Eléctrico,MANUAL,155,coches.net,furgoneta
Renault,Trafic,21400,2021.0,89500,diesel,manual,150,coches.net,furgoneta
Ford,Transit,13300,2016.0,292900,diesel,MANUAL,155,coches.net,furgoneta
Peugeot,Boxer,24500,2023.0,58300,gasolina,M6,,coches.net,furgoneta
Toyota,Proace City,32100,2022.0,84900,Diesel,M,105,coches.net,furgoneta
Volkswagen,Crafter,21900,2021.0,83400,diesel,M,102,coches.net,furgoneta
Hyundai,Staria,29800,2024.0,27300,diesel,Manual,177,coches.net,furgoneta
Citroën,Jumpy,,2023.0,34000,Diesel,M,155,coches.net,furgoneta
Iveco,Daily,23800,2019.0,86600,Eléctrico,AT,140,coches.net,furgoneta
Renault,Master,21400,2021.0,92400,EV,automático,135,coches.net,furgoneta
Volkswagen,Caddy,35800,2024.0,24900,Diésel,Manual,75,coches.net,furgoneta
Ford,Transit,29800,2022.0,50900,Gasoil,manual,100,coches.net,furgoneta
Citroën,Jumper,16600,2023.0,45200,MHEV,M,140,coches.net,furgoneta
Toyota,Proace,40400,2021.0,96500,Eléctrico,MANUAL,141,coches.net,furgoneta
Toyota,Proace,30900,2022.0,64200,EV,M6,131,coches.net,furgoneta
MAN,TGE,33000,2022.0,77500,gasoil,M6,140,coches.net,furgoneta
Nissan,NV300,25200,23.0,33800,Diesel,Manual,115,coches.net,furgoneta
Renault,Trafic,,2024.0,21500,gasoil,,115,coches.net,furgoneta
Iveco,Daily,17300,,,gasoil,M,130,coches.net,furgoneta
Ford,Transit Connect,20900,,,Diesel,manual,70,coches.net,furgoneta
Volkswagen,Caddy,16200,2016.0,227300,gasoil,M,102,coches.net,furgoneta
Mercedes-Benz,Citan,25800,2024.0,16700,gasoil,M,90,coches.net,furgoneta
Renault,Trafic,,2018.0,193200,Eléctrico,M6,95,coches.net,furgoneta
Peugeot,Boxer,23200,2021.0,96900,Gasoil,manual,160,coches.net,furgoneta
Renault,Master,22900,2023.0,45300,DIESEL,manual,110,coches.net,furgoneta
Iveco,Daily,25900,2021.0,100900,Autogás,Manual,120,coches.net,furgoneta
Ford,Transit,24600,2022.0,90100,DIESEL,manual,135,coches.net,furgoneta
Volkswagen,Transporter,29200,2020.0,155700,diesel,M6,209,coches.net,furgoneta
Hyundai,Staria,26100,2024.0,19600,Diesel,MANUAL,172,coches.net,furgoneta
Volkswagen,Crafter,22400,,,Autogás,M6,140,coches.net,furgoneta
Mercedes-Benz,Sprinter,41900,2023.0,50500,Diesel,manual,75,coches.net,furgoneta
Volkswagen,Caddy,22900,2023.0,57700,Gasoil,Manual,75,coches.net,furgoneta
Ford,Transit,25600,2024.0,,Electric,manual,110CV,coches.net,furgoneta
Ford,Transit Connect,34900,2024.0,21500,Híbrido,M,95,coches.net,furgoneta
Iveco,Daily,22700,2023.0,41800km,Diésel,M6,130,coches.net,furgoneta
Citroën,Jumpy,26300,2019.0,160900,Hybrid,M6,105,coches.net,furgoneta
Ford,Transit,12200,2021.0,93900,diesel,MANUAL,125,coches.net,furgoneta
Ford,Transit Connect,12200,2016.0,296100,DIESEL,M6,75 CV,coches.net,furgoneta
Citroën,Jumper,18200,2021.0,115000,Diesel,Auto,130,coches.net,furgoneta
Mercedes-Benz,Vito,20800,2019.0,119600,Diésel,Manual,75,coches.net,furgoneta
Fiat,Scudo,18300,2017.0,216000,gasoil,manual,125,coches.net,furgoneta
Citroën,Jumper,23500,2024.0,18800,Diesel,DSG,130,coches.net,furgoneta
Maxus,Deliver 9,16200,2021.0,94900,Gasoil,MANUAL,150,coches.net,furgoneta
Opel,Vivaro,25000,2022.0,76700,Electric,M6,120,coches.net,furgoneta
Ford,Transit Courier,29300,2024.0,23200,diesel,manual,75,coches.net,furgoneta
Mercedes-Benz,Vito,33200,2018.0,144200,,M,130,coches.net,furgoneta
Peugeot,Expert,16300,2023.0,44400,DIESEL,Manual,145,coches.net,furgoneta
Opel,Vivaro,9400,2016.0,308400,Gasoil,MANUAL,175,coches.net,furgoneta
Opel,Combo,20200,,,Gasoil,manual,105,coches.net,furgoneta
Ford,Transit Courier,31000,2023.0,40600,Híbrido,M,70,coches.net,furgoneta
Peugeot,Expert,21400,2021.0,103600,Gasoil,manual,100,coches.net,furgoneta
Iveco,Daily,33700,2023.0,44800,gasoil,Automático,90CV,coches.net,furgoneta
Mercedes-Benz,Citan,24900,2021.0,112300,Electric,manual,150,coches.net,furgoneta
Renault,Master,24600,2022.0,57600,Diesel,Manual,,coches.net,furgoneta
Volkswagen,Caddy,16500,2017.0,174900,GASOLINA,Manual,119,coches.net,furgoneta
Fiat,Scudo,21400,2024.0,26000,Gasolina,automático,145,coches.net,furgoneta
Citroën,Berlingo,13400 €,2022.0,72000,Gasolina,automático,110,coches.net,furgoneta
Iveco,Daily,12200,2018.0,159200,Diésel,manual,120,coches.net,furgoneta
Volkswagen,Transporter,27800,2020.0,130200 km,Hibrido,DSG,115,coches.net,furgoneta
Citroën,Jumpy,17200,2020.0,97300,Diesel,AT,105,coches.net,furgoneta
Peugeot,Partner,27000,2022.0,52200,GASOLINA,Automático,115,coches.net,furgoneta
Peugeot,Expert,26900,2021.0,86900,MHEV,MANUAL,100,coches.net,furgoneta
Hyundai,Staria,32000 €,2023.0,55100,Diesel,manual,177,coches.net,furgoneta
Ford,Transit Connect,28800,2024.0,25200,Diésel,manual,95,coches.net,furgoneta
Nissan,Primastar,17800,2022.0,50900,gasoil,M,119,coches.net,furgoneta
Peugeot,Boxer,,2018.0,227800,Eléctrico (BEV),automático,130,coches.net,furgoneta
Ford,Transit Courier,29100,2024.0,22800,GLP/Gasolina,MANUAL,70,coches.net,furgoneta
Renault,Trafic,17900,2019.0,149300,Gasolina,M,125,coches.net,furgoneta
Mercedes-Benz,Citan,28400,2022.0,,DIESEL,DSG,102,coches.net,furgoneta
Citroën,Berlingo,11400,2020.0,139800,diesel,M,100,coches.net,furgoneta
Citroën,Jumpy,14800,2021.0,61200,gasoil,manual,125,coches.net,furgoneta
Citroën,Berlingo,7500,2016.0,214200,Autogás,Auto,100,coches.net,furgoneta
Mercedes-Benz,Vito,,2020.0,87500,Gasolina,DSG,75,coches.net,furgoneta
Iveco,Daily,12500,2017.0,252000,Diesel,M,140,coches.net,furgoneta
Peugeot,Partner,39500,2022.0,79900,Eléctrico (BEV),MANUAL,136,coches.net,furgoneta
Nissan,NV400,21100,2022.0,71500,GASOLINA,manual,,coches.net,furgoneta
Opel,Combo,19900,2019.0,149800,gasoil,manual,105,coches.net,furgoneta
Volkswagen,Transporter,27500,2018.0,250300,Diesel,Manual,,coches.net,furgoneta
Nissan,Primastar,28500,2024.0,21000,Gas Natural,M6,109,coches.net,furgoneta
Mercedes-Benz,Sprinter,24300,2023.0,50600,Diésel,MANUAL,110,coches.net,furgoneta
Volkswagen,Crafter,24300,2017.0,239900,EV,M,97,coches.net,furgoneta
Mercedes-Benz,Vito,45000,2023.0,52200,Electrico,DSG,150,coches.net,furgoneta
Citroën,Berlingo,19400,2022.0,79500,Electric,Manual,136,coches.net,furgoneta
Renault,Kangoo,25400,2021.0,76900,Electric,MANUAL,90,coches.net,furgoneta
Mercedes-Benz,Sprinter,25300,2021.0,99400,Diésel,M,102,coches.net,furgoneta
Ford,Transit Connect,12500,2016.0,311200,gasoil,manual,115,coches.net,furgoneta
Toyota,Proace,31900,2024.0,16700,gasoil,AT,150,coches.net,furgoneta
Renault,Kangoo,15400,2019.0,137400,Diesel,manual,75,coches.net,furgoneta
Renault,Trafic,24400,2023.0,44700,Diésel,manual,150,coches.net,furgoneta
MAN,TGE,24400 €,2019.0,121000,Diésel,M6,145,coches.net,furgoneta
Opel,Movano,"37000,00",2024.0,13100,Diesel,Manual,163,coches.net,furgoneta
Nissan,Primastar,28600,2023.0,39600,Gasoil,Auto,119,coches.net,furgoneta
Toyota,Proace City,17900,2023.0,38100 km,gasolina,Manual,95,coches.net,furgoneta
MAN,TGE,18200,2020.0,98400,Diesel,AT,140,coches.net,furgoneta
Iveco,Daily,24400,2022.0,62000,Gasoil,MANUAL,130,coches.net,furgoneta
Citroën,Jumper,26200,2024.0,10200,Gasoil,manual,160,coches.net,furgoneta
Nissan,Primastar,35900,2024.0,15500,Electric,automático,114,coches.net,furgoneta
Renault,Master,31000,2024.0,16600,Híbrido,Manual,110CV,coches.net,furgoneta
Volkswagen,Crafter,14300,2017.0,233600,gasoil,Manual,140,coches.net,furgoneta
Ford,Transit,21400,2021.0,92000,DIESEL,M,105,coches.net,furgoneta
Fiat,Ducato,8200,,,Diesel,M6,127,coches.net,furgoneta
Mercedes-Benz,Sprinter,37000,2023.0,40800,Gasoil,M,100,coches.net,furgoneta
Peugeot,Expert,15000,2019.0,123900,GLP,M,115,coches.net,furgoneta
Mercedes-Benz,Vito,25100,2018.0,151000,Diesel,MANUAL,90,coches.net,furgoneta
Mercedes-Benz,Sprinter,12900,2018.0,174100,Electric,,100,coches.net,furgoneta
Fiat,Scudo,20600,2023.0,35500,GASOLINA,Manual,115,coches.net,furgoneta
Iveco,Daily,33400 €,2022.0,77400,gasoil,MANUAL,140,coches.net,furgoneta
Toyota,Proace,23600,2019.0,206600,gasoil,MANUAL,115,coches.net,furgoneta
Renault,Trafic,7500,2019.0,148500,DIESEL,M,120,coches.net,furgoneta
Ford,Transit Connect,21500,2023.0,46700,Diésel,automático,120,coches.net,furgoneta
Renault,Trafic,17000,2021.0,120100,DIESEL,,120,coches.net,furgoneta
Ford,Transit,14900,2019.0,94000,gasoil,M,170,coches.net,furgoneta
Opel,Vivaro,22800,2023.0,,Diesel,Manual,180,coches.net,furgoneta
Peugeot,Boxer,17500,2021.0,77900,Gasoil,Automática,140CV,coches.net,furgoneta
Mercedes-Benz,Citan,27500,2021.0,89000,DIESEL,MANUAL,150CV,coches.net,furgoneta
Renault,Kangoo,28900,2024.0,16700,Autogás,M,80,coches.net,furgoneta
Nissan,NV200,15600,2020.0,163700,diesel,Auto,,coches.net,furgoneta
Nissan,Primastar,21200 €,2023.0,48000,gasoil,MANUAL,114,coches.net,furgoneta
Mercedes-Benz,Sprinter,35400,2024.0,25300 km,GLP/Gasolina,M6,150,coches.net,furgoneta
Fiat,Scudo,23500,2022.0,74000,Gasoil,M6,120,coches.net,furgoneta
Volkswagen,Caddy,"34700,00",2023.0,38400,gasolina,automático,119,coches.net,furgoneta
Iveco,Daily,22300,2019.0,196200,Diésel,M6,140,coches.net,furgoneta
Citroën,Berlingo,25200 €,2019.0,172700 km,Electric,Automática,136,coches.net,furgoneta
Ford,Transit Connect,28500,2023.0,45500,gasoil,M6,75,coches.net,furgoneta
Peugeot,Expert,11100,2017.0,238100,Diésel,M6,95,coches.net,furgoneta
Nissan,NV200,31300,2023.0,41300,gasoil,Manual,85 CV,coches.net,furgoneta
Fiat,Scudo,25100,2023.0,42400 km,Diésel,Manual,120,coches.net,furgoneta
Opel,Movano,14700,2020.0,129000,Diesel,M,158,coches.net,furgoneta
Mercedes-Benz,Vito,29000,2023.0,51000,Hybrid,M,150,coches.net,furgoneta
Peugeot,Partner,35700,2023.0,55200,EV,,131,coches.net,furgoneta
Peugeot,Expert,33800,,,Eléctrico (BEV),manual,120,coches.net,furgoneta
Fiat,Ducato,26000,2024.0,18300,gasoil,Automático,130,coches.net,furgoneta
Volkswagen,Crafter,,2019.0,151500,gasoil,M,140,coches.net,furgoneta
Toyota,Proace,28100,2018.0,166700,Diésel,,145,coches.net,furgoneta
Opel,Vivaro,27800,2020.0,146000,Electrico,MANUAL,100,coches.net,furgoneta
Toyota,Proace,27000,2023.0,49200,Diésel,M,145,coches.net,furgoneta
Opel,Combo,18800,2019.0,151700,diesel,M,100,coches.net,furgoneta
Volkswagen,Caddy,18400,2019.0,175200,Diesel,Manual,102,coches.net,furgoneta
Opel,Combo,13600,2021.0,53400,,M6,105,coches.net,furgoneta
Iveco,Daily,16000,2020.0,135600km,Gasoil,AT,90,coches.net,furgoneta
Citroën,Jumpy,19200,2020.0,130500,Diesel,M6,120,coches.net,furgoneta
Iveco,Daily,,2021.0,75600,Gasolina,manual,140,coches.net,furgoneta
Opel,Movano,24800,2024.0,25700,GASOLINA,DSG,163,coches.net,furgoneta
Renault,Trafic,26800,2023.0,46500,Diesel,manual,90,coches.net,furgoneta
Renault,Trafic,19500,2023.0,38400,Híbrido,manual,150,coches.net,furgoneta
Peugeot,Partner,22600,2023.0,52900,GLP/Gasolina,AT,100,coches.net,furgoneta
Renault,Trafic,24900,2024.0,18200,gasolina,manual,90,coches.net,furgoneta
Volkswagen,Transporter,14700,2016.0,281700,Eléctrico,MANUAL,199,coches.net,furgoneta
Hyundai,Staria,15300,2021.0,97600,Electrico,Automática,172,coches.net,furgoneta
Renault,Master,32200,2024.0,17700,Gasolina,automático,140,coches.net,furgoneta
Fiat,,22800,2023.0,46800,Diesel,MANUAL,85,coches.net,furgoneta
Volkswagen,Crafter,18300,2022.0,74200 km,Electrico,manual,172,coches.net,furgoneta
Toyota,Proace City,22600,2020.0,128100,Hybrid,MANUAL,100,coches.net,furgoneta
Opel,Combo,28100,2021.0,133400,Diésel,Manual,110,coches.net,furgoneta
Ford,Transit Connect,22500,2020.0,134200,Diesel,M6,100,coches.net,furgoneta
Nissan,NV200,35600,2024.0,16200,diesel,manual,95,coches.net,furgoneta
Ford,Transit Courier,20400,2019.0,175200,Diésel,MANUAL,75,coches.net,furgoneta
,Transit,18500,2018.0,199300,Gasoil,manual,130,coches.net,furgoneta
MAN,TGE,22800,2022.0,62300,diesel,MANUAL,102,coches.net,furgoneta
Iveco,Daily,38800,2022.0,108000,,M,150,coches.net,furgoneta
Iveco,Daily,"25400,00",2020.0,118400,Diesel,M6,150,coches.net,furgoneta
Maxus,Deliver 9,"27700,00",2022.0,88700,Electric,manual,120,coches.net,furgoneta
Renault,Kangoo,25700,2023.0,34600,gasoil,MANUAL,95,coches.net,furgoneta
Mercedes-Benz,Vito,27700,2023.0,51600,diesel,M,130,coches.net,furgoneta
Ford,Transit Courier,17300,2023.0,26100,DIESEL,DSG,,coches.net,furgoneta
Ford,Transit Courier,18200,2017.0,208400,gasolina,Manual,95,coches.net,furgoneta
Renault,Kangoo,14600,2023.0,64800,Diesel,M,95,coches.net,furgoneta
Volkswagen,Caddy,24400,2023.0,47200,Gasolina,M,114,coches.net,furgoneta
Opel,Vivaro,22300,2020.0,122700,diesel,,120,coches.net,furgoneta
Ford,Transit,26600,2024.0,23300,Diesel,MANUAL,155,coches.net,furgoneta
Fiat,Doblo Cargo,"16800,00",2022.0,63500,Diesel,Automática,85,coches.net,furgoneta
Mercedes-Benz,Citan,35500,2024.0,28400,Gasoil,Manual,120,coches.net,furgoneta
Volkswagen,Caddy,28700,2024.0,22300,gasolina,M6,109,coches.net,furgoneta
Fiat,Ducato,22000,2020.0,131000,Electric,M6,130CV,coches.net,furgoneta
Citroën,Jumper,20100,2019.0,151500,Gasoil,MANUAL,135,coches.net,furgoneta
Opel,Combo,24900,2021.0,83800,Diésel,MANUAL,110,coches.net,furgoneta
MAN,TGE,30100,2020.0,178200,EV,AT,102,coches.net,furgoneta
Mercedes-Benz,Sprinter,35000,2020.0,180000,Diesel,Manual,102,coches.net,furgoneta
Fiat,Scudo,22700,2021.0,98900,Gasoil,automático,115,coches.net,furgoneta
MAN,TGE,28200,2022.0,79400,diesel,M,102,coches.net,furgoneta
Ford,Transit Connect,20100,2022.0,59300,gasoil,M6,125,coches.net,furgoneta
Mercedes-Benz,Sprinter,31700,2024.0,26500,Diesel,M6,100,coches.net,furgoneta
Toyota,Proace,31700,2023.0,43800,Diesel,MANUAL,115,coches.net,furgoneta
Renault,Trafic,14700,2019.0,189500,Gasoil,Manual,145,coches.net,furgoneta
Nissan,NV200,14500,2020.0,88800,Diésel,Automática,95,coches.net,furgoneta
Citroën,Jumper,15800,2021.0,74800,Diésel,manual,160,coches.net,furgoneta
Opel,Movano,29500,2024.0,30900,diesel,Manual,158,coches.net,furgoneta
Citroën,Jumper,28000,2024.0,22000,MHEV,,140,coches.net,furgoneta
Mercedes-Benz,Vito,38400,2023.0,46600,Diesel,MANUAL,110,coches.net,furgoneta
Hyundai,Staria,12500,2022.0,90500,gasolina,MANUAL,182,coches.net,furgoneta
Nissan,NV400,22700,2021.0,109400,DIESEL,MANUAL,140,coches.net,furgoneta
Hyundai,H350,10200,2018.0,202800,DIESEL,MANUAL,136,coches.net,furgoneta
Peugeot,Expert,31800,2024.0,15900,Gasoil,manual,100,coches.net,furgoneta
Nissan,NV300,22600,2023.0,64500,GLP/Gasolina,manual,95,coches.net,furgoneta
Peugeot,Partner,31500,2023.0,35900,Diesel,M,95,coches.net,furgoneta
Opel,Movano,30600,2023.0,47100,Gas Natural,manual,115,coches.net,furgoneta
Iveco,Daily,43700,2022.0,55900,Electrico,Manual,100,coches.net,furgoneta
Volkswagen,Caddy,19700,2021.0,99600,GASOLINA,M,102,coches.net,furgoneta
Toyota,Proace City,13600,2017.0,98400,DIESEL,Manual,100,coches.net,furgoneta
Opel,Combo,20200,2020.0,119200,DIESEL,Auto,115,coches.net,furgoneta
Mercedes-Benz,Sprinter,38500,2024.0,17100,diesel,,75,coches.net,furgoneta
Volkswagen,Transporter,19400,2020.0,160000,DIESEL,Manual,105,coches.net,furgoneta
Volkswagen,Caddy,15400,2020.0,130000,,M,114,coches.net,furgoneta
Citroën,Berlingo,,2021.0,95500,gasoil,M6,105,coches.net,furgoneta
Hyundai,H350,21600,2024.0,14900,Gasoil,Manual,136,coches.net,furgoneta
Ford,Transit Courier,23800,2020.0,87800,gasolina,M,,coches.net,furgoneta
Mercedes-Benz,Sprinter,20300,2021.0,99800,diesel,manual,90,coches.net,furgoneta
Citroën,Berlingo,25800,2021.0,111700,Eléctrico,Automática,136,coches.net,furgoneta
Citroën,Jumper,16300,2020.0,106600,Hibrido,M6,135,coches.net,furgoneta
Ford,Transit Courier,23900,2023.0,37700,Diésel,Manual,70,coches.net,furgoneta
Ford,Transit Connect,21000,2019.0,194400,Gasoil,Manual,75,coches.net,furgoneta
Renault,Trafic,34100,2024.0,24800,Gasolina,manual,125,coches.net,furgoneta
Citroën,Berlingo,25600,2023.0,40500,Electric,AT,131,coches.net,furgoneta
Peugeot,Partner,25800,24.0,20400km,Híbrido,MANUAL,95,coches.net,furgoneta
Hyundai,Staria,18300,2022.0,69300,Diesel,automático,177,coches.net,furgoneta
Renault,Trafic,27100,2021.0,92200,,manual,120,coches.net,furgoneta
Toyota,Proace,30700,2023.0,62400,EV,M6,136,coches.net,furgoneta
Opel,Combo,30400,2021.0,101500,Diesel,DSG,,coches.net,furgoneta
Fiat,Doblo Cargo,"12600,00",2016.0,321600,DIESEL,MANUAL,90,coches.net,furgoneta
Renault,Kangoo,23600,2023.0,47500,Diesel,MANUAL,75,coches.net,furgoneta
Nissan,Primastar,16700,2022.0,67900,gasoil,DSG,114,coches.net,furgoneta
Opel,Vivaro,17000,2022.0,77100,MHEV,MANUAL,100,coches.net,furgoneta
Toyota,,20400,2021.0,101200,Diésel,M6,120,coches.net,furgoneta
Fiat,Doblo Cargo,8300,2016.0,251800,Diesel,M6,90,coches.net,furgoneta
Citroën,Jumper,34300,2023.0,28200,DIESEL,M6,160,coches.net,furgoneta
Ford,Transit Courier,20400,2022.0,68700,gasolina,MANUAL,100,coches.net,furgoneta
Renault,Master,12200,2021.0,75500 km,Híbrido,M,115,coches.net,furgoneta
Ford,Transit,29800,2024.0,30500,gasoil,DSG,135,coches.net,furgoneta
MAN,TGE,22000,2020.0,144600,Diesel,DSG,102,coches.net,furgoneta
,Caddy,35300,2024.0,23800,Diesel,M,80,coches.net,furgoneta
Mercedes-Benz,Citan,35500,2023.0,44600,Electric,MANUAL,110,coches.net,furgoneta
Opel,Vivaro,34500,2023.0,40400,Gasoil,Manual,175,coches.net,furgoneta
Hyundai,H350,24900,2018.0,143000,DIESEL,Manual,136,coches.net,furgoneta
Ford,Transit Courier,29200,2023.0,38400,Gasolina,Automática,105,coches.net,furgoneta
Fiat,Doblo Cargo,19100,2022.0,59700,Gasolina,Manual,105,coches.net,furgoneta
Hyundai,Staria,26000 €,2022.0,73800,gasoil,M6,182,coches.net,furgoneta
Volkswagen,Crafter,28100,2022.0,61200,DIESEL,M,177,coches.net,furgoneta
Citroën,Jumper,22300,2022.0,87200,MHEV,,135,coches.net,furgoneta
MAN,TGE,32600,2022.0,59200,Gasoil,AT,135,coches.net,furgoneta
Citroën,Jumper,15500,2021.0,78900,Diésel,AT,160,coches.net,furgoneta
Renault,Trafic,26200,2022.0,71100,Electrico,M6,120,coches.net,furgoneta
Ford,Transit,23200,2020.0,110100,Gasolina,M6,150,coches.net,furgoneta
Ford,Transit Courier,20800 €,2023.0,64500,GASOLINA,Manual,100,coches.net,furgoneta
Ford,Transit Courier,31900,2024.0,26300,gasolina,,105,coches.net,furgoneta
Toyota,Proace,31300,2021.0,71100,DIESEL,automático,120,coches.net,furgoneta
Mercedes-Benz,Sprinter,38700,2024.0,27600,Gasoil,manual,,coches.net,furgoneta
Ford,Transit,26300,2022.0,79900,,M,130CV,coches.net,furgoneta
Mercedes-Benz,Sprinter,13300,2018.0,190700,diesel,MANUAL,110,coches.net,furgoneta
Nissan,NV200,21000,2020.0,148200,diesel,manual,90,coches.net,furgoneta
Citroën,Jumper,15900,2021.0,74400,diesel,Manual,135,coches.net,furgoneta
Peugeot,Partner,24000,2020.0,115900,Eléctrico,M,,coches.net,furgoneta
Volkswagen,Crafter,30700,2021.0,91500,diesel,M6,177,coches.net,furgoneta
Citroën,Jumper,14600,2021.0,83300,Diésel,manual,160,coches.net,furgoneta
Nissan,NV300,21300,2024.0,20400,DIESEL,Manual,120,coches.net,furgoneta
Nissan,Primastar,21300,2021.0,42000,,MANUAL,109,coches.net,furgoneta
Ford,Transit Connect,28000,2024.0,20700,Gasoil,MANUAL,125,coches.net,furgoneta
Nissan,NV300,24600,,,Diésel,M,120,coches.net,furgoneta
Volkswagen,Caddy,22400,2018.0,241100,Gasoil,manual,70,coches.net,furgoneta
Volkswagen,Caddy,2.0000,2023.0,51700,gasoil,M,107,coches.net,furgoneta
Peugeot,Partner,29700,2021.0,75900,Electric,M,141,coches.net,furgoneta
Iveco,Daily,18700,2018.0,222200,DIESEL,Automático,75,coches.net,furgoneta
Ford,Transit Connect,20800,2021.0,104300,Gasolina,automático,75,coches.net,furgoneta
Toyota,Proace,24700,2020.0,155900,diesel,Manual,115,coches.net,furgoneta
Peugeot,Boxer,14600,2017.0,210800,gasoil,manual,135,coches.net,furgoneta
Ford,Transit,11400,2020.0,144700,gasoil,manual,105,coches.net,furgoneta
Iveco,Daily,20400,23.0,58000,diesel,manual,75,coches.net,furgoneta
Nissan,NV300,27000,2024.0,16100,Gasoil,Auto,100,coches.net,furgoneta
Toyota,Proace,18700,2019.0,156400,Gasoil,Manual,145,coches.net,furgoneta
Iveco,Daily,23400,2024.0,27100,GLP/Gasolina,Manual,140,coches.net,furgoneta
Mercedes-Benz,Vito,22400,2015.0,332800,diesel,M6,150,coches.net,furgoneta
Nissan,Primastar,22700,2019.0,156400,Diesel,M6,114,coches.net,furgoneta
Renault,Trafic,26800,2024.0,17200,diesel,M6,,coches.net,furgoneta
Volkswagen,Transporter,15900,2020.0,112600,Diesel,MANUAL,107,coches.net,furgoneta
Fiat,Ducato,22300,2022.0,65700,,M,135,coches.net,furgoneta
Ford,Transit Connect,19700,2021.0,81400,gasoil,Manual,100,coches.net,furgoneta
Renault,Kangoo,23600 €,2024.0,26700,GASOLINA,Automática,100,coches.net,furgoneta
Fiat,Ducato,31300,2024.0,,Diésel,DSG,165,coches.net,furgoneta
Maxus,EV80,15200,2023.0,51800 km,EV,Manual,120,coches.net,furgoneta
Peugeot,Expert,15800,2021.0,131000,DIESEL,Manual,150,coches.net,furgoneta
Opel,Movano,23100,2024.0,24900,CNG,Manual,140,coches.net,furgoneta
Mercedes-Benz,Citan,19700,2018.0,260000,Diesel,Automática,120,coches.net,furgoneta
Citroën,Berlingo,21800,2024.0,33800,Diésel,Auto,100,coches.net,furgoneta
Mercedes-Benz,Vito,32700,2023.0,52700,gasoil,Manual,100,coches.net,furgoneta
Fiat,Scudo,14100,2019.0,157700,DIESEL,manual,120,coches.net,furgoneta
Volkswagen,Caddy,34000,2024.0,15300,GASOLINA,MANUAL,114,coches.net,furgoneta
Iveco,Daily,21000,2020.0,180000 km,gasoil,Automático,130,coches.net,furgoneta
Opel,Combo,19200,2020.0,140800,DIESEL,MANUAL,95,coches.net,furgoneta
Ford,Transit,17300,2021.0,98800,,M,175,coches.net,furgoneta
Hyundai,H350,29000,2023.0,32000,DIESEL,Automático,141,coches.net,furgoneta
Mercedes-Benz,Sprinter,8200,2017.0,205400,Diésel,Auto,130,coches.net,furgoneta
Toyota,Proace,25400,2021.0,79800,GASOLINA,M6,150,coches.net,furgoneta
Mercedes-Benz,Citan,36800,2023.0,46200,EV,M6,130,coches.net,furgoneta
Peugeot,Partner,28500,2024.0,32200,gasoil,M6,100,coches.net,furgoneta
Maxus,Deliver 9,23700,2022.0,63600,diesel,M,150,coches.net,furgoneta
Ford,Transit,34800,2023.0,38200,Hibrido,Manual,110,coches.net,furgoneta
Peugeot,Expert,27500,2022.0,79700,Diésel,M6,100,coches.net,furgoneta
Maxus,EV80,23400,2024.0,22400,Eléctrico (BEV),manual,,coches.net,furgoneta
Peugeot,Partner,26100,2022.0,95900,Eléctrico,automático,136,coches.net,furgoneta
Citroën,Jumpy,24500,2022.0,58100,Diesel,M6,120,coches.net,furgoneta
Citroën,Jumpy,17400,2022.0,88900,gasoil,MANUAL,100,coches.net,furgoneta
Opel,Combo,23500,2023.0,44700,diesel,Auto,105,coches.net,furgoneta
Citroën,Jumpy,19800,2023.0,50300,diesel,Manual,100,coches.net,furgoneta
Opel,Combo,23200,2021.0,134400,Hybrid,manual,105,coches.net,furgoneta
Mercedes-Benz,Sprinter,37700,2021.0,75200,diesel,MANUAL,,coches.net,furgoneta
Nissan,NV200,29900,2021.0,121300,Eléctrico (BEV),M,90,coches.net,furgoneta
Volkswagen,Transporter,20900,2019.0,111700,Diesel,M6,97,coches.net,furgoneta
Nissan,NV400,19200,23.0,39400,Diésel,MANUAL,145,coches.net,furgoneta
Ford,Transit Connect,18700,2018.0,156000,Diésel,Auto,70CV,coches.net,furgoneta
Fiat,Doblo Cargo,22800,2023.0,29400,diesel,manual,90,coches.net,furgoneta
Volkswagen,Transporter,25200,2021.0,110600,DIESEL,Manual,150,coches.net,furgoneta
Renault,Kangoo,24300,2022.0,82900,Gasoil,M6,100,coches.net,furgoneta
Toyota,Proace,30700,2023.0,56000,gasoil,MANUAL,145,coches.net,furgoneta
Mercedes-Benz,Sprinter,31500,2022.0,59800,GASOLINA,Manual,90,coches.net,furgoneta
Iveco,Daily,24700,2023.0,45000,gasoil,Auto,90,coches.net,furgoneta
Renault,Trafic,15800,2020.0,102100,gasoil,Manual,90,coches.net,furgoneta
Fiat,Doblo Cargo,19900,2023.0,43100,Diésel,M6,90,coches.net,furgoneta
Iveco,Daily,7900,2018.0,182800,gasoil,AT,90,coches.net,furgoneta
Fiat,Ducato,16000,2020.0,59200,Diesel,manual,160,coches.net,furgoneta
Iveco,Daily,23500,2021.0,69000,DIESEL,MANUAL,150,coches.net,furgoneta
Volkswagen,Crafter,18100,2022.0,79200,Gasoil,M6,140,coches.net,furgoneta
Peugeot,Expert,8100,2015.0,311900,diesel,MANUAL,100,coches.net,furgoneta
Volkswagen,Transporter,24700,2023.0,39700,gasoil,Manual,150,coches.net,furgoneta
Toyota,Proace City,29200,2023.0,33000,Gasoil,Automática,100,coches.net,furgoneta
Renault,Kangoo,32200,2021.0,91800,Electric,Manual,90,coches.net,furgoneta
Citroën,Jumper,24700,2022.0,82600,gasoil,manual,135,coches.net,furgoneta
Toyota,Proace,33000,2022.0,50100,Electric,,136,coches.net,furgoneta
Peugeot,Expert,20800,2021.0,86100,Diésel,,120,coches.net,furgoneta
Toyota,Proace City,19000,22.0,67700km,Diésel,Manual,110,coches.net,furgoneta
Renault,Kangoo,24500,2020.0,122400,Electric,MANUAL,95,coches.net,furgoneta
Fiat,Scudo,7500,2015.0,285500,GASOLINA,M6,145,coches.net,furgoneta
Ford,Transit Connect,12300,2015.0,305800,Eléctrico,automático,105,coches.net,furgoneta
Iveco,Daily,27900,2021.0,61400,Diésel,manual,100,coches.net,furgoneta
Renault,Master,24900,2023.0,43500,gasoil,MANUAL,185,coches.net,furgoneta
Nissan,NV400,15800,2019.0,157400,gasolina,M,145,coches.net,furgoneta
Ford,Transit,15700,2020.0,96200 km,DIESEL,Auto,155,coches.net,furgoneta
Renault,Master,19900,2019.0,183500km,GASOLINA,M,110,coches.net,furgoneta
Peugeot,Partner,13400,19.0,141600,Gasolina,manual,115,coches.net,furgoneta
Mercedes-Benz,Citan,38200,2024.0,19600,Diesel,Manual,90,coches.net,furgoneta
Opel,Movano,15900,,,diesel,Manual,110,coches.net,furgoneta
Toyota,Proace City,32200,2024.0,21600,Diésel,Automática,110,coches.net,furgoneta
Renault,Kangoo,17200,2016.0,257400,Electrico,M,95,coches.net,furgoneta
Ford,Transit Courier,27500,2023.0,21800,diesel,Manual,75,coches.net,furgoneta
Opel,Movano,16800,2018.0,110200,gasoil,manual,163,coches.net,furgoneta
Citroën,Berlingo,14600,2019.0,198900,Diésel,,105,coches.net,furgoneta
Ford,Transit Courier,11400,2016.0,308900,DIESEL,Manual,75,coches.net,furgoneta
Toyota,Proace,45000,2024.0,20800,Electric,M,141,coches.net,furgoneta
Peugeot,Expert,25900,2022.0,,DIESEL,manual,120,coches.net,furgoneta
Nissan,NV400,19100,2022.0,62100,Diésel,M,110,coches.net,furgoneta
Peugeot,Partner,31400,2024.0,17000,gasolina,M,110,coches.net,furgoneta
Peugeot,Expert,30300,2024.0,24200,Eléctrico,manual,150,coches.net,furgoneta
Mercedes-Benz,Sprinter,22700,2021.0,69700,gasoil,DSG,120,coches.net,furgoneta
Peugeot,Boxer,17000,2018.0,240700,DIESEL,manual,160,coches.net,furgoneta
Citroën,Jumper,24500,2021.0,135400,Hibrido,DSG,160,coches.net,furgoneta
Maxus,EV80,7500,2019.0,159400,Eléctrico,manual,115,coches.net,furgoneta
MAN,TGE,,2022.0,93700,MHEV,M6,97,coches.net,furgoneta
Opel,Vivaro,27600,2023.0,45200,Diesel,automático,100,coches.net,furgoneta
Nissan,NV400,17100,2023.0,55600,Hybrid,Manual,145,coches.net,furgoneta
Nissan,Primastar,20400,2022.0,63100,diesel,manual,114,coches.net,furgoneta
Volkswagen,Transporter,27100,2021.0,127300,Gas Natural,MANUAL,110,coches.net,furgoneta
Volkswagen,Transporter,15600,2021.0,105500,GLP/Gasolina,M6,97,coches.net,furgoneta
Nissan,NV300,26400,2024.0,24900,DIESEL,Manual,100,coches.net,furgoneta
Nissan,Primastar,19800,2023.0,26800,Diesel,M6,119CV,coches.net,furgoneta
Fiat,Scudo,17100,2022.0,62300,gasoil,AT,120,coches.net,furgoneta
Nissan,Primastar,18500,2024.0,23600,Diésel,M,114,coches.net,furgoneta
Mercedes-Benz,Citan,28100,2024.0,24000,diesel,Auto,100,coches.net,furgoneta
Toyota,Proace,28200,2020.0,150900,Eléctrico,Auto,136,coches.net,furgoneta
Opel,Combo,25800,2024.0,29000,gasolina,Automática,100,coches.net,furgoneta
Opel,Movano,"11300,00",2021.0,120200,Gasoil,AT,110,coches.net,furgoneta
Mercedes-Benz,Sprinter,17200,2019.0,192300,Diésel,Manual,130,coches.net,furgoneta
Fiat,Doblo Cargo,21800,2023.0,44200,gasoil,M6,105,coches.net,furgoneta
Mercedes-Benz,Citan,16100,2020.0,93500,Gasoil,Auto,120,coches.net,furgoneta
Ford,Transit Connect,19800,2019.0,84000,Gasoil,M,75,coches.net,furgoneta
Citroën,Jumpy,22700,2024.0,26500,Gasoil,M6,125,coches.net,furgoneta
Volkswagen,Transporter,16400,2021.0,83500,GASOLINA,M,105,coches.net,furgoneta
Renault,Master,8600,2021.0,113900,Eléctrico,Auto,135,coches.net,furgoneta
Renault,Kangoo,20900 €,2019.0,165100,Eléctrico,Manual,85,coches.net,furgoneta
Peugeot,Partner,19800,2021.0,128000,gasolina,M,105,coches.net,furgoneta
Volkswagen,Caddy,21100,2018.0,147300,DIESEL,Manual,102,coches.net,furgoneta
Renault,Kangoo,23400,2021.0,94600,Gasoil,Manual,95,coches.net,furgoneta
Mercedes-Benz,Vito,23800,2022.0,98400,DIESEL,manual,140,coches.net,furgoneta
Nissan,NV400,21900,2023.0,41300,gasoil,automático,110,coches.net,furgoneta
Ford,Transit Connect,35600,2023.0,60200,EV,M6,120,coches.net,furgoneta
Peugeot,Expert,27900,2022.0,59400,Diesel,Auto,100,coches.net,furgoneta
Volkswagen,Caddy,27700,2024.0,25900 km,Hybrid,AT,102,coches.net,furgoneta
Maxus,Deliver 9,13300,2020.0,143900,Diesel,manual,150,coches.net,furgoneta
Ford,Transit Courier,19900,2023.0,34700,gasolina,Auto,100,coches.net,furgoneta
Renault,Master,17800,2024.0,24900,gasoil,Manual,105,coches.net,furgoneta
Peugeot,Expert,16500 €,2019.0,173900,diesel,Manual,95,coches.net,furgoneta
Nissan,NV400,8700,2021.0,93900,DIESEL,manual,140,coches.net,furgoneta
Nissan,NV200,29700 €,2021.0,90800,Gasoil,manual,110,coches.net,furgoneta
Ford,Transit Connect,24200,2023.0,36000,DIESEL,Auto,120,coches.net,furgoneta
Opel,Combo,25300,2024.0,18900,Diesel,Manual,100,coches.net,furgoneta
Renault,Trafic,12500,2017.0,242700,DIESEL,Manual,90,coches.net,furgoneta
Iveco,Daily,25800,2020.0,90200,DIESEL,Manual,130,coches.net,furgoneta
Nissan,Primastar,,2021.0,74900,Gasoil,Automática,114,coches.net,furgoneta
Opel,Movano,12100,2020.0,139200,Gasoil,M6,105,coches.net,furgoneta
Volkswagen,Transporter,,2022.0,100700,gasolina,Auto,102,coches.net,furgoneta
Volkswagen,Transporter,34400,2023.0,44200,gasolina,Manual,110,coches.net,furgoneta
Renault,Trafic,26100,2021.0,87500,MHEV,Manual,85,coches.net,furgoneta
Nissan,Primastar,21000,2020.0,161300 km,DIESEL,M6,114,coches.net,furgoneta
Renault,Trafic,26500,2021.0,90200,DIESEL,Manual,145,coches.net,furgoneta
MAN,TGE,16000,2016.0,322000,Híbrido,Manual,140,coches.net,furgoneta
Hyundai,H350,21900,2023.0,38900,,manual,136,coches.net,furgoneta
Mercedes-Benz,Sprinter,30700,2022.0,63800,MHEV,DSG,100,coches.net,furgoneta
Fiat,Scudo,9100,2016.0,247400,DIESEL,Manual,145,coches.net,furgoneta
Volkswagen,Crafter,23100,23.0,57700,Gasoil,manual,177,coches.net,furgoneta
Peugeot,Boxer,14800,2021.0,144400,Gasoil,MANUAL,135,coches.net,furgoneta
Volkswagen,Transporter,17700,2020.0,116300,gasoil,MANUAL,102,coches.net,furgoneta
Mercedes-Benz,Vito,28800,,,gasoil,Auto,90,coches.net,furgoneta
Fiat,Ducato,22500,2021.0,99100,Gasoil,Manual,117,coches.net,furgoneta
Renault,Master,22600 €,2023.0,33800km,Diésel,M,145,coches.net,furgoneta
Ford,Transit,39800,2024.0,19900,GASOLINA,M6,165,coches.net,furgoneta
Volkswagen,Crafter,"22300,00",2020.0,133100,Diesel,Manual,102,coches.net,furgoneta
Mercedes-Benz,Vito,24600,22.0,87300,gasoil,DSG,150,coches.net,furgoneta
Volkswagen,Caddy,42100,2024.0,23900,diesel,manual,75,coches.net,furgoneta
Nissan,NV300,22200,2022.0,58400,Gasoil,manual,125,coches.net,furgoneta
MAN,TGE,14100,2020.0,138700,diesel,manual,140,coches.net,furgoneta
Peugeot,Boxer,23700,2024.0,14500,Híbrido,manual,135,coches.net,furgoneta
Fiat,Scudo,12700,2017.0,218000,DIESEL,Manual,145,coches.net,furgoneta
Peugeot,Expert,12900,2018.0,210500,Diesel,Manual,95,coches.net,furgoneta
Peugeot,Expert,27800,2024.0,21100,Diesel,manual,150,coches.net,furgoneta
Maxus,Deliver 9,19200,2021.0,122100 km,DIESEL,MANUAL,155,coches.net,furgoneta
Peugeot,Partner,23000,2022.0,94800,Eléctrico,M,131,coches.net,furgoneta
Ford,Transit,24400,2019.0,136500,Gasoil,DSG,170,coches.net,furgoneta
Renault,Trafic,24300,2024.0,23300,Diésel,MANUAL,125,coches.net,furgoneta
Volkswagen,Caddy,9500,2015.0,368600,diesel,manual,,coches.net,furgoneta
Nissan,NV300,20600,2023.0,43800,diesel,manual,120,coches.net,furgoneta
Fiat,Doblo Cargo,20200,2024.0,16700,Diésel,MANUAL,85,coches.net,furgoneta
Opel,Movano,24900,2023.0,59200,gasolina,manual,168,coches.net,furgoneta
Opel,Movano,11600,2019.0,150400,diesel,M6,110,coches.net,furgoneta
Nissan,NV300,21700,2023.0,,Gasoil,,,coches.net,furgoneta
Citroën,Jumpy,23100,2023.0,53500 km,diesel,M6,125,coches.net,furgoneta
MAN,TGE,33200,2023.0,25100,Diésel,Auto,140 CV,coches.net,furgoneta
Citroën,Jumpy,21000,2023.0,28200,Diésel,manual,150,coches.net,furgoneta
MAN,TGE,31700,2023.0,52100,Diesel,Manual,107,coches.net,furgoneta
Hyundai,Staria,23200,2022.0,51000km,Gasoil,Auto,182,coches.net,furgoneta
Volkswagen,Caddy,,2024.0,22600,Híbrido,MANUAL,102,coches.net,furgoneta
Toyota,Proace City,23800,2022.0,48800,,Manual,105,coches.net,furgoneta
Nissan,NV200,17700,2017.0,295200,DIESEL,manual,115,coches.net,furgoneta
Ford,Transit,15600,2022.0,65000km,CNG,M6,175,coches.net,furgoneta
Citroën,Jumpy,15500,2019.0,132100,DIESEL,DSG,125,coches.net,furgoneta
Citroën,Jumper,12200,2019.0,206700,gasoil,MANUAL,145,coches.net,furgoneta
Mercedes-Benz,Citan,18800,2022.0,69400,Gasoil,MANUAL,102,coches.net,furgoneta
Ford,Transit Connect,25200,2023.0,39400,Gasoil,MANUAL,120,coches.net,furgoneta
Hyundai,Staria,13700,2020.0,122300,Hibrido,M6,182,coches.net,furgoneta
Mercedes-Benz,Vito,40000,2024.0,30000,CNG,Manual,102,coches.net,furgoneta
Peugeot,Expert,17800,2021.0,90300,diesel,automático,120,coches.net,furgoneta
,Crafter,22600,2022.0,78900,Diesel,manual,97,coches.net,furgoneta
Renault,Trafic,15100,2018.0,244800 km,DIESEL,M6,90,coches.net,furgoneta
Iveco,Daily,37600,2023.0,44900,Electric,MANUAL,100,coches.net,furgoneta
Citroën,Berlingo,17900,2021.0,106100,Eléctrico (BEV),Manual,141,coches.net,furgoneta
Mercedes-Benz,Vito,28600,2021.0,119200,Electric,manual,130,coches.net,furgoneta
Mercedes-Benz,Vito,27300,2023.0,,DIESEL,manual,130,coches.net,furgoneta
Iveco,Daily,,2022.0,64000,Electric,Manual,100,coches.net,furgoneta
Peugeot,Boxer,27200,2022.0,76800,Hibrido,Auto,140,coches.net,furgoneta
Ford,Transit,18200,2019.0,161400,gasoil,manual,165,coches.net,furgoneta
Mercedes-Benz,Sprinter,42200,2024.0,26200,Gasoil,AT,75,coches.net,furgoneta
Volkswagen,Caddy,25500,2022.0,65500 km,Gasolina,AT,119,coches.net,furgoneta
Renault,Trafic,20200,2020.0,142100 km,Diesel,Automático,90,coches.net,furgoneta
Iveco,Daily,32800,2021.0,101600,DIESEL,M6,102,coches.net,furgoneta
Peugeot,Boxer,22800,2022.0,73300,gasoil,AT,125,coches.net,furgoneta
Renault,Kangoo,20600,2019.0,139600,Diésel,manual,75,coches.net,furgoneta
Mercedes-Benz,Citan,29500,2024.0,24700,diesel,MANUAL,102,coches.net,furgoneta
Hyundai,Staria,31900,2024.0,17200,gasoil,automático,,coches.net,furgoneta
Hyundai,H350,29700,2023.0,33400,Diésel,MANUAL,141,coches.net,furgoneta
Volkswagen,Transporter,7700,2017.0,201500,diesel,M,110,coches.net,furgoneta
Fiat,Doblo Cargo,14500,2022.0,64500,Diesel,M,105,coches.net,furgoneta
Fiat,Scudo,25700,2022.0,50200,Híbrido,MANUAL,145,coches.net,furgoneta
Nissan,NV300,13200,2017.0,298100,DIESEL,manual,120,coches.net,furgoneta
Opel,Movano,13000,2018.0,207800,Gasoil,manual,110,coches.net,furgoneta
Iveco,Daily,20900,2022.0,72400,DIESEL,M,75,coches.net,furgoneta
Mercedes-Benz,Vito,25000,2023.0,49300,gasoil,MANUAL,150 CV,coches.net,furgoneta
Volkswagen,Caddy,26400,2020.0,109500,Diésel,Auto,102,coches.net,furgoneta
MAN,TGE,30300,2023.0,38100,Gasoil,M6,140,coches.net,furgoneta
Renault,Kangoo,"20900,00",2023.0,21000,gasoil,Automático,75,coches.net,furgoneta
Iveco,Daily,39500,2024.0,24000,EV,M6,102,coches.net,furgoneta
Fiat,Ducato,9800,2019.0,161700,Diésel,M6,160,coches.net,furgoneta
Volkswagen,Transporter,19400,2020.0,107400,Electric,Manual,204,coches.net,furgoneta
Volkswagen,Crafter,14800,2022.0,83700,Gasoil,MANUAL,140,coches.net,furgoneta
Renault,Kangoo,27900,22.0,62800,diesel,MANUAL,90,coches.net,furgoneta
Toyota,Proace,31200,2024.0,20000 km,diesel,Manual,150,coches.net,furgoneta
Opel,Vivaro,8600,2019.0,151500,Diesel,AT,185 CV,coches.net,furgoneta
MAN,TGE,32600,2022.0,72700,Gasoil,M,102,coches.net,furgoneta
Citroën,Berlingo,27800,2022.0,90200,Eléctrico,MANUAL,136,coches.net,furgoneta
Fiat,Scudo,17200,2021.0,99900,Autogás,Manual,145,coches.net,furgoneta
Fiat,Doblo Cargo,19100,2022.0,43900,Eléctrico,Automática,100,coches.net,furgoneta
Ford,Transit Connect,22400,2022.0,58700,Híbrido,Automático,125,coches.net,furgoneta
Mercedes-Benz,Citan,27800,2022.0,64600,GASOLINA,automático,110,coches.net,furgoneta
Opel,Combo,32600,2023.0,36800,Gasoil,MANUAL,105,coches.net,furgoneta
Toyota,Proace,"24900,00",2018.0,169500,Eléctrico,MANUAL,120,coches.net,furgoneta
Peugeot,Boxer,19900,,,Diésel,M,130,coches.net,furgoneta
Fiat,Doblo Cargo,19500,2022.0,75900,Gas Natural,M,,coches.net,furgoneta
Nissan,Primastar,23100,2022.0,56900,Diésel,Automático,119,coches.net,furgoneta
Mercedes-Benz,Sprinter,10600,2017.0,253400,DIESEL,MANUAL,100,coches.net,furgoneta
Renault,Kangoo,13700,,,Electric,Automático,90,coches.net,furgoneta
Citroën,Jumper,31000,2021.0,122000,Electrico,M6,140,coches.net,furgoneta
Iveco,Daily,20900,2022.0,54800,MHEV,M,75CV,coches.net,furgoneta
Hyundai,Staria,19100,2018.0,239700,Eléctrico,Manual,182,coches.net,furgoneta
Renault,Kangoo,13700,2015.0,207700,DIESEL,M,95,coches.net,furgoneta
MAN,TGE,30100,2023.0,42400,diesel,Manual,102,coches.net,furgoneta
Opel,Movano,30000 €,2023.0,47700,Electrico,DSG,163,coches.net,furgoneta
Renault,Master,21200,2019.0,159900,diesel,manual,140,coches.net,furgoneta
Iveco,Daily,25400,2022.0,76000,DIESEL,Manual,130,coches.net,furgoneta
Toyota,Proace,14600,2022.0,58800,Electrico,automático,136,coches.net,furgoneta
Mercedes-Benz,Sprinter,42900,2022.0,73400,gasoil,manual,102,coches.net,furgoneta
Maxus,Deliver 9,26600,2022.0,62300,Eléctrico,Manual,120,coches.net,furgoneta
Renault,Master,26700,2024.0,29200,Diesel,DSG,135,coches.net,furgoneta
Mercedes-Benz,Citan,20300,2018.0,216500,Eléctrico,M,102,coches.net,furgoneta
Ford,Transit Courier,20600,2022.0,76700,Gasolina,MANUAL,100,coches.net,furgoneta
Hyundai,H350,23600,2021.0,93100,Diesel,M,170,coches.net,furgoneta
Nissan,Primastar,12300,2018.0,187100,MHEV,automático,109,coches.net,furgoneta
Renault,Master,15600,2017.0,268600km,gasoil,MANUAL,145,coches.net,furgoneta
Mercedes-Benz,Vito,17500,2017.0,191400,Diesel,M,110,coches.net,furgoneta
Mercedes-Benz,Citan,41100,2023.0,47600,diesel,Manual,150,coches.net,furgoneta
Volkswagen,Crafter,32200,2022.0,65100,Electric,Manual,182,coches.net,furgoneta
Volkswagen,Transporter,27800,2023.0,46000,Gasoil,M6,97,coches.net,furgoneta
Renault,Trafic,20900,2017.0,183900,Eléctrico,MANUAL,120,coches.net,furgoneta
Mercedes-Benz,Vito,30700,2023.0,37500,GASOLINA,manual,75,coches.net,furgoneta
Mercedes-Benz,Sprinter,25500,2023.0,53800,Diesel,MANUAL,140,coches.net,furgoneta
Peugeot,Boxer,19500,2019.0,133100,Electric,manual,160,coches.net,furgoneta
Fiat,Ducato,23300,2019.0,163900,,MANUAL,130,coches.net,furgoneta
Peugeot,Expert,21500,2022.0,94500,Gasoil,MANUAL,150,coches.net,furgoneta
MAN,TGE,25800,2023.0,35200,Diesel,manual,97,coches.net,furgoneta
Opel,Vivaro,12100,2021.0,113700,Gasoil,M,120,coches.net,furgoneta
Ford,Transit,33100,2024.0,18400,Gasoil,MANUAL,105,coches.net,furgoneta
Renault,Kangoo,27400,2020.0,119000,Gasoil,Manual,100,coches.net,furgoneta
Opel,Vivaro,29600,2024.0,23800,Gasoil,Manual,100,coches.net,furgoneta
Peugeot,Expert,21800,2020.0,,Hybrid,M,95,coches.net,furgoneta
Opel,Vivaro,13400,2017.0,206700,Diésel,MANUAL,,coches.net,furgoneta
Hyundai,H350,15200,,,MHEV,MANUAL,131,coches.net,furgoneta
Renault,Trafic,24100,2022.0,65700,Electrico,MANUAL,90,coches.net,furgoneta
Opel,Vivaro,,2024.0,25400km,diesel,Manual,105,coches.net,furgoneta
Iveco,Daily,26800 €,2020.0,117100km,Diesel,M,150,coches.net,furgoneta
Toyota,Proace,15900,2021.0,124200,DIESEL,M6,120,coches.net,furgoneta
Mercedes-Benz,Sprinter,41200,2024.0,28100,diesel,M,150,coches.net,furgoneta
Renault,Trafic,23300,2022.0,56000,gasolina,MANUAL,155,coches.net,furgoneta
Renault,Kangoo,15400,2020.0,81500,Diesel,M6,75,coches.net,furgoneta
Renault,Kangoo,26100,2020.0,100000,EV,Manual,85,coches.net,furgoneta
Ford,Transit Courier,15500,2021.0,102800,GASOLINA,Auto,100,coches.net,furgoneta
Ford,Transit Courier,25600,2020.0,133400,Gasolina,MANUAL,,coches.net,furgoneta
Maxus,Deliver 9,17900,2022.0,75100,Eléctrico,Manual,115,coches.net,furgoneta
Fiat,Ducato,18300,2023.0,36000,DIESEL,M,130,coches.net,furgoneta
Volkswagen,Caddy,26200,2024.0,22100,Hybrid,M,107,coches.net,furgoneta
Iveco,Daily,31500,2024.0,19700,DIESEL,Automático,102,coches.net,furgoneta
Citroën,Jumpy,29800,2024.0,15900,Gasoil,manual,115,coches.net,furgoneta
Fiat,Doblo Cargo,16100,2016.0,245700,gasoil,M,90,coches.net,furgoneta
Citroën,Jumper,20500,23.0,40500,GNC,M6,140,coches.net,furgoneta
Toyota,Proace,21000,2023.0,53400,Eléctrico,Manual,131,coches.net,furgoneta
Mercedes-Benz,Sprinter,30800,2020.0,129000,Diesel,M6,90,coches.net,furgoneta
Citroën,Berlingo,8700,2015.0,196200,GASOLINA,M,110,coches.net,furgoneta
Peugeot,Expert,36300,2023.0,38800,DIESEL,MANUAL,100,coches.net,furgoneta
Toyota,Proace,26100,2019.0,128600,EV,manual,131,coches.net,furgoneta
Mercedes-Benz,Sprinter,26800,2019.0,193700,gasoil,MANUAL,130,coches.net,furgoneta
Renault,Trafic,13300,2018.0,230100,GLP,,90,coches.net,furgoneta
Ford,Transit Connect,"27900,00",2023.0,55900,DIESEL,MANUAL,120,coches.net,furgoneta
Opel,Combo,24000,,,gasoil,M6,105,coches.net,furgoneta
Renault,Kangoo,20300,2018.0,183400,gasoil,Manual,70,coches.net,furgoneta
Mercedes-Benz,Citan,38500,2021.0,88800,Electric,Manual,102,coches.net,furgoneta
Volkswagen,Crafter,22000,2020.0,121800,Gasoil,manual,140,coches.net,furgoneta
Nissan,NV400,15800,2021.0,46800km,GASOLINA,M,150,coches.net,furgoneta
Renault,Kangoo,32200,2023.0,22200,Electric,AT,90 CV,coches.net,furgoneta
MAN,TGE,29000,2023.0,40800,Hybrid,manual,140,coches.net,furgoneta
Ford,Transit Connect,8500,2016.0,232900,Diesel,,95,coches.net,furgoneta
Ford,Transit Connect,31500,2024.0,14500,Híbrido,M6,120,coches.net,furgoneta
MAN,TGE,33400,2023.0,61500,diesel,M,,coches.net,furgoneta
Opel,Vivaro,12800,2019.0,176700 km,diesel,Manual,120,coches.net,furgoneta
Ford,Transit Courier,17000,2022.0,75700,gasolina,Manual,100,coches.net,furgoneta
Ford,Transit Courier,28900,2024.0,27000,Gasolina,M6,100,coches.net,furgoneta
Fiat,Ducato,19000,2022.0,74200,Gasoil,Manual,117,coches.net,furgoneta
Ford,Transit,12900,2021.0,102800,Gasoil,automático,130,coches.net,furgoneta
Toyota,Proace,34300,2022.0,70000,Eléctrico (BEV),AT,136,coches.net,furgoneta
Renault,Kangoo,35400,2024.0,20300,EV,manual,75 CV,coches.net,furgoneta
Fiat,,12900,2022.0,75500,gasoil,Manual,140,coches.net,furgoneta
Opel,Movano,25600,2021.0,,Gasoil,M,150,coches.net,furgoneta
Volkswagen,Transporter,13900,2015.0,223000,Gasoil,M6,107 CV,coches.net,furgoneta
Ford,Transit Courier,9700,2018.0,221600,Gasoil,M6,80,coches.net,furgoneta
Citroën,Jumpy,22300,2024.0,29100,Diésel,Manual,120,coches.net,furgoneta
Opel,Movano,7500,2017.0,233300,Gasoil,M,145,coches.net,furgoneta
Citroën,Jumpy,24100,2021.0,107400,Gasoil,Manual,155,coches.net,furgoneta
Iveco,Daily,25900,2022.0,83400,diesel,M6,102,coches.net,furgoneta
Ford,Transit,16100,2019.0,149800,Híbrido,Automática,110CV,coches.net,furgoneta
Peugeot,Boxer,7500,2019.0,203900,Autogás,automático,135,coches.net,furgoneta
Renault,Master,16100,2019.0,135900,gasolina,manual,140,coches.net,furgoneta
Peugeot,Expert,22700,2022.0,63600,Diésel,Manual,115,coches.net,furgoneta
Mercedes-Benz,Citan,30300,2020.0,119500 km,EV,AT,140,coches.net,furgoneta
Volkswagen,Crafter,33300,2024.0,15400,,Manual,107,coches.net,furgoneta
Volkswagen,Crafter,21200,2020.0,123300 km,GLP/Gasolina,M,140,coches.net,furgoneta
Renault,Master,25500,2022.0,78700,Gasoil,Manual,140,coches.net,furgoneta
Toyota,Proace City,26200,2022.0,93700,DIESEL,manual,110,coches.net,furgoneta
Maxus,EV80,29200 €,2023.0,50600,EV,DSG,120,coches.net,furgoneta
Ford,Transit Courier,19300,,,gasolina,DSG,100 CV,coches.net,furgoneta
Hyundai,H350,30100 €,2023.0,48500,gasoil,manual,136,coches.net,furgoneta
Renault,Master,21800,2022.0,64800,GASOLINA,manual,145,coches.net,furgoneta
Peugeot,Partner,7600,2016.0,278900,Hibrido,M6,100,coches.net,furgoneta
Opel,Vivaro,11100,2017.0,212900,MHEV,AT,120,coches.net,furgoneta
Ford,Transit Connect,33200,2022.0,67000,GLP,M,120,coches.net,furgoneta
Ford,Transit,30100,2024.0,24700,Autogás,M,130,coches.net,furgoneta
Volkswagen,Crafter,7700,2016.0,268600,Electrico,M,102,coches.net,furgoneta
Nissan,Primastar,21800,2024.0,21800,gasoil,M,119,coches.net,furgoneta
Renault,Master,26100,2023.0,44700,Diesel,Automática,115,coches.net,furgoneta
Renault,Kangoo,28400,2024.0,31000,gasoil,AT,70,coches.net,furgoneta
Opel,Combo,19500,2020.0,,Gasoil,,110,coches.net,furgoneta
Nissan,NV400,27900,2022.0,64300,diesel,Manual,145,coches.net,furgoneta
Volkswagen,Transporter,25300,2022.0,106800,Diésel,Manual,150,coches.net,furgoneta
Renault,Master,28300,2024.0,22500,Gasoil,M6,140,coches.net,furgoneta
Fiat,Scudo,15800,2019.0,176900,DIESEL,M,150,coches.net,furgoneta
MAN,TGE,38600,2024.0,26700km,diesel,M,102,coches.net,furgoneta
Fiat,Ducato,24500,2019.0,165300,Eléctrico,Automático,130 CV,coches.net,furgoneta
Volkswagen,Caddy,19500,2017.0,201500,GASOLINA,Auto,114,coches.net,furgoneta
Mercedes-Benz,Sprinter,31400,2022.0,79200,Diésel,MANUAL,100,coches.net,furgoneta
Mercedes-Benz,Citan,32200,2023.0,45200,gasoil,AT,150,coches.net,furgoneta
Citroën,Berlingo,8500,2017.0,182900,Gasolina,M6,110,coches.net,furgoneta
Peugeot,Boxer,10200,2018.0,157300,Gasoil,Manual,135,coches.net,furgoneta
Mercedes-Benz,Vito,32300,2020.0,122800,Diesel,M6,140,coches.net,furgoneta
Peugeot,Expert,11200,2018.0,247100,GASOLINA,M,115,coches.net,furgoneta
Volkswagen,Transporter,37600,2018.0,173800,Eléctrico,M6,199,coches.net,furgoneta
Iveco,Daily,35800,2021.0,85100,Gasoil,MANUAL,102,coches.net,furgoneta
Volkswagen,Crafter,26900,2024.0,22700,Diesel,manual,102,coches.net,furgoneta
Fiat,Scudo,18400,2020.0,121800,Diésel,Manual,145,coches.net,furgoneta
Maxus,EV80,14100,2017.0,198600,Electric,Manual,120,coches.net,furgoneta
Renault,Master,17900,2020.0,142100,diesel,MANUAL,185,coches.net,furgoneta
Mercedes-Benz,Vito,,2017.0,223700,diesel,Auto,102,coches.net,furgoneta
Mercedes-Benz,Sprinter,23500,2022.0,69200,Gasoil,MANUAL,130,coches.net,furgoneta
Peugeot,Boxer,9700,2019.0,185700,DIESEL,MANUAL,130,coches.net,furgoneta
Nissan,Primastar,28200,2024.0,27200,GASOLINA,MANUAL,119,coches.net,furgoneta
Mercedes-Benz,Citan,34800,2021.0,78200,Hibrido,Auto,140,coches.net,furgoneta
Maxus,Deliver 9,16700,2021.0,106100,diesel,M,155,coches.net,furgoneta
Renault,Master,24600,2024.0,16100,Diésel,manual,140,coches.net,furgoneta
Volkswagen,Transporter,30300,2022.0,83700,Gasoil,M6,115,coches.net,furgoneta
Mercedes-Benz,Sprinter,26700,2020.0,,Diesel,M6,110CV,coches.net,furgoneta
Peugeot,Expert,18800,2020.0,100800,gasoil,Automática,95,coches.net,furgoneta
Fiat,Doblo Cargo,18900,,,DIESEL,manual,90,coches.net,furgoneta
Opel,Movano,31800,2022.0,85300,Diesel,Manual,110,coches.net,furgoneta
Citroën,Jumper,27300,2023.0,44500,Autogás,MANUAL,160,coches.net,furgoneta
Hyundai,Staria,19500,2023.0,46600,Gasoil,MANUAL,177,coches.net,furgoneta
Iveco,Daily,27500,2019.0,120200,Gasoil,MANUAL,120,coches.net,furgoneta
Mercedes-Benz,Citan,48200,2022.0,71800,gasoil,,90,coches.net,furgoneta
Ford,Transit Connect,25200,2023.0,41800,DIESEL,AT,105,coches.net,furgoneta
Mercedes-Benz,Citan,17500,2021.0,107900,Diesel,automático,110,coches.net,furgoneta
Fiat,Scudo,16200,2022.0,61500,Electrico,manual,140CV,coches.net,furgoneta
Renault,Trafic,23400,2023.0,45300,gasoil,M,150,coches.net,furgoneta
Ford,Transit Connect,,2020.0,123900,gasoil,manual,120,coches.net,furgoneta
Mercedes-Benz,Sprinter,19900,2017.0,187100,Diesel,MANUAL,90,coches.net,furgoneta
Toyota,,27200,2021.0,112000,Diésel,Manual,150,coches.net,furgoneta
Renault,Trafic,11400,2020.0,128500,Electric,M6,90,coches.net,furgoneta
Mercedes-Benz,Citan,7500,2020.0,126200,diesel,DSG,140,coches.net,furgoneta
Hyundai,H350,,2023.0,36200,Diesel,Automática,165,coches.net,furgoneta
Hyundai,Staria,17300,2020.0,95200,,M,172,coches.net,furgoneta
Opel,Vivaro,26400,2021.0,86900,Hibrido,Automática,95,coches.net,furgoneta
MAN,TGE,39300,2022.0,53400,Eléctrico (BEV),automático,102,coches.net,furgoneta
Opel,Combo,18900,2023.0,43400,CNG,MANUAL,110 CV,coches.net,furgoneta
Mercedes-Benz,Citan,14900,2015.0,289300,Diesel,M,120,coches.net,furgoneta
Volkswagen,Transporter,13600,2019.0,151800,Gasoil,MANUAL,204,coches.net,furgoneta
Peugeot,Partner,12500,2017.0,244200,gasolina,M,105,coches.net,furgoneta
Opel,Combo,14000,2023.0,,Diésel,automático,105CV,coches.net,furgoneta
Nissan,Primastar,14200,2021.0,91000,Diésel,Manual,114,coches.net,furgoneta
Renault,Trafic,11100,2019.0,170600,diesel,M6,85,coches.net,furgoneta
Nissan,NV200,17300,2021.0,90000,Diésel,MANUAL,110,coches.net,furgoneta
Volkswagen,Crafter,36500,2020.0,139900,Electrico,DSG,177,coches.net,furgoneta
Peugeot,Boxer,7600,2015.0,244600,Diesel,manual,130,coches.net,furgoneta
Mercedes-Benz,Vito,17800,2023.0,56100,DIESEL,,75,coches.net,furgoneta
Renault,Trafic,27100,2024.0,22600,Diésel,MANUAL,150,coches.net,furgoneta
Mercedes-Benz,Sprinter,33600,2022.0,49900,GLP/Gasolina,Manual,120,coches.net,furgoneta
Hyundai,H350,26000,2023.0,60000,Diésel,Manual,165,coches.net,furgoneta
Peugeot,Expert,,2024.0,20100,gasoil,Manual,150,coches.net,furgoneta
Volkswagen,Crafter,47600,2024.0,28700,Electrico,manual,102,coches.net,furgoneta
Opel,Combo,28400,2024.0,15100,Diésel,Manual,110,coches.net,furgoneta
Fiat,Ducato,18300,2020.0,142000,Electrico,M,130,coches.net,furgoneta
Mercedes-Benz,Sprinter,26200,2020.0,112300,gasoil,Manual,130,coches.net,furgoneta
Volkswagen,Caddy,35300,2023.0,41700,Gasolina,AT,114,coches.net,furgoneta
Ford,Transit,24200,2022.0,88500,Gasoil,Automática,100,coches.net,furgoneta
Volkswagen,Caddy,27700,2024.0,15900 km,MHEV,manual,70,coches.net,furgoneta
Peugeot,Partner,20300,2019.0,90100,Diésel,M,105,coches.net,furgoneta
Hyundai,Staria,21000,2020.0,162800,GLP,DSG,177,coches.net,furgoneta
Ford,Transit,30100,2023.0,46400,Diesel,Manual,160,coches.net,furgoneta
Renault,Trafic,31300,2021.0,75200,GNC,Automática,125,coches.net,furgoneta
Volkswagen,Transporter,26700,2019.0,135400,Diesel,M,102 CV,coches.net,furgoneta
Opel,Combo,15700,2021.0,,DIESEL,MANUAL,100,coches.net,furgoneta
Renault,Master,11800,,,DIESEL,MANUAL,145,coches.net,furgoneta
Citroën,Berlingo,26500,22.0,40100,Gasoil,AT,105,coches.net,furgoneta
Peugeot,Expert,14700,2015.0,306700,Diésel,M,125,coches.net,furgoneta
Hyundai,Staria,20500,19.0,152500,Gasolina,M6,182,coches.net,furgoneta
Ford,Transit Connect,20500,2019.0,168500,Diésel,Automática,75,coches.net,furgoneta
Volkswagen,Caddy,"20500,00",2023.0,51700,diesel,M6,102,coches.net,furgoneta
Renault,Master,18400,2022.0,67100,Diésel,Auto,185,coches.net,furgoneta
Volkswagen,Caddy,19300,2021.0,88100,gasolina,MANUAL,114,coches.net,furgoneta
Ford,Transit,24700,2022.0,67600,gasoil,M6,160,coches.net,furgoneta
Iveco,Daily,17800,2018.0,129100,GASOLINA,Manual,102,coches.net,furgoneta
Citroën,Jumpy,7500,2015.0,211000,Gasoil,manual,115,coches.net,furgoneta
Toyota,Proace City,13900,2016.0,242600,Híbrido,M6,100,coches.net,furgoneta
Renault,Master,11200,2017.0,279900,,AT,180,coches.net,furgoneta
Iveco,Daily,21500,2021.0,131900,Hybrid,MANUAL,100,coches.net,furgoneta
Peugeot,Expert,33200,2022.0,70000,Eléctrico,Manual,95,coches.net,furgoneta
Volkswagen,Caddy,18600,2016.0,278700,gasolina,Automática,114,coches.net,furgoneta
Volkswagen,Caddy,28700,2024.0,16900,DIESEL,DSG,102 CV,coches.net,furgoneta
Volkswagen,Crafter,24600,2017.0,250900,DIESEL,Manual,102,coches.net,furgoneta
Mercedes-Benz,Vito,,2018.0,170500,gasoil,M,150,coches.net,furgoneta
Volkswagen,Caddy,37300,2023.0,50600,Diesel,M6,102,coches.net,furgoneta
Toyota,Proace,40900,2024.0,17900,Gasoil,Automático,150,coches.net,furgoneta
Nissan,NV400,27600,2020.0,133100,Eléctrico (BEV),M,145,coches.net,furgoneta
Fiat,Scudo,30000,2024.0,17100,Gasoil,M6,115,coches.net,furgoneta
Peugeot,Boxer,26700,2024.0,23800,,automático,165,coches.net,furgoneta
Opel,Combo,"16200,00",2023.0,35100,diesel,MANUAL,100,coches.net,furgoneta
Opel,Combo,18000,2020.0,117500,diesel,M,95,coches.net,furgoneta
Citroën,Jumper,12500,2017.0,161200,diesel,AT,135,coches.net,furgoneta
Volkswagen,Transporter,25700,2023.0,45500km,gasoil,M,110,coches.net,furgoneta
Mercedes-Benz,Citan,26700,2022.0,62000,Electrico,M6,120,coches.net,furgoneta
Mercedes-Benz,Sprinter,24800,2023.0,46800,Gasolina,Manual,100,coches.net,furgoneta
Volkswagen,Caddy,16700,2018.0,189300,GASOLINA,Manual,114,coches.net,furgoneta
Iveco,Daily,31400,2024.0,20300,Diesel,MANUAL,120,coches.net,furgoneta
Mercedes-Benz,Vito,37700 €,2021.0,92800,EV,M,130,coches.net,furgoneta
Ford,Transit,25700,2024.0,27100,Gasoil,M6,165,coches.net,furgoneta
Opel,Movano,38600,2022.0,75700,Gasolina,MANUAL,145,coches.net,furgoneta
Renault,Trafic,26700,2023.0,58300,gasoil,M6,150,coches.net,furgoneta
Peugeot,Expert,25100,2023.0,41600,diesel,M6,100,coches.net,furgoneta
Nissan,,19000,2021.0,102600,DIESEL,M6,119,coches.net,furgoneta
Peugeot,Partner,14900,2018.0,204200,Gasoil,MANUAL,100,coches.net,furgoneta
Ford,Transit Connect,21900,2021.0,127300,GLP,Auto,100,coches.net,furgoneta
Toyota,Proace City,33400,2024.0,18700,DIESEL,M6,105,coches.net,furgoneta
Mercedes-Benz,Citan,31300,2024.0,22500,Gasoil,M6,75,coches.net,furgoneta
Nissan,NV300,17400,2021.0,123200,Gasoil,manual,95,coches.net,furgoneta
Mercedes-Benz,Sprinter,17800,2021.0,119600,DIESEL,DSG,140CV,coches.net,furgoneta
Fiat,Ducato,14400,2019.0,172300,Hybrid,manual,127,coches.net,furgoneta
Fiat,Scudo,17300,2020.0,161100,Diesel,MANUAL,120,coches.net,furgoneta
Iveco,Daily,24500,2024.0,25000,GLP/Gasolina,DSG,110,coches.net,furgoneta
Fiat,Doblo Cargo,8600,2019.0,191200,Gasoil,manual,105,coches.net,furgoneta
Peugeot,Partner,18000,2022.0,69700,GASOLINA,M,115,coches.net,furgoneta
Opel,Movano,,2022.0,61800,Eléctrico,MANUAL,163 CV,coches.net,furgoneta
Iveco,Daily,24400,2019.0,177000,Diésel,M,150,coches.net,furgoneta
Fiat,Doblo Cargo,10900,2021.0,103500,Gasolina,Manual,105,coches.net,furgoneta
Renault,Kangoo,22400,2022.0,76500,Diésel,Manual,100,coches.net,furgoneta
Ford,Transit Courier,,2017.0,220900,gasolina,M6,105,coches.net,furgoneta
Citroën,Berlingo,26500,2023.0,42500,Diesel,manual,105 CV,coches.net,furgoneta
Hyundai,H350,,2021.0,108600,Gasoil,Automático,170,coches.net,furgoneta
Citroën,Berlingo,28100,2024.0,23000,Electric,M,136,coches.net,furgoneta
Opel,Combo,33200,2024.0,22200,Gasoil,MANUAL,110,coches.net,furgoneta
Iveco,Daily,20000,2019.0,150200,Gas Natural,manual,130,coches.net,furgoneta
Renault,Master,19300,2023.0,57300,GASOLINA,Auto,130,coches.net,furgoneta
Ford,Transit Connect,20200,2022.0,,DIESEL,M,70,coches.net,furgoneta
Mercedes-Benz,Vito,29100,2021.0,94900,DIESEL,Automática,90,coches.net,furgoneta
Mercedes-Benz,Sprinter,16800,2016.0,267300,diesel,Manual,140,coches.net,furgoneta
Peugeot,Boxer,26600,2023.0,53100,Electrico,Manual,130,coches.net,furgoneta
Ford,Transit,26200,2023.0,45300,Gasoil,Manual,,coches.net,furgoneta
Peugeot,Boxer,25400,2021.0,114400,Diésel,,135,coches.net,furgoneta
Ford,Transit Courier,28000,2023.0,44500,gasoil,Automática,80,coches.net,furgoneta
Citroën,Berlingo,13200,2018.0,91500,Gasoil,M,95,coches.net,furgoneta
Opel,Vivaro,23900,20.0,136400,gasoil,MANUAL,125,coches.net,furgoneta
Opel,Movano,26800,2023.0,50400,Diésel,M6,163,coches.net,furgoneta
Renault,Master,15000,2020.0,148200,Diesel,Manual,135,coches.net,furgoneta
Mercedes-Benz,Vito,22900,2022.0,73300,Diésel,Manual,90,coches.net,furgoneta
Renault,Kangoo,31500,2023.0,60600,Eléctrico,Auto,90,coches.net,furgoneta
Renault,Kangoo,24900,2021.0,91900,Hybrid,manual,75,coches.net,furgoneta
Nissan,NV400,7500,2016.0,223600,Gas Natural,M6,110,coches.net,furgoneta
Hyundai,Staria,7500,2017.0,192600,MHEV,M,177,coches.net,furgoneta
Toyota,Proace,26600,2024.0,25500,gasoil,AT,,coches.net,furgoneta
Ford,Transit,24000,2022.0,75200,Gasolina,M,130,coches.net,furgoneta
Toyota,Proace,19500,2020.0,163500,DIESEL,AT,125,coches.net,furgoneta
Peugeot,Expert,"19900,00",2021.0,102200,DIESEL,Manual,145,coches.net,furgoneta
Mercedes-Benz,Vito,19100,2018.0,,Diésel,M,130,coches.net,furgoneta
Ford,Transit Courier,23800,2024.0,16400,gasoil,Manual,75CV,coches.net,furgoneta
Citroën,Berlingo,22300,2022.0,97000,gasolina,Manual,105,coches.net,furgoneta
Renault,Trafic,24200,2020.0,127300,Gasoil,AT,120,coches.net,furgoneta
Opel,Vivaro,7500,2022.0,70200,Híbrido,MANUAL,,coches.net,furgoneta
Nissan,NV400,15000,2019.0,162000,Diésel,Manual,145,coches.net,furgoneta
Citroën,Berlingo,24500,2020.0,162000,Eléctrico,manual,131,coches.net,furgoneta
Iveco,Daily,20500,2021.0,99200,Gasoil,DSG,110,coches.net,furgoneta
Volkswagen,Crafter,28400,2021.0,125100,,M6,140,coches.net,furgoneta
Ford,Transit Courier,22300,2023.0,48100,Diesel,MANUAL,80,coches.net,furgoneta
Fiat,Doblo Cargo,17400,2021.0,68700,Gasoil,manual,105,coches.net,furgoneta
Opel,Movano,38400,2024.0,22500,DIESEL,automático,163,coches.net,furgoneta
Mercedes-Benz,Citan,22600,2023.0,54800,Diésel,MANUAL,102,coches.net,furgoneta
Nissan,NV200,7700,2015.0,306000,gasoil,M6,110,coches.net,furgoneta
Mercedes-Benz,Vito,36900,2022.0,47500,diesel,DSG,90,coches.net,furgoneta
Mercedes-Benz,Citan,26900,2022.0,87600,Diesel,M,150,coches.net,furgoneta
Ford,Transit,11200,2018.0,260000,DIESEL,M6,110,coches.net,furgoneta
Ford,Transit Connect,18000,2019.0,199600,Gasoil,Manual,70,coches.net,furgoneta
Peugeot,Partner,23500,2019.0,136200,Electrico,M,136,coches.net,furgoneta
Fiat,,23500 €,2022.0,73500,Diésel,M6,115,coches.net,furgoneta
Renault,Kangoo,38800,2024.0,8400,diesel,M,90,coches.net,furgoneta
Mercedes-Benz,Citan,30200,2022.0,97300,gasoil,manual,110,coches.net,furgoneta
Citroën,Jumper,16200,2019.0,99200,Diésel,Automático,125,coches.net,furgoneta
Volkswagen,Caddy,22300,2021.0,102300,diesel,M,102,coches.net,furgoneta
Citroën,Berlingo,18900,2023.0,58800,GASOLINA,MANUAL,110,coches.net,furgoneta
Volkswagen,Caddy,15500,2016.0,296500,Gasoil,MANUAL,75,coches.net,furgoneta
Volkswagen,Crafter,20500,2018.0,198700,diesel,Manual,140,coches.net,furgoneta
Citroën,Berlingo,19200,2019.0,172600,Electrico,M,136,coches.net,furgoneta
Peugeot,Expert,29200 €,2024.0,27900,Diésel,manual,95,coches.net,furgoneta
Renault,Trafic,11000,2018.0,217200,Hybrid,M6,155,coches.net,furgoneta
Iveco,Daily,19200,2022.0,66500km,gasoil,Manual,100,coches.net,furgoneta
Renault,Master,22400,2023.0,48700,diesel,M,175,coches.net,furgoneta
Mercedes-Benz,Sprinter,41900,2024.0,18500,Diesel,manual,120,coches.net,furgoneta
Volkswagen,Transporter,36400,2022.0,66300,Diésel,AT,102,coches.net,furgoneta
Mercedes-Benz,Citan,30300,2024.0,33200,Diesel,manual,75,coches.net,furgoneta
Volkswagen,Caddy,25900,2023.0,36300,Gasoil,M6,107,coches.net,furgoneta
Toyota,Proace City,28000,2024.0,17000,diesel,manual,110,coches.net,furgoneta
Citroën,Berlingo,24200,2023.0,42700,Eléctrico,automático,136,coches.net,furgoneta
Renault,Kangoo,7500,2016.0,258500,diesel,AT,90,coches.net,furgoneta
Renault,Trafic,21600,2021.0,129800,Eléctrico,Automático,120,coches.net,furgoneta
Citroën,Jumper,11500,2019.0,181800,gasoil,manual,155,coches.net,furgoneta
Renault,Master,25200,2024.0,25200,Gasoil,manual,175,coches.net,furgoneta
Hyundai,H350,8800,2019.0,196400,GASOLINA,M6,165,coches.net,furgoneta
Ford,Transit,20700,2022.0,,DIESEL,Automático,125,coches.net,furgoneta
Ford,Transit,31000,,,GASOLINA,AT,,coches.net,furgoneta
Ford,Transit Connect,19100,2022.0,60400,DIESEL,Manual,120 CV,coches.net,furgoneta
Citroën,Berlingo,13800,2021.0,96800,Gasolina,MANUAL,115 CV,coches.net,furgoneta
Mercedes-Benz,Sprinter,42900,2024.0,19200,DIESEL,MANUAL,90,coches.net,furgoneta
Toyota,Proace,29500,2024.0,19400,gasoil,manual,125,coches.net,furgoneta
Mercedes-Benz,Vito,34500,2024.0,33000,Diesel,M6,,coches.net,furgoneta
Renault,Master,7500,2016.0,276500,Diesel,M,135,coches.net,furgoneta
Renault,Master,27300,2023.0,39400,GASOLINA,M6,145,coches.net,furgoneta
Volkswagen,Caddy,35800,2024.0,30100,gasoil,AT,102,coches.net,furgoneta
Volkswagen,,22200,2021.0,94100,DIESEL,automático,204,coches.net,furgoneta
Renault,Master,26300,21.0,89800,Diésel,M,110,coches.net,furgoneta
Volkswagen,Crafter,7500,2015.0,298900,diesel,MANUAL,102,coches.net,furgoneta
Renault,Master,18000,2023.0,53300,DIESEL,automático,140,coches.net,furgoneta
Nissan,Primastar,19600,2021.0,95000,Eléctrico (BEV),manual,114,coches.net,furgoneta
Iveco,Daily,7500,2015.0,251600 km,gasoil,MANUAL,140,coches.net,furgoneta
Ford,Transit Connect,29900,2023.0,50300,DIESEL,M,105,coches.net,furgoneta
Mercedes-Benz,Sprinter,18700,2017.0,240700,gasoil,M,75,coches.net,furgoneta
Opel,Vivaro,11100,2018.0,201600,Diesel,M6,120,coches.net,furgoneta
Peugeot,Expert,18900,2023.0,42900,diesel,M6,150,coches.net,furgoneta
Ford,Transit Courier,21800,2021.0,111400km,Híbrido,MANUAL,70,coches.net,furgoneta
Fiat,Ducato,25000,2023.0,45900,Hibrido,MANUAL,135,coches.net,furgoneta
Mercedes-Benz,Citan,7500,2019.0,168600,diesel,DSG,150,coches.net,furgoneta
Ford,Transit Courier,12700,2017.0,166400,Gasoil,MANUAL,75,coches.net,furgoneta
MAN,TGE,20600,2019.0,131600 km,DIESEL,manual,140,coches.net,furgoneta
Hyundai,H350,22200,2020.0,154900 km,Gasoil,MANUAL,131,coches.net,furgoneta
Mercedes-Benz,Vito,24300,2022.0,52600,diesel,MANUAL,100,coches.net,furgoneta
Opel,Movano,11000 €,2017.0,258200,diesel,automático,,coches.net,furgoneta
Citroën,Jumper,24600,2023.0,44300,Diesel,MANUAL,160,coches.net,furgoneta
Fiat,Doblo Cargo,16200,2019.0,151400,Diesel,M,90,coches.net,furgoneta
Hyundai,H350,20800,2022.0,54800,Diésel,DSG,165,coches.net,furgoneta
Mercedes-Benz,Sprinter,33000,2023.0,34900,diesel,manual,120,coches.net,furgoneta
Opel,Vivaro,30700,2023.0,41300,gasoil,M,185,coches.net,furgoneta
Peugeot,Boxer,18700,2020.0,144700,Gasoil,Auto,130,coches.net,furgoneta
Ford,Transit Courier,25700,2023.0,39500 km,gasolina,manual,105,coches.net,furgoneta
Ford,Transit,28700,2024.0,18000,diesel,M,,coches.net,furgoneta
Nissan,NV400,34700,2022.0,78000,Electrico,manual,110,coches.net,furgoneta
Volkswagen,Crafter,28800,2021.0,96800,Diésel,Auto,97,coches.net,furgoneta
Nissan,NV400,25300 €,2020.0,93500,DIESEL,M,110,coches.net,furgoneta
Mercedes-Benz,Vito,48400,2024.0,18600,gasolina,manual,100,coches.net,furgoneta
Citroën,Jumpy,22500,2023.0,31200,DIESEL,M,,coches.net,furgoneta
Fiat,Doblo Cargo,29600,2021.0,84600,Electrico,Manual,90,coches.net,furgoneta
Volkswagen,Transporter,27800,2020.0,147200,GLP/Gasolina,MANUAL,115,coches.net,furgoneta
Hyundai,H350,20200,2022.0,82400,,AT,136,coches.net,furgoneta
Peugeot,Expert,9200,2015.0,291500,DIESEL,M,105,coches.net,furgoneta
Nissan,Primastar,21200,2020.0,82100,Diésel,M6,114,coches.net,furgoneta
Renault,Kangoo,23300,2020.0,127000,Eléctrico,MANUAL,90,coches.net,furgoneta
Renault,Kangoo,29200,2022.0,66500,Electrico,M6,85,coches.net,furgoneta
MAN,TGE,19400,2018.0,89800,Gasolina,M,145 CV,coches.net,furgoneta
Citroën,Jumpy,20700,2021.0,103200,GLP/Gasolina,MANUAL,115 CV,coches.net,furgoneta
Mercedes-Benz,Citan,36700,2023.0,54700,DIESEL,Manual,100,coches.net,furgoneta
Opel,Combo,16800,2021.0,80900,gasoil,MANUAL,100,coches.net,furgoneta
Ford,Transit Courier,28200,2021.0,99500,Gasolina,M6,100,coches.net,furgoneta
Renault,Trafic,25200,2024.0,19900,diesel,Automática,90,coches.net,furgoneta
Fiat,Doblo Cargo,19900,2024.0,18600,diesel,automático,95,coches.net,furgoneta
Renault,Master,26300,2023.0,59000,gasoil,MANUAL,140,coches.net,furgoneta
Nissan,Primastar,16300,2019.0,175700,gasoil,M6,109,coches.net,furgoneta
Mercedes-Benz,Citan,16300,2019.0,192800,GLP,M6,102,coches.net,furgoneta
Renault,Master,19200,2020.0,118300,Eléctrico,Auto,175,coches.net,furgoneta
Renault,Trafic,23600,2022.0,59100,Eléctrico,M,125,coches.net,furgoneta
Ford,Transit Courier,24500,2023.0,24800 km,Gasolina,M,100,coches.net,furgoneta
Nissan,NV300,22800,2020.0,,Diésel,DSG,120,coches.net,furgoneta
Ford,Transit,31300,2022.0,81100,Electric,Manual,130,coches.net,furgoneta
Renault,Kangoo,26800,2024.0,23900,Diesel,Automática,100,coches.net,furgoneta
Ford,Transit,23500,2021.0,94500,Gasolina,M,155,coches.net,furgoneta
Peugeot,Expert,9900,2021.0,93900,DIESEL,Manual,100,coches.net,furgoneta
Peugeot,Boxer,28600,2023.0,41800,gasoil,Manual,130,coches.net,furgoneta
Citroën,Jumper,20300,2021.0,99700,Eléctrico (BEV),M,155,coches.net,furgoneta
Volkswagen,Caddy,11500,2017.0,208500,gasoil,Automático,75,coches.net,furgoneta
Ford,Transit,23500,2021.0,94600,Gasoil,DSG,125,coches.net,furgoneta
Mercedes-Benz,Citan,24100,2021.0,89600 km,Diésel,manual,120,coches.net,furgoneta
Fiat,Scudo,21500,2024.0,25400,Gasoil,Automática,115,coches.net,furgoneta
Hyundai,H350,20100,2021.0,111000,diesel,MANUAL,175,coches.net,furgoneta
Opel,Vivaro,23900,2021.0,,Híbrido,Auto,100,coches.net,furgoneta
Renault,Kangoo,24800,22.0,,Eléctrico,Manual,85,coches.net,furgoneta
Iveco,Daily,21600,2019.0,119100,Diésel,M6,120,coches.net,furgoneta
Ford,Transit Courier,17000,,,GASOLINA,Automático,105,coches.net,furgoneta
Renault,Kangoo,30300,2024.0,26300,Gasoil,M,70,coches.net,furgoneta
Iveco,Daily,23700 €,2022.0,58500,Diésel,M6,102,coches.net,furgoneta
Mercedes-Benz,Citan,35700,2023.0,45200,Gasolina,MANUAL,120,coches.net,furgoneta
Mercedes-Benz,Vito,24700,2022.0,69800,gasoil,M6,150,coches.net,furgoneta
Ford,Transit Courier,34400,2024.0,24100,Gasoil,DSG,75,coches.net,furgoneta
Citroën,Berlingo,39100,2024.0,15900,Eléctrico (BEV),AT,141,coches.net,furgoneta
Mercedes-Benz,Vito,13900,2018.0,260000,DIESEL,AT,120 CV,coches.net,furgoneta
Mercedes-Benz,Vito,24800,22.0,86100,Diésel,Automática,102,coches.net,furgoneta
Renault,Trafic,36500,2024.0,22500,diesel,M6,155,coches.net,furgoneta
Maxus,Deliver 9,16200,2021.0,93500,GASOLINA,M,145,coches.net,furgoneta
Fiat,Scudo,22100,2023.0,43800,DIESEL,M,150 CV,coches.net,furgoneta
Volkswagen,Caddy,15000,2016.0,251300km,GASOLINA,M6,114,coches.net,furgoneta
Opel,Combo,30100,2024.0,23500,Autogás,M6,110,coches.net,furgoneta
Citroën,Jumpy,8900,2015.0,329000,diesel,M,155,coches.net,furgoneta
Opel,Vivaro,29500,2024.0,18000,Autogás,M,120,coches.net,furgoneta
Citroën,Berlingo,15900,2017.0,203500,EV,Manual,136,coches.net,furgoneta
Renault,Master,16500,21.0,112900,Diesel,manual,180,coches.net,furgoneta
Iveco,Daily,29400,2021.0,102800,Eléctrico (BEV),M6,150,coches.net,furgoneta
Nissan,NV300,24500,2024.0,18300,gasolina,Auto,120,coches.net,furgoneta
Opel,Vivaro,19200,2021.0,58200,Gasoil,manual,100,coches.net,furgoneta
Ford,Transit Connect,27500,2020.0,107800,Electrico,DSG,,coches.net,furgoneta
Ford,Transit Courier,23600,2020.0,131800,Diésel,MANUAL,75,coches.net,furgoneta
Fiat,Doblo Cargo,28400,2023.0,44400,,Manual,90,coches.net,furgoneta
Renault,Kangoo,17800,2023.0,49100,Gasoil,MANUAL,70,coches.net,furgoneta
Renault,Master,10200,2017.0,186200,Diésel,Manual,105,coches.net,furgoneta
Mercedes-Benz,Sprinter,37800,2024.0,25500,Diésel,Manual,130,coches.net,furgoneta
Volkswagen,Transporter,19000,2020.0,103700,diesel,MANUAL,102,coches.net,furgoneta
Renault,Trafic,27100,2024.0,24300,Diesel,M6,85,coches.net,furgoneta
Peugeot,Boxer,13500,2019.0,146200,diesel,M,160,coches.net,furgoneta
Volkswagen,Crafter,29600,2024.0,24400,Diésel,manual,177,coches.net,furgoneta
Peugeot,Expert,21000,2022.0,71500,Diesel,M6,,coches.net,furgoneta
Renault,Master,20600,2024.0,20600km,Gasoil,M,185,coches.net,furgoneta
Opel,Movano,29100,2024.0,20300,diesel,manual,110,coches.net,furgoneta
Renault,Master,29800,2024.0,23900,gasoil,MANUAL,180,coches.net,furgoneta
Opel,Combo,22600,2022.0,72700,Diesel,Manual,100,coches.net,furgoneta
Ford,Transit Connect,21400,2021.0,93100,Gasoil,Automática,100,coches.net,furgoneta
Nissan,NV400,23100 €,2020.0,147600,Gasoil,manual,145,coches.net,furgoneta
Toyota,Proace City,11800,2016.0,289000,Diésel,MANUAL,95,coches.net,furgoneta
Nissan,NV400,19900,2024.0,26100,diesel,M6,115,coches.net,furgoneta
Nissan,Primastar,34000,2024.0,18800,gasoil,MANUAL,114,coches.net,furgoneta
Mercedes-Benz,Citan,25100,2023.0,33100,Diésel,M6,90,coches.net,furgoneta
Renault,Trafic,30500,2023.0,40800,gasoil,M6,150,coches.net,furgoneta
Peugeot,Partner,28600,2021.0,66600,Eléctrico (BEV),manual,141,coches.net,furgoneta
Opel,Movano,25000,,,DIESEL,manual,110,coches.net,furgoneta
Fiat,Ducato,27500,2021.0,95100,Electrico,MANUAL,127,coches.net,furgoneta
Toyota,Proace City,21000,2021.0,,gasolina,Automático,115CV,coches.net,furgoneta
Iveco,Daily,29000,2024.0,21100,GASOLINA,MANUAL,130,coches.net,furgoneta
Renault,Kangoo,8200,2016.0,209800,diesel,manual,70,coches.net,furgoneta
Peugeot,Partner,31600,2023.0,43900,Electrico,MANUAL,136,coches.net,furgoneta
Renault,Master,16500,2017.0,,GASOLINA,Manual,140,coches.net,furgoneta
Mercedes-Benz,Vito,37900,2022.0,87900,Electric,Manual,110,coches.net,furgoneta
Renault,Kangoo,22600,2024.0,29400,Diesel,MANUAL,90,coches.net,furgoneta
Ford,Transit Courier,26300,2023.0,35800km,EV,manual,70,coches.net,furgoneta
Citroën,Jumpy,27000,2023.0,48400,gasoil,AT,150,coches.net,furgoneta
Mercedes-Benz,Vito,32600,2022.0,74400,,,102,coches.net,furgoneta
Opel,Combo,17600,2021.0,64400,Diesel,M,115,coches.net,furgoneta
Iveco,Daily,34500,2023.0,63800,gasolina,M6,120,coches.net,furgoneta
Citroën,Berlingo,15700,2022.0,69000,diesel,MANUAL,100,coches.net,furgoneta
Nissan,,19300,2021.0,,DIESEL,Auto,100,coches.net,furgoneta
Mercedes-Benz,Sprinter,19900,2019.0,129100,diesel,MANUAL,130,coches.net,furgoneta
Toyota,Proace City,33100,24.0,15300,Híbrido,M6,110,coches.net,furgoneta
Volkswagen,Transporter,23800,2023.0,57500,Eléctrico (BEV),Automática,110,coches.net,furgoneta
Ford,Transit,15700,2020.0,111500,gasoil,Automático,135,coches.net,furgoneta
Toyota,Proace City,26900,2022.0,83600,diesel,AT,115,coches.net,furgoneta
Citroën,Jumper,16500,2021.0,80200km,Hibrido,MANUAL,135,coches.net,furgoneta
Peugeot,Partner,20300,2021.0,95400,GASOLINA,MANUAL,110,coches.net,furgoneta
Opel,Movano,8900,2015.0,283100,GLP/Gasolina,automático,145,coches.net,furgoneta
Ford,Transit Courier,12100,2017.0,300000,diesel,manual,70,coches.net,furgoneta
Peugeot,Partner,8800,2016.0,311900,Electric,Manual,136,coches.net,furgoneta
Peugeot,Boxer,8500,2017.0,241400,MHEV,MANUAL,160,coches.net,furgoneta
Volkswagen,Crafter,39700,2024.0,12300,EV,AT,140,coches.net,furgoneta
Opel,Combo,36600,2024.0,20100,Diésel,M6,115,coches.net,furgoneta
Toyota,Proace,24000,2020.0,145000,Hybrid,MANUAL,120,coches.net,furgoneta
Peugeot,Expert,16300,17.0,300000,Híbrido,manual,100,coches.net,furgoneta
Ford,Transit Connect,24000,2023.0,69500,Diesel,manual,120,coches.net,furgoneta
Citroën,Berlingo,19100 €,2023.0,45900,Electric,MANUAL,136CV,coches.net,furgoneta
Volkswagen,Transporter,10100,2017.0,165600,Gasoil,M,115,coches.net,furgoneta
Hyundai,H350,13800,2022.0,65600 km,Hybrid,MANUAL,131,coches.net,furgoneta
Mercedes-Benz,Citan,23900,2020.0,134600,Eléctrico (BEV),Manual,130,coches.net,furgoneta
Hyundai,Staria,14700,2022.0,85400,Diesel,M6,177,coches.net,furgoneta
Mercedes-Benz,Vito,29500,2022.0,70100,Diésel,manual,75,coches.net,furgoneta
Renault,Kangoo,21600,2021.0,75200,Gasoil,AT,100,coches.net,furgoneta
Fiat,Scudo,25800,2023.0,47500,Gasoil,automático,150,coches.net,furgoneta
Nissan,NV300,26800,2021.0,80200,gasoil,MANUAL,115,coches.net,furgoneta
Mercedes-Benz,Sprinter,20900,2022.0,62700,Diésel,Manual,150,coches.net,furgoneta
Iveco,Daily,24900,2023.0,51000,Diesel,M,102,coches.net,furgoneta
Iveco,Daily,31200,2022.0,74000,DIESEL,M,150,coches.net,furgoneta
Ford,Transit Connect,31800,2023.0,39800,Diesel,M,95,coches.net,furgoneta
Hyundai,Staria,25900,2021.0,127200,,M6,177,coches.net,furgoneta
Nissan,NV300,14500,2015.0,330900,Diésel,M,95 CV,coches.net,furgoneta
Iveco,Daily,,2015.0,264500,diesel,M,130,coches.net,furgoneta
Nissan,NV400,10000 €,2018.0,196000,gasoil,MANUAL,105,coches.net,furgoneta
MAN,TGE,31400,2023.0,29200,Eléctrico,Manual,102,coches.net,furgoneta
MAN,TGE,7500,2017.0,131100,diesel,M6,102,coches.net,furgoneta
Nissan,NV200,28200,2024.0,14600,Autogás,Manual,115,coches.net,furgoneta
Nissan,NV200,13300,2018.0,161800,Gasoil,Auto,95,coches.net,furgoneta
Mercedes-Benz,Citan,,2016.0,283800,Diésel,MANUAL,75,coches.net,furgoneta
Toyota,Proace City,21000,2020.0,128300,Diesel,manual,100,coches.net,furgoneta
Peugeot,Expert,20800,2023.0,50000,Gasoil,manual,155,coches.net,furgoneta
Maxus,Deliver 9,22000,20.0,108700,Eléctrico (BEV),manual,120,coches.net,furgoneta
Hyundai,H350,29300,2024.0,20300,Diésel,Automática,136,coches.net,furgoneta
Peugeot,Boxer,23900,2023.0,53200 km,Gasoil,M6,130,coches.net,furgoneta
Renault,Trafic,24800,2024.0,19400,gasoil,DSG,90,coches.net,furgoneta
Nissan,NV300,11300,2021.0,91600,Diesel,Manual,95,coches.net,furgoneta
Toyota,Proace,39500,2023.0,50100,Eléctrico (BEV),M,141,coches.net,furgoneta
Volkswagen,Transporter,25500,2021.0,113800,gasoil,M,204,coches.net,furgoneta
MAN,TGE,9500,2017.0,277000,gasoil,Automática,135,coches.net,furgoneta
Volkswagen,Caddy,38200,2022.0,74400,gasolina,Manual,102,coches.net,furgoneta
Ford,Transit Connect,9100,2016.0,283600,Diesel,M,100,coches.net,furgoneta
Nissan,NV400,23500,2021.0,86600,DIESEL,Auto,140,coches.net,furgoneta
Toyota,Proace,40100,2024.0,23200,Eléctrico (BEV),MANUAL,141,coches.net,furgoneta
Fiat,Doblo Cargo,7500,2016.0,263600,DIESEL,Automático,105,coches.net,furgoneta
Renault,Trafic,14800,2018.0,251400,diesel,MANUAL,145,coches.net,furgoneta
Renault,Kangoo,28400,2024.0,23300km,Diésel,automático,75,coches.net,furgoneta
Renault,Kangoo,24900,2024.0,17800,Eléctrico (BEV),MANUAL,95,coches.net,furgoneta
Citroën,Jumper,19800,2019.0,194100,Gasoil,Manual,130,coches.net,furgoneta
Volkswagen,Caddy,21000,2023.0,51900,diesel,Manual,80,coches.net,furgoneta
MAN,TGE,22800,2020.0,140200,Hibrido,Automático,140,coches.net,furgoneta
Nissan,NV200,30500,2022.0,75200,Eléctrico,manual,,coches.net,furgoneta
Mercedes-Benz,Citan,39300,2022.0,81400,Diesel,,110,coches.net,furgoneta
Ford,Transit Connect,38100,2023.0,36200,Diesel,Automática,,coches.net,furgoneta
Volkswagen,Transporter,39600,2024.0,18800,Gasoil,,115,coches.net,furgoneta
Ford,Transit,32700 €,2023.0,42100,Eléctrico (BEV),Manual,160,coches.net,furgoneta
Opel,Combo,14500,2022.0,60500,Híbrido,AT,95,coches.net,furgoneta
Iveco,Daily,14200,2019.0,93800,gasoil,M6,102,coches.net,furgoneta
Nissan,Primastar,29000,2024.0,23500,Diésel,Automática,114,coches.net,furgoneta
Maxus,EV80,34200,2024.0,23300,Electrico,M6,120,coches.net,furgoneta
MAN,TGE,16600,2020.0,160300,Diesel,M,102,coches.net,furgoneta
Fiat,Ducato,17200,2019.0,142600,GASOLINA,MANUAL,127,coches.net,furgoneta
Fiat,Ducato,23600,2020.0,110300,Gasoil,M,160,coches.net,furgoneta
Ford,Transit Connect,25200,2023.0,47700,diesel,DSG,75,coches.net,furgoneta
Citroën,Berlingo,22300,2019.0,168200 km,Gasolina,AT,110,coches.net,furgoneta
Renault,Master,18800,2019.0,124400,DIESEL,M6,110,coches.net,furgoneta
Opel,Combo,23300,2023.0,55900,GASOLINA,Manual,105,coches.net,furgoneta
Nissan,NV200,27100,2023.0,55400,DIESEL,Manual,110,coches.net,furgoneta
Fiat,Scudo,20900,2024.0,23100,gasoil,automático,120,coches.net,furgoneta
Renault,Kangoo,31000,2023.0,54000,Diésel,AT,90,coches.net,furgoneta
Opel,Vivaro,29000,2023.0,48000,Diesel,Manual,180,coches.net,furgoneta
Nissan,NV200,25300,2020.0,78000,GASOLINA,AT,105,coches.net,furgoneta
Citroën,Jumpy,20600,2022.0,65600,GASOLINA,M6,100,coches.net,furgoneta
Hyundai,Staria,18000,2021.0,87300,diesel,manual,177,coches.net,furgoneta
Ford,Transit Connect,11500,2021.0,112200,GNC,M,100,coches.net,furgoneta
Ford,Transit Connect,38300,2024.0,23400,Gasoil,DSG,100,coches.net,furgoneta
Renault,Trafic,28400,2022.0,69900,Eléctrico (BEV),Manual,90,coches.net,furgoneta
Opel,Combo,29400,,,gasoil,MANUAL,110,coches.net,furgoneta
MAN,TGE,19800,2020.0,95600,Diesel,Automática,140,coches.net,furgoneta
Mercedes-Benz,Vito,15300,2020.0,96800,Diesel,automático,110,coches.net,furgoneta
Renault,Kangoo,28400,2023.0,48400,Eléctrico,M6,95,coches.net,furgoneta
Opel,Vivaro,38400,24.0,13500,Gasoil,manual,100CV,coches.net,furgoneta
Citroën,Berlingo,23500,2022.0,63600,Electric,M,136,coches.net,furgoneta
Volkswagen,Transporter,27500,2020.0,113100,Autogás,MANUAL,105,coches.net,furgoneta
Citroën,Berlingo,9000,2020.0,97300,DIESEL,Automática,95,coches.net,furgoneta
Fiat,Doblo Cargo,18900,2022.0,70800,Diésel,M6,100,coches.net,furgoneta
MAN,TGE,31900,2021.0,71900,Eléctrico,Manual,140,coches.net,furgoneta
Fiat,Scudo,28800,2022.0,57200 km,Gasoil,manual,115,coches.net,furgoneta
Peugeot,Partner,14900,2022.0,48800,gasoil,M,100,coches.net,furgoneta
Hyundai,H350,10200,2021.0,100300 km,Diésel,manual,175,coches.net,furgoneta
Mercedes-Benz,Vito,30900,2021.0,79400,DIESEL,M6,90,coches.net,furgoneta
Opel,Combo,25500,2024.0,19800,Diésel,M6,105,coches.net,furgoneta
Peugeot,Boxer,12900,2019.0,220000,DIESEL,manual,,coches.net,furgoneta
Mercedes-Benz,Sprinter,,2020.0,117800,EV,Automática,90,coches.net,furgoneta
Citroën,Jumpy,8600,2015.0,249500,Híbrido,DSG,155,coches.net,furgoneta
Ford,Transit,18300,2022.0,89800,gasoil,Automática,175,coches.net,furgoneta
Volkswagen,Transporter,40400,2022.0,80600,Electric,MANUAL,204,coches.net,furgoneta
Ford,Transit Courier,14200,2020.0,118200,DIESEL,MANUAL,80,coches.net,furgoneta
Renault,Kangoo,8400,2017.0,176900,Gasoil,Automática,75,coches.net,furgoneta
Ford,Transit,25200,2022.0,71400,Gasoil,M,155,coches.net,furgoneta
Maxus,Deliver 9,12700,2020.0,153300,Gasoil,Auto,150,coches.net,furgoneta
Hyundai,H350,10300,2017.0,212700,Gasolina,Auto,136,coches.net,furgoneta
Opel,Movano,20400,2021.0,89600,Diesel,M,150,coches.net,furgoneta
Opel,Vivaro,11200,2018.0,181200,Diesel,M,120,coches.net,furgoneta
Hyundai,H350,28000,2022.0,46500 km,diesel,Manual,175,coches.net,furgoneta
Nissan,NV300,10600,2019.0,130500,Diésel,DSG,95,coches.net,furgoneta
Mercedes-Benz,Sprinter,17300,2016.0,119800,Diésel,Manual,75,coches.net,furgoneta
Hyundai,Staria,21500,2020.0,91000,Electric,M,172,coches.net,furgoneta
Volkswagen,Transporter,22300,2019.0,104000,EV,AT,,coches.net,furgoneta
Nissan,NV200,24200,2022.0,69300,Electric,Manual,110,coches.net,furgoneta
Toyota,Proace City,39800,2024.0,24000,Gasolina,MANUAL,,coches.net,furgoneta
Renault,Master,23000,,,Hybrid,MANUAL,150,coches.net,furgoneta
Mercedes-Benz,Sprinter,28900,2020.0,97400,DIESEL,MANUAL,75,coches.net,furgoneta
Maxus,Deliver 9,7900,2015.0,369400 km,Eléctrico (BEV),manual,115,coches.net,furgoneta
Renault,Kangoo,25400,2024.0,15500,Gasoil,M6,95,coches.net,furgoneta
Citroën,Jumper,21000,2023.0,57400,gasoil,AT,160,coches.net,furgoneta
Nissan,NV200,27800,2022.0,63100,Diésel,M,110,coches.net,furgoneta
Volkswagen,Transporter,26400,2022.0,85200,Gasoil,M,97,coches.net,furgoneta
Mercedes-Benz,Citan,40800,2021.0,124300,Diésel,Automática,102,coches.net,furgoneta
Ford,Transit,23300,2024.0,26700,gasoil,manual,130,coches.net,furgoneta
Peugeot,Partner,18500,2019.0,133900km,Gasoil,M6,100,coches.net,furgoneta
Citroën,Jumpy,15100,2018.0,207200,DIESEL,M6,120,coches.net,furgoneta
Ford,Transit Courier,"26400,00",2022.0,53800,GASOLINA,M6,95,coches.net,furgoneta
Renault,Master,28600,2024.0,32500,Gasoil,manual,135,coches.net,furgoneta
Ford,Transit Connect,20300,2022.0,68900,Eléctrico (BEV),,75,coches.net,furgoneta
Volkswagen,Caddy,12400,2016.0,261600,Gasolina,M6,114,coches.net,furgoneta
Ford,Transit,36300,2023.0,55500,EV,manual,125,coches.net,furgoneta
Peugeot,Boxer,23700,2018.0,184400,Diesel,Auto,145,coches.net,furgoneta
Iveco,Daily,20100,2020.0,135500,Gasoil,manual,130,coches.net,furgoneta
Fiat,Ducato,23900,2024.0,22200,DIESEL,M,160,coches.net,furgoneta
Nissan,NV300,16100,2018.0,183200,Hibrido,MANUAL,120,coches.net,furgoneta
Ford,Transit Connect,27800,2022.0,74400,Diésel,M,100 CV,coches.net,furgoneta
Volkswagen,Transporter,25900,2023.0,42200,Diésel,M,115,coches.net,furgoneta
Toyota,Proace,16400,2020.0,112200,EV,manual,131,coches.net,furgoneta
Renault,Kangoo,18700,2020.0,96500,Electrico,Automática,90,coches.net,furgoneta
Hyundai,H350,13000,2020.0,170900,DIESEL,manual,131,coches.net,furgoneta
Peugeot,Boxer,14200,2015.0,288300,Diésel,M6,160,coches.net,furgoneta
Ford,Transit Connect,10100,2019.0,138300,,Auto,75,coches.net,furgoneta
Iveco,Daily,28500,2023.0,52200,Diésel,M6,150,coches.net,furgoneta
MAN,TGE,12000,2016.0,249900,gasoil,Manual,102,coches.net,furgoneta
Mercedes-Benz,Vito,34100,2023.0,57600,Eléctrico (BEV),M,120,coches.net,furgoneta
Fiat,Scudo,22600,2024.0,21300,Diésel,manual,125,coches.net,furgoneta
Citroën,Jumpy,13100,2021.0,128000,Diesel,manual,145,coches.net,furgoneta
MAN,TGE,34200,2023.0,47900,Gasoil,manual,97,coches.net,furgoneta
Mercedes-Benz,Vito,19700,2016.0,190100,Diésel,AT,102,coches.net,furgoneta
Mercedes-Benz,Vito,37300,2023.0,51800,diesel,M,150,coches.net,furgoneta
Peugeot,Partner,11600,2019.0,183800,GASOLINA,M,110,coches.net,furgoneta
Opel,Combo,19300,2021.0,,DIESEL,MANUAL,105,coches.net,furgoneta
Opel,Vivaro,22600,2021.0,97800,Diésel,M6,115,coches.net,furgoneta
Ford,Transit Courier,16000,2023.0,54700,Diesel,M,75,coches.net,furgoneta
Renault,Trafic,16900,2022.0,99400,Diesel,M6,120,coches.net,furgoneta
Opel,Movano,"20200,00",2020.0,154000,Gasolina,Manual,105,coches.net,furgoneta
Renault,Kangoo,25000,2023.0,40800,Eléctrico,DSG,90,coches.net,furgoneta
Ford,Transit Connect,13400,2017.0,220800,diesel,MANUAL,75,coches.net,furgoneta
Citroën,Berlingo,23900,2022.0,57200,Diésel,manual,105,coches.net,furgoneta
Ford,Transit Connect,29200,2024.0,25700,DIESEL,Auto,115,coches.net,furgoneta
Volkswagen,Crafter,14800,,,diesel,MANUAL,140,coches.net,furgoneta
Peugeot,Boxer,17700,2022.0,89000,Gasoil,manual,160,coches.net,furgoneta
Mercedes-Benz,Sprinter,30000,2021.0,88700,Eléctrico,MANUAL,150,coches.net,furgoneta
Ford,Transit Courier,11600,2017.0,239600,Diesel,AT,75,coches.net,furgoneta
Fiat,Doblo Cargo,14400,2019.0,137200,diesel,Manual,105,coches.net,furgoneta
Renault,Master,14800,2016.0,248000,gasoil,Automática,145,coches.net,furgoneta
Toyota,Proace,34700,2023.0,61900,Diésel,manual,120,coches.net,furgoneta
Fiat,Ducato,,2023.0,37700,,MANUAL,160,coches.net,furgoneta
Hyundai,H350,27600,2020.0,94800,gasolina,M6,141,coches.net,furgoneta
Iveco,Daily,13600,2021.0,94500 km,gasoil,M,150,coches.net,furgoneta
Mercedes-Benz,Citan,41300,2022.0,54200 km,Gasoil,M,,coches.net,furgoneta
Iveco,Daily,30600,2019.0,157400,gasoil,AT,,coches.net,furgoneta
Mercedes-Benz,Sprinter,18200,2017.0,219700,Hybrid,MANUAL,75,coches.net,furgoneta
Maxus,Deliver 9,23900,2023.0,56700,DIESEL,manual,150,coches.net,furgoneta
Ford,Transit,13100,2021.0,97700,GASOLINA,MANUAL,125CV,coches.net,furgoneta
Volkswagen,Caddy,30100,2023.0,44100,gasolina,Automática,107,coches.net,furgoneta
Fiat,Doblo Cargo,15800,2022.0,91500,GNC,M6,110,coches.net,furgoneta
Mercedes-Benz,Vito,20400,2021.0,66400,diesel,,90,coches.net,furgoneta
Iveco,Daily,29200,2022.0,86000,Gasolina,M,140 CV,coches.net,furgoneta
Ford,Transit,28100,2022.0,66500 km,diesel,AT,105,coches.net,furgoneta
Citroën,Jumper,26000,2022.0,59200 km,Eléctrico,manual,140,coches.net,furgoneta
Fiat,Scudo,19100,2023.0,45700,diesel,MANUAL,145,coches.net,furgoneta
Renault,Kangoo,22500,2023.0,55100,DIESEL,M6,90,coches.net,furgoneta
Volkswagen,Caddy,26600,2019.0,164500,DIESEL,Manual,70,coches.net,furgoneta
Hyundai,Staria,34100,2021.0,111800,EV,MANUAL,177,coches.net,furgoneta
Mercedes-Benz,Citan,23200,2021.0,88100,GLP/Gasolina,M6,130,coches.net,furgoneta
Peugeot,Partner,20800,2022.0,72500,Electrico,M6,131,coches.net,furgoneta
Citroën,Jumpy,32300,2024.0,21900 km,Eléctrico,M,120,coches.net,furgoneta
Fiat,Scudo,7500,2017.0,221800,Eléctrico,DSG,150CV,coches.net,furgoneta
Volkswagen,Caddy,16300,16.0,209900,diesel,MANUAL,97,coches.net,furgoneta
Renault,Master,19100 €,2019.0,157000,Diesel,manual,110,coches.net,furgoneta
Mercedes-Benz,Sprinter,21700,2021.0,94000,diesel,MANUAL,100,coches.net,furgoneta
Opel,Vivaro,27600,2024.0,29800,gasoil,M6,120,coches.net,furgoneta
Opel,Combo,27400,2021.0,119500,Electric,manual,100,coches.net,furgoneta
Ford,Transit Connect,29300,2023.0,37400,Diesel,Manual,100,coches.net,furgoneta
Peugeot,Boxer,21900,2020.0,133000,Eléctrico (BEV),MANUAL,160,coches.net,furgoneta
Peugeot,Expert,14600,2019.0,128500,Híbrido,manual,120,coches.net,furgoneta
Citroën,Jumpy,15200,2022.0,67300,Gasoil,DSG,100,coches.net,furgoneta
Iveco,Daily,23000,2019.0,174400,Diesel,Auto,90,coches.net,furgoneta
Fiat,Ducato,19600,2020.0,146500,GNC,manual,122,coches.net,furgoneta
Citroën,Jumpy,17500,2022.0,61900,diesel,Manual,155,coches.net,furgoneta
Ford,Transit Connect,34200 €,2022.0,76200,Eléctrico (BEV),Automático,100,coches.net,furgoneta
Toyota,,27600,2021.0,103800,DIESEL,Manual,120CV,coches.net,furgoneta
Toyota,Proace,28400,2023.0,32500,EV,AT,136,coches.net,furgoneta
Volkswagen,Crafter,17300,2022.0,83200,Gas Natural,manual,102,coches.net,furgoneta
Renault,Trafic,32500,2023.0,36800,Diesel,M6,120,coches.net,furgoneta
Citroën,Berlingo,19000,2023.0,47100,gasolina,MANUAL,110,coches.net,furgoneta
Maxus,EV80,20000,2019.0,166000,Eléctrico (BEV),MANUAL,120,coches.net,furgoneta
Peugeot,Boxer,23100,2022.0,58400,Gasoil,Automática,130,coches.net,furgoneta
Opel,Combo,17900,20.0,82900,Diésel,manual,100,coches.net,furgoneta
Iveco,Daily,25400,2024.0,26100,Gasoil,M6,130,coches.net,furgoneta
Nissan,NV200,19300,2021.0,115300,GNC,Automática,90,coches.net,furgoneta
Renault,Kangoo,23000,2023.0,37500,EV,manual,85,coches.net,furgoneta
Citroën,Berlingo,16500,2016.0,220000,Gasolina,Auto,110,coches.net,furgoneta
Volkswagen,Crafter,37700,2024.0,24500,diesel,M6,140,coches.net,furgoneta
Peugeot,Partner,25500,2022.0,78000,diesel,Manual,105,coches.net,furgoneta
Opel,Movano,13500,2016.0,235400,Diesel,Manual,110,coches.net,furgoneta
Nissan,NV200,19200,2019.0,194800 km,gasoil,Automático,105,coches.net,furgoneta
Mercedes-Benz,Sprinter,17200,2017.0,106400,Electric,AT,140,coches.net,furgoneta
Nissan,NV200,,2023.0,35600,Gasoil,manual,,coches.net,furgoneta
Volkswagen,Crafter,13400,2020.0,156700,DIESEL,manual,140,coches.net,furgoneta
Citroën,Berlingo,19200,2021.0,123500,gasolina,Manual,105,coches.net,furgoneta
Ford,Transit Courier,34900,2023.0,66100,EV,automático,75,coches.net,furgoneta
Fiat,Scudo,15900,2019.0,160100,diesel,Manual,140,coches.net,furgoneta
Opel,Movano,,2023.0,44500,gasoil,Automático,140,coches.net,furgoneta
Iveco,Daily,17400,2019.0,,Híbrido,Manual,90,coches.net,furgoneta
Citroën,Jumpy,20100,2024.0,19600,GNC,DSG,150,coches.net,furgoneta
Opel,Movano,23200,2021.0,120900 km,DIESEL,M6,115,coches.net,furgoneta
Maxus,EV80,16200,2019.0,168200,Electric,M,125,coches.net,furgoneta
Ford,Transit Courier,29900,2024.0,25000,Gasolina,Manual,100 CV,coches.net,furgoneta
Citroën,Jumper,22100,2021.0,112800,gasoil,MANUAL,125,coches.net,furgoneta
Volkswagen,Caddy,21100,2021.0,129900,GASOLINA,DSG,119,coches.net,furgoneta
Mercedes-Benz,Vito,23600 €,2022.0,35100,Diesel,M,130,coches.net,furgoneta
Fiat,Scudo,"19200,00",2020.0,104900,Diesel,M,145,coches.net,furgoneta
MAN,TGE,16800,2016.0,339000,DIESEL,M,145,coches.net,furgoneta
Nissan,NV300,29700,2023.0,36100,diesel,Manual,115,coches.net,furgoneta
Peugeot,Partner,19700,2020.0,120800,Eléctrico,,,coches.net,furgoneta
Volkswagen,Crafter,27500,2022.0,79000,Gasoil,M,102,coches.net,furgoneta
Peugeot,Expert,19400,2024.0,19500,DIESEL,manual,100,coches.net,furgoneta
Ford,Transit Connect,22800,2021.0,127900,Hybrid,automático,75,coches.net,furgoneta
Ford,Transit,27800,2023.0,28900,gasoil,M,135,coches.net,furgoneta
Hyundai,Staria,15600,2017.0,280100,Hibrido,M,182,coches.net,furgoneta
Citroën,Jumper,16500,2021.0,84300,Híbrido,manual,130CV,coches.net,furgoneta
Opel,Movano,23100,2020.0,,Diésel,Auto,163,coches.net,furgoneta
Opel,Movano,26600,2021.0,84500,gasoil,Auto,,coches.net,furgoneta
Volkswagen,Transporter,26400,2023.0,48300,Gasoil,Auto,107,coches.net,furgoneta
Fiat,Doblo Cargo,22900,2024.0,21300,DIESEL,MANUAL,110,coches.net,furgoneta
Mercedes-Benz,Citan,12700,2018.0,159500,Diésel,manual,150,coches.net,furgoneta
Renault,Master,14000,2018.0,201500,Diesel,MANUAL,180,coches.net,furgoneta
Renault,Kangoo,23800,2017.0,169700,Electrico,DSG,90,coches.net,furgoneta
Citroën,Jumper,7500,2016.0,195000,Gasolina,Manual,130,coches.net,furgoneta
Mercedes-Benz,Citan,22000,2021.0,73700,Diesel,manual,150,coches.net,furgoneta
Toyota,Proace City,12900,2020.0,147300,gasoil,manual,110,coches.net,furgoneta
Nissan,NV400,26600,2022.0,67500,gasoil,M,145,coches.net,furgoneta
Toyota,Proace,45800,2024.0,29500,,Auto,131,coches.net,furgoneta
Toyota,Proace City,18600,2020.0,98100,Diesel,M6,100,coches.net,furgoneta
Ford,Transit Courier,22300,2021.0,91900,gasolina,manual,100,coches.net,furgoneta
Iveco,Daily,33000,2023.0,48100,diesel,M6,102,coches.net,furgoneta
Volkswagen,Caddy,41400,2024.0,26200,EV,Automático,107,coches.net,furgoneta
Toyota,Proace City,33800,2022.0,57700,EV,M6,100,coches.net,furgoneta
Peugeot,Partner,43900,2024.0,21000,gasolina,automático,105,coches.net,furgoneta
Peugeot,Partner,22200,2021.0,93300,Eléctrico,AT,136,coches.net,furgoneta
Ford,Transit Courier,33800,2024.0,23400 km,GASOLINA,M6,100,coches.net,furgoneta
Renault,Master,,2020.0,120000,Hibrido,M6,110,coches.net,furgoneta
MAN,TGE,23400,2020.0,109700,DIESEL,Auto,135,coches.net,furgoneta
Hyundai,Staria,27600,2023.0,52200,DIESEL,automático,177,coches.net,furgoneta
Renault,Master,19100,2020.0,125700,gasolina,MANUAL,150,coches.net,furgoneta
Ford,Transit Connect,11600,2020.0,122700,EV,Automática,100,coches.net,furgoneta
Renault,Trafic,26300,2024.0,25800,Diésel,Manual,120,coches.net,furgoneta
Ford,Transit,33600,2023.0,58400 km,gasoil,M,135,coches.net,furgoneta
MAN,TGE,14600,2021.0,93600,diesel,M,140,coches.net,furgoneta
Opel,Vivaro,16200,2017.0,229700,Gasoil,Automático,100,coches.net,furgoneta
Fiat,Ducato,18100,2021.0,91300,Gasoil,manual,122,coches.net,furgoneta
Ford,Transit Connect,23100,2021.0,101300,diesel,Manual,120,coches.net,furgoneta
Hyundai,Staria,23300,2022.0,82700,diesel,M6,177,coches.net,furgoneta
Citroën,Jumpy,14600,2018.0,260000,CNG,,100,coches.net,furgoneta
Iveco,Daily,26800,2023.0,44800,diesel,Manual,130,coches.net,furgoneta
Citroën,Jumper,16400,2019.0,168600,Diesel,M,135,coches.net,furgoneta
Hyundai,Staria,21400,2020.0,142800,MHEV,Automático,177,coches.net,furgoneta
Peugeot,Boxer,21300,2020.0,148000,DIESEL,AT,130,coches.net,furgoneta
Citroën,Jumpy,12800,2020.0,107800,Gasoil,Automática,125,coches.net,furgoneta
Citroën,Jumpy,23600,20.0,,gasoil,manual,95,coches.net,furgoneta
MAN,TGE,14300,2018.0,191000km,Diésel,MANUAL,97 CV,coches.net,furgoneta
Nissan,NV200,29100,2024.0,23400,diesel,Manual,90,coches.net,furgoneta
Renault,Kangoo,24300,2022.0,74700,Diésel,M,75,coches.net,furgoneta
Fiat,Scudo,22100,2024.0,14600,Gasoil,DSG,120,coches.net,furgoneta
MAN,TGE,9100,2019.0,164900,Diesel,AT,102,coches.net,furgoneta
Citroën,Jumpy,,2023.0,48900,Gasoil,Automática,115,coches.net,furgoneta
Mercedes-Benz,Citan,43800,2023.0,48800,Electric,MANUAL,90,coches.net,furgoneta
MAN,TGE,22600,2021.0,94500,Diésel,Automática,97 CV,coches.net,furgoneta
Opel,Vivaro,"23800,00",2024.0,20200,Hibrido,M,175,coches.net,furgoneta
MAN,TGE,19700,2023.0,39100,gasoil,M6,102,coches.net,furgoneta
MAN,TGE,27800,2024.0,20200,GNC,M,102,coches.net,furgoneta
Nissan,Primastar,14600,2020.0,146100,diesel,M,114,coches.net,furgoneta
Toyota,Proace City,18100 €,2017.0,195900,Diésel,Manual,115,coches.net,furgoneta
Opel,Vivaro,20800,2022.0,60300,,M6,185,coches.net,furgoneta
Ford,Transit Connect,13900,2017.0,184600 km,diesel,MANUAL,80CV,coches.net,furgoneta
Nissan,NV300,11500,2016.0,262200,DIESEL,M6,95,coches.net,furgoneta
Peugeot,Expert,"26400,00",2022.0,45500,Diesel,manual,95,coches.net,furgoneta
Ford,Transit,8800,2018.0,194800,diesel,Automático,155,coches.net,furgoneta
Toyota,Proace City,26000,2020.0,159000,Diésel,MANUAL,100,coches.net,furgoneta
Maxus,Deliver 9,14300,2018.0,244700,Electrico,manual,125,coches.net,furgoneta
Peugeot,Boxer,19400,2022.0,68000,diesel,M6,140,coches.net,furgoneta
Hyundai,Staria,15200,2023.0,51600,Gasoil,Manual,177,coches.net,furgoneta
Volkswagen,Crafter,32600,2024.0,24500,Electric,M6,140,coches.net,furgoneta
Opel,Vivaro,27600,2022.0,70100,gasoil,M6,180,coches.net,furgoneta
Volkswagen,Crafter,22600,2023.0,34200,DIESEL,Automática,177,coches.net,furgoneta
Ford,Transit Connect,16500,2019.0,142900km,Gasoil,Manual,70,coches.net,furgoneta
Mercedes-Benz,Citan,36600,2022.0,72200,Eléctrico,Manual,102,coches.net,furgoneta
Peugeot,Boxer,25200,2024.0,16600,DIESEL,manual,155,coches.net,furgoneta
Iveco,Daily,13100,2020.0,78300,Diesel,Automático,140,coches.net,furgoneta
Iveco,Daily,26000,2022.0,88300,Gasoil,M6,90,coches.net,furgoneta
MAN,TGE,35500,2021.0,79500,gasoil,MANUAL,140,coches.net,furgoneta
Volkswagen,Crafter,33800,2022.0,77100,diesel,M,102,coches.net,furgoneta
Volkswagen,Caddy,26000,2020.0,70900,DIESEL,M,70,coches.net,furgoneta
Citroën,Berlingo,29000,2024.0,16400,diesel,Manual,100,coches.net,furgoneta
MAN,TGE,26000,2022.0,97100km,diesel,MANUAL,135,coches.net,furgoneta
Ford,Transit,23900,2024.0,18800,gasoil,M6,130,coches.net,furgoneta
Ford,Transit Connect,15400,2019.0,164200,Diésel,M,95,coches.net,furgoneta
Fiat,Ducato,16800,2022.0,59900,Diesel,M,127,coches.net,furgoneta
Hyundai,H350,26300,2024.0,15900,Diésel,M6,141,coches.net,furgoneta
Toyota,Proace,18100,2023.0,36800,GLP/Gasolina,M6,125,coches.net,furgoneta
Mercedes-Benz,Vito,17100,2019.0,129300,Diésel,manual,110,coches.net,furgoneta
Citroën,Berlingo,15200,2018.0,137200,Gasolina,M6,110,coches.net,furgoneta
Peugeot,Partner,33200,2022.0,47700,Electrico,manual,141,coches.net,furgoneta
Iveco,Daily,15400,2017.0,151500,Electrico,Manual,102,coches.net,furgoneta
Fiat,Scudo,29400,2021.0,114100,diesel,MANUAL,115,coches.net,furgoneta
Toyota,Proace,50900,2024.0,,EV,Manual,131 CV,coches.net,furgoneta
Volkswagen,Transporter,27900,2023.0,48200km,gasoil,MANUAL,155,coches.net,furgoneta
Ford,Transit,37000,2024.0,33700,DIESEL,M6,155,coches.net,furgoneta
Ford,Transit Connect,18700,2020.0,91800,gasoil,M,105,coches.net,furgoneta
Volkswagen,Transporter,24700,2022.0,88000,,Manual,150,coches.net,furgoneta
Peugeot,Expert,22200,2024.0,20100,DIESEL,Manual,150CV,coches.net,furgoneta
Citroën,Jumper,15900,2023.0,58400,Gasoil,Manual,155,coches.net,furgoneta
Volkswagen,Caddy,24300,2021.0,141300,gasolina,MANUAL,114,coches.net,furgoneta
Mercedes-Benz,Vito,35800,2021.0,113000,Gasoil,MANUAL,90 CV,coches.net,furgoneta
Fiat,Scudo,22600,2022.0,100100,diesel,M6,,coches.net,furgoneta
Renault,Master,14200 €,2020.0,140600,GASOLINA,AT,185,coches.net,furgoneta
Ford,Transit,25400,2023.0,23000,DIESEL,manual,105,coches.net,furgoneta
Peugeot,Boxer,,2017.0,219100,DIESEL,MANUAL,155,coches.net,furgoneta
MAN,TGE,31200,2023.0,48900,DIESEL,MANUAL,140,coches.net,furgoneta
Maxus,Deliver 9,17700,2020.0,154600,Diésel,M,150,coches.net,furgoneta
Ford,Transit,14300,2021.0,91000,diesel,MANUAL,170,coches.net,furgoneta
Ford,Transit Connect,28300,2023.0,42000,Gasoil,Manual,125,coches.net,furgoneta
Ford,Transit Connect,26200,2020.0,148800,gasoil,M,100,coches.net,furgoneta
Renault,Trafic,15600,2020.0,135100,Diésel,Automático,155,coches.net,furgoneta
Peugeot,Partner,25400,2020.0,118900,,automático,,coches.net,furgoneta
Volkswagen,Crafter,15200,2021.0,58900,Gasoil,automático,182,coches.net,furgoneta
MAN,TGE,23800,2016.0,302600,Eléctrico (BEV),Automática,140,coches.net,furgoneta
Ford,Transit Courier,14600,2021.0,80100,GASOLINA,MANUAL,100,coches.net,furgoneta
Renault,Master,21200,2021.0,114000,diesel,Manual,140,coches.net,furgoneta
Fiat,Ducato,16600,2018.0,155400,Diesel,Manual,125,coches.net,furgoneta
Renault,Trafic,23400,2020.0,154200 km,Gasoil,M,120,coches.net,furgoneta
Renault,Kangoo,10800,2020.0,121600,Diesel,M,70,coches.net,furgoneta
Iveco,Daily,25500,2024.0,23900,Diésel,M6,75,coches.net,furgoneta
Volkswagen,Crafter,30500,2024.0,14700,diesel,MANUAL,97,coches.net,furgoneta
Iveco,Daily,25000,2022.0,,Diésel,DSG,120,coches.net,furgoneta
Opel,Vivaro,15500,2022.0,81100,Gasoil,Manual,115,coches.net,furgoneta
Mercedes-Benz,Vito,27600,2020.0,120600,diesel,Auto,140 CV,coches.net,furgoneta
Nissan,Primastar,20600,2020.0,121900,diesel,M,109,coches.net,furgoneta
Volkswagen,Caddy,16900,2016.0,229200,GASOLINA,DSG,114,coches.net,furgoneta
Ford,Transit Courier,19000,2021.0,118800km,Gasoil,M,80,coches.net,furgoneta
Citroën,Jumper,10400,2019.0,,Hybrid,Automático,125,coches.net,furgoneta
Fiat,Scudo,18100,2022.0,55900,Gasoil,MANUAL,120,coches.net,furgoneta
Citroën,Jumper,25300,2021.0,71800,Híbrido,MANUAL,135,coches.net,furgoneta
Peugeot,Expert,22700,2022.0,70900,diesel,manual,,coches.net,furgoneta
Peugeot,Boxer,17900,2021.0,142500,Gasoil,automático,160,coches.net,furgoneta
Iveco,Daily,22000,2021.0,115500,Diésel,MANUAL,140,coches.net,furgoneta
Renault,Master,16800,2021.0,107200,,manual,150,coches.net,furgoneta
Toyota,Proace,12400,2021.0,88400,Híbrido,M,115,coches.net,furgoneta
Ford,Transit,22700,2022.0,55900,DIESEL,M6,130,coches.net,furgoneta
Peugeot,Boxer,20500,2022.0,57600,gasoil,Automática,145,coches.net,furgoneta
Citroën,Jumpy,23400,2022.0,,gasolina,Manual,120,coches.net,furgoneta
Peugeot,Boxer,25000,2024.0,24800,Hibrido,AT,130,coches.net,furgoneta
Citroën,Berlingo,18700,2018.0,173900,Eléctrico (BEV),Manual,136,coches.net,furgoneta
Fiat,Scudo,23300,2023.0,41700,gasoil,manual,125,coches.net,furgoneta
Peugeot,Expert,21700,2023.0,28700,Gasoil,automático,95,coches.net,furgoneta
Toyota,Proace City,24500,2022.0,81000,Gasoil,MANUAL,100,coches.net,furgoneta
Citroën,Jumper,19100,2019.0,185400 km,Diesel,Manual,135,coches.net,furgoneta
Renault,Trafic,25100,2023.0,46700km,Gasoil,M6,90,coches.net,furgoneta
Volkswagen,Transporter,10300,2016.0,277000,Gasoil,Manual,204,coches.net,furgoneta
Mercedes-Benz,Citan,30900,2021.0,96500,gasoil,manual,90,coches.net,furgoneta
Renault,Kangoo,,2021.0,,EV,M6,95,coches.net,furgoneta
Hyundai,Staria,30000,2023.0,51800,Híbrido,Manual,172,coches.net,furgoneta
MAN,TGE,30300,2024.0,22400,,manual,107,coches.net,furgoneta
Mercedes-Benz,Sprinter,20000,2021.0,51200,gasoil,Auto,130,coches.net,furgoneta
Maxus,Deliver 9,15000,2022.0,99600,diesel,Automática,150,coches.net,furgoneta
Mercedes-Benz,Vito,22000,15.0,217900,DIESEL,M,100,coches.net,furgoneta
Ford,Transit,23000,2020.0,134000,DIESEL,Automático,165,coches.net,furgoneta
Hyundai,H350,13600,2017.0,236500,diesel,MANUAL,170,coches.net,furgoneta
Ford,Transit Courier,16600,2018.0,131700,Gasolina,DSG,105,coches.net,furgoneta
Peugeot,Boxer,16800,2022.0,90100,gasoil,Automática,160,coches.net,furgoneta
MAN,TGE,35400,2023.0,46300,diesel,M6,102,coches.net,furgoneta
Peugeot,Expert,24300,2020.0,129500,Eléctrico,M6,150,coches.net,furgoneta
Volkswagen,Transporter,12600,2019.0,188500,Diésel,manual,155,coches.net,furgoneta
Citroën,Jumper,13800,2017.0,159600,Gasoil,Manual,135,coches.net,furgoneta
Mercedes-Benz,Vito,32500,2022.0,78500,diesel,M,150,coches.net,furgoneta
Opel,Movano,15600,2021.0,88300,Electric,M,163,coches.net,furgoneta
Citroën,Jumper,18800,2023.0,45900,Diésel,Manual,130,coches.net,furgoneta
Ford,Transit Courier,19800,2019.0,182700,diesel,manual,80,coches.net,furgoneta
Renault,Trafic,18700 €,2021.0,115800,diesel,AT,150,coches.net,furgoneta
Toyota,Proace City,16100,2020.0,150900,gasoil,automático,110,coches.net,furgoneta
Fiat,Ducato,14400,2019.0,108000,Hybrid,M6,122,coches.net,furgoneta
Volkswagen,Crafter,48700,2024.0,22100,Electric,MANUAL,177,coches.net,furgoneta
Citroën,Jumpy,20700,2023.0,51000,,M,105,coches.net,furgoneta
Nissan,Primastar,20100,2021.0,114100,DIESEL,Manual,119,coches.net,furgoneta
Opel,Vivaro,27200,2024.0,30700,diesel,M,185,coches.net,furgoneta
Nissan,NV200,23000,2023.0,47700,Electric,M,95,coches.net,furgoneta
Hyundai,Staria,26700,2022.0,89000,Diesel,M,177,coches.net,furgoneta
Peugeot,Expert,24700,2024.0,20700,diesel,M,100,coches.net,furgoneta
Mercedes-Benz,Vito,26300,2022.0,78300,Gasoil,manual,110CV,coches.net,furgoneta
Mercedes-Benz,Vito,27800,2017.0,176100,gasoil,M6,100,coches.net,furgoneta
Volkswagen,Transporter,23600,2023.0,53200,Eléctrico,M6,204,coches.net,furgoneta
Iveco,Daily,12000,2016.0,309600,DIESEL,M,110,coches.net,furgoneta
Hyundai,H350,34400,2024.0,14200,GASOLINA,automático,175,coches.net,furgoneta
Renault,Trafic,34500,2024.0,21900,Eléctrico (BEV),M6,155,coches.net,furgoneta
Renault,Kangoo,11800,2017.0,176300,Gasoil,AT,90,coches.net,furgoneta
Peugeot,Expert,19900,2020.0,114500,EV,M6,100,coches.net,furgoneta
Ford,Transit,22200,2020.0,134800,diesel,M6,150CV,coches.net,furgoneta
Mercedes-Benz,Citan,11600,2016.0,152200,Gasoil,DSG,140,coches.net,furgoneta
Iveco,Daily,14200,2020.0,127500,Gasoil,Automático,90,coches.net,furgoneta
Iveco,Daily,19000 €,2019.0,163900,Híbrido,MANUAL,100,coches.net,furgoneta
Volkswagen,Caddy,26700,2021.0,119700,gasolina,M6,114,coches.net,furgoneta
Ford,Transit Courier,19000,2023.0,42400,Gasoil,MANUAL,75,coches.net,furgoneta
Volkswagen,Crafter,35600,2022.0,61900,GASOLINA,,145,coches.net,furgoneta
Citroën,Jumper,17600,2023.0,35100,Diesel,Automático,140,coches.net,furgoneta
Fiat,Doblo Cargo,21000,2020.0,126600,gasoil,Manual,110,coches.net,furgoneta
Ford,Transit,21100,2021.0,106700,gasoil,Manual,130,coches.net,furgoneta
Volkswagen,Transporter,20200 €,2018.0,154400,Diésel,M,97,coches.net,furgoneta
MAN,TGE,22800,2017.0,199500,Eléctrico (BEV),M6,102,coches.net,furgoneta
Nissan,Primastar,,20.0,132000,,Manual,114,coches.net,furgoneta
Ford,Transit Courier,19700,2020.0,134000,DIESEL,MANUAL,75,coches.net,furgoneta
Ford,Transit Courier,8200,2016.0,169400,GASOLINA,MANUAL,100,coches.net,furgoneta
Hyundai,H350,19700,2021.0,94300,Diésel,MANUAL,165,coches.net,furgoneta
Ford,Transit Courier,9100,2017.0,248400,Gasolina,Automático,100,coches.net,furgoneta
Renault,Trafic,12800,2020.0,110800,DIESEL,M6,85,coches.net,furgoneta
Toyota,Proace,27400,2023.0,39100,GASOLINA,MANUAL,145,coches.net,furgoneta
Mercedes-Benz,Sprinter,15700,2017.0,240600,DIESEL,automático,102,coches.net,furgoneta
Fiat,Ducato,12600,2022.0,80500,Diesel,M,135,coches.net,furgoneta
Mercedes-Benz,Vito,23200,2019.0,154200,Gasoil,M6,90,coches.net,furgoneta
Volkswagen,Crafter,11300,2017.0,263400,Diésel,Auto,177,coches.net,furgoneta
Opel,Combo,20600,2021.0,111600,EV,M,115,coches.net,furgoneta
Fiat,Doblo Cargo,23800,2022.0,62400,diesel,M6,95,coches.net,furgoneta
Hyundai,H350,,2021.0,127900,gasoil,Manual,136,coches.net,furgoneta
Peugeot,Partner,24800,2023.0,36000,Gasolina,manual,105,coches.net,furgoneta
Volkswagen,Transporter,34100,2024.0,19100km,gasoil,M,107,coches.net,furgoneta
Volkswagen,Transporter,27800,2023.0,,GASOLINA,automático,209 CV,coches.net,furgoneta
Peugeot,Partner,29300,2023.0,43400,Eléctrico,manual,136,coches.net,furgoneta
Iveco,Daily,26200,2020.0,111100,DIESEL,Manual,,coches.net,furgoneta
Mercedes-Benz,Sprinter,19500,2019.0,111800,MHEV,manual,102,coches.net,furgoneta
Fiat,Doblo Cargo,25900,2023.0,39000,gasoil,MANUAL,90,coches.net,furgoneta
Mercedes-Benz,Sprinter,22500,2018.0,152000,gasoil,MANUAL,140,coches.net,furgoneta
Renault,Trafic,17400,2018.0,200700,DIESEL,M,150,coches.net,furgoneta
Fiat,Ducato,21900,2022.0,78400,Diésel,Manual,160,coches.net,furgoneta
Renault,Master,23100,2024.0,18700,Hybrid,Automática,145,coches.net,furgoneta
Mercedes-Benz,Citan,25200,2021.0,92300,Diésel,M6,75,coches.net,furgoneta
Volkswagen,Caddy,"16900,00",2021.0,106600,MHEV,manual,102,coches.net,furgoneta
Ford,Transit,29000,2019.0,184400,Eléctrico,manual,175,coches.net,furgoneta
Volkswagen,Transporter,28400,2024.0,17700,DIESEL,Manual,102,coches.net,furgoneta
Volkswagen,,32900,2023.0,53500,Gasoil,M,140,coches.net,furgoneta
Opel,Movano,25000,2023.0,41400km,Electrico,MANUAL,158,coches.net,furgoneta
Renault,Master,20700,2022.0,72400,GLP/Gasolina,automático,145,coches.net,furgoneta
Citroën,Jumper,9600,2018.0,171900,Diesel,Manual,,coches.net,furgoneta
Peugeot,Expert,23500,2022.0,79600,DIESEL,M6,145,coches.net,furgoneta
Opel,Combo,26500,2022.0,76100 km,gasoil,MANUAL,105,coches.net,furgoneta
Maxus,EV80,29900,2021.0,124700,Eléctrico,DSG,120,coches.net,furgoneta
Opel,Movano,41500,2023.0,48100,Eléctrico,manual,,coches.net,furgoneta
Hyundai,Staria,23100,2024.0,16900,Diésel,Automática,177,coches.net,furgoneta
Nissan,NV200,10900,2016.0,227700,diesel,M6,110,coches.net,furgoneta
Renault,Trafic,17300,2021.0,87800,Diésel,M6,90,coches.net,furgoneta
Nissan,Primastar,18000,2024.0,22500,Diesel,MANUAL,114,coches.net,furgoneta
Ford,Transit,23500,2024.0,29000,DIESEL,M,170,coches.net,furgoneta
Mercedes-Benz,Citan,32400 €,2021.0,108500,diesel,M6,150,coches.net,furgoneta
Volkswagen,Caddy,23100,2024.0,24100,diesel,manual,75,coches.net,furgoneta
MAN,TGE,18900,2018.0,159400,Diesel,M6,140,coches.net,furgoneta
MAN,TGE,36500,2020.0,116800km,Electrico,Manual,135,coches.net,furgoneta
Fiat,Scudo,26500,2024.0,28800,gasoil,manual,120,coches.net,furgoneta
Citroën,Jumper,19800,2022.0,70700,Híbrido,Auto,130,coches.net,furgoneta
Peugeot,Boxer,16200,2018.0,151200,,manual,130,coches.net,furgoneta
Citroën,Berlingo,14000,2020.0,146700,GASOLINA,MANUAL,110,coches.net,furgoneta
Iveco,Daily,21700,2022.0,76600,GNC,Manual,90,coches.net,furgoneta
Ford,Transit Connect,13600,2017.0,234800km,Diésel,MANUAL,120,coches.net,furgoneta
Peugeot,Boxer,19100,2019.0,143100,Electric,manual,130,coches.net,furgoneta
Renault,Kangoo,35300,2023.0,39700,Electrico,M,90,coches.net,furgoneta
Hyundai,H350,20400,2021.0,78100,Diesel,M6,131,coches.net,furgoneta
Volkswagen,Transporter,16800,2024.0,21000,Diesel,Automático,105,coches.net,furgoneta
Renault,Master,17400,2020.0,135800,diesel,Automático,130,coches.net,furgoneta
Opel,Movano,26100,2022.0,83100,Electrico,M,163,coches.net,furgoneta
Volkswagen,Transporter,20400,2021.0,86900,gasoil,M,107 CV,coches.net,furgoneta
Mercedes-Benz,Citan,16500,2019.0,157400,Gasoil,M6,140,coches.net,furgoneta
Volkswagen,Transporter,24000,2021.0,90100,Gasoil,MANUAL,199,coches.net,furgoneta
Ford,Transit,32300,2024.0,28600,Diesel,automático,105,coches.net,furgoneta
Citroën,Jumper,22400,2021.0,108600,Electric,MANUAL,125,coches.net,furgoneta
MAN,TGE,30100,2024.0,19500,Diésel,MANUAL,102,coches.net,furgoneta
Volkswagen,Crafter,26900,2022.0,90300,Diesel,MANUAL,177,coches.net,furgoneta
Mercedes-Benz,Sprinter,22000,2017.0,,Diésel,Automático,120,coches.net,furgoneta
Opel,Movano,,2020.0,100100,Diésel,manual,110,coches.net,furgoneta
Renault,Kangoo,25300,2022.0,88100,Diesel,Manual,95,coches.net,furgoneta
Volkswagen,Transporter,29200,2022.0,69600,Diésel,MANUAL,115,coches.net,furgoneta
Nissan,NV400,26000,2024.0,19900,diesel,Automática,,coches.net,furgoneta
Iveco,Daily,25800,2021.0,130200,Gasoil,Manual,120,coches.net,furgoneta
Ford,Transit Connect,11200,2018.0,108500,Diésel,M6,80,coches.net,furgoneta
Iveco,Daily,31800,2020.0,97400,Eléctrico (BEV),M,150,coches.net,furgoneta
MAN,TGE,22900,2017.0,209400,Gasoil,M6,107,coches.net,furgoneta
Opel,Combo,37700,2021.0,91400,Electric,M6,,coches.net,furgoneta
Nissan,Primastar,23900,2023.0,42000,Gasoil,M,114,coches.net,furgoneta
Toyota,Proace City,,2023.0,39800,Electrico,automático,105,coches.net,furgoneta
Fiat,Ducato,8600,2019.0,192300,gasoil,manual,155,coches.net,furgoneta
Ford,Transit Courier,14700,2021.0,96400,gasolina,Manual,95,coches.net,furgoneta
Peugeot,Partner,17400,2020.0,95900,gasolina,DSG,105,coches.net,furgoneta
Peugeot,Partner,22400,2022.0,65300,Diésel,Manual,100,coches.net,furgoneta
Peugeot,Boxer,10900,2023.0,53900,Híbrido,M6,140,coches.net,furgoneta
Peugeot,Partner,22100 €,2022.0,77400,Eléctrico (BEV),AT,136,coches.net,furgoneta
Fiat,Scudo,26400,2023.0,42900,Diésel,Manual,120,coches.net,furgoneta
Volkswagen,Crafter,23900,2022.0,67900 km,Diésel,Automático,145,coches.net,furgoneta
Renault,Trafic,40000,2024.0,16000,Electric,M6,150,coches.net,furgoneta
MAN,TGE,30500,2024.0,24300,Electrico,MANUAL,102,coches.net,furgoneta
Peugeot,Partner,12500,2018.0,204000,Eléctrico (BEV),Automático,136,coches.net,furgoneta
Mercedes-Benz,Vito,24300,2022.0,90400,Diésel,Automático,140,coches.net,furgoneta
Nissan,Primastar,29300,2023.0,54200,CNG,Manual,114,coches.net,furgoneta
Mercedes-Benz,Citan,13200,2017.0,208300,diesel,automático,140,coches.net,furgoneta
Hyundai,Staria,28900,,,Diésel,Manual,177,coches.net,furgoneta
Ford,Transit,19000 €,2020.0,144400,Gasoil,Automática,175,coches.net,furgoneta
MAN,TGE,33000,2023.0,45000,gasoil,MANUAL,145,coches.net,furgoneta
Fiat,Scudo,25200,2024.0,25700,diesel,Automático,,coches.net,furgoneta
Citroën,Jumper,25300,2023.0,46500,Gasolina,MANUAL,125,coches.net,furgoneta
Nissan,NV400,23600,2022.0,74900,Gasoil,M,145,coches.net,furgoneta
Ford,Transit Connect,15000,2017.0,191900,DIESEL,M6,95,coches.net,furgoneta
MAN,TGE,32400,2022.0,101600 km,diesel,Automática,140,coches.net,furgoneta
Volkswagen,Transporter,"15400,00",2016.0,252300,diesel,M,199,coches.net,furgoneta
Ford,Transit Connect,22100,2021.0,89600,Gasoil,manual,120,coches.net,furgoneta
Citroën,Jumpy,19200,2023.0,36700,Diésel,M6,105,coches.net,furgoneta
Volkswagen,Caddy,32000,2021.0,116000,Gasoil,manual,97,coches.net,furgoneta
Renault,Trafic,18200,2020.0,99600,DIESEL,manual,145,coches.net,furgoneta
Opel,Combo,32900,2024.0,24600,DIESEL,M6,110,coches.net,furgoneta
Volkswagen,Caddy,28700,2023.0,49700,gasoil,manual,102,coches.net,furgoneta
Volkswagen,Transporter,24300,2023.0,50000,Gasoil,Automático,107,coches.net,furgoneta
Volkswagen,Caddy,21200,2019.0,149600,gasoil,M6,107,coches.net,furgoneta
Ford,Transit,24300,2022.0,90000 km,Hibrido,manual,135,coches.net,furgoneta
Volkswagen,Crafter,20900,2021.0,109400,DIESEL,Manual,140 CV,coches.net,furgoneta
Renault,Kangoo,33600,2024.0,20400 km,Electric,automático,85,coches.net,furgoneta
MAN,TGE,14100,2015.0,343200,Gasoil,MANUAL,102,coches.net,furgoneta
Opel,Combo,17600,2022.0,73100,DIESEL,automático,110,coches.net,furgoneta
Volkswagen,Transporter,18200,2023.0,38200,diesel,M,110,coches.net,furgoneta
Iveco,Daily,16300,2018.0,149900,gasoil,M,75,coches.net,furgoneta
Ford,Transit Courier,26200,2024.0,34200,Gasolina,,95,coches.net,furgoneta
Maxus,Deliver 9,24500,2021.0,81000,EV,MANUAL,120,coches.net,furgoneta
Peugeot,Expert,23400,2022.0,79100,diesel,Auto,115,coches.net,furgoneta
Citroën,Jumper,15500,2021.0,51400,Diésel,M6,130,coches.net,furgoneta
Iveco,Daily,26300,2021.0,85800,Gasolina,M,75,coches.net,furgoneta
Peugeot,Expert,24600,2019.0,170000,diesel,AT,155,coches.net,furgoneta
Renault,Master,21200,19.0,148800,gasolina,MANUAL,185,coches.net,furgoneta
Ford,Transit Connect,21800,2022.0,86600,gasoil,Auto,75,coches.net,furgoneta
Peugeot,Boxer,16700,2019.0,159600,diesel,M,125,coches.net,furgoneta
Iveco,Daily,26300,2023.0,53600,Gasolina,Automático,75,coches.net,furgoneta
Nissan,NV400,20200,2021.0,81100,Diesel,MANUAL,110,coches.net,furgoneta
Fiat,Ducato,19800,2022.0,71600,Diesel,MANUAL,155,coches.net,furgoneta
Volkswagen,Caddy,25200,2020.0,123100,gasoil,M,70,coches.net,furgoneta
Volkswagen,Crafter,31700,2020.0,121300,Eléctrico,M6,97,coches.net,furgoneta
Ford,Transit Courier,27100 €,2022.0,57400,Diésel,Auto,70,coches.net,furgoneta
Toyota,Proace,21200,2020.0,111400,Diésel,Automática,150,coches.net,furgoneta
Peugeot,Expert,15900,2021.0,90800,Gasoil,AT,120,coches.net,furgoneta
Volkswagen,Transporter,23600,2021.0,68300,Gas Natural,DSG,150,coches.net,furgoneta
Opel,Combo,15900 €,2016.0,340000,diesel,M6,,coches.net,furgoneta
Peugeot,Expert,33100,2022.0,72500,Eléctrico,automático,120,coches.net,furgoneta
Fiat,Ducato,16700,2023.0,42200,GNC,M,160,coches.net,furgoneta
Citroën,Jumpy,16600,2021.0,98100,Gasoil,Auto,120,coches.net,furgoneta
Peugeot,Expert,9600,2018.0,217900,Diesel,Automática,150,coches.net,furgoneta
Citroën,Berlingo,13800,2017.0,289000,Electrico,Automático,136,coches.net,furgoneta
Citroën,Berlingo,20800,2022.0,62600,gasoil,M,100,coches.net,furgoneta
Hyundai,H350,25500,2024.0,23100,Híbrido,Automático,141,coches.net,furgoneta
Renault,Trafic,18100,2018.0,182600,Gasoil,Automático,120,coches.net,furgoneta
Ford,Transit Courier,14300,2021.0,96400,GASOLINA,manual,100,coches.net,furgoneta
Citroën,Jumper,24100,2023.0,,Diesel,MANUAL,135,coches.net,furgoneta
Renault,Kangoo,26500,2020.0,109100,Diésel,MANUAL,95,coches.net,furgoneta
Fiat,Scudo,10000,2015.0,227400,Eléctrico,manual,120,coches.net,furgoneta
Volkswagen,Crafter,18800,,,diesel,,140,coches.net,furgoneta
,Daily,26800,2020.0,120400,DIESEL,AT,100,coches.net,furgoneta
Citroën,Jumpy,23600,2023.0,35000 km,Hibrido,Manual,100,coches.net,furgoneta
Renault,Trafic,17000,2018.0,203700,Diesel,MANUAL,120,coches.net,furgoneta
Maxus,EV80,30500,2023.0,30500,Eléctrico,M6,125,coches.net,furgoneta
Iveco,Daily,20200,2020.0,126300,,MANUAL,,coches.net,furgoneta
Volkswagen,Caddy,32700,2024.0,29800,Diesel,,107 CV,coches.net,furgoneta
Peugeot,Boxer,21000,2021.0,118800,Gasoil,AT,130,coches.net,furgoneta
Ford,Transit Connect,18900,2021.0,80900,Gasoil,Auto,125,coches.net,furgoneta
Iveco,Daily,30700,2021.0,119900,Diésel,M6,75,coches.net,furgoneta
Opel,Movano,11900,2019.0,148400,DIESEL,manual,140,coches.net,furgoneta
Citroën,Jumper,33000,2023.0,51000,diesel,manual,155,coches.net,furgoneta
Hyundai,Staria,24500,2023.0,34400,Gasolina,manual,177,coches.net,furgoneta
Ford,Transit Connect,21300,2018.0,227000,DIESEL,Manual,100,coches.net,furgoneta
Volkswagen,Crafter,22100,2022.0,81300,gasoil,manual,102,coches.net,furgoneta
MAN,TGE,22500,2021.0,75400,EV,M,140,coches.net,furgoneta
Ford,Transit Connect,18900,20.0,143600,diesel,manual,120,coches.net,furgoneta
Citroën,Berlingo,30200,2022.0,65000,Electrico,MANUAL,136,coches.net,furgoneta
Fiat,Ducato,21900,2022.0,63200,Diésel,M,160,coches.net,furgoneta
Volkswagen,Transporter,25700,2021.0,84400,diesel,MANUAL,115,coches.net,furgoneta
Opel,Vivaro,34400,2024.0,22000,Diesel,Auto,120,coches.net,furgoneta
Renault,Kangoo,21000,2024.0,23400,diesel,M,75,coches.net,furgoneta
Ford,Transit Connect,21800,2021.0,76700,DIESEL,MANUAL,115,coches.net,furgoneta
Peugeot,Partner,18400,2020.0,134000,Gasolina,DSG,110,coches.net,furgoneta
Peugeot,Partner,24300,2021.0,126000,GASOLINA,Automático,105,coches.net,furgoneta
Opel,Combo,,2022.0,66500,DIESEL,M6,100,coches.net,furgoneta
Peugeot,Boxer,23600,2018.0,154800,Eléctrico (BEV),Auto,140,coches.net,furgoneta
Opel,Vivaro,17500,2019.0,,diesel,M6,180,coches.net,furgoneta
Volkswagen,Transporter,36300,2023.0,29600,Eléctrico,M,204,coches.net,furgoneta
MAN,TGE,34000,2023.0,38400,DIESEL,MANUAL,140,coches.net,furgoneta
Volkswagen,Caddy,33900,2023.0,51400,GASOLINA,Manual,114,coches.net,furgoneta
Hyundai,H350,23900,,,DIESEL,MANUAL,131,coches.net,furgoneta
Nissan,NV200,22000,2021.0,108500,diesel,M,110,coches.net,furgoneta
Toyota,Proace,35900,2023.0,46600,Electric,Automática,131 CV,coches.net,furgoneta
Peugeot,Boxer,20800,2024.0,25700,Hybrid,M,,coches.net,furgoneta
Mercedes-Benz,Vito,35900,2020.0,90100,Eléctrico (BEV),MANUAL,120,coches.net,furgoneta
MAN,TGE,31200,2020.0,146800,gasolina,manual,102CV,coches.net,furgoneta
Peugeot,Partner,22200,2020.0,136900,GASOLINA,Auto,110,coches.net,furgoneta
Peugeot,Partner,14100,2017.0,193600,Electrico,manual,136,coches.net,furgoneta
Maxus,Deliver 9,16500,2017.0,172000,Electric,AT,125,coches.net,furgoneta
Renault,Master,7500,2015.0,207600,Diesel,Automático,110,coches.net,furgoneta
Peugeot,Partner,20700,2021.0,129500,gasolina,Automático,110,coches.net,furgoneta
Volkswagen,Caddy,29600,2023.0,46800,Diesel,manual,107,coches.net,furgoneta
Renault,Kangoo,21700,2022.0,,diesel,manual,95,coches.net,furgoneta
Nissan,NV400,12300,16.0,306800,Gasoil,M6,145,coches.net,furgoneta
Nissan,NV200,8500,2016.0,149600,Hybrid,DSG,90,coches.net,furgoneta
Mercedes-Benz,Sprinter,30000,2022.0,69100,DIESEL,M,102,coches.net,furgoneta
Volkswagen,Crafter,13700 €,2021.0,116500,Diésel,Manual,102,coches.net,furgoneta
Toyota,Proace City,17100,2019.0,115200,diesel,Manual,105,coches.net,furgoneta
Peugeot,Partner,23200,2023.0,43900,Electric,MANUAL,131,coches.net,furgoneta
Hyundai,H350,36100,2022.0,64100,Gasoil,manual,136,coches.net,furgoneta
Peugeot,Expert,14200,2021.0,101700,Gasoil,Auto,105,coches.net,furgoneta
Iveco,Daily,25500,2021.0,104300,gasoil,automático,75,coches.net,furgoneta
Opel,Vivaro,17200,2022.0,48900,Diésel,M,95,coches.net,furgoneta
Peugeot,Boxer,22000,2023.0,32900,,M,130,coches.net,furgoneta
Renault,Trafic,31900,2021.0,100500,Electric,M,120,coches.net,furgoneta
Renault,Trafic,29400,2024.0,19300,DIESEL,Manual,150,coches.net,furgoneta
Peugeot,Boxer,29200,,,gasoil,manual,160,coches.net,furgoneta
Ford,Transit Courier,20700,2020.0,100800,Gasolina,Automática,100,coches.net,furgoneta
Nissan,Primastar,16100,2019.0,148500,DIESEL,M,119,coches.net,furgoneta
Fiat,Scudo,23300,2019.0,155800,Electrico,AT,150,coches.net,furgoneta
Renault,Master,15100,2020.0,113900,DIESEL,Automático,175,coches.net,furgoneta
Fiat,Doblo Cargo,22000,2023.0,58600,gasoil,M6,90,coches.net,furgoneta
Nissan,Primastar,27200,2023.0,43000,diesel,MANUAL,114,coches.net,furgoneta
Toyota,Proace,15600,2022.0,72500,Gasoil,Manual,150,coches.net,furgoneta
Peugeot,Boxer,18600,2022.0,79000,Diesel,M6,155,coches.net,furgoneta
Ford,Transit Courier,13200,2015.0,289100,Diesel,Manual,80,coches.net,furgoneta
Mercedes-Benz,Vito,33600,2023.0,57700,Diesel,MANUAL,110,coches.net,furgoneta
Mercedes-Benz,Citan,19500,2019.0,152500,Híbrido,M6,150,coches.net,furgoneta
Fiat,Scudo,15300,2019.0,182700,diesel,Manual,145,coches.net,furgoneta
Ford,Transit Courier,30200,2024.0,20400,GASOLINA,manual,100,coches.net,furgoneta
Hyundai,Staria,37600,2024.0,26200,diesel,Manual,172,coches.net,furgoneta
Peugeot,Boxer,"13100,00",2017.0,235800,Diésel,automático,140,coches.net,furgoneta
Fiat,Doblo Cargo,12600,2016.0,177300,Electrico,automático,85,coches.net,furgoneta
Hyundai,Staria,16900,2022.0,59500,DIESEL,M6,172,coches.net,furgoneta
Toyota,Proace,24300,2021.0,87300,gasoil,manual,145,coches.net,furgoneta
Mercedes-Benz,Citan,28000,2023.0,48500 km,Diésel,M,90,coches.net,furgoneta
Maxus,Deliver 9,24300,2020.0,110900,Electric,Automática,120,coches.net,furgoneta
Citroën,Jumper,13000,2023.0,32600,DIESEL,M,165,coches.net,furgoneta
Volkswagen,Transporter,31000,,,gasoil,manual,150,coches.net,furgoneta
Peugeot,Partner,25700,2023.0,40500,Gasoil,Automático,105,coches.net,furgoneta
Nissan,NV400,11200,2017.0,300000,Electrico,Automático,140,coches.net,furgoneta
Ford,Transit Connect,30200,2023.0,28600,gasoil,Manual,105,coches.net,furgoneta
Citroën,Berlingo,24200,2022.0,75000,gasolina,manual,115,coches.net,furgoneta
Ford,Transit,12600,2015.0,248900,Híbrido,Manual,125,coches.net,furgoneta
Citroën,Jumpy,15000,2019.0,160700,Diésel,M6,125,coches.net,furgoneta
Hyundai,Staria,19700,2019.0,184500,diesel,Manual,177,coches.net,furgoneta
Opel,Combo,28100,2021.0,109900,Gasoil,M6,100,coches.net,furgoneta
Iveco,Daily,11600,2019.0,138200,Gasolina,Automático,130,coches.net,furgoneta
Mercedes-Benz,Citan,28600,2021.0,119800,DIESEL,AT,90,coches.net,furgoneta
Renault,Kangoo,18800,2022.0,76300,Eléctrico,MANUAL,90,coches.net,furgoneta
Fiat,Ducato,23400,2021.0,83100,DIESEL,DSG,130,coches.net,furgoneta
Ford,Transit Connect,19700,2019.0,220000,gasoil,M,100,coches.net,furgoneta
Renault,Trafic,19800,2019.0,145500,,M6,145,coches.net,furgoneta
MAN,TGE,"43700,00",2024.0,30200,Gasoil,MANUAL,102,coches.net,furgoneta
Ford,Transit Courier,23700,2024.0,7600 km,Diésel,AT,75,coches.net,furgoneta
Maxus,Deliver 9,17500,2021.0,105700,gasoil,manual,150,coches.net,furgoneta
Opel,Movano,14700,2017.0,164600,gasoil,Manual,105,coches.net,furgoneta
Maxus,Deliver 9,31000,2024.0,24300,Electrico,M,115,coches.net,furgoneta
Volkswagen,Caddy,24900,2020.0,130300,GASOLINA,Manual,114,coches.net,furgoneta
Opel,Combo,13800,2016.0,248400,EV,MANUAL,100 CV,coches.net,furgoneta
Toyota,Proace City,27200,2022.0,92900,Diésel,automático,110,coches.net,furgoneta
Nissan,NV200,26800,2021.0,86800 km,Hibrido,manual,110,coches.net,furgoneta
Peugeot,Partner,21700,2021.0,98600,Electric,Manual,141,coches.net,furgoneta
Iveco,Daily,,2020.0,100200,Diesel,manual,100,coches.net,furgoneta
Toyota,Proace City,22900,2019.0,168600,Hibrido,DSG,105,coches.net,furgoneta
Mercedes-Benz,Sprinter,22600,2022.0,81000,gasoil,Automático,110,coches.net,furgoneta
Mercedes-Benz,Citan,34400,2021.0,91300,Diésel,manual,110,coches.net,furgoneta
Ford,Transit Courier,22400,2019.0,173000,diesel,M6,75,coches.net,furgoneta
Ford,Transit Courier,29000,2023.0,56600,Gasolina,M,105,coches.net,furgoneta
Ford,Transit Connect,21900,2021.0,98600,Electrico,Automática,75,coches.net,furgoneta
Opel,Movano,21200,2024.0,13100,GASOLINA,M6,105,coches.net,furgoneta
Ford,Transit,23400,2022.0,88800,Diésel,manual,105,coches.net,furgoneta
Opel,Movano,24400,2024.0,22200,diesel,M6,110,coches.net,furgoneta
Citroën,Jumper,30600,2024.0,27000,Diésel,M6,135,coches.net,furgoneta
Hyundai,H350,23800,2023.0,61800,DIESEL,M6,141,coches.net,furgoneta
Volkswagen,Caddy,31500,2024.0,25300,diesel,DSG,102,coches.net,furgoneta
Iveco,Daily,37500,2024.0,19400,diesel,Manual,90,coches.net,furgoneta
Volkswagen,Crafter,30900 €,2022.0,82600,Diesel,Auto,140,coches.net,furgoneta
Nissan,Primastar,15100,2018.0,260000,Diésel,manual,114,coches.net,furgoneta
Iveco,Daily,20200,2022.0,66000,Gasolina,Automática,110,coches.net,furgoneta
Opel,Vivaro,17500,2018.0,114800,diesel,M,,coches.net,furgoneta
Iveco,Daily,27600,2022.0,80000,GLP/Gasolina,M6,100,coches.net,furgoneta
Peugeot,Boxer,13700,2021.0,,GASOLINA,MANUAL,140,coches.net,furgoneta
Toyota,Proace,17100,2017.0,231900,EV,M6,131,coches.net,furgoneta
Mercedes-Benz,Sprinter,30200,2021.0,94100,gasoil,Manual,100,coches.net,furgoneta
Mercedes-Benz,Citan,39900,2023.0,52100,Eléctrico,MANUAL,90,coches.net,furgoneta
Ford,Transit,26600,2021.0,134200,Gasoil,M6,125,coches.net,furgoneta
Maxus,EV80,19800,2020.0,106500,Electric,Automático,120,coches.net,furgoneta
Ford,Transit Connect,28800,2022.0,76700,diesel,DSG,75,coches.net,furgoneta
Volkswagen,Crafter,34500,2024.0,21200,MHEV,automático,140,coches.net,furgoneta
Citroën,Berlingo,26100,2022.0,56200,EV,MANUAL,136,coches.net,furgoneta
Citroën,Jumper,23500,2024.0,17800,Diésel,M6,160,coches.net,furgoneta
Iveco,Daily,32800,2021.0,111300,Electrico,automático,90,coches.net,furgoneta
Fiat,Doblo Cargo,22400,2022.0,89200km,Diesel,Manual,105,coches.net,furgoneta
Citroën,Jumper,8900,2019.0,187200,gasoil,Manual,140,coches.net,furgoneta
Iveco,Daily,19900,2021.0,108200,Autogás,Auto,102,coches.net,furgoneta
Renault,Kangoo,24000,2023.0,40600,gasoil,M,95,coches.net,furgoneta
Fiat,Doblo Cargo,16800,2020.0,125700,diesel,Manual,90 CV,coches.net,furgoneta
Nissan,NV300,27700,2021.0,92600,EV,Manual,100,coches.net,furgoneta
Toyota,Proace City,19300,2019.0,125500,diesel,MANUAL,105,coches.net,furgoneta
Volkswagen,Caddy,"14500,00",2023.0,45400,Diesel,Manual,75,coches.net,furgoneta
MAN,TGE,31700,2020.0,139400,diesel,automático,102,coches.net,furgoneta
Ford,Transit Connect,19500,2020.0,100100,DIESEL,MANUAL,120,coches.net,furgoneta
Mercedes-Benz,Citan,13100,2016.0,206300,Hybrid,M6,150,coches.net,furgoneta
Opel,Movano,8100,2021.0,,Gasoil,DSG,115,coches.net,furgoneta
Mercedes-Benz,Sprinter,31900,2023.0,48900 km,DIESEL,M,130,coches.net,furgoneta
Maxus,Deliver 9,16600 €,2021.0,119400,DIESEL,M,150,coches.net,furgoneta
Citroën,Jumpy,27200,2024.0,20500,DIESEL,Automática,155,coches.net,furgoneta
Peugeot,Partner,29900,2024.0,22300,Gasolina,manual,115,coches.net,furgoneta
Ford,Transit Connect,24800,2020.0,100100,Hybrid,M6,125,coches.net,furgoneta
Citroën,Berlingo,23900,2024.0,26700,Diésel,M6,100,coches.net,furgoneta
Citroën,Jumper,17400,2021.0,83900,Gasoil,M,130,coches.net,furgoneta
Opel,Combo,23500,2023.0,48500,DIESEL,Manual,100,coches.net,furgoneta
Volkswagen,Crafter,22900,2024.0,24900,MHEV,automático,135CV,coches.net,furgoneta
Fiat,Doblo Cargo,19500,2020.0,140400,Diésel,M,90,coches.net,furgoneta
Volkswagen,Crafter,32500,2024.0,19700,Gasoil,MANUAL,177,coches.net,furgoneta
Renault,Master,,2022.0,58100,diesel,Manual,105,coches.net,furgoneta
Fiat,Ducato,24800,2024.0,22100,gasoil,Auto,160,coches.net,furgoneta
Fiat,Scudo,15800 €,2020.0,107500,DIESEL,Auto,150,coches.net,furgoneta
Peugeot,Boxer,18100,2022.0,94300,Diésel,M,160,coches.net,furgoneta
Opel,Movano,25200,2022.0,54200,DIESEL,DSG,163,coches.net,furgoneta
Iveco,Daily,19700,2019.0,188000,diesel,M,110,coches.net,furgoneta
Volkswagen,Caddy,33600,2023.0,51900,Gasoil,M6,102,coches.net,furgoneta
Nissan,NV200,22500,2023.0,49400,diesel,manual,95,coches.net,furgoneta
Ford,Transit Connect,26600,2024.0,29800,diesel,M,120,coches.net,furgoneta
Renault,Master,13100,20.0,154400,Diésel,Manual,135,coches.net,furgoneta
Peugeot,Expert,27700,2022.0,79900,gasoil,Manual,100,coches.net,furgoneta
Opel,Combo,19500,2023.0,52000,MHEV,AT,105,coches.net,furgoneta
Citroën,Jumpy,24000,2020.0,139200,diesel,M6,100,coches.net,furgoneta
Iveco,Daily,21100,2015.0,319600,Electrico,M,140,coches.net,furgoneta
Volkswagen,Transporter,27200,2021.0,87100,Diésel,DSG,110,coches.net,furgoneta
Volkswagen,Transporter,26600,2024.0,23300,diesel,MANUAL,110,coches.net,furgoneta
Ford,Transit Courier,26100 €,2021.0,102300,DIESEL,MANUAL,75,coches.net,furgoneta
Volkswagen,Crafter,22500,2022.0,96100,Diesel,Automático,140,coches.net,furgoneta
Opel,Combo,20100,2024.0,26100,diesel,M6,95,coches.net,furgoneta
Opel,Vivaro,15900,2016.0,202600,diesel,M,180,coches.net,furgoneta
Mercedes-Benz,Vito,29800,21.0,74600,Gasoil,Manual,120,coches.net,furgoneta
Opel,Combo,13300,2020.0,174300,gasoil,M6,95,coches.net,furgoneta
Peugeot,Partner,33500,2024.0,16400,Gasolina,manual,110,coches.net,furgoneta
Ford,Transit Connect,25800,2020.0,116900,Híbrido,MANUAL,125,coches.net,furgoneta
Volkswagen,Crafter,28900,2022.0,74200,diesel,M6,140,coches.net,furgoneta
Opel,Movano,20300,2021.0,144600,gasoil,DSG,163,coches.net,furgoneta
Hyundai,Staria,12900,2017.0,255100,,MANUAL,177,coches.net,furgoneta
Renault,Kangoo,23800,2021.0,96600,EV,M6,85,coches.net,furgoneta
Nissan,NV400,16000,2021.0,114300,DIESEL,MANUAL,115,coches.net,furgoneta
Renault,Trafic,26400,2021.0,123100,Gasoil,M6,150,coches.net,furgoneta
Citroën,Berlingo,24600,2022.0,89800,Electrico,Automática,136,coches.net,furgoneta
Volkswagen,Crafter,18800,2018.0,255500,diesel,DSG,107CV,coches.net,furgoneta
Citroën,Jumper,26900,2023.0,48800,Eléctrico,manual,140,coches.net,furgoneta
Ford,Transit Connect,7500,2018.0,178800,gasoil,DSG,100,coches.net,furgoneta
Opel,Combo,22700,2021.0,129100,DIESEL,MANUAL,,coches.net,furgoneta
MAN,TGE,28700,2020.0,129500,Diésel,M6,140,coches.net,furgoneta
Mercedes-Benz,Citan,30900,2018.0,215200,Gasoil,M,100,coches.net,furgoneta
Iveco,Daily,23300,2021.0,109900,GLP/Gasolina,M6,75,coches.net,furgoneta
Peugeot,Expert,25400,2023.0,51200,Gasoil,MANUAL,150,coches.net,furgoneta
Mercedes-Benz,Citan,24000,2019.0,148800,gasolina,MANUAL,110,coches.net,furgoneta
Volkswagen,,27700,2022.0,,Electric,MANUAL,102,coches.net,furgoneta
Ford,Transit Connect,25200,2024.0,25800,DIESEL,Automático,75,coches.net,furgoneta
Mercedes-Benz,Citan,24700,2022.0,72900,diesel,M6,130,coches.net,furgoneta
Volkswagen,Transporter,35700,2023.0,39900 km,Diesel,AT,209,coches.net,furgoneta
Peugeot,Boxer,22500,2023.0,34400,Gasoil,MANUAL,140,coches.net,furgoneta
Opel,Combo,11600,2020.0,134400,Gasoil,Manual,100,coches.net,furgoneta
Iveco,Daily,27900,2023.0,60900,GLP/Gasolina,Manual,140,coches.net,furgoneta
Nissan,NV200,22000,2022.0,67600,diesel,manual,115,coches.net,furgoneta
Renault,Master,20600,2022.0,,gasoil,,110,coches.net,furgoneta
Ford,Transit Courier,8000,2021.0,105300,GASOLINA,AT,100,coches.net,furgoneta
Mercedes-Benz,Sprinter,32300,2022.0,77100,diesel,MANUAL,150,coches.net,furgoneta
Volkswagen,Transporter,23600,2023.0,58600,Diésel,MANUAL,110,coches.net,furgoneta
Ford,Transit Connect,33300,2024.0,17400,Electric,M,100,coches.net,furgoneta
Opel,Movano,11100,2017.0,174400km,gasoil,manual,140,coches.net,furgoneta
Volkswagen,Caddy,10800,2019.0,158700,gasolina,Automática,114,coches.net,furgoneta
MAN,TGE,31400,2022.0,87800,GASOLINA,AT,97,coches.net,furgoneta
Opel,Vivaro,10600,2017.0,132500,Gasolina,MANUAL,120,coches.net,furgoneta
Volkswagen,Crafter,21600,2021.0,63200,gasoil,MANUAL,177,coches.net,furgoneta
Mercedes-Benz,Citan,26200,2019.0,133500,Gasoil,Automática,110,coches.net,furgoneta
Opel,Movano,15400,2018.0,204700,Electrico,Manual,163,coches.net,furgoneta
Renault,Trafic,"22200,00",2023.0,42800,MHEV,MANUAL,155,coches.net,furgoneta
Fiat,Doblo Cargo,25900,2020.0,165600,Híbrido,Automática,105,coches.net,furgoneta
Volkswagen,Caddy,34000,2024.0,29100,GASOLINA,,114,coches.net,furgoneta
Hyundai,H350,25000,2023.0,40500,DIESEL,M6,165CV,coches.net,furgoneta
Nissan,NV200,19900,2019.0,123400,gasoil,manual,90,coches.net,furgoneta
Ford,Transit,24000,2024.0,21800,Diésel,Manual,125,coches.net,furgoneta
Ford,Transit Connect,41400,2024.0,22200,Diésel,Manual,120,coches.net,furgoneta
Fiat,Doblo Cargo,25700,2021.0,92300,diesel,M6,105,coches.net,furgoneta
Fiat,Ducato,8400,2021.0,99500,DIESEL,M6,,coches.net,furgoneta
Fiat,Doblo Cargo,28200,2024.0,16100,gasoil,Automático,95,coches.net,furgoneta
Ford,Transit Connect,23700,2021.0,108100,Diesel,Manual,80,coches.net,furgoneta
Peugeot,Expert,20500,2022.0,62200,diesel,manual,100,coches.net,furgoneta
Peugeot,Boxer,17300,2021.0,80500,Gasoil,M6,160,coches.net,furgoneta
Mercedes-Benz,Vito,16100,2015.0,350600,Electric,M6,100,coches.net,furgoneta
Peugeot,Expert,10000,2021.0,,DIESEL,M,100,coches.net,furgoneta
Volkswagen,Crafter,29400,2021.0,120000,Diesel,MANUAL,177,coches.net,furgoneta
Citroën,Jumper,26200,2021.0,94800 km,Diesel,Manual,140,coches.net,furgoneta
Citroën,Jumpy,28400,,,DIESEL,MANUAL,150,coches.net,furgoneta
Renault,Kangoo,9800,2018.0,174500,Diesel,Manual,95,coches.net,furgoneta
Renault,Master,28200,2024.0,17600,Diésel,M,145,coches.net,furgoneta
Volkswagen,Transporter,32900,2022.0,83600 km,Híbrido,Manual,110,coches.net,furgoneta
Nissan,NV400,25600,2022.0,77900 km,Diésel,Manual,110,coches.net,furgoneta
Mercedes-Benz,Sprinter,27000,2017.0,231900,EV,Manual,120,coches.net,furgoneta
Mercedes-Benz,Citan,26400,2023.0,39500,Diésel,Manual,110,coches.net,furgoneta
Toyota,Proace,21600,2019.0,174100,Electric,MANUAL,136,coches.net,furgoneta
Peugeot,Expert,24000,2024.0,16700,GASOLINA,manual,125,coches.net,furgoneta
Mercedes-Benz,Vito,26800,2021.0,96600,Diésel,M,100,coches.net,furgoneta
Mercedes-Benz,Vito,9900,2018.0,216500,gasoil,automático,130,coches.net,furgoneta
Volkswagen,Transporter,10100,2020.0,170200,DIESEL,manual,97,coches.net,furgoneta
Maxus,EV80,12100,2018.0,224000,Eléctrico,MANUAL,115,coches.net,furgoneta
Toyota,Proace City,27500,2022.0,82100,diesel,Manual,100,coches.net,furgoneta
MAN,TGE,37200 €,2023.0,62200,Gasoil,MANUAL,135,coches.net,furgoneta
Mercedes-Benz,Citan,27100,2020.0,134000,DIESEL,M,110,coches.net,furgoneta
Hyundai,H350,21000,2024.0,17800,Gasoil,manual,136,coches.net,furgoneta
Volkswagen,Crafter,23300,2023.0,53200,gasoil,M6,177,coches.net,furgoneta
Ford,Transit,19100,2021.0,97100,Eléctrico (BEV),Manual,165,coches.net,furgoneta
Renault,Master,20800,2019.0,152100,diesel,manual,110,coches.net,furgoneta
Citroën,Jumpy,15500,2022.0,98400,Diésel,manual,155,coches.net,furgoneta
Ford,Transit Connect,21600,2021.0,125200,Diésel,MANUAL,120,coches.net,furgoneta
Fiat,Doblo Cargo,40100,2024.0,17000,diesel,Auto,110,coches.net,furgoneta
Nissan,NV400,11000,2016.0,187700,Diesel,AT,145,coches.net,furgoneta
Volkswagen,Caddy,30700,2023.0,45600,Gasolina,DSG,114,coches.net,furgoneta
Mercedes-Benz,Citan,37000,2023.0,43200,diesel,M,130,coches.net,furgoneta
Peugeot,Expert,27800,2024.0,,Eléctrico (BEV),Manual,150,coches.net,furgoneta
Citroën,Berlingo,14300,2021.0,106500,Diesel,Automático,100,coches.net,furgoneta
Toyota,Proace,13200,2017.0,229800,gasoil,M6,120,coches.net,furgoneta
Nissan,NV300,24800,2022.0,43000,Hybrid,Manual,120,coches.net,furgoneta
Opel,Vivaro,24300,2024.0,19100,DIESEL,manual,120,coches.net,furgoneta
Opel,Combo,27300,2023.0,42800,Eléctrico,,115,coches.net,furgoneta
Mercedes-Benz,Citan,32900,2024.0,11600,diesel,Manual,110,coches.net,furgoneta
MAN,TGE,40700,2023.0,52400,Gasoil,,140,coches.net,furgoneta
Toyota,Proace,40400,2023.0,33600,Electrico,MANUAL,136,coches.net,furgoneta
Mercedes-Benz,Vito,31800,2019.0,160500,diesel,manual,75,coches.net,furgoneta
Peugeot,Partner,34000,2024.0,27900,EV,MANUAL,141,coches.net,furgoneta
MAN,TGE,15500,2021.0,86000,gasoil,MANUAL,102,coches.net,furgoneta
Ford,Transit Courier,17500,2019.0,114600,gasolina,MANUAL,95,coches.net,furgoneta
Peugeot,Expert,26500,2023.0,44700,DIESEL,Automático,105,coches.net,furgoneta
Hyundai,H350,19200,2023.0,50300,diesel,M6,175,coches.net,furgoneta
Ford,Transit Courier,26300,2022.0,74400,Electrico,AT,75,coches.net,furgoneta
Fiat,Ducato,13200,2019.0,191300,Diésel,MANUAL,117,coches.net,furgoneta
Volkswagen,Transporter,31000,2023.0,34000,Diésel,manual,102,coches.net,furgoneta
Fiat,Doblo Cargo,12400,2019.0,163600,,Manual,90,coches.net,furgoneta
Mercedes-Benz,Citan,21500,2023.0,53100,GASOLINA,M6,130 CV,coches.net,furgoneta
Citroën,Jumper,23700,2023.0,45100,MHEV,DSG,,coches.net,furgoneta
Renault,Master,23400,,,,Manual,110,coches.net,furgoneta
Opel,Vivaro,16000,2023.0,43300,Gasoil,M6,125,coches.net,furgoneta
Opel,Combo,21200,2019.0,166700,diesel,M,95,coches.net,furgoneta
Fiat,Scudo,19700,2024.0,17200km,GASOLINA,M,140CV,coches.net,furgoneta
Opel,Vivaro,8200,2016.0,271700,DIESEL,Automático,120,coches.net,furgoneta
Nissan,NV300,8900,2016.0,298600,Diesel,M,95,coches.net,furgoneta
Toyota,Proace City,28000,2021.0,84400,MHEV,MANUAL,110,coches.net,furgoneta
MAN,TGE,16900,2018.0,224200,GASOLINA,Manual,140,coches.net,furgoneta
Ford,Transit,26000,,,Gasoil,Automática,170,coches.net,furgoneta
Mercedes-Benz,Vito,31900,2019.0,179700,DIESEL,Manual,120,coches.net,furgoneta
MAN,TGE,17700 €,2015.0,155100,diesel,M6,135,coches.net,furgoneta
Volkswagen,Transporter,38600,2021.0,78500,diesel,M6,102,coches.net,furgoneta
Toyota,Proace City,30900,2023.0,39200,MHEV,Manual,110,coches.net,furgoneta
Renault,Master,31000,2024.0,27500,Eléctrico,M6,135,coches.net,furgoneta
Opel,Combo,18000,2022.0,92900,gasoil,M,115,coches.net,furgoneta
Ford,Transit Courier,22700,2023.0,33900,Gasoil,,80,coches.net,furgoneta
Renault,Master,18000,2023.0,52200,Hybrid,Manual,135,coches.net,furgoneta
Iveco,Daily,15800,2022.0,66300,Gasolina,manual,130,coches.net,furgoneta
Mercedes-Benz,Vito,17500,2022.0,72700,gasoil,manual,102,coches.net,furgoneta
Peugeot,Boxer,29700,2022.0,92100,DIESEL,Manual,155,coches.net,furgoneta
Volkswagen,Caddy,26300,2024.0,18400,Diesel,automático,102,coches.net,furgoneta
Mercedes-Benz,Vito,32600,2022.0,66400,Diesel,M6,75,coches.net,furgoneta
Toyota,Proace,19000,2022.0,59500,DIESEL,Auto,120,coches.net,furgoneta
Volkswagen,Crafter,19900,2020.0,91900,Gasoil,MANUAL,102,coches.net,furgoneta
Mercedes-Benz,Sprinter,25000,2019.0,192600,Diesel,M,100,coches.net,furgoneta
Renault,Master,23700 €,2022.0,54100,DIESEL,manual,180,coches.net,furgoneta
Hyundai,H350,15600,2018.0,219500,Gasoil,Automática,141,coches.net,furgoneta
Hyundai,H350,11900,2018.0,,Gasoil,M6,131,coches.net,furgoneta
Mercedes-Benz,Citan,47300,2023.0,37700,EV,automático,150,coches.net,furgoneta
Peugeot,Boxer,20200,2022.0,91100,Electrico,automático,140,coches.net,furgoneta
Renault,Trafic,20300,2022.0,75300,diesel,AT,145,coches.net,furgoneta
Mercedes-Benz,Vito,16100,2018.0,187700,Gasoil,Automático,130,coches.net,furgoneta
Citroën,Jumpy,20300,2021.0,109300,Diésel,M6,155,coches.net,furgoneta
Mercedes-Benz,Vito,31200,2022.0,65500,Diésel,Auto,110,coches.net,furgoneta
Renault,Kangoo,34700,2024.0,16900,DIESEL,MANUAL,75,coches.net,furgoneta
Ford,Transit Connect,25100,2023.0,37600,Diesel,Manual,120,coches.net,furgoneta
Volkswagen,Caddy,13000,2018.0,184400,gasolina,Manual,114,coches.net,furgoneta
Toyota,Proace City,16700,2022.0,76100,Gasoil,manual,95,coches.net,furgoneta
Mercedes-Benz,Sprinter,18900,2018.0,134000,DIESEL,manual,150,coches.net,furgoneta
Maxus,Deliver 9,25600,2022.0,103800km,Electric,M,120,coches.net,furgoneta
Volkswagen,Crafter,18300,2019.0,161900,Híbrido,M6,182,coches.net,furgoneta
Peugeot,Partner,21400,2023.0,57400,gasolina,Automática,110,coches.net,furgoneta
MAN,TGE,42000,2024.0,20100,Híbrido,manual,102,coches.net,furgoneta
Volkswagen,Caddy,29400,2020.0,164900,diesel,M,97,coches.net,furgoneta
Renault,Master,21600,,,diesel,Manual,135,coches.net,furgoneta
Ford,Transit Connect,33600,2023.0,47700 km,DIESEL,M,120,coches.net,furgoneta
Nissan,NV400,35800,2024.0,18200,gasolina,,145,coches.net,furgoneta
Volkswagen,Transporter,32800,2024.0,19400,Diesel,M6,110,coches.net,furgoneta
Ford,Transit,12800,2017.0,230500,Diesel,M,125,coches.net,furgoneta
Ford,Transit,33200,2022.0,87600,gasoil,Automática,135,coches.net,furgoneta
Iveco,Daily,38000,2024.0,26300,Diésel,manual,90,coches.net,furgoneta
Hyundai,Staria,29500,2020.0,158900,EV,Automática,177,coches.net,furgoneta
Hyundai,H350,26800,2024.0,19500,Gasoil,M6,165,coches.net,furgoneta
Mercedes-Benz,Vito,27900,2021.0,103300,diesel,automático,102,coches.net,furgoneta
Opel,Vivaro,29400,2024.0,31300,GASOLINA,Manual,95,coches.net,furgoneta
Citroën,Jumper,35700,2021.0,141300,EV,Manual,135,coches.net,furgoneta
Hyundai,H350,30500,24.0,20600,,Automático,165,coches.net,furgoneta
Ford,Transit Courier,13700,2019.0,129700,gasoil,MANUAL,80,coches.net,furgoneta
MAN,TGE,21700,2018.0,130000,Diésel,Automática,102,coches.net,furgoneta
Citroën,Berlingo,19300,2017.0,233000,Diesel,M6,100CV,coches.net,furgoneta
Peugeot,Partner,11400,2020.0,169300km,DIESEL,Automático,100CV,coches.net,furgoneta
Volkswagen,Crafter,19600,2018.0,179700,Diesel,M,102,coches.net,furgoneta
Fiat,Ducato,18100,2022.0,68500,,MANUAL,130,coches.net,furgoneta
Ford,Transit Courier,21700,2018.0,130500,Gasolina,M,100,coches.net,furgoneta
Renault,Trafic,23100,2023.0,36000,,M6,90,coches.net,furgoneta
Opel,Movano,27200,2023.0,40700,Gasoil,AT,168,coches.net,furgoneta
Mercedes-Benz,Sprinter,22900,2016.0,325600,,manual,100,coches.net,furgoneta
Fiat,Ducato,21200,2019.0,220000,diesel,M,160,coches.net,furgoneta
Toyota,Proace,20700,2019.0,182300,gasoil,M,150,coches.net,furgoneta
Ford,Transit,19100,2021.0,84600,Gasoil,Manual,165,coches.net,furgoneta
Toyota,Proace City,18500,2022.0,74600,EV,M,110,coches.net,furgoneta
Fiat,Ducato,22000,2022.0,92300,Gasoil,Auto,135,coches.net,furgoneta
Opel,Combo,"7800,00",15.0,225100,Diésel,M,105,coches.net,furgoneta
,Master,26600,2024.0,19700,Diésel,Automático,180,coches.net,furgoneta
Nissan,Primastar,24200,2022.0,85200,Autogás,M,119,coches.net,furgoneta
Volkswagen,Crafter,36200,2023.0,39700,Gasoil,Manual,102,coches.net,furgoneta
MAN,TGE,25700,2018.0,191800,Gasoil,M,135,coches.net,furgoneta
Toyota,Proace City,26800,2022.0,65300,Gasoil,M,100,coches.net,furgoneta
Nissan,Primastar,17600,2020.0,99800,DIESEL,M,114,coches.net,furgoneta
Volkswagen,Transporter,24600,2020.0,132000,gasoil,Automático,110,coches.net,furgoneta
Peugeot,Boxer,16800,2019.0,142200 km,Electric,M,130CV,coches.net,furgoneta
Renault,Kangoo,7500,2015.0,327200 km,,DSG,95,coches.net,furgoneta
Peugeot,Boxer,21200,2019.0,121000,gasoil,MANUAL,160,coches.net,furgoneta
Peugeot,Boxer,10800,2020.0,147700,Diésel,manual,160,coches.net,furgoneta
Opel,Combo,24100,2023.0,37900,Hibrido,Auto,110,coches.net,furgoneta
Ford,Transit Connect,16800 €,2020.0,125700,gasoil,MANUAL,100,coches.net,furgoneta
Peugeot,Boxer,23700,2024.0,21900,Diésel,M,140,coches.net,furgoneta
Ford,Transit,17700,2023.0,38000,diesel,MANUAL,155,coches.net,furgoneta
Fiat,Doblo Cargo,21700,2020.0,100100,DIESEL,M,90,coches.net,furgoneta
Volkswagen,Caddy,27800,2023.0,53200,diesel,M,102,coches.net,furgoneta
Ford,Transit Courier,18000,2020.0,117700,gasolina,Auto,105,coches.net,furgoneta
Opel,Movano,33200,2022.0,79400,Diesel,M6,110,coches.net,furgoneta
Volkswagen,Transporter,22900,2021.0,118100 km,diesel,Manual,145,coches.net,furgoneta
Ford,Transit Courier,14600,2019.0,188900,GASOLINA,Manual,100,coches.net,furgoneta
Toyota,Proace City,18600,2019.0,198400,DIESEL,M,100,coches.net,furgoneta
Ford,Transit,22200,2023.0,48400,DIESEL,M6,130,coches.net,furgoneta
Citroën,Jumper,16300,2018.0,162700,gasoil,Manual,140,coches.net,furgoneta
MAN,TGE,43400,2024.0,22100,Gasolina,Manual,145,coches.net,furgoneta
Ford,Transit Courier,25600,2024.0,19700,Eléctrico,M6,70,coches.net,furgoneta
Volkswagen,Caddy,18200,2021.0,124900,gasoil,M,97,coches.net,furgoneta
Hyundai,Staria,32500,2023.0,46500,Electrico,M,177,coches.net,furgoneta
Opel,Combo,14500,2017.0,226200,Gasoil,M,105,coches.net,furgoneta
Ford,Transit,26800,2023.0,51300,DIESEL,M,155CV,coches.net,furgoneta
Peugeot,Boxer,26700,2023.0,47600,Diesel,MANUAL,160,coches.net,furgoneta
Ford,Transit,25300,,,diesel,Auto,110,coches.net,furgoneta
Mercedes-Benz,Sprinter,22700,2018.0,137900,Gasoil,M,102,coches.net,furgoneta
Ford,Transit Connect,27300,2024.0,27600,diesel,M,70,coches.net,furgoneta
Opel,Combo,40000,2024.0,27200,MHEV,manual,115,coches.net,furgoneta
Mercedes-Benz,Citan,11400,2020.0,109700,EV,M,120,coches.net,furgoneta
Mercedes-Benz,Sprinter,26100,2022.0,65800,Hybrid,M,120,coches.net,furgoneta
Mercedes-Benz,Citan,39400,2023.0,45100 km,Eléctrico,MANUAL,150,coches.net,furgoneta
Hyundai,H350,7500,2018.0,124300,Diesel,AT,170,coches.net,furgoneta
Volkswagen,Crafter,11900,2016.0,237600,Diesel,MANUAL,182,coches.net,furgoneta
Mercedes-Benz,Sprinter,27600,2020.0,138600,Gasoil,Manual,140,coches.net,furgoneta
Fiat,Scudo,7500,2015.0,262800,Diesel,M,120,coches.net,furgoneta
Ford,Transit Connect,39500,2024.0,17300,Electrico,M6,75,coches.net,furgoneta
Opel,Vivaro,7500,2020.0,122400,Gasoil,MANUAL,120,coches.net,furgoneta
Peugeot,Partner,24700,2024.0,20200 km,Eléctrico (BEV),Automática,141,coches.net,furgoneta
Volkswagen,Caddy,31400,2024.0,18100km,DIESEL,Manual,102,coches.net,furgoneta
Ford,Transit,24700,2021.0,92000,DIESEL,MANUAL,130,coches.net,furgoneta
Ford,Transit Connect,14700,2017.0,235300km,Diesel,manual,95,coches.net,furgoneta
Ford,Transit,28400,2023.0,56700,DIESEL,Manual,130,coches.net,furgoneta
Fiat,Scudo,13700,2023.0,51400,gasolina,M,145,coches.net,furgoneta
Citroën,Berlingo,28500,2022.0,49400,GASOLINA,Manual,110,coches.net,furgoneta
Toyota,Proace City,14500,2015.0,279300,diesel,MANUAL,110,coches.net,furgoneta
Mercedes-Benz,Citan,15900,2016.0,229500,DIESEL,M,75,coches.net,furgoneta
Volkswagen,Crafter,22000,2018.0,172100,Diesel,MANUAL,177,coches.net,furgoneta
Mercedes-Benz,Citan,19900,2021.0,94200,GASOLINA,M,140,coches.net,furgoneta
Nissan,NV400,15000,,,diesel,MANUAL,145,coches.net,furgoneta
Mercedes-Benz,Sprinter,29600,2023.0,27600,gasoil,Manual,90,coches.net,furgoneta
Toyota,Proace,20200,2022.0,70100,diesel,M6,120,coches.net,furgoneta
Peugeot,Partner,22500,2023.0,54700,DIESEL,MANUAL,95,coches.net,furgoneta
Citroën,Jumper,19400,2022.0,50500,Diésel,manual,140,coches.net,furgoneta
Mercedes-Benz,Vito,19600,2017.0,292400,MHEV,MANUAL,102,coches.net,furgoneta
Nissan,Primastar,17300,2020.0,100300,Hybrid,Automático,114,coches.net,furgoneta
Citroën,Jumper,14700,2018.0,232500,DIESEL,Automática,145,coches.net,furgoneta
Volkswagen,Crafter,18900,2021.0,97400km,Diesel,AT,177,coches.net,furgoneta
Ford,Transit Connect,22200 €,2022.0,73800,GLP,M6,75,coches.net,furgoneta
Fiat,Doblo Cargo,7500,2016.0,258000,diesel,M,105,coches.net,furgoneta
Renault,Kangoo,29300,2023.0,45600,,MANUAL,100,coches.net,furgoneta
Ford,Transit,16400,2019.0,173300,gasolina,M,135,coches.net,furgoneta
Ford,Transit Courier,20900,2018.0,,gasolina,AT,100,coches.net,furgoneta
Mercedes-Benz,Vito,20200,2017.0,207200 km,Eléctrico (BEV),M,140,coches.net,furgoneta
Renault,Trafic,16200,2016.0,195100,Eléctrico,manual,95,coches.net,furgoneta
Iveco,Daily,28700,2024.0,10900,diesel,MANUAL,140,coches.net,furgoneta
Mercedes-Benz,Vito,33200,2020.0,98000,EV,M,120,coches.net,furgoneta
Peugeot,Partner,28000,2024.0,29000,GASOLINA,M,110,coches.net,furgoneta
Hyundai,Staria,16200,2019.0,143500,Diesel,AT,177,coches.net,furgoneta
Ford,Transit Courier,28000,2023.0,54200,GASOLINA,automático,80,coches.net,furgoneta
Fiat,Doblo Cargo,16200,2023.0,44400km,Diésel,AT,90,coches.net,furgoneta
Renault,Trafic,26100,2022.0,77100,GASOLINA,MANUAL,90,coches.net,furgoneta
Ford,Transit Courier,28100,2022.0,85800,Diésel,M,75,coches.net,furgoneta
Nissan,Primastar,20400,2023.0,28900,gasoil,manual,109,coches.net,furgoneta
Volkswagen,Caddy,18700,2017.0,211600,GASOLINA,Manual,119,coches.net,furgoneta
Ford,Transit Courier,33200,2024.0,24700,Gasoil,manual,75,coches.net,furgoneta
Volkswagen,Transporter,20200,2021.0,98700,DIESEL,Manual,,coches.net,furgoneta
Mercedes-Benz,Citan,18700,2019.0,173900,DIESEL,M,75,coches.net,furgoneta
Hyundai,H350,21500,2020.0,115800,DIESEL,M6,136,coches.net,furgoneta
Peugeot,Boxer,12600,2019.0,123200,CNG,manual,135,coches.net,furgoneta
Opel,Vivaro,9400,2017.0,262700,Diésel,DSG,100,coches.net,furgoneta
MAN,TGE,27100,2022.0,99200,Diesel,M6,102,coches.net,furgoneta
Peugeot,Partner,18100,2017.0,177200,EV,Manual,131,coches.net,furgoneta
Renault,Trafic,11200,2017.0,152200,gasoil,Auto,90,coches.net,furgoneta
Renault,Trafic,27500,2021.0,111200,Gasolina,M,90,coches.net,furgoneta
Toyota,Proace,28300,2021.0,110400,Diesel,M6,145CV,coches.net,furgoneta
Peugeot,Partner,31700,2023.0,55800,gasolina,AT,115,coches.net,furgoneta
Nissan,NV300,31000,2022.0,77300,Electric,M,125,coches.net,furgoneta
Nissan,Primastar,7500,2016.0,281700,gasoil,M,119,coches.net,furgoneta
MAN,TGE,30100,2020.0,133800 km,Diésel,MANUAL,102,coches.net,furgoneta
Maxus,EV80,21000,2020.0,104300,EV,M,125,coches.net,furgoneta
Nissan,Primastar,21300,2020.0,171400,DIESEL,M,114,coches.net,furgoneta
Mercedes-Benz,Citan,26500,2020.0,121100,DIESEL,Manual,130,coches.net,furgoneta
Ford,Transit Connect,10800,2020.0,107600km,gasoil,MANUAL,120,coches.net,furgoneta
Nissan,NV200,27500,2022.0,74700,gasoil,Automático,90,coches.net,furgoneta
Volkswagen,Crafter,28300,2024.0,29000,Diésel,M,177,coches.net,furgoneta
Renault,Master,12000,2018.0,180100,Diésel,AT,135,coches.net,furgoneta
Iveco,Daily,13800,2019.0,168600,Diésel,Auto,90,coches.net,furgoneta
Peugeot,Expert,9200,2015.0,317700,Electrico,M,100,coches.net,furgoneta
Volkswagen,Caddy,26300,2023.0,48900,gasoil,automático,107,coches.net,furgoneta
Opel,Combo,37400,2023.0,40100,Gasoil,manual,100,coches.net,furgoneta
Volkswagen,Crafter,12100,2018.0,182100,Diesel,M,172,coches.net,furgoneta
Volkswagen,Crafter,14500,2019.0,169600,DIESEL,M6,177,coches.net,furgoneta
Peugeot,Partner,32700,2022.0,38700,EV,Automática,100,coches.net,furgoneta
Ford,Transit,25000,2021.0,95500,Diesel,Manual,155,coches.net,furgoneta
Ford,Transit Courier,21100,,,gasolina,M,100 CV,coches.net,furgoneta
Opel,Vivaro,30200,2024.0,26300,gasoil,automático,95,coches.net,furgoneta
Volkswagen,Caddy,33900,2024.0,13400,GASOLINA,DSG,109CV,coches.net,furgoneta
Mercedes-Benz,Citan,24100,2020.0,103800,gasoil,manual,110,coches.net,furgoneta
Peugeot,Boxer,14400,2016.0,215200,Híbrido,Manual,130,coches.net,furgoneta
Fiat,Ducato,22600,2023.0,49900,Hybrid,M6,155,coches.net,furgoneta
Ford,Transit Connect,,2024.0,20000,Diesel,M,100,coches.net,furgoneta
Renault,Master,13000,2016.0,218800,gasoil,MANUAL,185,coches.net,furgoneta
Toyota,Proace City,13800,2019.0,125000,,M6,110,coches.net,furgoneta
,Crafter,31700,2023.0,40700,gasoil,MANUAL,177,coches.net,furgoneta
Ford,Transit Connect,22500,2023.0,58400,MHEV,manual,125,coches.net,furgoneta
Mercedes-Benz,Citan,31300,2023.0,44800,gasoil,M,75,coches.net,furgoneta
Ford,Transit Courier,14600,2018.0,174700,Diésel,manual,75,coches.net,furgoneta
Volkswagen,Transporter,44800,2023.0,59600,EV,automático,110,coches.net,furgoneta
Peugeot,Boxer,15600,2020.0,98000,Hibrido,M,130,coches.net,furgoneta
Citroën,Jumpy,18500,2022.0,91400,gasolina,automático,105,coches.net,furgoneta
Ford,Transit Connect,23500 €,2024.0,27000,Gasoil,manual,120,coches.net,furgoneta
Volkswagen,Crafter,15300,2017.0,195100,Eléctrico,manual,182,coches.net,furgoneta
Opel,Vivaro,40000,2024.0,19500,Gasoil,M,180,coches.net,furgoneta
Ford,Transit Connect,13200,2020.0,90500,CNG,M6,105,coches.net,furgoneta
Citroën,Berlingo,15900,2019.0,137200,Gasolina,AT,115,coches.net,furgoneta
Volkswagen,Caddy,28200,2024.0,32800,gasolina,MANUAL,119,coches.net,furgoneta
Peugeot,Expert,19800,2020.0,132900,Diésel,manual,115,coches.net,furgoneta
Fiat,Doblo Cargo,24800,2022.0,89700km,Diésel,Automática,100,coches.net,furgoneta
Ford,Transit Connect,14300,2020.0,138700,Gasoil,MANUAL,105,coches.net,furgoneta
Peugeot,Partner,25900,2023.0,51400,GASOLINA,M6,115,coches.net,furgoneta
Ford,Transit,26800,2021.0,113700 km,Diesel,M,105,coches.net,furgoneta
Nissan,NV400,11300,2019.0,124700,Híbrido,manual,110,coches.net,furgoneta
Ford,Transit,16000,2015.0,340500,DIESEL,manual,135,coches.net,furgoneta
Ford,,15300,2022.0,46600,Gasoil,manual,75,coches.net,furgoneta
Citroën,Jumper,12700 €,2021.0,106400,Gasoil,manual,130CV,coches.net,furgoneta
Opel,Movano,35700,2023.0,50500,EV,M6,110,coches.net,furgoneta
Peugeot,Partner,18300,2020.0,76700,Gasoil,Manual,95,coches.net,furgoneta
Volkswagen,Caddy,17600,2021.0,90400,Diesel,Automática,75,coches.net,furgoneta
Opel,Combo,20500,2022.0,87200,Diésel,Manual,110,coches.net,furgoneta
Citroën,Jumpy,12100,2021.0,103000,Diésel,DSG,120CV,coches.net,furgoneta
Ford,Transit Connect,13100,2016.0,265100,DIESEL,M6,105,coches.net,furgoneta
Iveco,Daily,30400 €,2023.0,47500,Híbrido,MANUAL,120,coches.net,furgoneta
Opel,Movano,27800,2022.0,65400,Hibrido,manual,110,coches.net,furgoneta
Nissan,Primastar,19800,2019.0,66200,Diésel,M,109,coches.net,furgoneta
Fiat,Ducato,19000,2022.0,59100,Diesel,Auto,,coches.net,furgoneta
Volkswagen,Caddy,20800,2019.0,155400,Eléctrico,M,75,coches.net,furgoneta
Ford,Transit Connect,33100,2024.0,26600,DIESEL,Manual,120,coches.net,furgoneta
Volkswagen,Caddy,16500,2018.0,133900,gasolina,Manual,109,coches.net,furgoneta
Fiat,Doblo Cargo,18700,2023.0,53400,gasoil,manual,110,coches.net,furgoneta
Peugeot,Expert,13900,2022.0,60200,Diesel,M6,120,coches.net,furgoneta
Peugeot,Partner,29000,2022.0,82800,GASOLINA,MANUAL,110,coches.net,furgoneta
Toyota,Proace,28100,2021.0,87600,EV,Automática,136,coches.net,furgoneta
Ford,Transit Connect,23500,2023.0,39500,Diesel,AT,100,coches.net,furgoneta
Toyota,Proace City,13900,2022.0,58100,Híbrido,M,95,coches.net,furgoneta
Ford,Transit Courier,26300,2023.0,61800,diesel,MANUAL,75,coches.net,furgoneta
Citroën,Jumpy,20900,2022.0,72100,DIESEL,manual,105,coches.net,furgoneta
Mercedes-Benz,Citan,21900,2021.0,123600 km,Hybrid,M6,150 CV,coches.net,furgoneta
Peugeot,Expert,21600,2022.0,74900,Gasoil,M6,125,coches.net,furgoneta
Fiat,Doblo Cargo,16900,2019.0,174000,MHEV,Manual,105,coches.net,furgoneta
Fiat,Ducato,21400,2023.0,34100,Híbrido,manual,122,coches.net,furgoneta
Toyota,Proace City,22200,2023.0,53900,Autogás,M6,105,coches.net,furgoneta
Volkswagen,Crafter,21100,2019.0,170700,Diesel,M6,140,coches.net,furgoneta
Peugeot,Expert,18700,2021.0,108700,Gasolina,Automática,100,coches.net,furgoneta
Peugeot,Boxer,23700,2024.0,22600,DIESEL,Auto,140,coches.net,furgoneta
Citroën,Jumper,22800,2022.0,84000,DIESEL,Automática,130,coches.net,furgoneta
Maxus,EV80,29200,2024.0,19800,Eléctrico (BEV),MANUAL,120,coches.net,furgoneta
Toyota,Proace,24200,2023.0,46900,Electrico,M6,150,coches.net,furgoneta
Toyota,Proace,18100,2018.0,208900,Electric,Auto,136,coches.net,furgoneta
Toyota,Proace,28900,2023.0,57000,DIESEL,M6,115,coches.net,furgoneta
Ford,Transit Connect,26200,2023.0,19800,DIESEL,Automática,100,coches.net,furgoneta
Mercedes-Benz,Vito,31900,2024.0,24100,Diesel,MANUAL,100,coches.net,furgoneta
Peugeot,Expert,12300,2021.0,83400,Diesel,Manual,95,coches.net,furgoneta
MAN,TGE,25600,2020.0,170400,Eléctrico,manual,102,coches.net,furgoneta
Renault,Trafic,19600,2021.0,90400,Gasolina,M,90,coches.net,furgoneta
Toyota,Proace,13000,2015.0,380000,gasoil,Manual,150,coches.net,furgoneta
Fiat,Scudo,14600,2019.0,144700,GASOLINA,Manual,145,coches.net,furgoneta
Renault,Master,14800,2022.0,79200,diesel,DSG,150,coches.net,furgoneta
Renault,Master,26600,2024.0,17100,Diésel,automático,130,coches.net,furgoneta
Toyota,Proace City,39500,2023.0,52700,Gasoil,M,110,coches.net,furgoneta
Mercedes-Benz,Vito,38600,2024.0,17300,gasoil,manual,120,coches.net,furgoneta
Ford,Transit Courier,16100,2018.0,210400,Gasoil,M,80,coches.net,furgoneta
Citroën,Jumper,21100,2023.0,39200,Diésel,Automático,135,coches.net,furgoneta
Maxus,Deliver 9,20300,2024.0,24700 km,Eléctrico,M,,coches.net,furgoneta
Mercedes-Benz,Sprinter,36200,2022.0,,Gas Natural,MANUAL,150,coches.net,furgoneta
Volkswagen,Transporter,24700,2020.0,148800,DIESEL,M6,,coches.net,furgoneta
Nissan,Primastar,15600,2019.0,,gasolina,M,114,coches.net,furgoneta
Volkswagen,Crafter,24900,2023.0,50200,EV,manual,145,coches.net,furgoneta
Volkswagen,Crafter,31800,,,Híbrido,Auto,140,coches.net,furgoneta
Peugeot,Partner,33000,2023.0,51700,GASOLINA,M,110,coches.net,furgoneta
Fiat,Doblo Cargo,16200,2020.0,149700 km,gasolina,MANUAL,85,coches.net,furgoneta
Peugeot,Expert,21200,2022.0,86100,diesel,MANUAL,145,coches.net,furgoneta
Nissan,NV400,20600,2021.0,109800,Diésel,AT,110,coches.net,furgoneta
Volkswagen,Caddy,32600,2023.0,41600,,DSG,102,coches.net,furgoneta
Iveco,Daily,24900,2022.0,58500,,M,110,coches.net,furgoneta
Opel,Vivaro,17100,2019.0,125000,Gasolina,manual,120,coches.net,furgoneta
Volkswagen,Transporter,20600,2018.0,141000,DIESEL,MANUAL,155,coches.net,furgoneta
Peugeot,Expert,18100,2018.0,140100,Eléctrico,M,155,coches.net,furgoneta
Ford,Transit Courier,12900,2020.0,126700km,gasolina,MANUAL,95,coches.net,furgoneta
Volkswagen,Crafter,12900,2016.0,262500,diesel,DSG,102,coches.net,furgoneta
Citroën,Jumpy,20900,2022.0,93600,Diésel,M,150,coches.net,furgoneta
Ford,Transit,18300,2022.0,91500,GNC,Manual,155,coches.net,furgoneta
Citroën,Jumpy,26800,2023.0,38100,GNC,Manual,145,coches.net,furgoneta
Renault,Trafic,16100,2019.0,209400,gasoil,M,120,coches.net,furgoneta
Peugeot,Boxer,33500 €,2024.0,24500,Diesel,MANUAL,125,coches.net,furgoneta
Renault,Trafic,29300,2024.0,21500,DIESEL,M,,coches.net,furgoneta
Maxus,Deliver 9,13100,2016.0,299400,Diesel,M,,coches.net,furgoneta
Opel,Combo,22900,2024.0,27600 km,diesel,Manual,110,coches.net,furgoneta
Ford,Transit Connect,25700,2023.0,37800,Gasoil,Automático,120,coches.net,furgoneta
Mercedes-Benz,Sprinter,16000,2019.0,166200,diesel,M,100,coches.net,furgoneta
MAN,TGE,14900,2017.0,199100,gasoil,M6,97,coches.net,furgoneta
Renault,Master,21900,2020.0,133600,Electric,Automático,105,coches.net,furgoneta
Opel,Vivaro,35600,2024.0,15400,gasolina,Automático,125,coches.net,furgoneta
,Jumper,20000,2022.0,75700,diesel,M6,130,coches.net,furgoneta
Mercedes-Benz,Vito,35000,2024.0,25200,Diésel,Manual,140,coches.net,furgoneta
Toyota,Proace City,28900,2023.0,36500,GLP,M6,100,coches.net,furgoneta
Fiat,Doblo Cargo,10000,2016.0,304200,Diesel,manual,95,coches.net,furgoneta
Mercedes-Benz,Vito,32900,2021.0,69500,Gasoil,MANUAL,90,coches.net,furgoneta
Renault,Kangoo,28300,2024.0,,Diesel,AT,100,coches.net,furgoneta
Renault,Master,27300,2022.0,71000,gasoil,manual,180,coches.net,furgoneta
Opel,Combo,28400,2023.0,40700,Diésel,M,95,coches.net,furgoneta
Toyota,Proace City,20100,2021.0,96400,Gasoil,M6,100,coches.net,furgoneta
Fiat,Doblo Cargo,16400,2022.0,63700,diesel,M6,105 CV,coches.net,furgoneta
Mercedes-Benz,Citan,12600,2016.0,301400,CNG,MANUAL,130,coches.net,furgoneta
Iveco,Daily,29400,2021.0,119600,Gas Natural,Automática,100,coches.net,furgoneta
Peugeot,Partner,8300,2018.0,186900,GASOLINA,M,110,coches.net,furgoneta
Iveco,Daily,25100,2024.0,11400,gasoil,manual,140,coches.net,furgoneta
Hyundai,H350,32400,2024.0,18300,Diésel,MANUAL,136,coches.net,furgoneta
Peugeot,Expert,23800,2023.0,39400,Hybrid,automático,155,coches.net,furgoneta
Ford,Transit Courier,22100,2023.0,46900,Hybrid,DSG,,coches.net,furgoneta
Fiat,Ducato,19400,2022.0,69900,Diesel,M,117,coches.net,furgoneta
Peugeot,Boxer,20700,2022.0,50800,Diésel,MANUAL,155,coches.net,furgoneta
Fiat,Ducato,15700,2018.0,162500,gasoil,DSG,127,coches.net,furgoneta
Renault,Master,17900,2021.0,89400,Gasoil,M,105,coches.net,furgoneta
Volkswagen,Transporter,18800,2021.0,115000,DIESEL,M6,199,coches.net,furgoneta
Iveco,Daily,38600,2023.0,47400,Gasoil,MANUAL,110,coches.net,furgoneta
Nissan,NV200,25100,2024.0,33200,Diesel,DSG,105,coches.net,furgoneta
Volkswagen,Caddy,25100,2021.0,99900,diesel,MANUAL,75,coches.net,furgoneta
Ford,Transit Connect,30900,2023.0,43700,Diésel,MANUAL,120,coches.net,furgoneta
Opel,Vivaro,11400,2020.0,91200 km,Gasolina,manual,175,coches.net,furgoneta
Maxus,EV80,21200,2020.0,120300,Electrico,,120,coches.net,furgoneta
Mercedes-Benz,Sprinter,11000,2015.0,220300,Gasolina,MANUAL,90,coches.net,furgoneta
Ford,Transit,18700,2023.0,26500 km,Diésel,manual,135,coches.net,furgoneta
Mercedes-Benz,Citan,38100,2024.0,15900 km,Gasoil,M,150,coches.net,furgoneta
Peugeot,Boxer,12600,2020.0,140000,Diésel,Automático,160,coches.net,furgoneta
Hyundai,H350,15800,2019.0,162200 km,diesel,MANUAL,165,coches.net,furgoneta
Renault,Master,10000,2016.0,218300,diesel,MANUAL,145,coches.net,furgoneta
Iveco,Daily,35800,2021.0,87500,EV,Automática,,coches.net,furgoneta
Ford,Transit Courier,28500,2024.0,22300,GASOLINA,Automático,100,coches.net,furgoneta
Peugeot,Partner,22100,2023.0,61800,Diesel,automático,100,coches.net,furgoneta
Mercedes-Benz,Sprinter,34500,2023.0,48700,Diesel,MANUAL,100,coches.net,furgoneta
Ford,Transit Connect,15500,2021.0,121700,DIESEL,MANUAL,120,coches.net,furgoneta
Toyota,Proace City,28800,2022.0,83000,Diesel,Manual,100,coches.net,furgoneta
Nissan,NV200,14100,2022.0,60400,Gasoil,M,90,coches.net,furgoneta
Fiat,Ducato,19900,2023.0,35000,diesel,Manual,165,coches.net,furgoneta
Ford,Transit Courier,23300,2020.0,128900,Eléctrico,M6,70,coches.net,furgoneta
Citroën,Berlingo,30900,2023.0,31500,Eléctrico,manual,136,coches.net,furgoneta
Mercedes-Benz,Sprinter,16300,2019.0,178900,Diesel,manual,75,coches.net,furgoneta
Fiat,Doblo Cargo,11300,2016.0,263400,,automático,90,coches.net,furgoneta
Volkswagen,Transporter,35700,2023.0,30700,Diésel,M6,110CV,coches.net,furgoneta
Citroën,Jumpy,22300,2020.0,82100,diesel,Auto,,coches.net,furgoneta
Toyota,Proace,38000,2024.0,13500,DIESEL,M6,150,coches.net,furgoneta
Hyundai,,13500,2019.0,183400,diesel,M6,172,coches.net,furgoneta
Volkswagen,Crafter,34600,2024.0,21800,Gasoil,MANUAL,102,coches.net,furgoneta
Citroën,Berlingo,26500,2023.0,49100km,EV,manual,136,coches.net,furgoneta
Mercedes-Benz,Sprinter,24700,2021.0,106200,GNC,DSG,102,coches.net,furgoneta
Fiat,Scudo,17900,2022.0,65700,Diésel,AT,145,coches.net,furgoneta
Toyota,Proace City,35600,2023.0,52300,Gasoil,manual,115,coches.net,furgoneta
Hyundai,Staria,12600,2017.0,183800,Diésel,M6,177,coches.net,furgoneta
Mercedes-Benz,Citan,30200,2022.0,56400,diesel,MANUAL,100,coches.net,furgoneta
Ford,Transit Courier,28200,24.0,18500,Gasolina,manual,105,coches.net,furgoneta
Citroën,Jumpy,18100,2024.0,20800,GLP,MANUAL,120,coches.net,furgoneta
Nissan,NV300,8100,2015.0,261300,gasoil,manual,125,coches.net,furgoneta
Renault,Master,23300,2023.0,,Gasoil,M6,145,coches.net,furgoneta
Volkswagen,Crafter,30100,23.0,44300,diesel,M,177,coches.net,furgoneta
Volkswagen,Caddy,26200,2020.0,118200,gasoil,AT,80,coches.net,furgoneta
Iveco,Daily,26500,2024.0,21800,gasoil,M6,150,coches.net,furgoneta
Mercedes-Benz,Citan,,2022.0,60500,Electrico,M,90CV,coches.net,furgoneta
Peugeot,Boxer,16100,2021.0,109500,GASOLINA,Manual,130,coches.net,furgoneta
Citroën,,14600,2017.0,193300,Electrico,M,160,coches.net,furgoneta
Peugeot,Partner,11700,2019.0,220000,GASOLINA,M6,110,coches.net,furgoneta
Peugeot,Boxer,13500,2021.0,94600,CNG,automático,140,coches.net,furgoneta
MAN,TGE,14300,2019.0,197100,diesel,Automática,102,coches.net,furgoneta
Hyundai,Staria,29300,2022.0,94700,Electric,Auto,182,coches.net,furgoneta
Peugeot,Boxer,19700,2016.0,221600,DIESEL,M,165,coches.net,furgoneta
Maxus,Deliver 9,21800,2023.0,56700,Eléctrico,Manual,120,coches.net,furgoneta
MAN,TGE,29000,2024.0,32700,Híbrido,DSG,102,coches.net,furgoneta
Toyota,Proace,51500,2023.0,51000,Electric,manual,136,coches.net,furgoneta
Iveco,Daily,30400,2021.0,108700,diesel,M6,102,coches.net,furgoneta
Citroën,Jumper,20800,2018.0,170300,Diesel,MANUAL,125,coches.net,furgoneta
Peugeot,Boxer,16600 €,2018.0,,DIESEL,DSG,140,coches.net,furgoneta
Opel,Vivaro,28700,2021.0,99600,diesel,MANUAL,120,coches.net,furgoneta
Renault,Kangoo,,2023.0,42000,Diésel,M6,75,coches.net,furgoneta
Fiat,Scudo,11500,2017.0,181800,Gasolina,Automático,140,coches.net,furgoneta
Citroën,Berlingo,22500,2019.0,145900,diesel,M6,100,coches.net,furgoneta
Toyota,Proace City,17900,2022.0,67300,MHEV,M,110,coches.net,furgoneta
Ford,Transit Connect,,2022.0,82700,Gas Natural,AT,75,coches.net,furgoneta
Ford,Transit,12400,2018.0,227000,Gasoil,Automático,100,coches.net,furgoneta
Iveco,Daily,25000,2020.0,142900,Gasoil,Automático,75,coches.net,furgoneta
Citroën,Jumpy,16800,2017.0,267900,Diesel,Manual,100,coches.net,furgoneta
Citroën,Jumper,22100,2020.0,148100,DIESEL,MANUAL,160,coches.net,furgoneta
Ford,Transit,25200,2024.0,19400,Diésel,Automático,130,coches.net,furgoneta
Ford,Transit Courier,16300,,,gasolina,M6,105,coches.net,furgoneta
Renault,Kangoo,19500 €,2021.0,93500,Hybrid,M,95,coches.net,furgoneta
Renault,Trafic,18500,2020.0,137900,gasolina,Manual,125,coches.net,furgoneta
Renault,Kangoo,9.000,2015.0,297100,Gasoil,MANUAL,95,coches.net,furgoneta
Mercedes-Benz,Citan,27100,2019.0,140500,Diésel,M6,140,coches.net,furgoneta
Opel,Combo,23900,2020.0,125300,DIESEL,DSG,110 CV,coches.net,furgoneta
Fiat,Ducato,23100,2024.0,21500,Eléctrico,MANUAL,155,coches.net,furgoneta
Citroën,Jumpy,23600,2023.0,,Híbrido,manual,155,coches.net,furgoneta
Mercedes-Benz,Sprinter,23600,2022.0,74200,Diesel,Manual,140,coches.net,furgoneta
Volkswagen,Transporter,32700,2022.0,54300,EV,manual,107,coches.net,furgoneta
Ford,Transit,27300,2023.0,46100,gasoil,M6,135,coches.net,furgoneta
Toyota,Proace City,7500,2018.0,209300,Diésel,M6,105,coches.net,furgoneta
Volkswagen,Caddy,18600,2019.0,147400,diesel,M,75 CV,coches.net,furgoneta
Maxus,EV80,37100,2024.0,18600,Eléctrico (BEV),M6,120,coches.net,furgoneta
Volkswagen,Caddy,27300,2021.0,100000,Diesel,M,75,coches.net,furgoneta
Ford,Transit Connect,31500,2024.0,29800,Gasolina,manual,75,coches.net,furgoneta
Toyota,Proace,12700,2017.0,264500,Eléctrico (BEV),MANUAL,120,coches.net,furgoneta
Hyundai,H350,11700,2017.0,239600,Diésel,Automática,170,coches.net,furgoneta
MAN,TGE,16200,2019.0,154600,Diésel,manual,135,coches.net,furgoneta
Nissan,NV300,24100,2021.0,89900,Diésel,manual,115,coches.net,furgoneta
Volkswagen,Transporter,30100,2023.0,67200,gasoil,Automático,97,coches.net,furgoneta
Peugeot,Boxer,20600,2024.0,17300,Diesel,manual,130,coches.net,furgoneta
Peugeot,Partner,13400,2019.0,174100,Gasolina,manual,115,coches.net,furgoneta
Citroën,Berlingo,28600,2019.0,145600,Gasolina,M6,110,coches.net,furgoneta
Ford,Transit,7800,2015.0,314400,Gas Natural,Automático,165,coches.net,furgoneta
Volkswagen,Caddy,,2023.0,44400,Diesel,MANUAL,70,coches.net,furgoneta
Iveco,Daily,35800,2023.0,31100,Diesel,M6,90,coches.net,furgoneta
Renault,Kangoo,,2021.0,95400,gasolina,DSG,75,coches.net,furgoneta
Peugeot,Partner,34600,2023.0,41000,Diésel,Auto,105,coches.net,furgoneta
Nissan,Primastar,13900,2020.0,83800,gasoil,manual,114,coches.net,furgoneta
Maxus,Deliver 9,21700,2020.0,132900,Hibrido,M6,145,coches.net,furgoneta
Toyota,Proace City,16500,2017.0,270400,Gasoil,M,110,coches.net,furgoneta
Volkswagen,Transporter,22500,2022.0,61700,Gasoil,MANUAL,150,coches.net,furgoneta
Peugeot,Expert,34100,2023.0,47500,DIESEL,Manual,,coches.net,furgoneta
Nissan,Primastar,,2024.0,24800,Diésel,AT,114,coches.net,furgoneta
Peugeot,Boxer,18600,2021.0,108600,DIESEL,M6,125,coches.net,furgoneta
Renault,Master,14000,2019.0,121000,Diesel,M6,110,coches.net,furgoneta
Hyundai,H350,17300,2020.0,141200,Hybrid,M,175,coches.net,furgoneta
Renault,Kangoo,37500,2024.0,21300,Eléctrico,Manual,85,coches.net,furgoneta
MAN,TGE,36400,2022.0,63600,Diésel,automático,,coches.net,furgoneta
Opel,Movano,13900,2017.0,230300,DIESEL,M6,115,coches.net,furgoneta
Maxus,EV80,21600,2022.0,69800,EV,manual,120,coches.net,furgoneta
Ford,Transit Connect,21300,2023.0,38200,Hibrido,MANUAL,100,coches.net,furgoneta
Peugeot,Partner,18600,2019.0,140500,Electrico,M,141CV,coches.net,furgoneta
Toyota,Proace City,23700,2020.0,84200,Diesel,M,,coches.net,furgoneta
Ford,Transit Courier,26100,2022.0,65800,GASOLINA,M,100,coches.net,furgoneta
Renault,Trafic,15600,2023.0,34800,Diésel,Auto,150 CV,coches.net,furgoneta
Nissan,Primastar,17500,2018.0,190000,Diesel,DSG,114,coches.net,furgoneta
Opel,Movano,27400,2024.0,23200,Eléctrico,MANUAL,110,coches.net,furgoneta
Mercedes-Benz,Sprinter,30700,2024.0,14600km,diesel,Manual,150,coches.net,furgoneta
Fiat,Ducato,20400,21.0,96900,gasoil,Manual,130,coches.net,furgoneta
Mercedes-Benz,Citan,41300,22.0,69300,diesel,M6,102 CV,coches.net,furgoneta
Volkswagen,Transporter,18000,2021.0,134100,Gasoil,Auto,150,coches.net,furgoneta
Volkswagen,Caddy,23600,2023.0,37600,gasolina,manual,119CV,coches.net,furgoneta
Mercedes-Benz,Citan,26500,2021.0,126400 km,MHEV,manual,120,coches.net,furgoneta
Nissan,NV200,26900,2023.0,44100,DIESEL,manual,110,coches.net,furgoneta
Iveco,Daily,10200,16.0,237800,,Manual,140,coches.net,furgoneta
Opel,Movano,18400,2023.0,31700,gasoil,MANUAL,168,coches.net,furgoneta
MAN,TGE,27500,2021.0,133000,Eléctrico (BEV),Manual,102,coches.net,furgoneta
Volkswagen,Caddy,23500,2022.0,82300,GASOLINA,Manual,109,coches.net,furgoneta
Toyota,Proace City,30500,2021.0,129400,Electric,manual,100,coches.net,furgoneta
Ford,Transit,19500,2020.0,161300,gasoil,Automática,170,coches.net,furgoneta
Nissan,NV400,24400,2020.0,114200,Diesel,M,105,coches.net,furgoneta
Renault,Kangoo,20100,2021.0,84300,diesel,MANUAL,95,coches.net,furgoneta
Opel,Movano,24800,2020.0,174700,DIESEL,MANUAL,110,coches.net,furgoneta
Mercedes-Benz,Sprinter,30600,2021.0,106300,Gas Natural,Manual,140,coches.net,furgoneta
Renault,Kangoo,17000,2020.0,84400,CNG,M6,95,coches.net,furgoneta
Citroën,,23500,2022.0,78100,Diesel,manual,150,coches.net,furgoneta
Maxus,EV80,27300,2023.0,44500,Electric,automático,125,coches.net,furgoneta
Peugeot,Expert,20300,2019.0,138100km,Diésel,MANUAL,125,coches.net,furgoneta
MAN,TGE,27200,2020.0,138600,Híbrido,M,97,coches.net,furgoneta
Fiat,Ducato,18300,2021.0,98200,gasoil,MANUAL,160,coches.net,furgoneta
Renault,Kangoo,27600,2022.0,72900,Electrico,M,100,coches.net,furgoneta
Ford,Transit Connect,24900,2022.0,,Diesel,M,120,coches.net,furgoneta
Hyundai,H350,18000,2020.0,147500,Diésel,M,136,coches.net,furgoneta
Volkswagen,Crafter,32200,2023.0,57000,Gasoil,automático,135,coches.net,furgoneta
Mercedes-Benz,Vito,9600,2017.0,187800,Gasoil,automático,75,coches.net,furgoneta
Hyundai,Staria,23900,,,Eléctrico,manual,182,coches.net,furgoneta
Toyota,Proace,19900,2020.0,123500,diesel,manual,125,coches.net,furgoneta
Renault,Trafic,26200,2023.0,50400,Diésel,Auto,150,coches.net,furgoneta
Hyundai,H350,32400,2024.0,21900,Gasoil,M6,165,coches.net,furgoneta
Renault,Master,20400,2022.0,73600,Diésel,Manual,115,coches.net,furgoneta
Volkswagen,Crafter,24900,,,gasolina,M6,102,coches.net,furgoneta
MAN,TGE,27400,2020.0,96800,diesel,MANUAL,102,coches.net,furgoneta
Mercedes-Benz,Sprinter,33400,2024.0,17700,Gas Natural,Manual,110,coches.net,furgoneta
Iveco,Daily,32800,23.0,35800km,diesel,M,100,coches.net,furgoneta
MAN,TGE,29600,2018.0,204300,DIESEL,manual,102,coches.net,furgoneta
Volkswagen,Transporter,32700 €,2023.0,48600,EV,Manual,204,coches.net,furgoneta
Mercedes-Benz,Vito,36000,2020.0,149300,GASOLINA,automático,140,coches.net,furgoneta
Nissan,NV300,28100,2024.0,,Diésel,M,95 CV,coches.net,furgoneta
Iveco,Daily,16800 €,2020.0,132500,gasoil,Manual,120,coches.net,furgoneta
Fiat,Scudo,26200,2024.0,20400,Diesel,M6,125,coches.net,furgoneta
Renault,Master,21300,2024.0,20600,DIESEL,M6,145,coches.net,furgoneta
Renault,Kangoo,18700,2020.0,156000,EV,M,,coches.net,furgoneta
Citroën,Berlingo,7500,2017.0,158200,GASOLINA,M6,105,coches.net,furgoneta
Opel,Combo,9700,2017.0,225800,gasoil,M,105,coches.net,furgoneta
Volkswagen,Caddy,30200,2024.0,22000,gasolina,M6,119,coches.net,furgoneta
Ford,Transit,26600,2023.0,36200,Gasoil,MANUAL,130,coches.net,furgoneta
Mercedes-Benz,Vito,32900,2022.0,,EV,Auto,100,coches.net,furgoneta
Ford,Transit Courier,17300,2019.0,137900,Gasolina,manual,100,coches.net,furgoneta
Renault,Kangoo,15100,2018.0,178500,Gasoil,M6,95,coches.net,furgoneta
Mercedes-Benz,Citan,18400,2018.0,193000,Hybrid,M,120,coches.net,furgoneta
Volkswagen,Crafter,18100,2020.0,153300,GASOLINA,Manual,145,coches.net,furgoneta
Volkswagen,Caddy,27500,2023.0,46500,Gasolina,manual,114CV,coches.net,furgoneta
Mercedes-Benz,Citan,16300,2018.0,206900,Gasoil,automático,90,coches.net,furgoneta
Mercedes-Benz,Sprinter,30100,2023.0,49600,diesel,M6,130,coches.net,furgoneta
Hyundai,Staria,19200,2022.0,45700,DIESEL,M6,177 CV,coches.net,furgoneta
Volkswagen,Caddy,32500,2023.0,43800,diesel,manual,107CV,coches.net,furgoneta
Ford,Transit Courier,24400,2022.0,80600,Gasoil,M6,75,coches.net,furgoneta
Volkswagen,Caddy,19800,2018.0,248600,Electric,Automático,102,coches.net,furgoneta
Opel,Vivaro,28400,2024.0,18600,Electrico,automático,100,coches.net,furgoneta
Ford,Transit Courier,16700,2021.0,119400,gasolina,manual,95,coches.net,furgoneta
Nissan,Primastar,15400,2020.0,102400,GASOLINA,M,114,coches.net,furgoneta
Mercedes-Benz,Vito,13800,2016.0,,,manual,110,coches.net,furgoneta
Mercedes-Benz,Vito,25800,2023.0,46000,Diesel,Manual,110,coches.net,furgoneta
Nissan,Primastar,25100,2020.0,115600,gasolina,Auto,114,coches.net,furgoneta
Peugeot,Partner,11000 €,2015.0,338100,EV,AT,136,coches.net,furgoneta
Hyundai,Staria,18200,2024.0,23800,diesel,MANUAL,177,coches.net,furgoneta
Hyundai,H350,25500,2023.0,64100,EV,M6,136,coches.net,furgoneta
MAN,TGE,30800,2021.0,80600,Diesel,M6,102,coches.net,furgoneta
Iveco,Daily,22100,2020.0,83400,diesel,M6,102,coches.net,furgoneta
Ford,Transit Courier,13200,2022.0,67300,Diesel,Manual,75,coches.net,furgoneta
Volkswagen,Transporter,36700,2024.0,22500,Gasoil,M,102,coches.net,furgoneta
Volkswagen,Transporter,26900,2021.0,57500,gasoil,M6,150,coches.net,furgoneta
Opel,Combo,24400,2022.0,73100,Gasoil,DSG,110,coches.net,furgoneta
Mercedes-Benz,Vito,40200,2023.0,38900,DIESEL,Auto,90,coches.net,furgoneta
Peugeot,Partner,23500,,,Electrico,MANUAL,131,coches.net,furgoneta
Maxus,EV80,24300,2020.0,111700,Eléctrico,MANUAL,120,coches.net,furgoneta
Fiat,Scudo,24100,2022.0,64000,Hybrid,M,125,coches.net,furgoneta
Nissan,Primastar,19600 €,2021.0,89600,DIESEL,Manual,114CV,coches.net,furgoneta
Hyundai,H350,18100,2017.0,190200,DIESEL,M,,coches.net,furgoneta
Citroën,Jumpy,28200,2023.0,49800,Gasoil,,100,coches.net,furgoneta
Hyundai,H350,21400,2021.0,94300,diesel,Manual,165CV,coches.net,furgoneta
Opel,Vivaro,25100,2020.0,173300,DIESEL,DSG,125,coches.net,furgoneta
Fiat,Ducato,21400,2023.0,48500 km,diesel,MANUAL,122,coches.net,furgoneta
Nissan,NV400,18700,2023.0,61700,Diésel,MANUAL,140,coches.net,furgoneta
MAN,TGE,37200,2023.0,44800,Eléctrico (BEV),Manual,140,coches.net,furgoneta
Opel,Combo,29200,2023.0,48600,Gasoil,manual,105,coches.net,furgoneta
Ford,Transit Connect,16400,2018.0,136200,Diesel,M6,120,coches.net,furgoneta
Peugeot,Expert,7500,2018.0,245800,CNG,Manual,120,coches.net,furgoneta
Peugeot,Expert,30400,2022.0,85200,GLP/Gasolina,M6,120,coches.net,furgoneta
Ford,Transit Connect,20900,2023.0,45000km,diesel,automático,100,coches.net,furgoneta
Volkswagen,Caddy,21100,2021.0,102100,Autogás,M,97,coches.net,furgoneta
Fiat,Doblo Cargo,10000 €,2015.0,242300,Diésel,Manual,90,coches.net,furgoneta
Renault,Master,16800,2022.0,71200,Eléctrico,M6,135,coches.net,furgoneta
Maxus,Deliver 9,19900,2018.0,211500,EV,MANUAL,115,coches.net,furgoneta
Fiat,Ducato,21600,2023.0,40000,gasoil,DSG,130,coches.net,furgoneta
Hyundai,H350,30700,2024.0,21800,Diésel,manual,170,coches.net,furgoneta
Ford,Transit Courier,20800,2022.0,61100,GASOLINA,MANUAL,70,coches.net,furgoneta
Toyota,Proace,15600,2019.0,149600,Eléctrico (BEV),M6,120,coches.net,furgoneta
Ford,Transit Courier,25600,2022.0,73900,,M,100,coches.net,furgoneta
MAN,TGE,23100,2019.0,178300,diesel,automático,135,coches.net,furgoneta
Opel,Combo,28600,2024.0,24400,Diésel,automático,100,coches.net,furgoneta
Citroën,Jumpy,25200,2024.0,25000,Gasoil,MANUAL,120,coches.net,furgoneta
Ford,Transit Courier,15200,2017.0,,GASOLINA,M6,100,coches.net,furgoneta
Renault,Trafic,21800,2022.0,45400,,M6,120,coches.net,furgoneta
Toyota,Proace City,22400,2021.0,111300,GASOLINA,M6,100,coches.net,furgoneta
Volkswagen,Crafter,17800,,,Diésel,M,177,coches.net,furgoneta
Citroën,Jumper,15500,2019.0,125200,Gasoil,manual,135,coches.net,furgoneta
Ford,Transit Courier,7500,2015.0,206000,gasoil,MANUAL,70,coches.net,furgoneta
Mercedes-Benz,Sprinter,26800,2022.0,89800,diesel,manual,100,coches.net,furgoneta
Volkswagen,Crafter,28100,2022.0,63800,Eléctrico,AT,135,coches.net,furgoneta
Peugeot,Expert,16100,2023.0,45600,Gasoil,automático,100,coches.net,furgoneta
Mercedes-Benz,Citan,36000,2024.0,16900,Híbrido,Manual,150,coches.net,furgoneta
Opel,Combo,21000,2020.0,147900,Diésel,M,105,coches.net,furgoneta
Mercedes-Benz,Vito,24200,2018.0,165700,DIESEL,M6,102,coches.net,furgoneta
Volkswagen,Caddy,22500,2020.0,125500,,Manual,114,coches.net,furgoneta
Mercedes-Benz,Vito,28200,2022.0,97200,Diesel,DSG,102,coches.net,furgoneta
Ford,Transit Courier,19900,2023.0,54100,gasolina,Manual,105,coches.net,furgoneta
Renault,Master,9300,2016.0,205800,Electrico,Auto,180,coches.net,furgoneta
Mercedes-Benz,Vito,33400 €,,,Eléctrico (BEV),M6,100,coches.net,furgoneta
Mercedes-Benz,Vito,50800,2024.0,28100,Eléctrico,Auto,75,coches.net,furgoneta
Iveco,Daily,16800,2020.0,153800,Gasoil,manual,130,coches.net,furgoneta
Mercedes-Benz,Vito,25800,2022.0,73000,Diésel,Automático,120,coches.net,furgoneta
Volkswagen,Caddy,24400,2022.0,67400 km,Diésel,Automática,75,coches.net,furgoneta
Opel,Vivaro,22300,2019.0,212000,Diesel,manual,180,coches.net,furgoneta
Mercedes-Benz,Vito,19700,2023.0,50300,Gasoil,AT,75,coches.net,furgoneta
Ford,Transit Connect,23900,2021.0,125600,gasoil,M6,75,coches.net,furgoneta
Volkswagen,Caddy,26500,2020.0,100500,gasoil,M6,102,coches.net,furgoneta
Citroën,Jumper,17800,2021.0,118800,MHEV,manual,130,coches.net,furgoneta
Fiat,Ducato,15700,2019.0,155300,Diésel,Manual,125,coches.net,furgoneta
Ford,Transit Connect,25500,2021.0,133000,Gasoil,M6,80,coches.net,furgoneta
MAN,TGE,21300,2019.0,,diesel,Manual,97CV,coches.net,furgoneta
Peugeot,Expert,23900,2022.0,71500,DIESEL,manual,120,coches.net,furgoneta
Hyundai,H350,19600,2019.0,123800,Electrico,M,170,coches.net,furgoneta
Ford,Transit Courier,22200,2023.0,50900,DIESEL,AT,75,coches.net,furgoneta
Ford,Transit,35200,2024.0,24000km,gasoil,Automático,110,coches.net,furgoneta
Peugeot,Expert,21500,,,Diesel,MANUAL,100,coches.net,furgoneta
Volkswagen,Crafter,32800 €,2024.0,17700,Diésel,Manual,177,coches.net,furgoneta
Iveco,Daily,26600,2022.0,78800,diesel,Manual,90,coches.net,furgoneta
Peugeot,Partner,15400,2019.0,129400,Gasolina,M6,115,coches.net,furgoneta
Toyota,Proace,14800,2019.0,159400,gasoil,Manual,145,coches.net,furgoneta
Ford,Transit Connect,7500,2016.0,145800,,MANUAL,75,coches.net,furgoneta
Renault,Kangoo,9400,2015.0,261400,gasoil,M,70,coches.net,furgoneta
Volkswagen,Crafter,28300,2021.0,74600,Diesel,manual,102,coches.net,furgoneta
Nissan,NV400,20000,2021.0,100300,diesel,manual,110,coches.net,furgoneta
Renault,Trafic,15900,2023.0,46000,Diésel,automático,120,coches.net,furgoneta
Peugeot,Partner,23300,2023.0,36200,Eléctrico,manual,136,coches.net,furgoneta
Ford,Transit Courier,21700,2022.0,69800,diesel,Manual,70,coches.net,furgoneta
Peugeot,Expert,22700,2021.0,121200,Gasolina,M,100,coches.net,furgoneta
Fiat,Scudo,22800,2023.0,51900,gasoil,Manual,145,coches.net,furgoneta
Ford,Transit Connect,15500,2020.0,120700,Hybrid,M6,100,coches.net,furgoneta
Volkswagen,Caddy,24700,2023.0,27400,Gasolina,Automática,109,coches.net,furgoneta
Fiat,Ducato,23800,2022.0,57500,Gasoil,manual,155,coches.net,furgoneta
Mercedes-Benz,Vito,26100,2020.0,,Híbrido,M6,120,coches.net,furgoneta
Citroën,Jumpy,15300,2017.0,231900,gasoil,DSG,105,coches.net,furgoneta
Nissan,NV400,28500,2022.0,52900,gasoil,manual,110,coches.net,furgoneta
Peugeot,Partner,"28300,00",2024.0,25000km,Gasolina,DSG,115,coches.net,furgoneta
Hyundai,H350,,2021.0,96700,,M6,170,coches.net,furgoneta
Renault,Trafic,22800,2022.0,83700,DIESEL,MANUAL,90,coches.net,furgoneta
Peugeot,Partner,22900,2020.0,119800,GASOLINA,MANUAL,105,coches.net,furgoneta
Opel,Movano,20500,2020.0,123900,Electric,MANUAL,163,coches.net,furgoneta
Volkswagen,Crafter,9100,2017.0,239900km,diesel,manual,102,coches.net,furgoneta
Toyota,Proace City,35500,2022.0,72000,gasoil,M6,115,coches.net,furgoneta
Ford,Transit Courier,34400,2023.0,57300,gasolina,Manual,105,coches.net,furgoneta
Mercedes-Benz,Citan,19400,2022.0,80900km,Diesel,MANUAL,,coches.net,furgoneta
Fiat,Ducato,"14000,00",2020.0,89500,diesel,Automática,160,coches.net,furgoneta
Nissan,NV400,21300,2023.0,42300,Híbrido,M,150,coches.net,furgoneta
Citroën,Berlingo,26000,2024.0,18100,Eléctrico,Manual,136,coches.net,furgoneta
Peugeot,Expert,13800,2019.0,154300,gasoil,MANUAL,100,coches.net,furgoneta
Hyundai,Staria,24600,2022.0,89400,Diésel,Manual,177,coches.net,furgoneta
Ford,Transit Connect,16700,2019.0,171600,Eléctrico (BEV),Manual,100 CV,coches.net,furgoneta
Fiat,Ducato,15600,2020.0,120400,Eléctrico,M6,160,coches.net,furgoneta
Maxus,Deliver 9,21900,2020.0,99000,Eléctrico,Manual,115,coches.net,furgoneta
Volkswagen,Crafter,15400,,,diesel,Manual,102,coches.net,furgoneta
Citroën,Jumper,13100,2022.0,84000,Eléctrico (BEV),manual,135CV,coches.net,furgoneta
Mercedes-Benz,Vito,14600,2016.0,242000,Gasoil,M,130,coches.net,furgoneta
Renault,,24700,2021.0,84800,Gasoil,manual,135,coches.net,furgoneta
Volkswagen,Crafter,25100,2020.0,128700,Gasoil,Manual,182,coches.net,furgoneta
Ford,Transit,23500,2024.0,19100,Diésel,MANUAL,155,coches.net,furgoneta
Nissan,NV300,20200,2023.0,38200,Eléctrico (BEV),M,,coches.net,furgoneta
Opel,Vivaro,22900,2019.0,124200,Gasoil,MANUAL,95,coches.net,furgoneta
Peugeot,Partner,21900,2023.0,51500,GASOLINA,M,100,coches.net,furgoneta
Ford,Transit Courier,26100,2023.0,34000,Gasolina,M,100,coches.net,furgoneta
Citroën,Jumpy,"18700,00",2018.0,182000,Diésel,manual,120,coches.net,furgoneta
Citroën,Jumpy,30700,2023.0,,gasoil,M6,145,coches.net,furgoneta
Hyundai,Staria,14100,2015.0,380000,DIESEL,Manual,177,coches.net,furgoneta
Nissan,NV300,23100,2021.0,81800,diesel,automático,95,coches.net,furgoneta
MAN,TGE,29500,2021.0,114500,,Manual,102 CV,coches.net,furgoneta
Nissan,Primastar,20800,2021.0,97900,Diésel,M,109 CV,coches.net,furgoneta
Volkswagen,,"28400,00",2024.0,21200,diesel,M,97,coches.net,furgoneta
Mercedes-Benz,Sprinter,32900 €,2024.0,23100,gasoil,Automático,120,coches.net,furgoneta
Renault,Kangoo,30400,2023.0,56200,Eléctrico (BEV),M6,95,coches.net,furgoneta
Ford,Transit Connect,7500,2015.0,336800,Hibrido,Manual,115 CV,coches.net,furgoneta
Citroën,Berlingo,25100,2019.0,168700,gasolina,MANUAL,110,coches.net,furgoneta
Citroën,Jumper,26800,2023.0,55600,Diesel,DSG,135,coches.net,furgoneta
Nissan,NV200,7500,2021.0,82400,Diésel,M6,105,coches.net,furgoneta
Nissan,NV400,24300,2021.0,96700,Gasoil,manual,145,coches.net,furgoneta
MAN,TGE,20100,2021.0,121900,CNG,M,140,coches.net,furgoneta
Citroën,Jumpy,22300,2022.0,65100,DIESEL,Automático,125,coches.net,furgoneta
Iveco,Daily,35600,2023.0,60700,Híbrido,M6,102,coches.net,furgoneta
Renault,Kangoo,21500,2019.0,204800,GLP/Gasolina,M,75,coches.net,furgoneta
Fiat,Doblo Cargo,"23800,00",2022.0,61500,Diésel,manual,105,coches.net,furgoneta
Mercedes-Benz,Citan,12500,2019.0,136900,Gasoil,M,102,coches.net,furgoneta
Renault,Trafic,18000,2021.0,77900,gasoil,MANUAL,145,coches.net,furgoneta
Volkswagen,Crafter,35400,2024.0,26900 km,Diésel,manual,140,coches.net,furgoneta
Peugeot,Expert,16000,2017.0,146400,DIESEL,MANUAL,125,coches.net,furgoneta
Ford,Transit Connect,14100,2020.0,120400,Diésel,DSG,120,coches.net,furgoneta
Volkswagen,Crafter,24600,2021.0,67800,Diésel,M,102,coches.net,furgoneta
Peugeot,Partner,41000,2024.0,14100,Electric,DSG,136,coches.net,furgoneta
Opel,Combo,17200,2021.0,107000 km,GASOLINA,Manual,110,coches.net,furgoneta
Renault,Trafic,,2020.0,93300,gasoil,automático,95,coches.net,furgoneta
Volkswagen,Transporter,32400,2022.0,80700,gasoil,MANUAL,204,coches.net,furgoneta
Peugeot,Boxer,32300,,,EV,manual,135,coches.net,furgoneta
Peugeot,Partner,11300,2018.0,195400,DIESEL,M,100,coches.net,furgoneta
Toyota,Proace,23000,2020.0,115000,Autogás,automático,120,coches.net,furgoneta
Mercedes-Benz,Citan,46100,2023.0,40100,Eléctrico (BEV),manual,110,coches.net,furgoneta
Volkswagen,Caddy,25300,2022.0,58100,GASOLINA,M,114,coches.net,furgoneta
MAN,TGE,41500,2024.0,25500,Diésel,M6,140,coches.net,furgoneta
Volkswagen,Caddy,29800,2020.0,164700,GASOLINA,manual,114,coches.net,furgoneta
Ford,Transit Connect,9800,2019.0,113900,Gasoil,manual,80,coches.net,furgoneta
Renault,Master,30000,2023.0,49300,Electric,Automático,140,coches.net,furgoneta
Citroën,Jumpy,18500,2019.0,173600,DIESEL,M,155,coches.net,furgoneta
MAN,TGE,7500,2021.0,85000,DIESEL,MANUAL,140,coches.net,furgoneta
Ford,Transit Connect,19500,2022.0,42100,Diésel,automático,125,coches.net,furgoneta
Maxus,,30000,2020.0,136700,Electrico,AT,120,coches.net,furgoneta
Mercedes-Benz,Vito,43300,2024.0,20800,Gasoil,M,75,coches.net,furgoneta
Volkswagen,Crafter,20300,2019.0,166000,,M6,102,coches.net,furgoneta
Volkswagen,Caddy,34700,2022.0,88400,gasoil,Manual,75,coches.net,furgoneta
Fiat,Doblo Cargo,20300,2023.0,36500,GASOLINA,MANUAL,105,coches.net,furgoneta
Fiat,Doblo Cargo,24600,2023.0,48500,Diésel,MANUAL,95,coches.net,furgoneta
Opel,Vivaro,17200,2020.0,138700,diesel,Automático,105,coches.net,furgoneta
Ford,Transit,17600,2020.0,119000,gasoil,M,160CV,coches.net,furgoneta
Ford,Transit Courier,18600,2021.0,58300,Gasolina,Automática,100,coches.net,furgoneta
Toyota,Proace,20900,2017.0,261100,diesel,MANUAL,150,coches.net,furgoneta
Renault,Master,20900,2020.0,143800,Gasoil,M,175,coches.net,furgoneta
Opel,Vivaro,16100,2021.0,92400,Diesel,automático,100,coches.net,furgoneta
Citroën,Jumper,34500,2023.0,46500,Eléctrico,MANUAL,160,coches.net,furgoneta
Peugeot,Partner,22900,2022.0,75700,gasolina,AT,115,coches.net,furgoneta
Nissan,NV300,7500,2016.0,242100,Diésel,AT,115,coches.net,furgoneta
Citroën,Jumpy,16500,,,Gasoil,M6,95,coches.net,furgoneta
Mercedes-Benz,Sprinter,28000,,,DIESEL,Manual,75,coches.net,furgoneta
Fiat,Scudo,10800,2017.0,225200,Diesel,Automática,120,coches.net,furgoneta
Renault,Kangoo,24300,2023.0,38500,Electric,M,85 CV,coches.net,furgoneta
Fiat,Doblo Cargo,17500,2021.0,109900,Diesel,automático,85 CV,coches.net,furgoneta
Iveco,Daily,31000,,,Diésel,M6,150,coches.net,furgoneta
Renault,Master,24900,2020.0,124100,Gasoil,M6,175,coches.net,furgoneta
Mercedes-Benz,Sprinter,30200,2023.0,57900,Gasolina,MANUAL,102,coches.net,furgoneta
Iveco,Daily,39000,2024.0,22400,EV,Auto,100,coches.net,furgoneta
Renault,Trafic,26800,2023.0,42500,Diésel,M,150,coches.net,furgoneta
Fiat,Scudo,18400,2021.0,93400,gasoil,M,145,coches.net,furgoneta
Toyota,Proace City,23000,2019.0,116600,Diesel,M,100,coches.net,furgoneta
Mercedes-Benz,Sprinter,25800,2022.0,59400,Gasoil,M6,75,coches.net,furgoneta
Hyundai,Staria,19100,2022.0,76200,DIESEL,MANUAL,177,coches.net,furgoneta
Toyota,Proace City,36400,2023.0,50700,Electrico,AT,105,coches.net,furgoneta
Ford,Transit Courier,26500,2022.0,86800,Gasolina,AT,105,coches.net,furgoneta
Toyota,Proace,37300,2023.0,41400 km,Eléctrico,Automática,136,coches.net,furgoneta
Toyota,Proace,10000,2018.0,139000,DIESEL,Manual,145,coches.net,furgoneta
Nissan,NV300,15400,2020.0,179300,DIESEL,Manual,,coches.net,furgoneta
Iveco,Daily,27900,2022.0,70300,Electric,M,100 CV,coches.net,furgoneta
Opel,Combo,38100,2024.0,28000,gasoil,M6,105,coches.net,furgoneta
Mercedes-Benz,Citan,31400 €,2021.0,91200,Diésel,DSG,100,coches.net,furgoneta
Opel,Movano,7500,2016.0,138500,diesel,M,110,coches.net,furgoneta
Ford,Transit Connect,12900,2021.0,131600,Gasoil,manual,105,coches.net,furgoneta
Maxus,EV80,18000,2020.0,81100,Electrico,MANUAL,125,coches.net,furgoneta
Renault,Kangoo,8200,2015.0,296500 km,Eléctrico,manual,95,coches.net,furgoneta
Mercedes-Benz,Vito,27800,2020.0,,diesel,Manual,100,coches.net,furgoneta
Citroën,Jumper,21800,2020.0,114100km,Diesel,MANUAL,135,coches.net,furgoneta
Mercedes-Benz,Vito,19200,2020.0,179600,Gasoil,DSG,120,coches.net,furgoneta
Mercedes-Benz,Sprinter,18700,2018.0,194800,gasoil,M6,130,coches.net,furgoneta
Mercedes-Benz,Citan,16500,2016.0,301900,DIESEL,M,90,coches.net,furgoneta
Hyundai,H350,16100,2022.0,95300,Diesel,M6,136,coches.net,furgoneta
Ford,Transit,29000,2020.0,174200,Diésel,manual,165,coches.net,furgoneta
Iveco,Daily,31200,2022.0,103300,gasoil,MANUAL,75,coches.net,furgoneta
Mercedes-Benz,Citan,26700,2020.0,127200,diesel,MANUAL,102,coches.net,furgoneta
Mercedes-Benz,Vito,50300,2023.0,39200,Electrico,MANUAL,140,coches.net,furgoneta
Mercedes-Benz,Sprinter,"26500,00",2020.0,116800,Diesel,M6,130,coches.net,furgoneta
Opel,Combo,29300,2023.0,39200,GLP/Gasolina,automático,110,coches.net,furgoneta
Volkswagen,Transporter,24600,2022.0,55300,diesel,manual,145,coches.net,furgoneta
Opel,Combo,26100,2020.0,86100,Diesel,DSG,95,coches.net,furgoneta
Fiat,Scudo,20000,2023.0,48700,Diesel,M,120,coches.net,furgoneta
Opel,Movano,15800,2021.0,104100,gasoil,MANUAL,145,coches.net,furgoneta
Hyundai,H350,26500,2020.0,161000,GLP/Gasolina,M6,170,coches.net,furgoneta
Opel,Vivaro,18100,2016.0,268300,Diésel,manual,105,coches.net,furgoneta
Opel,Movano,26500,2024.0,27000,DIESEL,manual,110,coches.net,furgoneta
Ford,Transit,17100,2016.0,336800,Eléctrico,Manual,130,coches.net,furgoneta
Volkswagen,Crafter,30200,2019.0,143000,gasoil,M,102,coches.net,furgoneta
Renault,Kangoo,27700,2023.0,39100km,EV,manual,90,coches.net,furgoneta
Citroën,Berlingo,20000,2021.0,96000,GASOLINA,M6,110,coches.net,furgoneta
Citroën,Jumpy,20400,2021.0,100700,Gasoil,Manual,100,coches.net,furgoneta
Mercedes-Benz,Vito,33100,2022.0,97200,Diesel,M,102,coches.net,furgoneta
Ford,Transit Courier,18800,2021.0,58000,DIESEL,M,80,coches.net,furgoneta
Peugeot,Expert,18900 €,2018.0,172500,diesel,Manual,120,coches.net,furgoneta
Toyota,Proace City,26400,2023.0,43000,Gasoil,Automático,100 CV,coches.net,furgoneta
Ford,Transit Connect,28800,2024.0,20500,Diésel,manual,80,coches.net,furgoneta
Ford,Transit,23600,2021.0,98800,Gasoil,Manual,105,coches.net,furgoneta
Nissan,Primastar,17600,2022.0,64500,Autogás,Manual,,coches.net,furgoneta
Hyundai,Staria,16600,2020.0,132700,,,177,coches.net,furgoneta
Fiat,Ducato,13300,2021.0,105200,,M6,135,coches.net,furgoneta
Citroën,Jumper,26800,2024.0,20800,gasoil,MANUAL,160,coches.net,furgoneta
Opel,Movano,13700,2020.0,125200,DIESEL,M6,163,coches.net,furgoneta
Volkswagen,Transporter,18800,2022.0,96000,gasoil,Automático,150,coches.net,furgoneta
Renault,Master,17100,2021.0,96200,Diesel,M,135,coches.net,furgoneta
Fiat,Ducato,17100,2020.0,110600,gasoil,automático,160,coches.net,furgoneta
Citroën,Berlingo,23700,2022.0,77200,Gasolina,AT,105,coches.net,furgoneta
Renault,Kangoo,23700 €,2023.0,51400,Gasoil,M,75,coches.net,furgoneta
Nissan,NV400,28300,2024.0,18000,Diesel,M,150,coches.net,furgoneta
Peugeot,Boxer,23100,2022.0,84300,diesel,M6,160,coches.net,furgoneta
Mercedes-Benz,Vito,25300,2021.0,100900,Diésel,MANUAL,130,coches.net,furgoneta
Mercedes-Benz,Citan,28500,2022.0,55300,Híbrido,MANUAL,120,coches.net,furgoneta
Mercedes-Benz,Citan,26900,2020.0,90300,Gasolina,manual,100,coches.net,furgoneta
Mercedes-Benz,Sprinter,22800,2016.0,277900,Diesel,manual,102,coches.net,furgoneta
Volkswagen,Transporter,18100,2021.0,106600,diesel,MANUAL,204,coches.net,furgoneta
Nissan,Primastar,14600,2022.0,70800,diesel,Manual,119,coches.net,furgoneta
Renault,Trafic,21000,2023.0,41200,GASOLINA,AT,150,coches.net,furgoneta
Renault,Trafic,"22400,00",2022.0,76500,diesel,manual,120,coches.net,furgoneta
Renault,Master,21100,2023.0,67300,Gasoil,MANUAL,150,coches.net,furgoneta
Mercedes-Benz,Vito,29500,2023.0,47900,Diésel,manual,120,coches.net,furgoneta
Renault,Master,14900,2018.0,169500,Electric,M6,105,coches.net,furgoneta
Maxus,Deliver 9,11000,2017.0,197500,Eléctrico (BEV),MANUAL,125,coches.net,furgoneta
Mercedes-Benz,Sprinter,19700,2020.0,116100,GLP/Gasolina,M6,100,coches.net,furgoneta
Mercedes-Benz,Sprinter,16500,2019.0,190600,GASOLINA,MANUAL,102,coches.net,furgoneta
Toyota,Proace,16300,2021.0,58200,Electric,manual,136,coches.net,furgoneta
Toyota,Proace City,25700,2024.0,20700,gasoil,Auto,105,coches.net,furgoneta
Ford,Transit,27600,2022.0,79300,MHEV,M,130,coches.net,furgoneta
Iveco,Daily,7800,2018.0,156000,Electric,AT,110,coches.net,furgoneta
Toyota,Proace,33800,2023.0,46500,Electric,manual,,coches.net,furgoneta
Fiat,Ducato,26300,2022.0,66300,DIESEL,M,155,coches.net,furgoneta
Fiat,Ducato,16000,2023.0,,MHEV,Manual,130,coches.net,furgoneta
Nissan,NV300,20700,2020.0,163000,Eléctrico (BEV),manual,120,coches.net,furgoneta
Toyota,Proace City,23200,2022.0,53700,Gasoil,M6,100,coches.net,furgoneta
Peugeot,Boxer,27500,2020.0,109800,Eléctrico,automático,160,coches.net,furgoneta
Toyota,Proace City,22400,2023.0,45700,DIESEL,manual,105,coches.net,furgoneta
Mercedes-Benz,Citan,33500,2024.0,21300,gasolina,M,90,coches.net,furgoneta
Ford,Transit,25500,2022.0,66700,Diésel,Auto,165,coches.net,furgoneta
Renault,Master,20900,2023.0,36600,gasoil,manual,115,coches.net,furgoneta
Mercedes-Benz,Vito,35700,2023.0,46000,diesel,Auto,150,coches.net,furgoneta
Opel,Vivaro,29600,2022.0,73200,EV,manual,120,coches.net,furgoneta
Nissan,NV300,33300,2023.0,52800,diesel,manual,100,coches.net,furgoneta
Peugeot,Boxer,12900,2017.0,174300,Gasoil,MANUAL,140,coches.net,furgoneta
Ford,Transit,14200,2018.0,180100,Gasoil,Manual,170,coches.net,furgoneta
Ford,Transit Connect,30000,2023.0,57400,Gasoil,M,95,coches.net,furgoneta
Mercedes-Benz,Vito,,2024.0,23400,Diésel,MANUAL,120,coches.net,furgoneta
MAN,TGE,29500 €,2024.0,23700,gasolina,AT,102,coches.net,furgoneta
Renault,Kangoo,18800 €,18.0,170500,Gasoil,M,95,coches.net,furgoneta
Toyota,Proace City,19200,,,Diésel,DSG,100,coches.net,furgoneta
Toyota,Proace City,7700,2016.0,236700,Diésel,manual,110,coches.net,furgoneta
Renault,Master,16900,2020.0,82900,diesel,Automático,140,coches.net,furgoneta
Ford,Transit,34300,2024.0,21200,Diésel,manual,130,coches.net,furgoneta
Volkswagen,Crafter,28100,2021.0,109800,EV,AT,177,coches.net,furgoneta
Volkswagen,Crafter,33100,2024.0,16800,gasolina,M6,145,coches.net,furgoneta
Iveco,Daily,35800,2024.0,22200,Gasolina,automático,102,coches.net,furgoneta
Maxus,Deliver 9,13200,2016.0,311800,Diesel,Manual,150,coches.net,furgoneta
MAN,TGE,33700,22.0,65600,Gasoil,Manual,,coches.net,furgoneta
Mercedes-Benz,Sprinter,28200,2021.0,133300,gasoil,MANUAL,140,coches.net,furgoneta
Iveco,Daily,7800,2016.0,183800,Diésel,Automática,75,coches.net,furgoneta
Opel,Vivaro,27500,2023.0,46800,DIESEL,M,95,coches.net,furgoneta
Fiat,Scudo,30100,2024.0,27100,diesel,manual,125,coches.net,furgoneta
Mercedes-Benz,Vito,16900,2018.0,133200,GLP/Gasolina,M,90,coches.net,furgoneta
Renault,Master,22000,2021.0,110500,Gasoil,MANUAL,130,coches.net,furgoneta
Opel,Vivaro,12700 €,,,Diesel,Automática,180,coches.net,furgoneta
Fiat,Ducato,16500,2021.0,81400,Diésel,M6,127CV,coches.net,furgoneta
Ford,Transit Connect,22900,2024.0,23600,GASOLINA,M,75,coches.net,furgoneta
Mercedes-Benz,Citan,23700,2020.0,,Diésel,M6,110,coches.net,furgoneta
Renault,Trafic,33900 €,2024.0,20900,gasoil,MANUAL,120,coches.net,furgoneta
Nissan,Primastar,29900,2023.0,51600,Electric,M,119,coches.net,furgoneta
Iveco,Daily,19400,2019.0,186100,diesel,M6,90,coches.net,furgoneta
Hyundai,Staria,7500,2015.0,250200,diesel,MANUAL,177,coches.net,furgoneta
Nissan,NV300,20800,2022.0,82100,GASOLINA,Automática,115,coches.net,furgoneta
Ford,Transit,31300,2022.0,89900,Diésel,AT,105,coches.net,furgoneta
Iveco,Daily,22100,2017.0,275500,Eléctrico,M,90,coches.net,furgoneta
Mercedes-Benz,Citan,28900,2024.0,23000 km,DIESEL,manual,130,coches.net,furgoneta
Toyota,Proace,25900,2019.0,212700,diesel,M6,155,coches.net,furgoneta
Iveco,Daily,30000,2019.0,220000,Eléctrico (BEV),manual,75,coches.net,furgoneta
Peugeot,Boxer,20800,2021.0,140300,,M6,130,coches.net,furgoneta
MAN,TGE,30300,2023.0,60200,Eléctrico (BEV),Auto,107 CV,coches.net,furgoneta
Nissan,NV200,14000,2017.0,232300,Diésel,Manual,95,coches.net,furgoneta
Citroën,Jumper,18200,2022.0,71700,gasoil,M6,160,coches.net,furgoneta
Renault,Kangoo,13100,2020.0,114200,Electric,M6,95,coches.net,furgoneta
Renault,Kangoo,22600,2021.0,81400,diesel,M,100,coches.net,furgoneta
Citroën,Jumpy,28400,2023.0,41900,DIESEL,manual,120,coches.net,furgoneta
Citroën,Jumpy,24400,2023.0,39200,DIESEL,MANUAL,100,coches.net,furgoneta
Renault,Kangoo,12200,2015.0,322900,Eléctrico (BEV),MANUAL,85,coches.net,furgoneta
Toyota,Proace City,20300,2021.0,110400,Gasolina,MANUAL,110 CV,coches.net,furgoneta
Ford,Transit,29300 €,2024.0,31600,Eléctrico (BEV),M,125,coches.net,furgoneta
Maxus,EV80,36800,2023.0,40700,Electric,M6,115 CV,coches.net,furgoneta
Citroën,Jumper,28200,2024.0,15000,gasoil,Manual,,coches.net,furgoneta
Peugeot,Partner,21000,2020.0,124500,Diésel,DSG,95,coches.net,furgoneta
Renault,Trafic,28700,2022.0,65100,Gasolina,Manual,155,coches.net,furgoneta
Mercedes-Benz,Citan,29900,2021.0,,GASOLINA,M6,110,coches.net,furgoneta
Ford,Transit,27500,2022.0,100000,Gasoil,M,130,coches.net,furgoneta
Fiat,Doblo Cargo,25200,2024.0,21900,Gasoil,M,90,coches.net,furgoneta
Maxus,Deliver 9,26200,2024.0,24100,Diesel,M,150,coches.net,furgoneta
Ford,Transit,17500,18.0,206100,Diesel,DSG,170,coches.net,furgoneta
Ford,Transit Connect,24100,2022.0,48300,diesel,DSG,70,coches.net,furgoneta
Renault,Trafic,24900,2021.0,110400,GASOLINA,MANUAL,150,coches.net,furgoneta
MAN,TGE,25500,2022.0,70700,Diesel,Automático,135,coches.net,furgoneta
Mercedes-Benz,Citan,29000,2020.0,99700,Gas Natural,Automática,120,coches.net,furgoneta
Nissan,NV400,14400,2021.0,112100,Diesel,DSG,145,coches.net,furgoneta
Renault,Master,22700,2021.0,113300,Diésel,MANUAL,110,coches.net,furgoneta
Nissan,Primastar,23900,2023.0,44200,Diesel,MANUAL,109,coches.net,furgoneta
Opel,Movano,9800,2020.0,115900,Diésel,M,163,coches.net,furgoneta
Peugeot,Partner,26200,2021.0,74000,EV,Auto,136,coches.net,furgoneta
Fiat,Scudo,24200 €,2022.0,87000,DIESEL,M,145,coches.net,furgoneta
Citroën,Jumper,7500 €,2018.0,236400,Gasolina,M6,140,coches.net,furgoneta
Peugeot,Boxer,25800,2021.0,99900,diesel,manual,165,coches.net,furgoneta
Peugeot,Partner,27400,2023.0,47600,Eléctrico (BEV),Automático,136,coches.net,furgoneta
Mercedes-Benz,Sprinter,24100,2018.0,199600,EV,Automático,,coches.net,furgoneta
Ford,Transit Connect,,2018.0,260000,Diésel,MANUAL,105,coches.net,furgoneta
Citroën,Berlingo,42300,2023.0,42500,Electric,automático,136,coches.net,furgoneta
Peugeot,Partner,21900,2021.0,57900,Gasoil,DSG,100,coches.net,furgoneta
Fiat,Ducato,24200,2023.0,43300,gasoil,manual,160,coches.net,furgoneta
Ford,Transit Courier,22800,2022.0,71700,DIESEL,MANUAL,75,coches.net,furgoneta
Renault,Master,27300,2021.0,96900,Diesel,M6,130,coches.net,furgoneta
Ford,Transit,19200,2022.0,83800,Diesel,M6,155,coches.net,furgoneta
Renault,Master,17800,2023.0,52600,Diésel,automático,180,coches.net,furgoneta
Volkswagen,Crafter,26100,2022.0,78800,Gasoil,AT,140,coches.net,furgoneta
Citroën,Berlingo,35000 €,2023.0,42200,Electric,Manual,136,coches.net,furgoneta
Mercedes-Benz,Citan,19500,2017.0,197100,Electric,M6,120,coches.net,furgoneta
,H350,28300,2023.0,30600,Diésel,M,136,coches.net,furgoneta
Nissan,Primastar,27100,2022.0,73700,Diésel,Auto,119,coches.net,furgoneta
Volkswagen,Transporter,31300,2022.0,69400,Gasoil,M6,110,coches.net,furgoneta
Volkswagen,Crafter,26400 €,2021.0,128000,Eléctrico,automático,102,coches.net,furgoneta
Citroën,Berlingo,22600,2021.0,150000,gasolina,manual,100,coches.net,furgoneta
Toyota,Proace,14100,2023.0,36200,diesel,M,115,coches.net,furgoneta
Ford,Transit Connect,22500,2020.0,149600,Diesel,M,100,coches.net,furgoneta
Ford,Transit,24300,2022.0,85900,gasoil,Automático,130,coches.net,furgoneta
Volkswagen,Transporter,25100,2020.0,155800,diesel,Auto,110,coches.net,furgoneta
Peugeot,Expert,31300,2023.0,41800,DIESEL,M6,125,coches.net,furgoneta
Peugeot,Expert,26700,2021.0,75200,Gasolina,AT,145,coches.net,furgoneta
Volkswagen,Caddy,33100,,,GASOLINA,Automático,114,coches.net,furgoneta
Fiat,Ducato,16300,2021.0,125600,Diesel,AT,130,coches.net,furgoneta
Peugeot,Expert,16700,2018.0,195600,Gasoil,automático,100,coches.net,furgoneta
Maxus,Deliver 9,22100,2021.0,95300,gasoil,DSG,145,coches.net,furgoneta
Ford,Transit Connect,"33600,00",2020.0,109300 km,Electrico,MANUAL,115,coches.net,furgoneta
,Transit,32600,2023.0,35800,Híbrido,Automática,150,coches.net,furgoneta
Citroën,Jumpy,24300,2023.0,31400,Diésel,M,145,coches.net,furgoneta
Opel,Combo,19400,2019.0,152500,Diesel,,100,coches.net,furgoneta
Fiat,Ducato,12100,2018.0,230500,Diesel,M6,160,coches.net,furgoneta
Toyota,Proace,21800,2021.0,94000,EV,M6,136,coches.net,furgoneta
Iveco,Daily,16700,2022.0,64300,DIESEL,M6,75,coches.net,furgoneta
Mercedes-Benz,Citan,24800,2021.0,138500,Autogás,,140,coches.net,furgoneta
Ford,Transit Connect,21200,2021.0,106700km,DIESEL,M6,120,coches.net,furgoneta
Citroën,Berlingo,14900,2018.0,161300,Gasolina,M,105,coches.net,furgoneta
Mercedes-Benz,Citan,23100,2020.0,122200,Diésel,MANUAL,102 CV,coches.net,furgoneta
Ford,Transit,27600,2024.0,18600,DIESEL,M,130,coches.net,furgoneta
Fiat,Scudo,24700,2023.0,39500,Diésel,M,145,coches.net,furgoneta
Mercedes-Benz,Sprinter,31000,2020.0,119700,Gasoil,Automático,140,coches.net,furgoneta
Fiat,Doblo Cargo,25100,2024.0,21400,Gasoil,Manual,90,coches.net,furgoneta
Renault,Master,16000,2020.0,85400,,automático,140,coches.net,furgoneta
Renault,Master,7500,2015.0,322300,Diesel,Auto,105,coches.net,furgoneta
Peugeot,Expert,24300,2020.0,,gasolina,Automática,125,coches.net,furgoneta
Opel,Combo,19500,21.0,104200,Híbrido,M6,115,coches.net,furgoneta
Renault,Master,26600,2021.0,99200,gasoil,manual,110CV,coches.net,furgoneta
Nissan,NV300,26300,2022.0,75100,Diesel,manual,95,coches.net,furgoneta
Volkswagen,Transporter,18800,2017.0,178900,diesel,manual,97,coches.net,furgoneta
Peugeot,Partner,19500 €,2023.0,37200,Gasolina,M,110,coches.net,furgoneta
Citroën,Berlingo,17500,2018.0,154000,GASOLINA,MANUAL,105,coches.net,furgoneta
Volkswagen,Transporter,27900,2023.0,55600km,diesel,Manual,,coches.net,furgoneta
Opel,Combo,21900,2023.0,37800,Diesel,Manual,95,coches.net,furgoneta
Ford,Transit,31400,2024.0,20100,gasoil,manual,155,coches.net,furgoneta
Iveco,Daily,20800,2021.0,76300,Hybrid,manual,102,coches.net,furgoneta
Peugeot,Boxer,9300,2019.0,205000,Gasoil,Automático,140,coches.net,furgoneta
Fiat,Doblo Cargo,21300,2022.0,78200,Diésel,,95,coches.net,furgoneta
Opel,Vivaro,22000,2022.0,50900,Diésel,MANUAL,115,coches.net,furgoneta
Renault,Master,15300,2018.0,196800,DIESEL,Manual,140,coches.net,furgoneta
Citroën,Jumpy,21000,2018.0,190500,Eléctrico (BEV),DSG,155,coches.net,furgoneta
Mercedes-Benz,Citan,52000,2024.0,23700,Electric,M,100,coches.net,furgoneta
Mercedes-Benz,Citan,36900,2021.0,73100,Electric,,120,coches.net,furgoneta
Opel,Movano,23400,2020.0,180000,Gasoil,Manual,110,coches.net,furgoneta
Mercedes-Benz,Vito,7500,2016.0,228900,Diésel,Manual,90,coches.net,furgoneta
Toyota,Proace City,13300,2021.0,79500,Gasoil,M6,110,coches.net,furgoneta
Fiat,Doblo Cargo,17700,2023.0,55600,GASOLINA,AT,105,coches.net,furgoneta
Opel,Vivaro,,19.0,137700,diesel,Automática,180,coches.net,furgoneta
Ford,Transit Connect,27600,2024.0,20200,DIESEL,AT,100,coches.net,furgoneta
Volkswagen,Caddy,24700,2023.0,38600,gasolina,manual,109,coches.net,furgoneta
Peugeot,Boxer,20800,2023.0,47000,gasoil,MANUAL,145,coches.net,furgoneta
Renault,Trafic,10400,2018.0,121200,Diesel,Manual,90 CV,coches.net,furgoneta
Fiat,Scudo,29000,2023.0,37800,Gasoil,M,150,coches.net,furgoneta
Ford,Transit,"12200,00",2020.0,113600,gasoil,M6,155,coches.net,furgoneta
Renault,Kangoo,27000,2021.0,104800,Eléctrico (BEV),AT,90,coches.net,furgoneta
Nissan,Primastar,23000,2022.0,81200,GASOLINA,Manual,119,coches.net,furgoneta
Citroën,Berlingo,22300,2022.0,86600,EV,Manual,131,coches.net,furgoneta
Toyota,Proace,16800,2016.0,184500,Eléctrico,MANUAL,155,coches.net,furgoneta
Renault,Trafic,31200 €,2024.0,24200,DIESEL,,145,coches.net,furgoneta
Ford,Transit Connect,20000,2021.0,115300 km,gasoil,DSG,120,coches.net,furgoneta
Volkswagen,Crafter,9500,2015.0,230900,Gasoil,MANUAL,97,coches.net,furgoneta
Nissan,NV300,18500,2022.0,64400,Diésel,MANUAL,95,coches.net,furgoneta
Fiat,Ducato,21000,2022.0,89900,Hibrido,MANUAL,130,coches.net,furgoneta
Ford,Transit Courier,23100,2023.0,37800,GASOLINA,M,100,coches.net,furgoneta
Opel,Vivaro,22000,2021.0,90900km,diesel,Manual,100,coches.net,furgoneta
Citroën,Berlingo,14700,2017.0,181500,,manual,105,coches.net,furgoneta
Nissan,NV300,18600,2021.0,126100,diesel,M,120,coches.net,furgoneta
Renault,Trafic,32400,2024.0,27900,GASOLINA,Automática,115,coches.net,furgoneta
Hyundai,Staria,28400,2019.0,122300,diesel,M,172,coches.net,furgoneta
Mercedes-Benz,Citan,,2021.0,116700,diesel,M,110,coches.net,furgoneta
Hyundai,H350,19800,2023.0,34100,Híbrido,MANUAL,136,coches.net,furgoneta
Ford,Transit Connect,20300,2022.0,70200,DIESEL,DSG,120,coches.net,furgoneta
Nissan,Primastar,21500,2023.0,57200,GASOLINA,M6,114,coches.net,furgoneta
Nissan,NV200,17900,2020.0,110700km,Gasoil,M,90,coches.net,furgoneta
Fiat,Ducato,23700,2020.0,136400,Diesel,MANUAL,135,coches.net,furgoneta
Opel,Combo,29300,2020.0,151400,gasolina,manual,110 CV,coches.net,furgoneta
Ford,Transit Connect,13300,19.0,143700,gasoil,Manual,75,coches.net,furgoneta
Citroën,Jumpy,26600,2022.0,67600,gasolina,MANUAL,100,coches.net,furgoneta
Citroën,Jumper,18700,2021.0,123600,gasoil,,160,coches.net,furgoneta
Nissan,NV400,24300,,,GLP/Gasolina,M6,145,coches.net,furgoneta
Peugeot,Partner,26200,2024.0,27300,gasolina,Manual,100,coches.net,furgoneta
Hyundai,H350,,2020.0,124100,Electric,MANUAL,175,coches.net,furgoneta
Peugeot,Partner,7500 €,2017.0,220300 km,Eléctrico (BEV),Manual,141,coches.net,furgoneta
Citroën,Jumper,18600,2022.0,89700,Gasoil,manual,145,coches.net,furgoneta
MAN,TGE,7500,16.0,321200,Diésel,,140,coches.net,furgoneta
Volkswagen,Crafter,28600,2023.0,50300,GLP,manual,182,coches.net,furgoneta
Ford,Transit,16000,2020.0,139000,Autogás,M,105,coches.net,furgoneta
Peugeot,Expert,26200,2023.0,48900,Diesel,M6,95,coches.net,furgoneta
Citroën,Jumper,23200,2023.0,56900,Diesel,manual,130,coches.net,furgoneta
Toyota,Proace City,22600,,,Hybrid,M,95,coches.net,furgoneta
Mercedes-Benz,Vito,31600,2021.0,91700,diesel,,140,coches.net,furgoneta
Maxus,EV80,26200,2023.0,55900,Electric,M,120,coches.net,furgoneta
Mercedes-Benz,Sprinter,33900,23.0,45400,gasoil,,120,coches.net,furgoneta
MAN,TGE,,2024.0,23800,Diesel,manual,102,coches.net,furgoneta
Nissan,NV200,22200,2019.0,192000,Electric,Automática,90,coches.net,furgoneta
Volkswagen,Crafter,32500,2024.0,18100,gasolina,M6,140,coches.net,furgoneta
MAN,TGE,23100,2019.0,159000,diesel,Automática,97 CV,coches.net,furgoneta
Ford,Transit Courier,20100,2021.0,112200,Gasolina,manual,100,coches.net,furgoneta
Mercedes-Benz,Citan,30500,2023.0,43600,DIESEL,Automática,150,coches.net,furgoneta
Mercedes-Benz,Citan,30600,2022.0,91300,gasoil,manual,90,coches.net,furgoneta
Volkswagen,Crafter,33200,2021.0,101200,Diesel,manual,102,coches.net,furgoneta
Ford,Transit Connect,16100,2020.0,104900,diesel,M,100,coches.net,furgoneta
Nissan,NV400,16700,2018.0,149900,diesel,automático,105,coches.net,furgoneta
Opel,Combo,21700,2019.0,136200,Hibrido,Manual,110,coches.net,furgoneta
Mercedes-Benz,Vito,34300,2022.0,77900,Hibrido,Manual,150,coches.net,furgoneta
Peugeot,Expert,28200,2023.0,44200,Gasoil,M,150,coches.net,furgoneta
Ford,Transit Connect,17200,2019.0,166200,GASOLINA,M6,125,coches.net,furgoneta
Iveco,Daily,17600,2021.0,90600,Eléctrico,M,102,coches.net,furgoneta
Hyundai,Staria,20100,2022.0,82900,Diésel,MANUAL,177,coches.net,furgoneta
Nissan,NV300,21800,2022.0,99600,MHEV,manual,125,coches.net,furgoneta
Citroën,Jumpy,11800,2023.0,43600,GASOLINA,manual,100,coches.net,furgoneta
Renault,Master,33100,2024.0,21600,Híbrido,Automático,140,coches.net,furgoneta
Peugeot,Boxer,23200,2024.0,19100 km,Diésel,automático,140,coches.net,furgoneta
Iveco,Daily,25000,2023.0,33400,gasoil,Manual,100,coches.net,furgoneta
Ford,Transit Courier,22500,2023.0,43100,gasolina,M,100,coches.net,furgoneta
Ford,Transit Connect,21600,2022.0,61200,DIESEL,M6,75,coches.net,furgoneta
Ford,Transit Connect,18400,2021.0,92900,Diesel,manual,75,coches.net,furgoneta
Iveco,Daily,19600,2019.0,141300 km,Electrico,Manual,90,coches.net,furgoneta
Fiat,Doblo Cargo,22700 €,2023.0,45900,Gasoil,M6,105,coches.net,furgoneta
Renault,Master,24900,2024.0,28200km,gasolina,DSG,185,coches.net,furgoneta
Volkswagen,Transporter,29900,2023.0,48200,MHEV,manual,150,coches.net,furgoneta
Iveco,Daily,24800,2021.0,,diesel,AT,90,coches.net,furgoneta
Iveco,Daily,36400,2023.0,53500,Eléctrico,Auto,110,coches.net,furgoneta
Volkswagen,Transporter,20100,2020.0,133300 km,gasoil,Manual,115,coches.net,furgoneta
Mercedes-Benz,Citan,34500,2022.0,56400,Diésel,AT,102CV,coches.net,furgoneta
Toyota,Proace,37800,2024.0,20600,EV,AT,136,coches.net,furgoneta
Renault,Trafic,9400,2016.0,262900,DIESEL,M6,150,coches.net,furgoneta
Hyundai,Staria,13700,2019.0,118900,gasoil,AT,182,coches.net,furgoneta
Citroën,Jumper,19400,2024.0,18200,diesel,Manual,,coches.net,furgoneta
Iveco,Daily,29300,2021.0,98000,gasoil,Manual,90,coches.net,furgoneta
Citroën,Jumpy,17800,2022.0,45700,DIESEL,manual,120,coches.net,furgoneta
Volkswagen,Transporter,13800,2020.0,153100,gasoil,Automático,155,coches.net,furgoneta
Nissan,NV400,24600,2024.0,18200,DIESEL,M,105,coches.net,furgoneta
Peugeot,Expert,22500,2023.0,44600,Diesel,M6,105,coches.net,furgoneta
Ford,Transit,19400,2021.0,96500,diesel,M,130,coches.net,furgoneta
Fiat,Ducato,18400,2021.0,98700,diesel,M6,155,coches.net,furgoneta
Nissan,NV400,13500,2018.0,219200,Diésel,M,140,coches.net,furgoneta
Ford,Transit Courier,,2019.0,190300,gasolina,Auto,100,coches.net,furgoneta
Peugeot,Expert,19200,2021.0,96200,diesel,AT,155,coches.net,furgoneta
Maxus,Deliver 9,21800,2019.0,154800,DIESEL,Manual,155,coches.net,furgoneta
Citroën,Berlingo,16400,2018.0,192700,Gasolina,M6,100,coches.net,furgoneta
Nissan,NV300,18200,2022.0,82600,diesel,Manual,120,coches.net,furgoneta
Ford,Transit Connect,23700,2021.0,78100,gasoil,M,120,coches.net,furgoneta
Toyota,Proace,10800,2019.0,155400,,manual,136,coches.net,furgoneta
Iveco,Daily,22800,2020.0,126300,Diesel,manual,75,coches.net,furgoneta
Peugeot,Boxer,26500,2022.0,91400,CNG,M6,135,coches.net,furgoneta
Fiat,Ducato,26000,2022.0,85700,Hibrido,DSG,155,coches.net,furgoneta
Citroën,Jumper,15900,2020.0,92500,diesel,M,135,coches.net,furgoneta
Opel,Combo,22500,2020.0,163700,diesel,M,110,coches.net,furgoneta
Renault,Trafic,27300,2023.0,59000,DIESEL,M6,120,coches.net,furgoneta
Maxus,Deliver 9,12900,2019.0,181300,Gasolina,MANUAL,145,coches.net,furgoneta
Fiat,Doblo Cargo,20100,2024.0,24300,Diesel,Manual,110,coches.net,furgoneta
Mercedes-Benz,Citan,35400,2023.0,36200,gasoil,manual,150,coches.net,furgoneta
Opel,Movano,33800,2023.0,58800,gasoil,MANUAL,145,coches.net,furgoneta
Citroën,Jumpy,20100,2023.0,44400,Gasolina,M6,145,coches.net,furgoneta
Peugeot,Partner,20300,2022.0,,Diésel,M,95,coches.net,furgoneta
Opel,Movano,11600,2016.0,340000,gasoil,Manual,163,coches.net,furgoneta
Ford,Transit Connect,29200,2023.0,44200,Eléctrico (BEV),MANUAL,75,coches.net,furgoneta
Volkswagen,Transporter,25400,2021.0,125700,diesel,MANUAL,97,coches.net,furgoneta
Nissan,NV200,19400,2019.0,189800,gasoil,M6,90,coches.net,furgoneta
Fiat,Ducato,13800,2016.0,218000,Gasoil,manual,122,coches.net,furgoneta
Ford,Transit Connect,12100,20.0,141800,EV,Manual,75,coches.net,furgoneta
Volkswagen,Crafter,16800,2022.0,70000,gasoil,M,145,coches.net,furgoneta
Mercedes-Benz,Sprinter,37100,2023.0,51700,Gasoil,DSG,102,coches.net,furgoneta
Mercedes-Benz,Citan,33400,2020.0,139700,DIESEL,manual,130,coches.net,furgoneta
Opel,Combo,27000,2023.0,36000,Gasoil,Auto,115,coches.net,furgoneta
Ford,Transit,29300,2024.0,21600,Híbrido,M,155,coches.net,furgoneta
Mercedes-Benz,Vito,13000,2017.0,146200,GASOLINA,Manual,90,coches.net,furgoneta
Ford,Transit,17400,2018.0,133700 km,Diesel,M,110,coches.net,furgoneta
Peugeot,Boxer,11300,2017.0,185400,Gasoil,M,140,coches.net,furgoneta
Renault,Trafic,7500,2021.0,70200 km,DIESEL,Auto,120,coches.net,furgoneta
Fiat,Ducato,13100,2021.0,129700,gasolina,manual,160,coches.net,furgoneta
Renault,Kangoo,29300,2021.0,100000,diesel,MANUAL,70,coches.net,furgoneta
Volkswagen,Transporter,16200 €,2019.0,126700,Diesel,AT,110,coches.net,furgoneta
Nissan,NV400,20600,2023.0,44400,Gasoil,M,140,coches.net,furgoneta
Citroën,Berlingo,18100,2021.0,81300,Electrico,M,136,coches.net,furgoneta
Toyota,Proace City,14400,2021.0,84200,gasoil,manual,100,coches.net,furgoneta
MAN,TGE,16300 €,2017.0,246400,Diésel,AT,107,coches.net,furgoneta
Peugeot,Boxer,20500,2019.0,172800,Hibrido,Automático,165,coches.net,furgoneta
Ford,Transit Courier,20700,2022.0,92600,Gasolina,MANUAL,105,coches.net,furgoneta
Mercedes-Benz,Vito,26300,2022.0,66000,Diésel,MANUAL,140,coches.net,furgoneta
Maxus,EV80,,2023.0,50100,EV,M,125,coches.net,furgoneta
Toyota,Proace,26400,2021.0,123100,gasoil,Manual,150,coches.net,furgoneta
Ford,Transit Connect,24600,2022.0,93800,gasoil,M,105,coches.net,furgoneta
Renault,Trafic,23800,2021.0,122700,Gasoil,M,90,coches.net,furgoneta
Nissan,NV200,30800,2024.0,28700,Eléctrico,MANUAL,105,coches.net,furgoneta
Fiat,Ducato,29100,,,gasolina,manual,127,coches.net,furgoneta
Opel,Movano,18900,2019.0,131500,,MANUAL,145,coches.net,furgoneta
Ford,Transit Courier,24200,2021.0,99900,gasolina,M,105,coches.net,furgoneta
MAN,TGE,26800,2020.0,139100,,MANUAL,102,coches.net,furgoneta
Volkswagen,Caddy,27700,2024.0,16000,Gasoil,M6,102,coches.net,furgoneta
Iveco,Daily,21300,2019.0,178900,MHEV,Manual,110,coches.net,furgoneta
Mercedes-Benz,Vito,21700,2020.0,112900,Diesel,Manual,110,coches.net,furgoneta
Mercedes-Benz,Vito,32500,2022.0,55400,Gasoil,M6,102,coches.net,furgoneta
Renault,Trafic,11.000,2021.0,70900,diesel,M,120,coches.net,furgoneta
Mercedes-Benz,Citan,27700,2023.0,49800,Hybrid,manual,102,coches.net,furgoneta
Hyundai,H350,"28000,00",2020.0,93500,Eléctrico (BEV),AT,175,coches.net,furgoneta
Maxus,EV80,24000,2021.0,81300,Electric,Automática,120,coches.net,furgoneta
Citroën,Berlingo,17800,2023.0,45400,,automático,136,coches.net,furgoneta
Iveco,Daily,29000,2020.0,117900,,Manual,140,coches.net,furgoneta
Fiat,Ducato,24400,2022.0,77100,,manual,160,coches.net,furgoneta
Ford,Transit,23300,2022.0,71100,DIESEL,M6,100,coches.net,furgoneta
Ford,Transit,10100,,,Gas Natural,Automático,130,coches.net,furgoneta
Toyota,Proace,25300,23.0,36900,GLP/Gasolina,Automática,125,coches.net,furgoneta
Nissan,NV400,21200,2023.0,50300,GLP/Gasolina,M,115,coches.net,furgoneta
Opel,Combo,27300,2020.0,146600,Gasoil,MANUAL,110,coches.net,furgoneta
Iveco,Daily,32300,2023.0,56000,Gasoil,MANUAL,130,coches.net,furgoneta
Renault,Kangoo,19000,2023.0,,DIESEL,Automático,70,coches.net,furgoneta
Peugeot,Boxer,19600,2018.0,256200,Diésel,M6,130,coches.net,furgoneta
Volkswagen,Crafter,31800,2020.0,119900,Gasoil,AT,177,coches.net,furgoneta
Peugeot,Expert,21000,2021.0,79600,DIESEL,Automático,100,coches.net,furgoneta
Volkswagen,Transporter,31500,2023.0,32600,gasolina,manual,107,coches.net,furgoneta
MAN,TGE,21000,2023.0,41400,DIESEL,Manual,140,coches.net,furgoneta
Nissan,NV200,21500,2021.0,74900,diesel,M,110,coches.net,furgoneta
Peugeot,Expert,18400,2022.0,63400,Diesel,M6,100,coches.net,furgoneta
Mercedes-Benz,Vito,15400,2019.0,145400,gasolina,DSG,150,coches.net,furgoneta
,Master,11500,2016.0,340000,Diésel,M6,110,coches.net,furgoneta
Toyota,Proace City,24300,2023.0,50300,Diesel,M6,95,coches.net,furgoneta
Volkswagen,Caddy,45600,2024.0,20900,diesel,Manual,75,coches.net,furgoneta
MAN,TGE,16300,2019.0,173100,diesel,manual,140,coches.net,furgoneta
Peugeot,Partner,13800,2016.0,,EV,manual,136,coches.net,furgoneta
Ford,Transit Connect,15600,2019.0,152800,,Manual,125,coches.net,furgoneta
Volkswagen,Caddy,21800,2022.0,95100,DIESEL,MANUAL,75,coches.net,furgoneta
Hyundai,Staria,13500,2022.0,65900,gasoil,Automática,182,coches.net,furgoneta
Fiat,Doblo Cargo,19100,2023.0,47800,Gasolina,Manual,105,coches.net,furgoneta
Fiat,Ducato,34900,2023.0,,Eléctrico (BEV),M6,165,coches.net,furgoneta
Citroën,Berlingo,27000,2023.0,52200,GASOLINA,MANUAL,110,coches.net,furgoneta
Toyota,Proace City,17100,2021.0,84900,diesel,M6,110,coches.net,furgoneta
Opel,Movano,28000 €,2023.0,48100,Diesel,Manual,145,coches.net,furgoneta
Opel,Movano,23500,2023.0,42900,DIESEL,M6,145,coches.net,furgoneta
Peugeot,Expert,22400,2019.0,210100,diesel,DSG,95,coches.net,furgoneta
Citroën,Berlingo,14300,2018.0,134800,GASOLINA,Automático,110,coches.net,furgoneta
Mercedes-Benz,Vito,,2020.0,134800,gasolina,Manual,75,coches.net,furgoneta
Nissan,NV200,17300,2020.0,108000,Diesel,manual,115,coches.net,furgoneta
,Sprinter,15500,2020.0,178100,gasoil,MANUAL,150,coches.net,furgoneta
Opel,Combo,12500,2020.0,148500,Diesel,Auto,110,coches.net,furgoneta
Opel,Vivaro,15200,2021.0,89200,DIESEL,M,115,coches.net,furgoneta
Opel,Vivaro,7500,2017.0,139400,Gasoil,manual,175,coches.net,furgoneta
Mercedes-Benz,Sprinter,11300,2015.0,380000,gasolina,manual,110,coches.net,furgoneta
Iveco,Daily,31700,2023.0,48900,Diésel,Manual,100,coches.net,furgoneta
Peugeot,Partner,,2023.0,41500,Eléctrico,Auto,141,coches.net,furgoneta
Iveco,Daily,19500,2021.0,103700,Gasoil,AT,130,coches.net,furgoneta
Citroën,Jumpy,13100,2019.0,201100,gasoil,M,115,coches.net,furgoneta
Mercedes-Benz,Sprinter,32000,2019.0,197300,gasoil,manual,102,coches.net,furgoneta
Peugeot,Boxer,27200,2024.0,15300,Diesel,Manual,160,coches.net,furgoneta
Mercedes-Benz,Sprinter,31500,2022.0,62500,Gasoil,MANUAL,150,coches.net,furgoneta
Nissan,NV400,19100 €,2018.0,260000,gasoil,Automática,110,coches.net,furgoneta
Citroën,Jumper,23400,2024.0,21100km,Diésel,M,130,coches.net,furgoneta
Hyundai,H350,31200,2022.0,78600,diesel,Automático,141,coches.net,furgoneta
Iveco,Daily,29400,2023.0,37300,EV,manual,,coches.net,furgoneta
Peugeot,Expert,26400,2022.0,72800,DIESEL,M6,125,coches.net,furgoneta
Nissan,NV300,17700,2020.0,132900,Diésel,Automático,120,coches.net,furgoneta
Fiat,Scudo,15400,2020.0,157900,Gasoil,Manual,145,coches.net,furgoneta
Renault,Master,21500,2023.0,44100,Diesel,M,135,coches.net,furgoneta
Mercedes-Benz,Sprinter,39000,2021.0,101700,Eléctrico (BEV),M6,90,coches.net,furgoneta
Volkswagen,Caddy,25600,2020.0,146200,gasolina,Manual,,coches.net,furgoneta
Toyota,Proace City,35700,2024.0,19700,Diesel,M,110,coches.net,furgoneta
Toyota,Proace City,12800,2016.0,297300,Electric,Manual,110,coches.net,furgoneta
Volkswagen,Transporter,24.000,2018.0,260000,Gasoil,Manual,150,coches.net,furgoneta
Ford,Transit Connect,20700,2022.0,64100,Autogás,M6,115,coches.net,furgoneta
Mercedes-Benz,Citan,35200,2023.0,57400,GASOLINA,M6,102,coches.net,furgoneta
Opel,Vivaro,29700,2022.0,84800,Hibrido,Manual,100,coches.net,furgoneta
Nissan,Primastar,20800,2022.0,77600 km,DIESEL,manual,114,coches.net,furgoneta
Opel,Combo,16300,2021.0,115000,DIESEL,M6,100,coches.net,furgoneta
Peugeot,Partner,24100,2023.0,56400,Gasolina,M,115,coches.net,furgoneta
Toyota,Proace,16700 €,2016.0,241700,gasolina,Manual,125,coches.net,furgoneta
Volkswagen,Transporter,22000,2022.0,51600,Gasolina,MANUAL,102,coches.net,furgoneta
Nissan,Primastar,23900,22.0,68500km,Diésel,Manual,119,coches.net,furgoneta
Renault,Master,,2021.0,69900,Diésel,MANUAL,110,coches.net,furgoneta
Volkswagen,Caddy,14600,2021.0,126000,Gasoil,manual,75,coches.net,furgoneta
Toyota,Proace City,35300,2023.0,55300,DIESEL,manual,95,coches.net,furgoneta
Renault,Master,12400,2016.0,290300,Electrico,M,110,coches.net,furgoneta
Renault,Trafic,24400,2021.0,,Electrico,Automática,150,coches.net,furgoneta
Mercedes-Benz,Vito,33300,2022.0,67700,Diesel,MANUAL,,coches.net,furgoneta
Hyundai,H350,19800,2020.0,115000,Diésel,M,131,coches.net,furgoneta
Mercedes-Benz,Citan,28700,2020.0,105200km,DIESEL,manual,140,coches.net,furgoneta
Ford,Transit Connect,27000,2022.0,71600,,M,75,coches.net,furgoneta
Mercedes-Benz,,40900,2024.0,24200,Diésel,Manual,90,coches.net,furgoneta
Opel,Vivaro,41200,2023.0,51500,Eléctrico,AT,115,coches.net,furgoneta
Hyundai,Staria,33600 €,2024.0,21700 km,MHEV,M,177,coches.net,furgoneta
Nissan,NV300,30200,2022.0,70800,gasoil,Manual,120,coches.net,furgoneta
Opel,Movano,22400,2021.0,96000,diesel,M,168,coches.net,furgoneta
Renault,Trafic,17600,2020.0,124000,GASOLINA,manual,85,coches.net,furgoneta
Ford,Transit Courier,30500,2023.0,41500,Gasolina,M6,95,coches.net,furgoneta
Opel,Movano,8100,2017.0,188800,Gasoil,M6,163,coches.net,furgoneta
MAN,TGE,34400,2024.0,20500,Diésel,Manual,107,coches.net,furgoneta
Fiat,Scudo,27800,2020.0,121000,Electrico,M,125,coches.net,furgoneta
Renault,Trafic,10000,2015.0,202100,DIESEL,MANUAL,145,coches.net,furgoneta
Ford,Transit Courier,7500,2015.0,208900,Diesel,Manual,75,coches.net,furgoneta
Peugeot,Expert,20200,2018.0,258900,diesel,MANUAL,150,coches.net,furgoneta
Ford,Transit Courier,19500,2020.0,79900,gasoil,manual,75,coches.net,furgoneta
Iveco,Daily,25700,2022.0,65900,Diesel,Manual,140,coches.net,furgoneta
,Caddy,15200,2023.0,43000,GASOLINA,M6,114,coches.net,furgoneta
Nissan,NV300,28900,2024.0,28100,Diésel,Manual,115,coches.net,furgoneta
Peugeot,Expert,8800,2017.0,281000,GASOLINA,M,120,coches.net,furgoneta
Peugeot,Partner,17700,2017.0,179200 km,Electrico,manual,131,coches.net,furgoneta
Hyundai,Staria,22000,2019.0,126400,Diesel,M6,172,coches.net,furgoneta
Nissan,NV300,26600,2024.0,25500,Gasoil,Automática,,coches.net,furgoneta
Renault,Trafic,23000,2021.0,98700,Electric,M6,115,coches.net,furgoneta
Iveco,Daily,37000,2024.0,23000,Diesel,MANUAL,90 CV,coches.net,furgoneta
Iveco,Daily,26600,2022.0,39800,gasoil,M,140,coches.net,furgoneta
Mercedes-Benz,Citan,35100,2022.0,59600,Gasoil,MANUAL,75,coches.net,furgoneta
Nissan,NV400,18800,2024.0,27300,gasoil,M,145,coches.net,furgoneta
Ford,Transit,25300,2023.0,38200,GASOLINA,M,135,coches.net,furgoneta
Ford,Transit Courier,29100,2023.0,49500,gasoil,M6,75,coches.net,furgoneta
Volkswagen,Caddy,15500,2020.0,162600,Diesel,MANUAL,70,coches.net,furgoneta
Mercedes-Benz,Sprinter,28400,2024.0,27200,GASOLINA,Automático,130,coches.net,furgoneta
Mercedes-Benz,Sprinter,25100,2019.0,105500,Eléctrico,MANUAL,120 CV,coches.net,furgoneta
Renault,Trafic,20900,2017.0,211900,Electrico,manual,85,coches.net,furgoneta
Maxus,Deliver 9,13500,2017.0,235700,Gasoil,MANUAL,150,coches.net,furgoneta
Fiat,Doblo Cargo,17900,2016.0,177300,DIESEL,M6,95,coches.net,furgoneta
Mercedes-Benz,Sprinter,31600 €,2022.0,78100 km,Hybrid,manual,90,coches.net,furgoneta
Citroën,Jumper,16800,2020.0,118100,Diesel,manual,130,coches.net,furgoneta
Fiat,Ducato,17400,2021.0,92100,gasoil,Manual,127,coches.net,furgoneta
Opel,Combo,23100,2023.0,40900,Gasoil,M,105,coches.net,furgoneta
Nissan,Primastar,16700,2017.0,141600,EV,MANUAL,,coches.net,furgoneta
Iveco,Daily,21600,2023.0,56600,Diesel,Automática,120,coches.net,furgoneta
Iveco,Daily,28300,2023.0,43000,Gasolina,manual,90,coches.net,furgoneta
Fiat,Scudo,12300,2022.0,68300km,Diésel,M,150,coches.net,furgoneta
Opel,Movano,27400,2022.0,59800,GASOLINA,M,110,coches.net,furgoneta
Fiat,Doblo Cargo,13600,2018.0,211500,Eléctrico,M6,90,coches.net,furgoneta
Iveco,Daily,15000,2022.0,58600,Gasoil,Manual,130,coches.net,furgoneta
Volkswagen,Transporter,23000,2019.0,127600,Diésel,MANUAL,199,coches.net,furgoneta
Citroën,Jumpy,10100,2016.0,262400,diesel,AT,120,coches.net,furgoneta
Fiat,Doblo Cargo,17700,2017.0,253800,Diesel,M6,100,coches.net,furgoneta
Toyota,Proace City,29500,2023.0,40400,Hibrido,Manual,100,coches.net,furgoneta
Iveco,Daily,26400,2021.0,134800,gasoil,Manual,100,coches.net,furgoneta
Nissan,NV400,29100,2022.0,90200,EV,MANUAL,140CV,coches.net,furgoneta
Nissan,NV400,32300,2024.0,20400,gasoil,Automático,110,coches.net,furgoneta
Toyota,Proace,37100,2022.0,64000,EV,Manual,136,coches.net,furgoneta
Peugeot,Expert,20400,2020.0,77700,diesel,M,115,coches.net,furgoneta
Iveco,Daily,39400 €,2023.0,35800,Diesel,M6,150,coches.net,furgoneta
Opel,Movano,19600,2019.0,181400,gasoil,Manual,150,coches.net,furgoneta
MAN,TGE,31800,2022.0,81500,gasoil,M,102,coches.net,furgoneta
Renault,Kangoo,17900,2019.0,187200,EV,Manual,90,coches.net,furgoneta
Citroën,Berlingo,21900,2024.0,22100,gasolina,M6,110,coches.net,furgoneta
Ford,Transit Courier,22200 €,2022.0,64600,gasoil,Automático,70,coches.net,furgoneta
Toyota,Proace,26200,2020.0,123500,diesel,M6,145,coches.net,furgoneta
Mercedes-Benz,Citan,27200 €,2022.0,82300,Gasoil,Manual,100,coches.net,furgoneta
Mercedes-Benz,Vito,15500,2022.0,61200,diesel,MANUAL,102,coches.net,furgoneta
Renault,Kangoo,26800,,,EV,M,90,coches.net,furgoneta
Fiat,Ducato,20600,2023.0,49500,DIESEL,M6,160,coches.net,furgoneta
Opel,Movano,13700,2021.0,,gasoil,M6,105,coches.net,furgoneta
Ford,Transit Courier,28600 €,2024.0,15500,Gasolina,Auto,100,coches.net,furgoneta
Ford,Transit,21200,2021.0,76500,Diesel,Automático,130,coches.net,furgoneta
Ford,Transit Connect,11000,2017.0,194700,Gasoil,manual,75,coches.net,furgoneta
Citroën,Jumpy,17700,2022.0,64900km,diesel,manual,100,coches.net,furgoneta
Toyota,Proace,26900,2022.0,55900,Diésel,M6,120,coches.net,furgoneta
Volkswagen,Transporter,16800,2018.0,190600,gasoil,M6,204,coches.net,furgoneta
Volkswagen,Transporter,27600,2023.0,50100,diesel,M,150,coches.net,furgoneta
Volkswagen,Transporter,28800,2023.0,42500,DIESEL,M6,115,coches.net,furgoneta
Nissan,NV300,28600,2019.0,137500,EV,Manual,120,coches.net,furgoneta
Volkswagen,Transporter,22200,2021.0,102700,Gasoil,M6,97,coches.net,furgoneta
Volkswagen,Transporter,16400,2019.0,150400,Diesel,,145,coches.net,furgoneta
Opel,Vivaro,22500,2021.0,96700,,M6,180,coches.net,furgoneta
Citroën,Berlingo,20300,2020.0,120400,GASOLINA,manual,110,coches.net,furgoneta
Nissan,NV300,7500,2017.0,193000,Gasolina,AT,120,coches.net,furgoneta
Ford,Transit Courier,15700,2015.0,277400,Diésel,manual,75,coches.net,furgoneta
Mercedes-Benz,Vito,33500,2023.0,39300,diesel,M,,coches.net,furgoneta
Mercedes-Benz,Vito,22900,2019.0,143800,Diésel,M,75,coches.net,furgoneta
Mercedes-Benz,Citan,21600,2021.0,105400,Diésel,DSG,150,coches.net,furgoneta
Fiat,Ducato,28600,2024.0,20100,Gasoil,AT,130,coches.net,furgoneta
Citroën,Jumpy,29300,2023.0,36500,DIESEL,AT,105,coches.net,furgoneta
Iveco,Daily,13200,2019.0,135500,CNG,manual,90,coches.net,furgoneta
Maxus,EV80,26300,2020.0,133400,Electric,MANUAL,125,coches.net,furgoneta
Volkswagen,Transporter,16800,2019.0,140500,GLP/Gasolina,MANUAL,204,coches.net,furgoneta
Citroën,Jumper,15400,2020.0,65500,diesel,Manual,130 CV,coches.net,furgoneta
Volkswagen,Caddy,42600,2023.0,61300 km,Gasolina,manual,119,coches.net,furgoneta
Nissan,Primastar,21600,2023.0,44800,diesel,M6,119,coches.net,furgoneta
Iveco,Daily,22400,2022.0,82800,DIESEL,M6,110,coches.net,furgoneta
Iveco,Daily,18600,2016.0,165800,gasoil,Automático,102,coches.net,furgoneta
Opel,Vivaro,29400,2022.0,64200,Gasoil,M6,100,coches.net,furgoneta
Opel,Movano,22800,2023.0,56900,diesel,M6,110,coches.net,furgoneta
Mercedes-Benz,Citan,20600,2021.0,118700,diesel,MANUAL,,coches.net,furgoneta
Ford,Transit,18000,2021.0,72700,gasoil,M6,155,coches.net,furgoneta
Fiat,Scudo,27300,2023.0,69900,Diésel,M6,150,coches.net,furgoneta
Toyota,Proace,27800,2024.0,22600 km,Diesel,manual,150,coches.net,furgoneta
Volkswagen,Transporter,13200,2021.0,,Diésel,M6,204,coches.net,furgoneta
Volkswagen,Caddy,37500,2024.0,15600,DIESEL,automático,102,coches.net,furgoneta
Mercedes-Benz,Sprinter,20300,2018.0,148200,DIESEL,M6,140,coches.net,furgoneta
Nissan,NV400,22900 €,2023.0,44100,MHEV,manual,115,coches.net,furgoneta
Volkswagen,Caddy,14800,2020.0,172600,Diésel,Manual,75 CV,coches.net,furgoneta
Volkswagen,Caddy,21200 €,2018.0,256400,diesel,MANUAL,70,coches.net,furgoneta
Nissan,NV400,,2023.0,42600,Diesel,MANUAL,145,coches.net,furgoneta
Nissan,NV300,23300,2021.0,69400,gasoil,manual,95,coches.net,furgoneta
Mercedes-Benz,Sprinter,26800,2022.0,85500,DIESEL,M6,90,coches.net,furgoneta
Mercedes-Benz,Citan,22900,2018.0,177100,Electrico,Manual,140,coches.net,furgoneta
Volkswagen,Transporter,34700,2023.0,55100,diesel,M6,102,coches.net,furgoneta
Opel,Vivaro,17200,2021.0,79300,DIESEL,MANUAL,175,coches.net,furgoneta
Opel,Movano,26500,2024.0,26600km,Diesel,Manual,168,coches.net,furgoneta
Ford,Transit Courier,20600,2022.0,61600,GASOLINA,MANUAL,100,coches.net,furgoneta
Opel,Vivaro,24600,2021.0,99900,gasoil,Manual,100,coches.net,furgoneta
Citroën,Berlingo,20700,2023.0,48200,Gasoil,M,100,coches.net,furgoneta
Volkswagen,Crafter,25600,2021.0,48100,Diesel,MANUAL,145 CV,coches.net,furgoneta
Citroën,Jumpy,17900,2023.0,47600,Diésel,manual,120,coches.net,furgoneta
Ford,Transit Connect,18700,2022.0,74000km,Diésel,Manual,,coches.net,furgoneta
Ford,Transit Courier,29700,2021.0,126800,Gasolina,M,100,coches.net,furgoneta
Nissan,NV200,14500,2018.0,131300,,Manual,105,coches.net,furgoneta
Renault,Kangoo,26000,2022.0,60200,Gasoil,M6,75,coches.net,furgoneta
Ford,Transit Connect,25600,2020.0,123800,Gasoil,Auto,100,coches.net,furgoneta
Mercedes-Benz,Citan,26300,2023.0,51400,Gasoil,M,102,coches.net,furgoneta
Volkswagen,Crafter,18900,2020.0,119800,gasoil,Automática,182,coches.net,furgoneta
Volkswagen,Transporter,36200,,,MHEV,MANUAL,,coches.net,furgoneta
Volkswagen,Crafter,,2020.0,120800 km,diesel,manual,102,coches.net,furgoneta
Toyota,Proace City,28700,2022.0,73700,Gas Natural,M6,105,coches.net,furgoneta
Renault,Trafic,15500,2020.0,95800,GNC,Manual,115,coches.net,furgoneta
Peugeot,Boxer,8300,2018.0,173500,Autogás,manual,145,coches.net,furgoneta
Volkswagen,Transporter,16600,2021.0,115000,DIESEL,M6,,coches.net,furgoneta
Opel,Movano,18500,2019.0,,gasoil,automático,150,coches.net,furgoneta
Ford,Transit,33700,23.0,65500 km,Gasoil,manual,150,coches.net,furgoneta
Toyota,Proace,9900,2015.0,380000,Diésel,MANUAL,150,coches.net,furgoneta
Mercedes-Benz,Vito,23000,2021.0,112000,DIESEL,manual,100,coches.net,furgoneta
Opel,Vivaro,9100,2019.0,103700,diesel,M,100,coches.net,furgoneta
Renault,Kangoo,20500,2020.0,112900,gasoil,M,75,coches.net,furgoneta
Ford,Transit Courier,11600,2015.0,181200,DIESEL,automático,75,coches.net,furgoneta
,Doblo Cargo,23500,2023.0,47700,DIESEL,M,105,coches.net,furgoneta
Volkswagen,Caddy,30000,2023.0,56000,Gasoil,Auto,75,coches.net,furgoneta
Peugeot,Expert,22600,2022.0,54500,gasoil,manual,100,coches.net,furgoneta
Ford,Transit Courier,12600,2020.0,98900,Diesel,manual,70,coches.net,furgoneta
,Vivaro,27300 €,2021.0,104600,Eléctrico,M,180,coches.net,furgoneta
Fiat,Scudo,17200,2020.0,163000,Eléctrico,manual,120,coches.net,furgoneta
Nissan,NV300,,2019.0,169700,Diésel,DSG,95,coches.net,furgoneta
Mercedes-Benz,Sprinter,33000,2023.0,41400,diesel,manual,100,coches.net,furgoneta
Mercedes-Benz,Citan,19800,2022.0,79800,Diesel,AT,90,coches.net,furgoneta
Nissan,NV200,34000,2024.0,24700,Diésel,MANUAL,110,coches.net,furgoneta
Peugeot,Partner,26300,2022.0,78700,Electric,Manual,136,coches.net,furgoneta
Iveco,Daily,,2023.0,39700,,MANUAL,100,coches.net,furgoneta
Citroën,Jumpy,29100,2024.0,26800,EV,MANUAL,105,coches.net,furgoneta
Ford,Transit,28400,2023.0,38900,DIESEL,AT,105,coches.net,furgoneta
Volkswagen,Transporter,25000,2020.0,162900,Gasoil,manual,150,coches.net,furgoneta
Fiat,Scudo,28700,2024.0,20700,Gasoil,Manual,150,coches.net,furgoneta
Ford,Transit Connect,12900,2022.0,78000,DIESEL,Manual,120,coches.net,furgoneta
Ford,Transit,29400,2024.0,31700,gasoil,manual,135,coches.net,furgoneta
Hyundai,Staria,14000,2020.0,134500,diesel,manual,182,coches.net,furgoneta
Iveco,Daily,27600 €,2022.0,73600,diesel,Manual,90CV,coches.net,furgoneta
Volkswagen,Crafter,29200,2023.0,43000,DIESEL,MANUAL,145,coches.net,furgoneta
Peugeot,Expert,12800,2021.0,102500,,M6,120,coches.net,furgoneta
Ford,Transit Courier,40200,2023.0,40600,GASOLINA,M,100,coches.net,furgoneta
Volkswagen,Caddy,15300 €,2016.0,281900,gasoil,automático,70,coches.net,furgoneta
Fiat,Scudo,17900,2016.0,192300,Diésel,M6,125,coches.net,furgoneta
Ford,Transit Connect,18400,2020.0,116400,Diesel,manual,75,coches.net,furgoneta
MAN,TGE,28800,2020.0,144500,EV,M,140,coches.net,furgoneta
Fiat,Scudo,,2018.0,235400,Diésel,manual,125,coches.net,furgoneta
Mercedes-Benz,Citan,23800,2021.0,48100,Hybrid,Manual,100,coches.net,furgoneta
Citroën,Jumper,22900,2022.0,67300,gasoil,M6,135,coches.net,furgoneta
Ford,Transit,26700,2024.0,,Gasoil,Auto,130,coches.net,furgoneta
Mercedes-Benz,Sprinter,25800,2018.0,236200,Electrico,automático,120CV,coches.net,furgoneta
MAN,TGE,25700,2023.0,61500,Diesel,MANUAL,102,coches.net,furgoneta
Peugeot,Partner,23400,2023.0,50800,gasolina,M6,110,coches.net,furgoneta
MAN,TGE,27900,2024.0,26900,Diesel,M,97,coches.net,furgoneta
Ford,Transit Courier,25300,2022.0,91500km,diesel,DSG,70,coches.net,furgoneta
Peugeot,Expert,15400,2024.0,22500,GASOLINA,Manual,120,coches.net,furgoneta
Fiat,Doblo Cargo,15800,2020.0,143000,diesel,Automático,105,coches.net,furgoneta
Hyundai,H350,8800,2016.0,286100,Gasoil,Manual,170,coches.net,furgoneta
Fiat,Ducato,42900,2023.0,33800,EV,M,155,coches.net,furgoneta
Peugeot,Partner,21300,2024.0,25800,Hibrido,M,105,coches.net,furgoneta
Citroën,Jumper,24500,2024.0,19500,GNC,M6,,coches.net,furgoneta
Citroën,Berlingo,26800,2022.0,41900,Eléctrico,Manual,136,coches.net,furgoneta
Iveco,Daily,16300,2023.0,53400,Gasoil,MANUAL,150,coches.net,furgoneta
Renault,Kangoo,23400,2021.0,118100,Electrico,manual,95,coches.net,furgoneta
Hyundai,Staria,18000,2024.0,26800,Gasoil,manual,177,coches.net,furgoneta
Ford,Transit Courier,29200,2023.0,44300,Diésel,M,80,coches.net,furgoneta
Volkswagen,Crafter,13600,2018.0,127800,Diésel,manual,177,coches.net,furgoneta
Ford,Transit Courier,35000,2023.0,29400,DIESEL,M6,75,coches.net,furgoneta
Mercedes-Benz,Sprinter,29600,2021.0,98100,DIESEL,M,130,coches.net,furgoneta
MAN,TGE,17500,2022.0,87200,Gasoil,automático,140,coches.net,furgoneta
Fiat,Ducato,13400,2017.0,247100,DIESEL,Automática,122,coches.net,furgoneta
Renault,Master,25700,2024.0,21400,gasoil,MANUAL,180,coches.net,furgoneta
Renault,Kangoo,25700,2021.0,102300,Eléctrico,Manual,90,coches.net,furgoneta
Ford,Transit Courier,22900,2020.0,172800,GNC,Automática,75,coches.net,furgoneta
Renault,Trafic,31700,2024.0,25900,Diésel,M6,120,coches.net,furgoneta
MAN,TGE,30600,2022.0,77300,GNC,automático,140,coches.net,furgoneta
Ford,Transit Connect,25400,2024.0,27500,DIESEL,M6,75,coches.net,furgoneta
Ford,Transit Courier,18000,2021.0,126300,Gasolina,manual,100,coches.net,furgoneta
Fiat,Scudo,23600,2022.0,53400,Gasoil,M,120,coches.net,furgoneta
Mercedes-Benz,Citan,14700,2018.0,183500,Eléctrico,MANUAL,130,coches.net,furgoneta
Mercedes-Benz,Vito,14500,,,Autogás,manual,110,coches.net,furgoneta
Toyota,Proace City,15600,2020.0,164800,diesel,Automático,105,coches.net,furgoneta
Iveco,Daily,12800,2021.0,111800,DIESEL,automático,140,coches.net,furgoneta
MAN,TGE,15400,2020.0,102400,Diésel,Manual,102,coches.net,furgoneta
Citroën,Jumper,7500,2016.0,275600,diesel,AT,140,coches.net,furgoneta
Ford,Transit,28100,2020.0,168900,Hibrido,Auto,155,coches.net,furgoneta
Citroën,Jumper,22000,2020.0,,Diesel,M,125,coches.net,furgoneta
Renault,Trafic,17600,2023.0,,diesel,Automático,150,coches.net,furgoneta
MAN,TGE,33900,2022.0,38300,MHEV,MANUAL,140,coches.net,furgoneta
Opel,Movano,7500,2020.0,128800,GASOLINA,Manual,140,coches.net,furgoneta
Fiat,Ducato,19900,2022.0,80300,Diesel,M,122,coches.net,furgoneta
Citroën,Jumper,29300,2024.0,32500,Gasoil,Manual,155,coches.net,furgoneta
Fiat,Ducato,28200,2024.0,20600,gasoil,Manual,117,coches.net,furgoneta
Maxus,Deliver 9,22200,2023.0,35600,Eléctrico (BEV),manual,125,coches.net,furgoneta
Ford,Transit Courier,27500,2021.0,102300,Gasolina,manual,100,coches.net,furgoneta
Fiat,Scudo,15000,2020.0,177800,GNC,Auto,120,coches.net,furgoneta
Ford,Transit Connect,22200,2023.0,38200,DIESEL,manual,120,coches.net,furgoneta
Toyota,Proace,36100,2024.0,10100,diesel,MANUAL,120,coches.net,furgoneta
Fiat,Ducato,9700,2017.0,181200 km,gasoil,manual,125,coches.net,furgoneta
Fiat,Doblo Cargo,20100,2023.0,49700,diesel,manual,105,coches.net,furgoneta
Mercedes-Benz,Vito,38400,2022.0,61700,Eléctrico (BEV),automático,150,coches.net,furgoneta
Opel,Vivaro,7500,2015.0,291600,Gas Natural,manual,180,coches.net,furgoneta
Maxus,EV80,19900,2022.0,48400,Eléctrico,manual,115,coches.net,furgoneta
Citroën,Berlingo,25800,2023.0,58800,Gasoil,M,100,coches.net,furgoneta
Peugeot,Expert,45700,2024.0,21900 km,Eléctrico (BEV),M,100,coches.net,furgoneta
Opel,Combo,25900 €,2022.0,72600,DIESEL,DSG,105,coches.net,furgoneta
Nissan,NV200,10400,2018.0,230300,Diésel,Automático,90,coches.net,furgoneta
Citroën,Jumpy,14800,2019.0,113200,DIESEL,M,95,coches.net,furgoneta
Nissan,Primastar,12600,2023.0,43600,gasoil,MANUAL,119,coches.net,furgoneta
Volkswagen,Crafter,17100,2023.0,40900,Diésel,M,135,coches.net,furgoneta
Volkswagen,Caddy,,2021.0,108500,gasoil,MANUAL,102,coches.net,furgoneta
Citroën,Berlingo,21200 €,2023.0,44000,gasolina,Auto,110,coches.net,furgoneta
Renault,Kangoo,29600,2023.0,40300,Eléctrico (BEV),M,85,coches.net,furgoneta
Ford,Transit Courier,25200,2022.0,106200,EV,DSG,75,coches.net,furgoneta
Iveco,Daily,24500,2023.0,52100,Diésel,Auto,140,coches.net,furgoneta
Ford,Transit,14000,2020.0,123300,diesel,M6,125,coches.net,furgoneta
Fiat,Scudo,13300,2019.0,137400,gasolina,manual,125 CV,coches.net,furgoneta
Ford,Transit Connect,22500,2024.0,,diesel,M,75,coches.net,furgoneta
Volkswagen,Crafter,,2020.0,108000,Diesel,Manual,102,coches.net,furgoneta
Renault,Trafic,14600,22.0,65400,DIESEL,M6,145,coches.net,furgoneta
Maxus,EV80,,2022.0,85700,Eléctrico (BEV),Automático,120,coches.net,furgoneta
Iveco,Daily,20900,2023.0,39200,diesel,MANUAL,102,coches.net,furgoneta
Renault,Trafic,26700,2023.0,48800,Diesel,M,150,coches.net,furgoneta
Ford,Transit Connect,21300,2023.0,,Gasoil,MANUAL,100,coches.net,furgoneta
MAN,TGE,27900,2022.0,60900,gasoil,Auto,107,coches.net,furgoneta
Maxus,EV80,22600,2023.0,38100,EV,manual,115,coches.net,furgoneta
Maxus,EV80,15800,2017.0,300000,Eléctrico (BEV),Automática,120,coches.net,furgoneta
Fiat,Ducato,14600,2016.0,302100,diesel,Automático,122,coches.net,furgoneta
Citroën,Jumper,27300,2023.0,34200,diesel,M,160,coches.net,furgoneta
Renault,Master,12400,2018.0,161200,gasoil,automático,140,coches.net,furgoneta
Volkswagen,Crafter,29200,2024.0,23900,MHEV,M,102,coches.net,furgoneta
Opel,Vivaro,23400,2021.0,98500,Electric,Automático,100,coches.net,furgoneta
Peugeot,Expert,27900,2023.0,48800,diesel,AT,150,coches.net,furgoneta
Volkswagen,Caddy,27100,2024.0,20000,GASOLINA,MANUAL,114,coches.net,furgoneta
Fiat,Ducato,24100,2022.0,87400,gasoil,automático,125 CV,coches.net,furgoneta
Iveco,Daily,13900,2021.0,97200,DIESEL,AT,110,coches.net,furgoneta
Maxus,Deliver 9,15000,2018.0,209100,Electrico,Automática,120,coches.net,furgoneta
Nissan,NV400,29100,2022.0,80400,Eléctrico (BEV),automático,145,coches.net,furgoneta
Citroën,Jumpy,19900,2021.0,101800,gasoil,MANUAL,125,coches.net,furgoneta
Renault,Master,12700,2020.0,101000,DIESEL,manual,110,coches.net,furgoneta
Hyundai,Staria,22500,2020.0,140000,Electrico,MANUAL,182,coches.net,furgoneta
Renault,Master,28000,2024.0,20900 km,Gasolina,MANUAL,135,coches.net,furgoneta
Mercedes-Benz,Sprinter,21800,2022.0,78900,Gasoil,M,90,coches.net,furgoneta
Volkswagen,Transporter,28100,2022.0,66500,Diesel,DSG,204,coches.net,furgoneta
Citroën,Jumpy,22200,2023.0,68500,gasoil,M6,95,coches.net,furgoneta
Iveco,Daily,25200,2020.0,150800km,Diésel,M6,102,coches.net,furgoneta
Opel,Combo,"12700,00",2018.0,190200,Gasoil,Manual,100,coches.net,furgoneta
Ford,Transit,15800,2019.0,151900,gasoil,M,130 CV,coches.net,furgoneta
Toyota,Proace City,23500,2021.0,114400,Electric,Manual,100,coches.net,furgoneta
Nissan,Primastar,25800,2020.0,145400,gasolina,Manual,114,coches.net,furgoneta
Toyota,Proace,26000,2020.0,83900,Eléctrico (BEV),Manual,131,coches.net,furgoneta
Nissan,NV200,24200,2023.0,42200,Diésel,Manual,110,coches.net,furgoneta
Hyundai,Staria,23100,2024.0,25700,DIESEL,M,177,coches.net,furgoneta
Mercedes-Benz,Sprinter,14800,2016.0,179900,Gasoil,M,100,coches.net,furgoneta
Renault,Trafic,16000,2018.0,178800,Gasolina,M,150,coches.net,furgoneta
Ford,Transit Courier,20500,2018.0,140200 km,GASOLINA,Manual,100,coches.net,furgoneta
Peugeot,Expert,9000,2023.0,44300,Gasoil,Automático,95,coches.net,furgoneta
Fiat,Scudo,23300,2024.0,18700,diesel,M,145,coches.net,furgoneta
Fiat,Doblo Cargo,14400,2021.0,94200,gasolina,MANUAL,110,coches.net,furgoneta
Volkswagen,Transporter,11700,2018.0,194800,Híbrido,M,199,coches.net,furgoneta
Fiat,Doblo Cargo,13700,2016.0,142600,Diesel,Manual,95,coches.net,furgoneta
MAN,TGE,7900,2015.0,285800,diesel,Auto,102,coches.net,furgoneta
Opel,Combo,26000,2023.0,50400,Diesel,M,110,coches.net,furgoneta
Fiat,Doblo Cargo,28700,2023.0,64700,EV,M,,coches.net,furgoneta
Citroën,Berlingo,15200,2018.0,176400,GASOLINA,MANUAL,100,coches.net,furgoneta
Toyota,Proace City,19800,2019.0,177900,Gasoil,automático,110,coches.net,furgoneta
MAN,TGE,19300,2018.0,194600,Diesel,M6,140,coches.net,furgoneta
Renault,Master,33200,2023.0,53400,DIESEL,Manual,180,coches.net,furgoneta
Ford,Transit,7500,2019.0,220000,diesel,MANUAL,155,coches.net,furgoneta
Nissan,NV300,20200,2023.0,41500 km,Gasolina,AT,120,coches.net,furgoneta
Mercedes-Benz,Citan,,2017.0,226700,Diésel,M6,140,coches.net,furgoneta
Volkswagen,Transporter,21000,2021.0,108600,DIESEL,AT,110,coches.net,furgoneta
Fiat,Scudo,24600,2024.0,25100,Gasoil,Manual,120,coches.net,furgoneta
Iveco,Daily,22700,2022.0,65900,Electrico,manual,150,coches.net,furgoneta
Volkswagen,Caddy,12800,2015.0,224200,gasolina,MANUAL,114,coches.net,furgoneta
Toyota,Proace,41800,2024.0,24600,EV,M,136,coches.net,furgoneta
Renault,Kangoo,18900,2020.0,102300,DIESEL,automático,75,coches.net,furgoneta
Mercedes-Benz,Vito,38900,2024.0,25700,Electric,MANUAL,120,coches.net,furgoneta
Volkswagen,Crafter,20600,2022.0,70200,Gasoil,AT,,coches.net,furgoneta
Peugeot,Boxer,22800,2023.0,45300,Diésel,Auto,130,coches.net,furgoneta
Opel,Combo,10000,2021.0,114100,Gasoil,MANUAL,110,coches.net,furgoneta
Fiat,Doblo Cargo,12600,2019.0,196200,Diésel,Manual,105,coches.net,furgoneta
Opel,Vivaro,27600,2022.0,74600,Diésel,Auto,100,coches.net,furgoneta
Ford,Transit,15400,2021.0,71500,Eléctrico (BEV),MANUAL,175,coches.net,furgoneta
Volkswagen,Transporter,40700,2024.0,9900,Eléctrico (BEV),DSG,110,coches.net,furgoneta
Citroën,Jumper,16000,2016.0,221300,Gasoil,automático,130,coches.net,furgoneta
Peugeot,Partner,15900,2019.0,163200,GASOLINA,MANUAL,105,coches.net,furgoneta
Volkswagen,Crafter,19200,2021.0,99500,,manual,107,coches.net,furgoneta
Renault,Master,27200,2023.0,60200,Eléctrico,M6,180 CV,coches.net,furgoneta
Maxus,Deliver 9,21700,2019.0,160900,Electric,M6,120,coches.net,furgoneta
Ford,Transit,15000,2017.0,300000,Diesel,Manual,160,coches.net,furgoneta
Ford,Transit Connect,32100,2022.0,78800,Diésel,automático,105,coches.net,furgoneta
Fiat,Doblo Cargo,14000,2023.0,48600,Diesel,M,,coches.net,furgoneta
Citroën,Jumper,18100,2023.0,30100,DIESEL,M6,130,coches.net,furgoneta
Iveco,Daily,22800,2021.0,81700km,Diésel,manual,120,coches.net,furgoneta
Mercedes-Benz,Sprinter,20800,2020.0,94400,gasoil,Manual,75CV,coches.net,furgoneta
Opel,Movano,15700,2017.0,220500,Eléctrico (BEV),M,145,coches.net,furgoneta
Fiat,Scudo,28900,2023.0,,diesel,manual,140,coches.net,furgoneta
Citroën,Jumpy,19700,2019.0,200000,diesel,M,155,coches.net,furgoneta
Ford,Transit,16100,,,diesel,Automática,105,coches.net,furgoneta
Ford,Transit Connect,22000 €,2023.0,39100 km,gasoil,MANUAL,75,coches.net,furgoneta
Renault,Trafic,7500 €,2016.0,300000 km,gasolina,Automática,95,coches.net,furgoneta
Renault,Master,8100,2018.0,199400,DIESEL,Automático,110,coches.net,furgoneta
Iveco,Daily,25300,2022.0,96000,gasoil,manual,90,coches.net,furgoneta
Renault,Master,20200,2020.0,113300,DIESEL,Auto,145,coches.net,furgoneta
Nissan,NV400,21800,2023.0,46200,diesel,Manual,145,coches.net,furgoneta
Nissan,NV200,24800,2021.0,146000,DIESEL,Manual,115,coches.net,furgoneta
Toyota,Proace,18700,2019.0,148900,Diesel,MANUAL,155,coches.net,furgoneta
Mercedes-Benz,Sprinter,31000,2022.0,35300,Gasoil,DSG,130,coches.net,furgoneta
Fiat,Scudo,11600,2020.0,172000,Diesel,M,150,coches.net,furgoneta
Citroën,Jumper,22500,2023.0,48000,DIESEL,MANUAL,160,coches.net,furgoneta
Iveco,Daily,34700,2024.0,21900,Diésel,manual,100,coches.net,furgoneta
Hyundai,Staria,14600,2017.0,,Diesel,M,182,coches.net,furgoneta
Mercedes-Benz,Vito,19500,2018.0,193000,gasoil,M6,150,coches.net,furgoneta
Nissan,Primastar,15300,2020.0,151500,Diésel,MANUAL,109,coches.net,furgoneta
Mercedes-Benz,Citan,27500,2021.0,94400,diesel,M,102,coches.net,furgoneta
Renault,Master,11100,2017.0,,Gasoil,manual,135,coches.net,furgoneta
Mercedes-Benz,Sprinter,26600,2019.0,181500,Eléctrico (BEV),DSG,140,coches.net,furgoneta
Ford,Transit Courier,24900,2023.0,45400,Híbrido,manual,70,coches.net,furgoneta
MAN,TGE,39300,2020.0,150000,Híbrido,M,140,coches.net,furgoneta
Ford,Transit Connect,7500,2015.0,220900,MHEV,Automática,115,coches.net,furgoneta
Opel,Vivaro,19000,2021.0,95700,diesel,manual,125,coches.net,furgoneta
Volkswagen,Caddy,24100,2022.0,66400,GASOLINA,M,119,coches.net,furgoneta
Ford,Transit,39600,2024.0,23300,Eléctrico,Manual,130,coches.net,furgoneta
Ford,Transit,22400,2021.0,83500,Diésel,Automática,160,coches.net,furgoneta
Mercedes-Benz,Vito,27000,2022.0,87900,diesel,manual,120,coches.net,furgoneta
Peugeot,Partner,31600,2022.0,73000,Gasolina,MANUAL,105,coches.net,furgoneta
Iveco,Daily,15700,2020.0,122500,GLP,AT,75,coches.net,furgoneta
Mercedes-Benz,Vito,12000,2017.0,208900,Diesel,manual,150,coches.net,furgoneta
Mercedes-Benz,Vito,33200,2022.0,38900,DIESEL,MANUAL,140,coches.net,furgoneta
Opel,Combo,20600,2023.0,58800,DIESEL,MANUAL,100,coches.net,furgoneta
Toyota,Proace City,13800,2019.0,140500,DIESEL,AT,105,coches.net,furgoneta
Toyota,,,2023.0,41800,Gasoil,M,115,coches.net,furgoneta
Opel,Combo,26700,2024.0,15300,Diesel,manual,100,coches.net,furgoneta
Mercedes-Benz,Sprinter,32800,2024.0,15400,gasolina,M,110,coches.net,furgoneta
Ford,Transit Courier,20000,22.0,88600,DIESEL,Automático,75,coches.net,furgoneta
Opel,Combo,39500,2023.0,41800,gasoil,Manual,105,coches.net,furgoneta
Volkswagen,Caddy,25100,2023.0,37400,Diésel,MANUAL,75,coches.net,furgoneta
Renault,Master,27900,2022.0,74900,Gasoil,MANUAL,175,coches.net,furgoneta
Peugeot,Expert,27700,2024.0,17900,DIESEL,M6,150,coches.net,furgoneta
Nissan,Primastar,21400,2022.0,80600,Gasoil,MANUAL,109,coches.net,furgoneta
Volkswagen,Transporter,30500,2021.0,105300,Electric,M6,150,coches.net,furgoneta
Volkswagen,Transporter,,2022.0,68100,gasolina,automático,204,coches.net,furgoneta
,Berlingo,33900,2023.0,40100,Diesel,M,100,coches.net,furgoneta
Peugeot,Expert,12700,2021.0,124300,Hybrid,MANUAL,100,coches.net,furgoneta
Citroën,Jumper,20100,2021.0,89200,DIESEL,Manual,160,coches.net,furgoneta
Peugeot,Boxer,21500,2020.0,152600,Diesel,Manual,130,coches.net,furgoneta
Mercedes-Benz,Sprinter,,2022.0,80100,Electrico,Manual,102,coches.net,furgoneta
Mercedes-Benz,Vito,27600,2020.0,129400,Diésel,DSG,102 CV,coches.net,furgoneta
Nissan,Primastar,17300,2022.0,90300,DIESEL,automático,119CV,coches.net,furgoneta
Volkswagen,Crafter,27700,2023.0,23800,Diesel,Manual,145,coches.net,furgoneta
Renault,Trafic,22800,2022.0,63500,diesel,Manual,150,coches.net,furgoneta
Renault,Master,8100,2018.0,202800,DIESEL,Manual,110,coches.net,furgoneta
Ford,Transit Connect,20700,2023.0,38400,Diesel,DSG,75,coches.net,furgoneta
Nissan,NV300,19800,2020.0,146300,DIESEL,M,115,coches.net,furgoneta
Renault,Kangoo,,2021.0,109400,Diésel,M,75,coches.net,furgoneta
Hyundai,H350,29900,2021.0,116800,Gasoil,Automática,136,coches.net,furgoneta
Ford,Transit Courier,23800,2022.0,60700 km,Gasolina,automático,100,coches.net,furgoneta
Ford,Transit,17700,2023.0,50700,diesel,Automático,175,coches.net,furgoneta
Renault,Master,15300,2019.0,108900,Electrico,MANUAL,145,coches.net,furgoneta
Volkswagen,Caddy,21100,2021.0,130000,GNC,MANUAL,97,coches.net,furgoneta
Hyundai,H350,26100,2023.0,55300,Diesel,M6,175,coches.net,furgoneta
Volkswagen,Crafter,29700,2024.0,22900,Gasoil,M,102,coches.net,furgoneta
Fiat,Scudo,11500,2016.0,192100,diesel,MANUAL,120,coches.net,furgoneta
Volkswagen,Transporter,21500,20.0,164100,Diésel,M6,209 CV,coches.net,furgoneta
Volkswagen,Crafter,25400,2022.0,52800,Gasoil,M,107,coches.net,furgoneta
Peugeot,Expert,9400,19.0,121600,GLP,DSG,150,coches.net,furgoneta
Citroën,Berlingo,28400,2022.0,62700,Eléctrico (BEV),MANUAL,141,coches.net,furgoneta
Toyota,Proace,27200,2020.0,130500,GLP/Gasolina,AT,150,coches.net,furgoneta
Ford,Transit,27400,24.0,17800,Gasoil,AT,130,coches.net,furgoneta
Fiat,Scudo,28000,2024.0,19300,GLP/Gasolina,Manual,120,coches.net,furgoneta
Citroën,Jumpy,22200,2020.0,99300,GASOLINA,Automático,155,coches.net,furgoneta
Nissan,NV300,20200,2023.0,37100km,Diésel,M,115,coches.net,furgoneta
Ford,Transit Courier,15900,2018.0,236000,Diesel,M,80,coches.net,furgoneta
Opel,Movano,16600,2022.0,75800,Diésel,M6,110,coches.net,furgoneta
Nissan,NV300,19600,2018.0,237600,diesel,,95,coches.net,furgoneta
Mercedes-Benz,Sprinter,21400,2022.0,70200,Diesel,MANUAL,150,coches.net,furgoneta
Citroën,Jumper,25600,2024.0,17800,Diesel,Automática,160,coches.net,furgoneta
Mercedes-Benz,Sprinter,33200,2024.0,30200,EV,M6,120,coches.net,furgoneta
Mercedes-Benz,Citan,28500,2023.0,40400,Diesel,MANUAL,90,coches.net,furgoneta
Volkswagen,Crafter,22300,2023.0,35600,Diésel,M6,107,coches.net,furgoneta
Peugeot,Expert,,2022.0,55400,gasolina,manual,120,coches.net,furgoneta
Citroën,Berlingo,29200,2021.0,63500,Eléctrico,DSG,136CV,coches.net,furgoneta
Citroën,Berlingo,23500,2022.0,63200,gasoil,M6,105,coches.net,furgoneta
Renault,Kangoo,33900,2022.0,90600,EV,manual,90,coches.net,furgoneta
Hyundai,H350,34100,2024.0,18100km,Electric,M,136,coches.net,furgoneta
Peugeot,Boxer,20300,2021.0,84600,diesel,Automática,140,coches.net,furgoneta
Citroën,Jumper,20700,2020.0,116400,Diesel,Manual,140,coches.net,furgoneta
Hyundai,H350,17700,2020.0,117100,DIESEL,AT,136,coches.net,furgoneta
Iveco,Daily,25000,2022.0,67500,GASOLINA,Manual,100,coches.net,furgoneta
Iveco,Daily,26700,2022.0,77800,Diésel,M,120CV,coches.net,furgoneta
Nissan,Primastar,9000,2018.0,150800,Diésel,Manual,114,coches.net,furgoneta
Citroën,,20100,2022.0,52300,diesel,M6,135,coches.net,furgoneta
Citroën,Jumper,34700,2022.0,74100,Electric,Manual,140,coches.net,furgoneta
Ford,Transit Connect,23800,2021.0,98500,Electric,Manual,105,coches.net,furgoneta
Toyota,Proace City,21000,2017.0,289300,Gasoil,AT,110,coches.net,furgoneta
Opel,,23800,2024.0,20500,gasoil,Automático,110,coches.net,furgoneta
Peugeot,Expert,20200,2020.0,132000,diesel,MANUAL,145,coches.net,furgoneta
Opel,Vivaro,28500,2024.0,29500,GASOLINA,Manual,120,coches.net,furgoneta
Hyundai,Staria,11900,2017.0,214400,,Auto,172,coches.net,furgoneta
Citroën,Jumper,"10800,00",2018.0,234200,DIESEL,M6,130,coches.net,furgoneta
Iveco,Daily,16500,2017.0,187800,DIESEL,MANUAL,102,coches.net,furgoneta
Volkswagen,Crafter,28400,2024.0,23200,Diésel,manual,135,coches.net,furgoneta
Opel,Combo,27500,2021.0,100600,DIESEL,M6,100,coches.net,furgoneta
Nissan,NV300,23600,22.0,64600,DIESEL,M6,115,coches.net,furgoneta
Fiat,Scudo,22800,2022.0,76600,DIESEL,manual,140,coches.net,furgoneta
MAN,TGE,17400,2019.0,168100,CNG,manual,97,coches.net,furgoneta
Renault,Trafic,,2023.0,36300,diesel,Automática,95,coches.net,furgoneta
Ford,Transit Courier,18400,2021.0,62000,Hybrid,Automático,75,coches.net,furgoneta
Opel,Movano,32600,2022.0,58200,Gasoil,Auto,145,coches.net,furgoneta
Volkswagen,Transporter,25900,2021.0,79400,Diesel,MANUAL,107,coches.net,furgoneta
Peugeot,Expert,16600,2021.0,54600,gasoil,M6,100CV,coches.net,furgoneta
Ford,Transit,21600,2022.0,50000,Diésel,DSG,155,coches.net,furgoneta
Volkswagen,Transporter,30400,2023.0,56600,diesel,manual,204,coches.net,furgoneta
Nissan,NV400,16600,2021.0,69400,diesel,manual,140,coches.net,furgoneta
Citroën,Jumpy,22600,2020.0,107400,Diésel,manual,150,coches.net,furgoneta
Ford,Transit Courier,12900,2020.0,113200,Hybrid,Manual,75,coches.net,furgoneta
Opel,Combo,27300,2024.0,18900,Hibrido,M,95,coches.net,furgoneta
Nissan,NV400,19500,2020.0,122200,Autogás,M,140,coches.net,furgoneta
Peugeot,Partner,13400,2018.0,154500,Electrico,Manual,131 CV,coches.net,furgoneta
Citroën,Jumper,17100,2017.0,226100,Diésel,automático,125,coches.net,furgoneta
Peugeot,Partner,34700,2022.0,54800,GASOLINA,M,105,coches.net,furgoneta
Ford,Transit Courier,15700,2016.0,296100,GASOLINA,M,100,coches.net,furgoneta
Volkswagen,Crafter,14700,2022.0,69200,Diesel,Manual,135,coches.net,furgoneta
Opel,Vivaro,34400,2022.0,85300,Eléctrico,AT,125,coches.net,furgoneta
Mercedes-Benz,Citan,33600 €,2023.0,54300,Eléctrico (BEV),M,150,coches.net,furgoneta
Fiat,Ducato,24100,2022.0,71900,Diesel,Auto,117,coches.net,furgoneta
Ford,Transit Connect,20300,2021.0,101300,DIESEL,AT,100,coches.net,furgoneta
Renault,Trafic,26600,2023.0,40300,diesel,MANUAL,150,coches.net,furgoneta
MAN,TGE,7500,2015.0,251600,Diésel,MANUAL,102,coches.net,furgoneta
Peugeot,Partner,24900,2019.0,176300,diesel,MANUAL,105,coches.net,furgoneta
Opel,Combo,11100,2016.0,153300km,DIESEL,manual,100,coches.net,furgoneta
MAN,TGE,11500,2018.0,163600 km,Gasoil,M6,97,coches.net,furgoneta
Iveco,Daily,25300,2020.0,116200,DIESEL,manual,140,coches.net,furgoneta
Peugeot,Expert,12600,2019.0,159300,Gasolina,MANUAL,120,coches.net,furgoneta
Ford,Transit Courier,17100,2019.0,174900,Diésel,Manual,75CV,coches.net,furgoneta
Citroën,Jumper,8800,2015.0,174200,DIESEL,Automático,165,coches.net,furgoneta
Ford,Transit Connect,31000,2022.0,45300 km,DIESEL,Manual,105,coches.net,furgoneta
Opel,Movano,23200,2024.0,22500 km,Diésel,Manual,105,coches.net,furgoneta
Citroën,Berlingo,19300,2019.0,168900,Electrico,Automático,131,coches.net,furgoneta
Toyota,Proace,23700,2022.0,78500,diesel,Manual,150,coches.net,furgoneta
Peugeot,Partner,23700,2021.0,118400,Gasoil,M,105,coches.net,furgoneta
Opel,Movano,14000 €,2019.0,202100,Gasoil,M,158,coches.net,furgoneta
Opel,Vivaro,19700,2019.0,97800,Gasoil,M,180 CV,coches.net,furgoneta
MAN,TGE,31800,2022.0,76200,MHEV,Manual,140,coches.net,furgoneta
Iveco,Daily,36300,2024.0,26600,,M,140,coches.net,furgoneta
Opel,Combo,16900,2019.0,133200,Gasoil,DSG,105,coches.net,furgoneta
Mercedes-Benz,Citan,34300,2024.0,22700,gasoil,M,130,coches.net,furgoneta
Citroën,Jumper,11900,2017.0,190800,Gasoil,MANUAL,130,coches.net,furgoneta
Mercedes-Benz,Citan,35200,2023.0,37600,Hibrido,MANUAL,102,coches.net,furgoneta
Fiat,Scudo,11700,2019.0,91400,gasoil,M6,120 CV,coches.net,furgoneta
Mercedes-Benz,Vito,33200,2023.0,48300,Diesel,Automática,102,coches.net,furgoneta
Mercedes-Benz,Citan,28100,2021.0,106600,diesel,M6,140 CV,coches.net,furgoneta
Hyundai,Staria,17500 €,2022.0,109700km,DIESEL,M6,177,coches.net,furgoneta
Fiat,Scudo,26700,2023.0,50900,diesel,manual,145,coches.net,furgoneta
Opel,Vivaro,24600,2024.0,22400,Diésel,MANUAL,100,coches.net,furgoneta
Renault,Master,8400,2016.0,268100,Eléctrico (BEV),Automática,130,coches.net,furgoneta
Iveco,Daily,27400,2023.0,50100,Diesel,Manual,102,coches.net,furgoneta
Volkswagen,Crafter,15100,2019.0,182000,Diesel,M6,177,coches.net,furgoneta
Citroën,Jumpy,20500,2019.0,203800,Diesel,manual,125,coches.net,furgoneta
MAN,TGE,17600,2019.0,136200,Gasoil,M6,102,coches.net,furgoneta
Nissan,NV200,7500,2016.0,251300,,M,85,coches.net,furgoneta
Hyundai,H350,17700,2018.0,159100,Gasoil,AT,170,coches.net,furgoneta
,Daily,38400,2024.0,26500,Gasoil,Manual,75,coches.net,furgoneta
Ford,Transit Courier,31900,2024.0,16000,GASOLINA,MANUAL,95,coches.net,furgoneta
Fiat,Scudo,17700,2024.0,19300,Diesel,MANUAL,150,coches.net,furgoneta
Toyota,Proace,33500,2022.0,76700,Electric,manual,120,coches.net,furgoneta
Mercedes-Benz,Sprinter,29400,2021.0,71500,diesel,MANUAL,150,coches.net,furgoneta
Renault,Trafic,21100,2022.0,83500,DIESEL,M6,150,coches.net,furgoneta
Volkswagen,Crafter,9500,2016.0,146100,Gas Natural,Automático,140,coches.net,furgoneta
Opel,Movano,14000,2019.0,154200,gasoil,M,140,coches.net,furgoneta
Volkswagen,Caddy,43400,2024.0,16100,diesel,manual,102,coches.net,furgoneta
Hyundai,H350,12100,2018.0,115100,diesel,M,170,coches.net,furgoneta
Iveco,Daily,24900,2021.0,98700,diesel,Auto,75,coches.net,furgoneta
Renault,Kangoo,17500,2016.0,222300,gasoil,MANUAL,95,coches.net,furgoneta
Renault,Master,22400,2020.0,120400,GLP/Gasolina,Auto,105,coches.net,furgoneta
Iveco,Daily,30300,2021.0,90100km,Autogás,MANUAL,130,coches.net,furgoneta
Mercedes-Benz,Citan,11300,2022.0,55900,DIESEL,Manual,110 CV,coches.net,furgoneta
Peugeot,Expert,17700,2021.0,99300,Gasoil,manual,100,coches.net,furgoneta
Volkswagen,Caddy,21600,2020.0,134000,diesel,M6,75,coches.net,furgoneta
Peugeot,Partner,13300,2021.0,69700,Gasoil,manual,100,coches.net,furgoneta
Renault,Master,18300,2021.0,82100,MHEV,Manual,145,coches.net,furgoneta
Renault,Trafic,10500,2020.0,140800,gasoil,Manual,115,coches.net,furgoneta
Nissan,NV200,22000,2022.0,98500,Diésel,M6,110,coches.net,furgoneta
Peugeot,Partner,28600,,,gasoil,manual,100,coches.net,furgoneta
Renault,Trafic,23300,2022.0,82100,diesel,Automático,155,coches.net,furgoneta
Iveco,Daily,30500,2021.0,102400,EV,manual,120,coches.net,furgoneta
Toyota,Proace City,11500,2020.0,137700,gasoil,Manual,95,coches.net,furgoneta
Renault,Trafic,16400,2022.0,91400,diesel,MANUAL,120,coches.net,furgoneta
Peugeot,Partner,24500,2022.0,65300,gasolina,MANUAL,105,coches.net,furgoneta
Opel,Vivaro,14700,2018.0,150800,Diesel,Auto,120,coches.net,furgoneta
Opel,Movano,18900,2023.0,60100,gasoil,Automático,140,coches.net,furgoneta
Toyota,Proace,27700,2023.0,41700km,Diésel,Manual,150,coches.net,furgoneta
Mercedes-Benz,Vito,,2023.0,57000,diesel,Manual,75,coches.net,furgoneta
Nissan,,11600,2019.0,150400,Gasoil,automático,119,coches.net,furgoneta
Mercedes-Benz,Sprinter,26800,2023.0,48500,Diesel,Manual,,coches.net,furgoneta
Iveco,Daily,13100,2015.0,196900,Eléctrico,M6,130,coches.net,furgoneta
Iveco,Daily,30000,2024.0,29400,DIESEL,AT,120,coches.net,furgoneta
Peugeot,Boxer,19700,2020.0,143700 km,CNG,M,165,coches.net,furgoneta
Mercedes-Benz,Citan,28600,2022.0,70500,Gasolina,Manual,110CV,coches.net,furgoneta
Fiat,Scudo,29400,2022.0,61800,Gasoil,,145,coches.net,furgoneta
Iveco,Daily,26200,2024.0,19000,gasoil,Automática,150,coches.net,furgoneta
Volkswagen,Caddy,14600,2022.0,67100,gasoil,M6,102,coches.net,furgoneta
Volkswagen,Transporter,21100,2019.0,151800,Híbrido,MANUAL,150,coches.net,furgoneta
Renault,Kangoo,24300,2021.0,99500,Diesel,M,100,coches.net,furgoneta
Toyota,Proace,23200,2021.0,116700,Gasoil,Manual,150,coches.net,furgoneta
Iveco,Daily,19300,2023.0,45200,Diésel,MANUAL,130,coches.net,furgoneta
Nissan,NV400,16300,2024.0,23100,Gasolina,MANUAL,105,coches.net,furgoneta
Citroën,Jumpy,11900,2018.0,182300,Diésel,manual,115,coches.net,furgoneta
Renault,Master,16100,2019.0,220000,gasolina,automático,110,coches.net,furgoneta
Ford,Transit Connect,27800,2024.0,28200,gasoil,MANUAL,120,coches.net,furgoneta
Ford,Transit Courier,21400,2021.0,117700,Gasolina,Auto,105,coches.net,furgoneta
Nissan,NV300,38600,2024.0,24800,Electric,manual,90,coches.net,furgoneta
Iveco,Daily,24900,2019.0,212300,Gasoil,MANUAL,,coches.net,furgoneta
MAN,TGE,35600,2024.0,21500,MHEV,M,140,coches.net,furgoneta
Renault,Master,29300,2024.0,31500,Diésel,Manual,150,coches.net,furgoneta
Volkswagen,Crafter,7900,2016.0,144800,Gasoil,M6,140,coches.net,furgoneta
Volkswagen,Transporter,43700,2024.0,26700,EV,DSG,199 CV,coches.net,furgoneta
Iveco,Daily,36700,2024.0,21700,gasoil,M,150CV,coches.net,furgoneta
Volkswagen,Transporter,34700,2024.0,31200km,Diésel,Manual,199,coches.net,furgoneta
Hyundai,H350,23900,2021.0,130000,diesel,automático,136,coches.net,furgoneta
Ford,Transit Courier,35000,2024.0,24100km,gasolina,M6,95,coches.net,furgoneta
Peugeot,Partner,20700,2023.0,45600,gasolina,M,110,coches.net,furgoneta
Ford,Transit Courier,18500,2023.0,55700,Gasolina,M,70,coches.net,furgoneta
Iveco,Daily,23200,2022.0,76900,Hibrido,manual,75,coches.net,furgoneta
MAN,TGE,28600,2020.0,98900,Diésel,Automática,107,coches.net,furgoneta
Citroën,Jumper,"40100,00",2023.0,53100,Eléctrico (BEV),,125,coches.net,furgoneta
Mercedes-Benz,Sprinter,42800,2023.0,53700 km,Electric,manual,90,coches.net,furgoneta
Volkswagen,Transporter,31300,2022.0,82800,,MANUAL,204,coches.net,furgoneta
Fiat,Doblo Cargo,18500,,,DIESEL,automático,105,coches.net,furgoneta
Fiat,Ducato,12000,2016.0,274600,diesel,AT,127,coches.net,furgoneta
Iveco,Daily,11600,2022.0,49200,DIESEL,Auto,110,coches.net,furgoneta
Nissan,NV400,27000,2023.0,32800,DIESEL,DSG,110,coches.net,furgoneta
Citroën,Jumpy,15900,2019.0,195700,DIESEL,manual,150,coches.net,furgoneta
Volkswagen,Transporter,40200,2024.0,27500,Diesel,MANUAL,97,coches.net,furgoneta
Ford,Transit Connect,32800,2024.0,26400,Diesel,MANUAL,120,coches.net,furgoneta
Citroën,Jumper,11400,2018.0,142600,gasoil,manual,145,coches.net,furgoneta
Mercedes-Benz,Vito,28500,2023.0,33700,Diesel,M,102,coches.net,furgoneta
Volkswagen,Caddy,22800,2021.0,,Gasoil,MANUAL,102CV,coches.net,furgoneta
Ford,Transit,21400,2021.0,129800,Diesel,MANUAL,130,coches.net,furgoneta
Opel,Vivaro,21000,2023.0,52600,MHEV,M,185,coches.net,furgoneta
Toyota,Proace,28300,2022.0,61000,diesel,M6,150,coches.net,furgoneta
Ford,Transit,15300,2019.0,136900,DIESEL,automático,105,coches.net,furgoneta
MAN,TGE,31500,2024.0,22800,DIESEL,manual,140,coches.net,furgoneta
Fiat,Scudo,25600,2022.0,71000,Gasoil,M6,120,coches.net,furgoneta
Renault,Kangoo,"31300,00",2024.0,20500,DIESEL,automático,90,coches.net,furgoneta
Nissan,Primastar,32600,2022.0,76700,Eléctrico,manual,109,coches.net,furgoneta
Iveco,Daily,20800,2021.0,116100,GLP/Gasolina,manual,,coches.net,furgoneta
Iveco,Daily,9400,2017.0,227900,Diésel,M6,110,coches.net,furgoneta
Opel,Combo,17100,2023.0,53600,Diesel,manual,105,coches.net,furgoneta
Iveco,Daily,17800,2019.0,156800,gasoil,manual,110,coches.net,furgoneta
Nissan,NV400,"24900,00",2024.0,21800,diesel,Manual,110,coches.net,furgoneta
Mercedes-Benz,Citan,40700,2023.0,55200 km,EV,DSG,150,coches.net,furgoneta
Hyundai,H350,,2022.0,66300,DIESEL,DSG,170,coches.net,furgoneta
Iveco,Daily,17600,2015.0,235600,GLP/Gasolina,MANUAL,100,coches.net,furgoneta
Toyota,Proace,30600,2020.0,100200,Diésel,M,115,coches.net,furgoneta
Ford,Transit Courier,29100,2022.0,68000 km,gasolina,manual,95,coches.net,furgoneta
Ford,Transit Courier,14700,2019.0,148600,DIESEL,M,70,coches.net,furgoneta
Fiat,Doblo Cargo,7600,2018.0,162700,DIESEL,M,90,coches.net,furgoneta
Hyundai,Staria,14900,2018.0,174500,Gasoil,Auto,177,coches.net,furgoneta
Opel,Movano,29900,2023.0,46500,gasoil,Manual,163,coches.net,furgoneta
Mercedes-Benz,Sprinter,22200,2020.0,151400,Gasolina,M,110,coches.net,furgoneta
Toyota,,35300,2023.0,53300 km,gasoil,MANUAL,100,coches.net,furgoneta
Fiat,Ducato,29000,2024.0,28600,gasoil,MANUAL,130,coches.net,furgoneta
Ford,Transit Courier,21700,2021.0,77800,Gasoil,M6,75,coches.net,furgoneta
Renault,Master,20200,2022.0,49700,gasoil,Manual,130,coches.net,furgoneta
Mercedes-Benz,Citan,30100,2022.0,58000,GLP/Gasolina,M6,150,coches.net,furgoneta
Opel,Combo,16100,2020.0,123000,DIESEL,Auto,115,coches.net,furgoneta
Iveco,Daily,31900,2022.0,87400,Gasoil,M,110,coches.net,furgoneta
Iveco,Daily,26900,2023.0,46500,diesel,,90,coches.net,furgoneta
Volkswagen,Crafter,27800,2022.0,74100,Diésel,M6,177,coches.net,furgoneta
Volkswagen,Transporter,26900,2021.0,91800,GASOLINA,Manual,204,coches.net,furgoneta
Volkswagen,Caddy,7500,2020.0,124700,gasolina,MANUAL,109,coches.net,furgoneta
Mercedes-Benz,Vito,32000,2022.0,62300,Diésel,M6,140,coches.net,furgoneta
MAN,TGE,33700,2024.0,19500,DIESEL,Manual,97,coches.net,furgoneta
Iveco,Daily,11800,2022.0,72100,gasoil,automático,90,coches.net,furgoneta
Volkswagen,Transporter,21400,2020.0,117500,DIESEL,automático,204,coches.net,furgoneta
Volkswagen,Transporter,22800,2024.0,17300,CNG,MANUAL,102,coches.net,furgoneta
Renault,Kangoo,19200 €,2023.0,47900,gasoil,manual,80,coches.net,furgoneta
Ford,Transit Courier,11400,2020.0,110000,Gasolina,Manual,100,coches.net,furgoneta
Citroën,Berlingo,29900,2024.0,20100 km,Electrico,M,136,coches.net,furgoneta
Ford,Transit,36500,22.0,68500,Eléctrico (BEV),Auto,160,coches.net,furgoneta
Citroën,Berlingo,9800,2016.0,340000,Gasolina,Auto,110,coches.net,furgoneta
Renault,Kangoo,24400,2021.0,81800,diesel,Automático,95CV,coches.net,furgoneta
Volkswagen,Caddy,25500,2024.0,18100,Gasoil,M6,102,coches.net,furgoneta
Peugeot,Boxer,7500,2018.0,234400,GNC,Manual,140,coches.net,furgoneta
Renault,Master,15300,2021.0,119500,diesel,manual,185,coches.net,furgoneta
Toyota,Proace,9800,2023.0,66000,Gasolina,M,155,coches.net,furgoneta
Maxus,Deliver 9,15400,2019.0,185100,Diésel,MANUAL,155,coches.net,furgoneta
Peugeot,Partner,,2023.0,38800,DIESEL,Manual,100,coches.net,furgoneta
Renault,Trafic,17300,2023.0,44800,GLP/Gasolina,Auto,90,coches.net,furgoneta
Renault,Kangoo,27800,2024.0,14500,Electrico,MANUAL,90 CV,coches.net,furgoneta
Toyota,Proace City,27800,2024.0,19000,diesel,MANUAL,100,coches.net,furgoneta
Nissan,NV400,18400,2020.0,146000,Diesel,manual,115,coches.net,furgoneta
Mercedes-Benz,Sprinter,16700,2017.0,209000,diesel,M,120,coches.net,furgoneta
Volkswagen,Caddy,14600,2015.0,316400,Diesel,MANUAL,75,coches.net,furgoneta
Ford,Transit,33500,2021.0,,Electric,M,130,coches.net,furgoneta
Ford,Transit Courier,34900,2023.0,45400,gasolina,M,100,coches.net,furgoneta
Volkswagen,Caddy,13800,2018.0,194500,GASOLINA,MANUAL,,coches.net,furgoneta
Volkswagen,Transporter,33100,2023.0,46000,Híbrido,Manual,110,coches.net,furgoneta
Peugeot,Boxer,11600,2020.0,,Electric,Automático,140,coches.net,furgoneta
Opel,Combo,21800,2021.0,70700,Hybrid,AT,,coches.net,furgoneta
Iveco,Daily,28900,2023.0,48000,GLP/Gasolina,M,100,coches.net,furgoneta
Renault,Trafic,15800,2017.0,188500,Gasoil,MANUAL,90,coches.net,furgoneta
Renault,Trafic,9400,2020.0,148700,gasoil,Manual,150,coches.net,furgoneta
Hyundai,Staria,27400,2024.0,20900,Diésel,M,177,coches.net,furgoneta
Iveco,Daily,34200,2024.0,25000,Gas Natural,MANUAL,90,coches.net,furgoneta
Volkswagen,Crafter,31500,2021.0,116000,Diesel,M,107,coches.net,furgoneta
Nissan,NV400,7500,2017.0,209000,GLP,MANUAL,110,coches.net,furgoneta
MAN,TGE,18800,2015.0,256000,diesel,M,140,coches.net,furgoneta
Fiat,Ducato,23300,2023.0,59800,Diesel,manual,155,coches.net,furgoneta
Fiat,Doblo Cargo,15000,2020.0,149200,DIESEL,MANUAL,90,coches.net,furgoneta
Ford,Transit Connect,15600,2018.0,163400,diesel,M6,75,coches.net,furgoneta
Renault,Master,26200,2023.0,61700,diesel,MANUAL,140,coches.net,furgoneta
Volkswagen,Crafter,9400,2018.0,210900,Gasoil,Manual,102,coches.net,furgoneta
Citroën,Berlingo,22500,2022.0,63000,Electric,M6,136,coches.net,furgoneta
Volkswagen,Transporter,29000,2023.0,38000,Gasoil,manual,102,coches.net,furgoneta
Fiat,Ducato,,2023.0,43100,diesel,manual,122,coches.net,furgoneta
Opel,Combo,26900,2023.0,54900,Gas Natural,Manual,95,coches.net,furgoneta
Peugeot,Partner,27900,2023.0,46900,Eléctrico (BEV),M6,136,coches.net,furgoneta
Citroën,Jumper,32000,2022.0,71900,gasoil,DSG,140,coches.net,furgoneta
Opel,Combo,23900,2023.0,55400,Hybrid,manual,100,coches.net,furgoneta
Peugeot,Expert,17400,2023.0,55700 km,DIESEL,M,150,coches.net,furgoneta
Citroën,Berlingo,12600,2020.0,81800,EV,MANUAL,136,coches.net,furgoneta
Fiat,Ducato,26600,2020.0,148200,Electric,M,127,coches.net,furgoneta
Volkswagen,Crafter,31500,2021.0,135800,DIESEL,automático,140,coches.net,furgoneta
Toyota,Proace City,24700,2022.0,82100,Gasoil,MANUAL,110,coches.net,furgoneta
Iveco,Daily,20200,22.0,87300,DIESEL,manual,120,coches.net,furgoneta
Mercedes-Benz,Citan,31600,2020.0,120100,gasoil,Manual,90,coches.net,furgoneta
Citroën,Jumper,25000,2021.0,,Autogás,manual,135,coches.net,furgoneta
Nissan,NV300,7500,2015.0,202900,gasoil,Manual,120,coches.net,furgoneta
Ford,Transit Courier,16900,2017.0,268000,Gasolina,MANUAL,75,coches.net,furgoneta
Mercedes-Benz,Sprinter,30400,,,Diesel,M,75,coches.net,furgoneta
Fiat,Ducato,25500,2022.0,82300,gasoil,Automático,130,coches.net,furgoneta
Peugeot,Expert,30600,2022.0,70400,Eléctrico (BEV),MANUAL,100,coches.net,furgoneta
Citroën,Berlingo,15500,2021.0,72200,Electric,M6,131,coches.net,furgoneta
Fiat,Scudo,,2023.0,,Diésel,M6,120,coches.net,furgoneta
Ford,Transit,8800,2017.0,240600,gasoil,MANUAL,130,coches.net,furgoneta
Fiat,Scudo,17200,2019.0,139900,gasoil,M,120,coches.net,furgoneta
Nissan,NV300,33100,2024.0,24200,Electrico,MANUAL,95,coches.net,furgoneta
Peugeot,Boxer,39700,2024.0,23800,Eléctrico (BEV),DSG,140,coches.net,furgoneta
Ford,Transit,14700,2019.0,157600,gasolina,M6,170,coches.net,furgoneta
Iveco,Daily,12200,2018.0,222800,Diésel,AT,102,coches.net,furgoneta
Renault,Trafic,29800,2023.0,42600,diesel,Manual,120,coches.net,furgoneta
Hyundai,H350,21000,2021.0,100200,Diésel,Automática,175,coches.net,furgoneta
Renault,Master,21500,2020.0,103300,gasoil,MANUAL,110,coches.net,furgoneta
Renault,Master,28200,2022.0,48900,Gasolina,manual,180,coches.net,furgoneta
Ford,Transit Courier,29100,2024.0,13600,gasolina,DSG,100,coches.net,furgoneta
Mercedes-Benz,Sprinter,25000,2022.0,70100,,MANUAL,110,coches.net,furgoneta
Fiat,Ducato,27000,2023.0,52200,GLP/Gasolina,automático,122,coches.net,furgoneta
Ford,Transit,10300,2016.0,180100,,manual,175,coches.net,furgoneta
Volkswagen,Crafter,28700,2021.0,102100,gasoil,Manual,172,coches.net,furgoneta
Peugeot,Partner,12700,2019.0,138000,Gasolina,Manual,105,coches.net,furgoneta
Ford,Transit Connect,23100,2022.0,53300,Gasoil,M,120,coches.net,furgoneta
Ford,Transit Connect,23900,2022.0,45900,Hibrido,manual,100,coches.net,furgoneta
Renault,Master,17500,2021.0,115100,Diesel,Automática,185,coches.net,furgoneta
Nissan,NV200,22900,2022.0,81600,diesel,Auto,95,coches.net,furgoneta
Volkswagen,Transporter,24400,2024.0,18800,Diesel,automático,204,coches.net,furgoneta
Iveco,Daily,22500,2019.0,155500,gasoil,M6,140,coches.net,furgoneta
Fiat,Doblo Cargo,24100,2020.0,69300,GASOLINA,manual,110,coches.net,furgoneta
Citroën,Berlingo,32400,2021.0,93900,Electric,DSG,136,coches.net,furgoneta
Citroën,Berlingo,12800,2018.0,172200 km,Diésel,manual,100,coches.net,furgoneta
Iveco,Daily,23500,2022.0,66300,Diésel,manual,100,coches.net,furgoneta
Maxus,Deliver 9,15900,2018.0,181100,Gasoil,MANUAL,145,coches.net,furgoneta
MAN,TGE,28700,2021.0,77500,Gasoil,M,135,coches.net,furgoneta
Citroën,Berlingo,19300,2018.0,165100,Eléctrico,Manual,131,coches.net,furgoneta
Ford,Transit,22400,,,Diesel,M6,175,coches.net,furgoneta
Renault,Kangoo,32700,2024.0,17100,Eléctrico,manual,95,coches.net,furgoneta
Volkswagen,Transporter,28500,2024.0,26800 km,Diésel,M6,110,coches.net,furgoneta
Mercedes-Benz,Citan,,2023.0,44600,Diésel,Automática,140,coches.net,furgoneta
Peugeot,Boxer,11400,2021.0,136500,gasoil,M6,130,coches.net,furgoneta
Fiat,Doblo Cargo,25700,2023.0,54700,GLP,DSG,105,coches.net,furgoneta
Ford,Transit,17300,2020.0,126200,Autogás,manual,165,coches.net,furgoneta
Citroën,Jumper,30400,2023.0,30500,gasoil,M,140,coches.net,furgoneta
MAN,TGE,29200,2022.0,53400,diesel,Manual,,coches.net,furgoneta
Volkswagen,Transporter,19800,2018.0,241500,Diesel,M,209 CV,coches.net,furgoneta
Toyota,Proace City,26600,2024.0,22800,Gasoil,M6,95,coches.net,furgoneta
Ford,Transit Courier,10400,2016.0,220600km,gasolina,M,95,coches.net,furgoneta
Volkswagen,Transporter,20300,2021.0,143600,gasoil,M,97,coches.net,furgoneta
Peugeot,Boxer,12600,2017.0,204200,Gasoil,manual,160,coches.net,furgoneta
Citroën,Jumper,11900,2020.0,54000,diesel,M6,125,coches.net,furgoneta
Ford,Transit Courier,13300,2019.0,171900,GASOLINA,Automático,,coches.net,furgoneta
Opel,Combo,21100,2020.0,121000,,manual,110,coches.net,furgoneta
Ford,Transit Courier,30100,2024.0,23400,GASOLINA,M6,105,coches.net,furgoneta
Citroën,Jumpy,23900,2022.0,64300,DIESEL,M,155,coches.net,furgoneta
Mercedes-Benz,Sprinter,32500,2020.0,133700,Diesel,Manual,140,coches.net,furgoneta
Opel,Vivaro,33800,,,Gas Natural,MANUAL,185,coches.net,furgoneta
Opel,Movano,26500,2024.0,,Diesel,Auto,110,coches.net,furgoneta
Toyota,Proace City,45300,2024.0,26300,Electrico,M,110,coches.net,furgoneta
Fiat,Doblo Cargo,11300,2017.0,285400,Eléctrico,manual,105,coches.net,furgoneta
Opel,Combo,2.0000,2022.0,84600,diesel,Automático,95,coches.net,furgoneta
Citroën,Jumpy,19700,2021.0,55600,Gasoil,Automática,100,coches.net,furgoneta
Peugeot,Boxer,20900,2020.0,124600,Diésel,Auto,135,coches.net,furgoneta
Renault,Master,30900,2022.0,68400,Diésel,manual,135,coches.net,furgoneta
Iveco,Daily,15800,2024.0,22600,Diesel,Manual,130,coches.net,furgoneta
Ford,Transit Connect,19000,2019.0,154500,Gasoil,MANUAL,120,coches.net,furgoneta
Fiat,Doblo Cargo,16800,2020.0,138500,Gasoil,,105,coches.net,furgoneta
MAN,TGE,8300,2015.0,209200,EV,Auto,97,coches.net,furgoneta
Ford,Transit,31400,2023.0,42200,Diesel,M6,160,coches.net,furgoneta
Volkswagen,Crafter,16200,2019.0,160200,gasoil,DSG,107,coches.net,furgoneta
,Ducato,26000,2024.0,27400,gasolina,manual,130,coches.net,furgoneta
Iveco,Daily,23700,2021.0,94300,Diésel,Manual,130,coches.net,furgoneta
Opel,Vivaro,27700,2021.0,,EV,M6,175,coches.net,furgoneta
Ford,Transit,21300,2021.0,87200,Diésel,M6,160,coches.net,furgoneta
Fiat,Doblo Cargo,21700,2023.0,45500,gasoil,automático,105,coches.net,furgoneta
Renault,Master,19300,2023.0,48400,diesel,M6,110,coches.net,furgoneta
Opel,Vivaro,16700,2021.0,110400km,gasolina,M6,100,coches.net,furgoneta
MAN,TGE,17400,2017.0,174100,Electric,manual,,coches.net,furgoneta
Peugeot,Boxer,20700,2022.0,98500,gasoil,manual,140,coches.net,furgoneta
Renault,Master,27100,2020.0,109400,DIESEL,Auto,110,coches.net,furgoneta
Nissan,NV400,13600,2020.0,148600,Hybrid,manual,140,coches.net,furgoneta
Renault,Trafic,26700,2023.0,53700,DIESEL,MANUAL,120,coches.net,furgoneta
Renault,Kangoo,20600,2021.0,85200,gasoil,manual,100,coches.net,furgoneta
Volkswagen,Transporter,16200,2016.0,220700,gasolina,M6,204,coches.net,furgoneta
Mercedes-Benz,Citan,9900,2020.0,151200,Diésel,M6,150,coches.net,furgoneta
Peugeot,Partner,37500,2024.0,21200km,Electrico,manual,105,coches.net,furgoneta
Volkswagen,Caddy,18300,2016.0,,,MANUAL,70,coches.net,furgoneta
Toyota,Proace City,10900,2018.0,198700,gasoil,MANUAL,115,coches.net,furgoneta
Volkswagen,Crafter,13200,2018.0,151100,Diesel,Manual,182,coches.net,furgoneta
Ford,Transit Courier,24000,2020.0,95400,GASOLINA,M6,100,coches.net,furgoneta
Nissan,NV200,16800,2022.0,68400,Gasoil,M6,90,coches.net,furgoneta
Citroën,Berlingo,24200,2020.0,122800,Gasolina,Automática,105,coches.net,furgoneta
Ford,Transit Courier,33100,2023.0,52100,diesel,Manual,80,coches.net,furgoneta
Fiat,Ducato,27800,2024.0,19900,gasoil,MANUAL,127,coches.net,furgoneta
Ford,Transit Courier,26600,2022.0,91800,Diésel,M,70,coches.net,furgoneta
Peugeot,Boxer,25900 €,2023.0,27400,Diésel,manual,160,coches.net,furgoneta
Mercedes-Benz,Vito,28400,2023.0,54100,Diesel,M,100,coches.net,furgoneta
Hyundai,Staria,14500,2020.0,109900,Diésel,manual,177,coches.net,furgoneta
Mercedes-Benz,Citan,20400,2023.0,50100,Gasolina,Manual,100,coches.net,furgoneta
Volkswagen,Transporter,16000,2021.0,71600,Diesel,MANUAL,,coches.net,furgoneta
Mercedes-Benz,Vito,11200,2015.0,225600,GASOLINA,manual,130,coches.net,furgoneta
Volkswagen,Transporter,14700,2021.0,106400,Gasoil,manual,209,coches.net,furgoneta
Volkswagen,Crafter,31900,2023.0,46900,gasolina,Manual,,coches.net,furgoneta
Nissan,NV400,11100,2020.0,84200,Diésel,MANUAL,115,coches.net,furgoneta
Ford,Transit Courier,27400,2022.0,60200,GASOLINA,M6,100,coches.net,furgoneta
Ford,Transit Courier,35300,2023.0,50800,diesel,AT,75,coches.net,furgoneta
Iveco,Daily,36900,2023.0,50800,Diesel,M6,90,coches.net,furgoneta
Citroën,Jumper,17700,2020.0,106200,diesel,manual,130,coches.net,furgoneta
Nissan,NV300,27400 €,2023.0,40700,EV,Automático,95,coches.net,furgoneta
Fiat,Ducato,25700,2023.0,62800,DIESEL,manual,127,coches.net,furgoneta
Peugeot,Expert,22300,2023.0,54100,Diésel,manual,100,coches.net,furgoneta
Renault,Master,23300,2021.0,118900,diesel,MANUAL,175,coches.net,furgoneta
Citroën,Berlingo,22700,2024.0,26500,Gasolina,manual,110,coches.net,furgoneta
Peugeot,Boxer,33900,2024.0,20300,Eléctrico (BEV),MANUAL,130,coches.net,furgoneta
Toyota,Proace City,19400,2022.0,73200,Diesel,Auto,95,coches.net,furgoneta
Ford,Transit Courier,19900,2021.0,90800,GASOLINA,,95,coches.net,furgoneta
Mercedes-Benz,Vito,18500,2022.0,76600,Gasoil,manual,130,coches.net,furgoneta
MAN,TGE,18200,2019.0,193300,Hybrid,Automática,140,coches.net,furgoneta
Ford,Transit,20700,2019.0,118900,Diésel,manual,155,coches.net,furgoneta
Ford,Transit,18700,2022.0,91700,Gasoil,M6,170,coches.net,furgoneta
Ford,Transit Courier,21300,2023.0,51700,diesel,manual,75,coches.net,furgoneta
Renault,Kangoo,35100,2024.0,21000,Electric,MANUAL,70,coches.net,furgoneta
Fiat,Scudo,7500,2016.0,263300,Gasoil,DSG,140,coches.net,furgoneta
Volkswagen,Caddy,25800,2022.0,65200,gasoil,M6,97,coches.net,furgoneta
Fiat,Doblo Cargo,26800,2023.0,41500,Gasoil,manual,95,coches.net,furgoneta
Ford,Transit Courier,16600,2019.0,104300,gasoil,M6,75,coches.net,furgoneta
Citroën,Jumper,,2023.0,50500,diesel,manual,135,coches.net,furgoneta
Renault,Master,19600,2023.0,27500,Hibrido,automático,115,coches.net,furgoneta
Iveco,Daily,29100 €,2023.0,41600,Híbrido,Manual,130,coches.net,furgoneta
Hyundai,H350,11700,2015.0,282100,GNC,MANUAL,136,coches.net,furgoneta
Renault,Trafic,22800 €,2023.0,38200,Gasoil,M6,90,coches.net,furgoneta
Maxus,Deliver 9,21300,2021.0,90900,gasolina,M6,150,coches.net,furgoneta
Volkswagen,Crafter,15900,2017.0,236000,DIESEL,Automático,140,coches.net,furgoneta
Citroën,Jumper,28000,2023.0,45300,Diésel,automático,,coches.net,furgoneta
Renault,Kangoo,20500,2020.0,153900,Hybrid,M6,70,coches.net,furgoneta
Ford,Transit Connect,9900,16.0,230200,gasoil,M,75,coches.net,furgoneta
Volkswagen,Caddy,25900 €,2021.0,100700,gasoil,Automático,75,coches.net,furgoneta
Toyota,Proace City,20800,2017.0,252600 km,DIESEL,MANUAL,115,coches.net,furgoneta
Volkswagen,Crafter,25800,2021.0,106700,Gasoil,manual,,coches.net,furgoneta
Volkswagen,Crafter,38800,2023.0,50100,,M,102,coches.net,furgoneta
Hyundai,H350,17500,2020.0,95000,gasoil,M,136,coches.net,furgoneta
Volkswagen,Transporter,20900,2020.0,90500,Diesel,M,204,coches.net,furgoneta
Renault,Trafic,23300,2020.0,131700,Diésel,Manual,95,coches.net,furgoneta
Ford,Transit,32800,2022.0,82900,Eléctrico,DSG,105,coches.net,furgoneta
Opel,Vivaro,26200,2024.0,24300,Diésel,manual,180,coches.net,furgoneta
Peugeot,Partner,25900,2022.0,76200,gasoil,M,100,coches.net,furgoneta
Volkswagen,Caddy,35500,2024.0,21300,gasolina,AT,114,coches.net,furgoneta
Iveco,Daily,10600,2021.0,102200,Diesel,automático,75,coches.net,furgoneta
Mercedes-Benz,Sprinter,15300,2017.0,245800,Diesel,M6,100,coches.net,furgoneta
Opel,Combo,16500,2018.0,217300,Diesel,MANUAL,95,coches.net,furgoneta
Ford,Transit Connect,25400,22.0,,Hibrido,manual,100,coches.net,furgoneta
Citroën,Berlingo,22200,2024.0,,Gasolina,MANUAL,115,coches.net,furgoneta
Toyota,Proace,28600,2021.0,88600,EV,Automático,136,coches.net,furgoneta
Citroën,Berlingo,15800,2017.0,233300km,Diesel,automático,100,coches.net,furgoneta
Opel,Movano,24700,2021.0,86900,gasoil,manual,163,coches.net,furgoneta
Fiat,Ducato,27900,2022.0,73900,diesel,M6,165,coches.net,furgoneta
Nissan,Primastar,23300,2024.0,14500,Diesel,M,114,coches.net,furgoneta
Toyota,Proace,18900,2021.0,98200,Eléctrico (BEV),manual,136,coches.net,furgoneta
Opel,Combo,13600,2020.0,129100,diesel,Automática,100,coches.net,furgoneta
Ford,Transit Connect,28000,2022.0,77500,diesel,DSG,80,coches.net,furgoneta
Volkswagen,Crafter,21900,2022.0,62900,Gasoil,M,107,coches.net,furgoneta
Nissan,NV200,14800,2020.0,126500,Gasolina,Auto,115,coches.net,furgoneta
Mercedes-Benz,Sprinter,23200,2022.0,83300,Diesel,MANUAL,140,coches.net,furgoneta
Volkswagen,Caddy,19800,2024.0,16400,gasolina,MANUAL,75,coches.net,furgoneta
MAN,TGE,22100,2023.0,43800,GLP/Gasolina,Manual,145,coches.net,furgoneta
Iveco,Daily,29500,2021.0,87400,Eléctrico (BEV),M,75,coches.net,furgoneta
Citroën,Jumper,21800,2020.0,132900,Diesel,AT,160,coches.net,furgoneta
Opel,Movano,22800,2023.0,31900,Diesel,manual,110,coches.net,furgoneta
Renault,Trafic,11500,2020.0,167300,DIESEL,M,85,coches.net,furgoneta
Volkswagen,Transporter,16500,2021.0,116700,Diésel,Automático,110,coches.net,furgoneta
Renault,Trafic,22100,23.0,57600,diesel,manual,145,coches.net,furgoneta
Volkswagen,Caddy,22200,2021.0,108200,Gasoil,Automática,75,coches.net,furgoneta
Volkswagen,Caddy,29400 €,2021.0,100700,Diesel,MANUAL,70,coches.net,furgoneta
Volkswagen,Transporter,21200,2020.0,106000,Diesel,MANUAL,199,coches.net,furgoneta
Renault,Trafic,18200,2019.0,93100 km,gasoil,manual,120,coches.net,furgoneta
Peugeot,Boxer,25600,2022.0,68200,Diesel,Automática,140,coches.net,furgoneta
Iveco,Daily,29100,2019.0,169600,Eléctrico,manual,120,coches.net,furgoneta
Renault,Trafic,19100,2023.0,34900,Diesel,Automático,145,coches.net,furgoneta
Peugeot,Expert,22200,2020.0,161800,Hibrido,Automático,150,coches.net,furgoneta
Ford,Transit Connect,29600,2022.0,50600,Eléctrico,M,100,coches.net,furgoneta
Nissan,NV200,13800,2019.0,119700,Diesel,M,110,coches.net,furgoneta
Peugeot,Partner,32900,2023.0,46100,Electric,MANUAL,136,coches.net,furgoneta
Volkswagen,Crafter,24000,2021.0,75200,gasoil,manual,102,coches.net,furgoneta
,Boxer,29800,2024.0,22300,gasoil,M6,160,coches.net,furgoneta
Ford,Transit Connect,29600,2024.0,28600,Diésel,Auto,75 CV,coches.net,furgoneta
Renault,Trafic,25200,2024.0,17400km,gasoil,Manual,120,coches.net,furgoneta
Mercedes-Benz,Citan,20400,2022.0,53700,Gasoil,Automática,102,coches.net,furgoneta
Hyundai,H350,25100,2024.0,26900,DIESEL,M,165,coches.net,furgoneta
Nissan,NV400,27600,2022.0,75300,diesel,Auto,110,coches.net,furgoneta
Peugeot,Partner,19200,2019.0,151700,gasolina,M6,110,coches.net,furgoneta
Mercedes-Benz,Citan,38700,2023.0,56100,Diésel,manual,150,coches.net,furgoneta
Volkswagen,Transporter,26500,2020.0,139900,diesel,automático,,coches.net,furgoneta
Opel,Combo,24100,2022.0,49100,Electric,M,100,coches.net,furgoneta
Ford,Transit,23600,2023.0,51400,Híbrido,MANUAL,170,coches.net,furgoneta
Hyundai,H350,"16900,00",2020.0,103700,gasoil,Manual,136,coches.net,furgoneta
Volkswagen,Crafter,33100,2023.0,44600,Diésel,M,140,coches.net,furgoneta
Opel,Vivaro,20800,2023.0,34700,GASOLINA,Automático,120,coches.net,furgoneta
Ford,Transit,20600,2020.0,103100 km,Eléctrico,Automática,130,coches.net,furgoneta
Mercedes-Benz,Sprinter,42500,2024.0,28600,diesel,manual,150,coches.net,furgoneta
Citroën,Jumpy,29200,2023.0,53800,DIESEL,MANUAL,100,coches.net,furgoneta
Renault,Trafic,21300,2021.0,100300,Diésel,MANUAL,90,coches.net,furgoneta
Mercedes-Benz,Citan,29900,2019.0,138000,gasoil,MANUAL,130,coches.net,furgoneta
Renault,Kangoo,22100,2022.0,93700,Hybrid,M6,75,coches.net,furgoneta
Nissan,Primastar,24700,2024.0,15600,Diésel,M6,114,coches.net,furgoneta
Renault,Master,38500,2024.0,20500,Diesel,Automática,140,coches.net,furgoneta
Peugeot,Expert,16800,2021.0,130200,Gasoil,M6,120,coches.net,furgoneta
Fiat,Doblo Cargo,11800,2022.0,70600,Diésel,M6,105,coches.net,furgoneta
Ford,Transit,17600 €,2020.0,124800,GLP,,105,coches.net,furgoneta
Ford,Transit Connect,28300,2021.0,92900,Diesel,Manual,75 CV,coches.net,furgoneta
Ford,Transit,20100,,,,manual,155,coches.net,furgoneta
Opel,Combo,22200,2019.0,132100,diesel,M,115,coches.net,furgoneta
Maxus,EV80,19100,2020.0,156100,EV,M6,115,coches.net,furgoneta
Mercedes-Benz,Sprinter,17700,2020.0,163800,GLP,Manual,130,coches.net,furgoneta
Nissan,NV200,17700,2022.0,56200,,Auto,105,coches.net,furgoneta
Nissan,NV200,37600,2023.0,50400,Eléctrico,Manual,90,coches.net,furgoneta
Hyundai,H350,21600,2023.0,49600 km,gasoil,Manual,175,coches.net,furgoneta
Volkswagen,Crafter,7500,2015.0,260400,Diesel,manual,140,coches.net,furgoneta
Volkswagen,Crafter,32400,2023.0,56700,Electrico,automático,140,coches.net,furgoneta
Maxus,EV80,21100,2021.0,94600,,manual,120,coches.net,furgoneta
Mercedes-Benz,Sprinter,15600,2016.0,282400,Diésel,M,140,coches.net,furgoneta
Citroën,Jumpy,20800,2019.0,164600,DIESEL,M6,100,coches.net,furgoneta
Ford,Transit,8600,2017.0,221500,EV,manual,155,coches.net,furgoneta
Renault,Trafic,29800,2024.0,22600,Diesel,manual,90,coches.net,furgoneta
Iveco,Daily,33800,2023.0,34200,diesel,Manual,102,coches.net,furgoneta
Opel,Vivaro,26300,2021.0,98700,CNG,M6,180,coches.net,furgoneta
Peugeot,Boxer,16700,2020.0,118000,diesel,DSG,135,coches.net,furgoneta
Toyota,Proace,31800,2022.0,67300,EV,Automática,136,coches.net,furgoneta
Hyundai,Staria,29900,2024.0,23300 km,Eléctrico (BEV),M,177 CV,coches.net,furgoneta
Ford,Transit,23500,2021.0,102200,gasoil,M6,130,coches.net,furgoneta
Ford,Transit,20200,2021.0,74500,gasoil,M,105,coches.net,furgoneta
Opel,Combo,11900,2020.0,130000,Diesel,DSG,100,coches.net,furgoneta
Fiat,Doblo Cargo,27700,2023.0,29700,Diesel,MANUAL,105,coches.net,furgoneta
Citroën,Berlingo,12000,2020.0,93600,Diesel,Auto,100,coches.net,furgoneta
Volkswagen,Crafter,30000,2024.0,23500,GLP,MANUAL,102,coches.net,furgoneta
Hyundai,H350,21500,2022.0,61500,DIESEL,manual,175,coches.net,furgoneta
Volkswagen,Transporter,34400,2021.0,100500,GLP,MANUAL,150,coches.net,furgoneta
Iveco,Daily,"31800,00",2023.0,38000,Eléctrico,Auto,110,coches.net,furgoneta
Nissan,Primastar,19400,2023.0,41900,Diesel,MANUAL,119,coches.net,furgoneta
Citroën,Jumper,20700,2021.0,82000,DIESEL,M6,125,coches.net,furgoneta
Volkswagen,Crafter,32700,2023.0,37400,DIESEL,manual,102,coches.net,furgoneta
Iveco,Daily,12400,2018.0,190400,gasoil,MANUAL,120,coches.net,furgoneta
Renault,Trafic,21400,2024.0,27000,Electric,manual,85,coches.net,furgoneta
Fiat,Doblo Cargo,23900,2019.0,131200,gasoil,Manual,90,coches.net,furgoneta
Iveco,Daily,17000,2016.0,263800,Electrico,M6,150,coches.net,furgoneta
Mercedes-Benz,Vito,37200,2022.0,48100,DIESEL,AT,,coches.net,furgoneta
Volkswagen,Crafter,28000,2023.0,33500,DIESEL,DSG,140,coches.net,furgoneta
Volkswagen,Transporter,27100,2018.0,,Diésel,Manual,105,coches.net,furgoneta
Fiat,Doblo Cargo,9200,2017.0,160800,Autogás,M6,90,coches.net,furgoneta
Iveco,Daily,25100,2020.0,,diesel,M,150,coches.net,furgoneta
Iveco,Daily,36100,2024.0,23500 km,gasoil,MANUAL,102,coches.net,furgoneta
Mercedes-Benz,Citan,16000,2023.0,34800,,Manual,90,coches.net,furgoneta
Volkswagen,Caddy,26900,2020.0,102900,Gasolina,M6,114,coches.net,furgoneta
Iveco,Daily,36000,2023.0,50900,GNC,M6,140,coches.net,furgoneta
MAN,TGE,19500,2016.0,246100,diesel,M6,140,coches.net,furgoneta
Opel,Vivaro,24800 €,2023.0,48600,Gasoil,automático,100,coches.net,furgoneta
Ford,Transit,27900,2024.0,19600,Gasoil,Manual,155,coches.net,furgoneta
Mercedes-Benz,Sprinter,34200,2021.0,94600,gasoil,Manual,150,coches.net,furgoneta
Citroën,Jumper,27200,2023.0,67300,Electrico,manual,130,coches.net,furgoneta
Peugeot,Expert,27800,2024.0,26800,gasoil,,100,coches.net,furgoneta
Mercedes-Benz,Citan,23300,2020.0,109300,GLP,M6,140,coches.net,furgoneta
Ford,Transit Connect,27100,2022.0,66100,diesel,Manual,95,coches.net,furgoneta
Nissan,Primastar,31200,2021.0,110600,diesel,Manual,114,coches.net,furgoneta
Hyundai,H350,8100,,,Gasoil,Manual,141,coches.net,furgoneta
Ford,Transit Courier,8500,2015.0,237300,gasolina,Automática,105,coches.net,furgoneta
Volkswagen,Transporter,23800,2023.0,41500,DIESEL,Automática,102,coches.net,furgoneta
Volkswagen,Crafter,"21900,00",2020.0,128600,Electric,M6,102,coches.net,furgoneta
Hyundai,Staria,18000,2022.0,49600,Diesel,Automática,182 CV,coches.net,furgoneta
Renault,Master,17200,2021.0,90300,Gasolina,MANUAL,135,coches.net,furgoneta
Hyundai,H350,"30900,00",2023.0,47300,Electric,Automático,136,coches.net,furgoneta
Opel,Combo,22100,2024.0,21200,Hybrid,manual,95,coches.net,furgoneta
Mercedes-Benz,Citan,31300,2021.0,107800,gasoil,manual,150,coches.net,furgoneta
Ford,Transit Connect,17900,16.0,199200,Electric,M6,100,coches.net,furgoneta
Citroën,Jumper,17500,2020.0,130700,gasoil,MANUAL,140,coches.net,furgoneta
Peugeot,Partner,39400,2024.0,16600km,Electrico,manual,131,coches.net,furgoneta
Renault,Kangoo,26500,2022.0,64900,Gasolina,Automático,75,coches.net,furgoneta
Iveco,Daily,26300,2024.0,31200,gasoil,AT,150,coches.net,furgoneta
Fiat,Doblo Cargo,27200,2022.0,62200,Diésel,manual,90,coches.net,furgoneta
Mercedes-Benz,Citan,17500,2016.0,295500,Diesel,AT,110,coches.net,furgoneta
Ford,Transit Courier,12900,2018.0,189200,gasolina,manual,100,coches.net,furgoneta
Mercedes-Benz,Vito,42200,2023.0,33100,gasolina,DSG,100,coches.net,furgoneta
Maxus,Deliver 9,20900,2019.0,98800,Eléctrico,M6,150,coches.net,furgoneta
Opel,Vivaro,22800,2019.0,100600,Diesel,Manual,115,coches.net,furgoneta
Toyota,Proace,42900,2023.0,47100,Electrico,M,131,coches.net,furgoneta
Iveco,Daily,32200,2021.0,95700,gasoil,Manual,75,coches.net,furgoneta
Renault,Master,21200,2022.0,59500,Diésel,M,150 CV,coches.net,furgoneta
Volkswagen,Crafter,27800,2023.0,54800,DIESEL,M6,102,coches.net,furgoneta
Nissan,NV300,14600,2020.0,151500,Diésel,M,95,coches.net,furgoneta
Opel,Movano,22800,2022.0,64100km,Hibrido,manual,110,coches.net,furgoneta
Volkswagen,Caddy,25800,2022.0,85300,GASOLINA,M6,114,coches.net,furgoneta
MAN,TGE,18400,2021.0,134000,Diesel,Automática,102,coches.net,furgoneta
Peugeot,Partner,25500,2021.0,74000,Electrico,M6,100,coches.net,furgoneta
Citroën,Jumpy,14200,,,Gasoil,,150,coches.net,furgoneta
Mercedes-Benz,Sprinter,21200,2021.0,95100,Diésel,MANUAL,120,coches.net,furgoneta
Iveco,Daily,34300,2023.0,37900,gasoil,Manual,100,coches.net,furgoneta
Toyota,Proace City,,2021.0,85700 km,Gasoil,manual,100,coches.net,furgoneta
Opel,Vivaro,31300,2023.0,50400,Diesel,manual,125,coches.net,furgoneta
Iveco,Daily,30600,2023.0,44200,gasoil,M,110,coches.net,furgoneta
Maxus,EV80,29600,2021.0,145100,EV,M,115,coches.net,furgoneta
Peugeot,Boxer,27600,2024.0,22200,Diesel,manual,140,coches.net,furgoneta
Toyota,Proace,26000,2020.0,114900,EV,MANUAL,136,coches.net,furgoneta
Fiat,Scudo,29800,2024.0,19400,diesel,Manual,140,coches.net,furgoneta
Nissan,NV300,27500,2019.0,144700,Diésel,Manual,95,coches.net,furgoneta
Hyundai,Staria,17900,2019.0,133900km,Diésel,MANUAL,177,coches.net,furgoneta
Toyota,Proace City,9900 €,2017.0,256900,Electric,M6,110,coches.net,furgoneta
Fiat,Ducato,20600,2020.0,,Diésel,automático,130,coches.net,furgoneta
Mercedes-Benz,Citan,35600,2024.0,26900,Gasoil,manual,102,coches.net,furgoneta
Volkswagen,Transporter,30300,2022.0,83400,Diésel,DSG,150,coches.net,furgoneta
Iveco,Daily,21200,2021.0,129700,Hibrido,Manual,140,coches.net,furgoneta
Citroën,Jumpy,,2023.0,42500,Diésel,M,115,coches.net,furgoneta
Mercedes-Benz,Vito,38800,2023.0,51500,gasoil,Manual,150,coches.net,furgoneta
Fiat,Ducato,15700,2021.0,107600,Gasoil,M,135,coches.net,furgoneta
Mercedes-Benz,Vito,27200,,,diesel,manual,90,coches.net,furgoneta
Fiat,Ducato,22100,,,DIESEL,manual,155,coches.net,furgoneta
Opel,Movano,20400,2021.0,77000,Diesel,DSG,163,coches.net,furgoneta
Nissan,Primastar,26600,2024.0,,Gasoil,M6,119 CV,coches.net,furgoneta
Ford,Transit Courier,18100,2019.0,175500,diesel,Automática,75,coches.net,furgoneta
Mercedes-Benz,Sprinter,33400,2022.0,61600,DIESEL,M,150,coches.net,furgoneta
Opel,Vivaro,18300,2021.0,109100,Gasoil,M6,185,coches.net,furgoneta
Fiat,Doblo Cargo,16000,,,gasoil,M6,110,coches.net,furgoneta
Volkswagen,Transporter,13500,2016.0,268400,Diesel,M,105,coches.net,furgoneta
Toyota,Proace,23900,2022.0,87100,gasolina,M,150,coches.net,furgoneta
Peugeot,Boxer,13800,2017.0,183300,GLP,Manual,130,coches.net,furgoneta
Opel,Combo,22400,2020.0,129000,Gasoil,DSG,100,coches.net,furgoneta
Iveco,Daily,28600,2024.0,14600,Eléctrico (BEV),M6,100,coches.net,furgoneta
Fiat,Doblo Cargo,17000,2023.0,29300,Eléctrico,MANUAL,85 CV,coches.net,furgoneta
Peugeot,Expert,22100,2019.0,124500,Diesel,MANUAL,150,coches.net,furgoneta
Renault,Trafic,23600,2024.0,29100,Gasoil,M,150,coches.net,furgoneta
Nissan,NV300,27400,23.0,48400,Autogás,Manual,90,coches.net,furgoneta
Renault,Kangoo,19800,2017.0,256500,Electrico,M6,85,coches.net,furgoneta
Ford,Transit Courier,22700,2023.0,40300,Gasolina,M6,100,coches.net,furgoneta
Peugeot,Partner,28100,2024.0,17800,DIESEL,Manual,105,coches.net,furgoneta
Volkswagen,Caddy,24200,2022.0,59700,Gasolina,MANUAL,109 CV,coches.net,furgoneta
Iveco,Daily,29200,2024.0,26600km,DIESEL,MANUAL,140,coches.net,furgoneta
Volkswagen,Crafter,16300,2015.0,292300,Diésel,M6,172,coches.net,furgoneta
Peugeot,Boxer,17600,2020.0,121600,Gasoil,Manual,160,coches.net,furgoneta
Nissan,NV400,18500,2018.0,203600,Gasoil,M6,115,coches.net,furgoneta
Nissan,NV400,17100,2021.0,130100 km,Diesel,M,115 CV,coches.net,furgoneta
Mercedes-Benz,Sprinter,29600,2020.0,164200,DIESEL,M6,110,coches.net,furgoneta
Volkswagen,Transporter,25700,2019.0,128700 km,diesel,Manual,110 CV,coches.net,furgoneta
Nissan,Primastar,24400,2022.0,80400,gasoil,,119,coches.net,furgoneta
Mercedes-Benz,Citan,39000,2022.0,64200,Diesel,manual,90,coches.net,furgoneta
Volkswagen,Crafter,34800,2023.0,49400,Diésel,M,177,coches.net,furgoneta
Iveco,Daily,23600,2021.0,81500,gasoil,Automático,150,coches.net,furgoneta
Mercedes-Benz,Citan,37100,2024.0,15100,Hybrid,Automático,140,coches.net,furgoneta
Renault,Kangoo,25400,2023.0,46700,MHEV,Auto,80,coches.net,furgoneta
Fiat,Ducato,"22600,00",2020.0,113700 km,Eléctrico,manual,122,coches.net,furgoneta
Hyundai,H350,21200,2023.0,60000,gasoil,Manual,141,coches.net,furgoneta
Fiat,Scudo,28000,2022.0,60600,Diesel,Automático,115,coches.net,furgoneta
Toyota,Proace,29200,2024.0,,diesel,MANUAL,120,coches.net,furgoneta
Mercedes-Benz,Vito,35300,2024.0,21100,Diesel,Manual,150,coches.net,furgoneta
Citroën,Jumper,19000,2020.0,124700km,diesel,M6,140,coches.net,furgoneta
Ford,Transit,18400,2020.0,149700 km,Diésel,DSG,105,coches.net,furgoneta
Toyota,Proace,12300,2016.0,296400,Eléctrico (BEV),automático,141,coches.net,furgoneta
Mercedes-Benz,Vito,37600,2024.0,21000,gasolina,Manual,120,coches.net,furgoneta
Opel,Movano,18500,2019.0,150400,Gasoil,Manual,163,coches.net,furgoneta
Volkswagen,Crafter,23700,2018.0,212100,gasolina,manual,102,coches.net,furgoneta
Hyundai,H350,27000,2019.0,92600,Diésel,Manual,136,coches.net,furgoneta
Iveco,Daily,26000,2021.0,128800km,GASOLINA,MANUAL,100 CV,coches.net,furgoneta
Ford,Transit,15300,2020.0,172900,DIESEL,Automático,105,coches.net,furgoneta
Fiat,Scudo,13300,2018.0,,diesel,manual,145,coches.net,furgoneta
Renault,Kangoo,19000,20.0,125900,DIESEL,M6,95,coches.net,furgoneta
Opel,Movano,23700,2021.0,124900,Diésel,M6,110,coches.net,furgoneta
Peugeot,,21500,2021.0,129400,Gasoil,manual,150,coches.net,furgoneta
Hyundai,Staria,18500,2023.0,50900,Diesel,Manual,177,coches.net,furgoneta
Iveco,Daily,21700,2022.0,37500,diesel,MANUAL,130,coches.net,furgoneta
Nissan,Primastar,20900,2021.0,87800,EV,Manual,119,coches.net,furgoneta
Mercedes-Benz,Sprinter,18300,2021.0,66000 km,GNC,M,100,coches.net,furgoneta
Ford,Transit Courier,21200,2023.0,36700,gasoil,manual,80,coches.net,furgoneta
Fiat,Scudo,24700,2022.0,73700,Diesel,M,125,coches.net,furgoneta
Mercedes-Benz,Sprinter,25100,2019.0,190200,DIESEL,M,90,coches.net,furgoneta
Peugeot,Boxer,8600,2019.0,148400,MHEV,M6,130,coches.net,furgoneta
Ford,Transit Connect,30000,2023.0,54800,Diesel,Automática,100,coches.net,furgoneta
Volkswagen,Caddy,31900,2023.0,50200,Diesel,Auto,,coches.net,furgoneta
Citroën,Berlingo,27800,2024.0,17900,Gasolina,automático,110 CV,coches.net,furgoneta
Renault,Trafic,26400,2022.0,55600,gasoil,M,120,coches.net,furgoneta
Citroën,Jumper,19900,2021.0,85200,diesel,M,130,coches.net,furgoneta
Hyundai,H350,24400,2022.0,,diesel,Manual,136,coches.net,furgoneta
Iveco,Daily,19400,2022.0,52300,,manual,120,coches.net,furgoneta
Renault,Kangoo,28300,2024.0,33900,MHEV,M6,75,coches.net,furgoneta
Fiat,Ducato,19300,2022.0,57400,Diésel,Manual,125,coches.net,furgoneta
Toyota,Proace,33900,2023.0,41900,Electrico,Manual,136,coches.net,furgoneta
Opel,Movano,26600,2022.0,50300,Gasoil,M,158,coches.net,furgoneta
Volkswagen,Transporter,19700,2022.0,85100,Gasoil,M,150 CV,coches.net,furgoneta
Mercedes-Benz,Citan,11600,2017.0,209400,Diesel,MANUAL,150,coches.net,furgoneta
Mercedes-Benz,Citan,19900,2023.0,42400,Hibrido,M,100,coches.net,furgoneta
Citroën,Jumpy,18900,2023.0,56200,DIESEL,Manual,100,coches.net,furgoneta
Renault,Master,29100,2021.0,77700,Diésel,MANUAL,110,coches.net,furgoneta
Hyundai,H350,26000,2024.0,19800,Diésel,MANUAL,170,coches.net,furgoneta
Mercedes-Benz,Citan,28300,2021.0,98100,diesel,M6,120,coches.net,furgoneta
Opel,Vivaro,26600,2023.0,48400,Diesel,Manual,,coches.net,furgoneta
Maxus,Deliver 9,,2023.0,46700,Electric,Manual,120,coches.net,furgoneta
Iveco,Daily,24900,2023.0,35900,diesel,Automática,100,coches.net,furgoneta
Iveco,Daily,16300,2022.0,80200,gasolina,Automático,,coches.net,furgoneta
Mercedes-Benz,Citan,31600,2020.0,162200,Electric,MANUAL,150,coches.net,furgoneta
Mercedes-Benz,Vito,27000,2021.0,112900,diesel,M6,100,coches.net,furgoneta
Hyundai,Staria,14700,2020.0,86800,MHEV,Manual,177,coches.net,furgoneta
Iveco,Daily,20000,2022.0,,gasoil,M,150,coches.net,furgoneta
Ford,Transit Connect,22900,2023.0,,Diesel,manual,100,coches.net,furgoneta
Volkswagen,Crafter,33900,2024.0,20500,gasoil,M6,177,coches.net,furgoneta
Fiat,Doblo Cargo,25300,2024.0,22500,Gasoil,M6,110,coches.net,furgoneta
Peugeot,Expert,25300,2023.0,54200,Gasoil,manual,150,coches.net,furgoneta
Fiat,Scudo,23800,2021.0,94100,Electrico,manual,120,coches.net,furgoneta
Mercedes-Benz,Sprinter,9700,2020.0,141400,Gasoil,manual,130,coches.net,furgoneta
Ford,Transit Courier,30100,2024.0,23100,EV,manual,75,coches.net,furgoneta
Renault,Master,21500,2023.0,52000,Gasoil,M,145,coches.net,furgoneta
MAN,TGE,37300,2022.0,84800,gasoil,Manual,140CV,coches.net,furgoneta
Opel,Vivaro,24400,2021.0,77600,Diesel,M,100,coches.net,furgoneta
Volkswagen,Caddy,30700,2022.0,78400,,MANUAL,107,coches.net,furgoneta
Citroën,Berlingo,25700,2020.0,134300,Electric,Manual,136,coches.net,furgoneta
Volkswagen,Caddy,16900,2016.0,270900,GASOLINA,M,114,coches.net,furgoneta
Volkswagen,Crafter,,2022.0,58800,diesel,Automática,172,coches.net,furgoneta
Mercedes-Benz,Sprinter,20500,2018.0,183300,Diésel,AT,75 CV,coches.net,furgoneta
Maxus,EV80,27700,2022.0,61000,EV,M6,120,coches.net,furgoneta
Citroën,Jumpy,14100,2022.0,52800km,GASOLINA,Auto,100,coches.net,furgoneta
Hyundai,H350,34200,2023.0,44300,diesel,M6,170,coches.net,furgoneta
Hyundai,Staria,16300,19.0,170300,diesel,manual,177,coches.net,furgoneta
Toyota,Proace,31600,2020.0,140900,Diesel,AT,155,coches.net,furgoneta
Fiat,Scudo,24000,2021.0,104500,,Manual,115,coches.net,furgoneta
Mercedes-Benz,Citan,16700,2018.0,151800,EV,AT,90,coches.net,furgoneta
Peugeot,Expert,14200,2019.0,201800,diesel,M6,100,coches.net,furgoneta
Fiat,Doblo Cargo,18800,2021.0,89800,gasoil,M6,105,coches.net,furgoneta
Renault,Trafic,10900,2015.0,209400,gasoil,manual,115 CV,coches.net,furgoneta
Iveco,Daily,23000,2023.0,52700,gasolina,M6,102,coches.net,furgoneta
Mercedes-Benz,Vito,49200,2024.0,28500,diesel,M,102,coches.net,furgoneta
Opel,Vivaro,25400,2022.0,47600,DIESEL,M,100,coches.net,furgoneta
Ford,Transit Courier,28500,2024.0,28800,gasolina,manual,100,coches.net,furgoneta
Mercedes-Benz,Citan,31300,2022.0,65200,gasoil,M6,120,coches.net,furgoneta
MAN,TGE,26400,2020.0,117200,Híbrido,Manual,140,coches.net,furgoneta
Volkswagen,Transporter,26800,2022.0,58300,Diésel,MANUAL,204,coches.net,furgoneta
Opel,Vivaro,15300,2019.0,146100,DIESEL,Automático,115,coches.net,furgoneta
Citroën,Berlingo,22400,2016.0,286100,Electric,Automático,136,coches.net,furgoneta
Volkswagen,Transporter,13500,2016.0,243400,Gasoil,Automática,102,coches.net,furgoneta
Fiat,Doblo Cargo,20600,2021.0,90100,DIESEL,M,85,coches.net,furgoneta
Peugeot,Expert,28700,2023.0,48800,Diesel,M6,155,coches.net,furgoneta
Ford,Transit,23800,2021.0,100000,Diesel,AT,125,coches.net,furgoneta
Renault,Master,20200,2021.0,128700,diesel,DSG,135,coches.net,furgoneta
Renault,Trafic,"10700,00",2016.0,233200,Diesel,MANUAL,125,coches.net,furgoneta
MAN,TGE,26500,2020.0,61200,Diésel,Automática,107,coches.net,furgoneta
Ford,Transit Connect,21000 €,2020.0,132100km,gasoil,DSG,70,coches.net,furgoneta
Fiat,Scudo,34500,2024.0,20000,Diésel,Manual,145,coches.net,furgoneta
Renault,Master,18000,2022.0,73300,gasoil,automático,145,coches.net,furgoneta
Peugeot,Expert,40500,2024.0,27100,Electric,Automático,115,coches.net,furgoneta
Renault,Kangoo,24100,2024.0,17300,Diésel,DSG,70,coches.net,furgoneta
Nissan,NV400,"13200,00",2019.0,150400,Diésel,Auto,145,coches.net,furgoneta
Ford,Transit Connect,21700,2022.0,73800,diesel,M6,100,coches.net,furgoneta
Nissan,Primastar,24600,2022.0,68400,Diésel,MANUAL,119,coches.net,furgoneta
Volkswagen,Caddy,34000 €,2023.0,46400,gasoil,M,75,coches.net,furgoneta
Toyota,Proace,37000,2024.0,17900,diesel,M,120,coches.net,furgoneta
Volkswagen,Caddy,13400,2016.0,293900,Diésel,M6,75,coches.net,furgoneta
Volkswagen,Caddy,12800,2017.0,176900,gasolina,Automática,114,coches.net,furgoneta
Nissan,NV200,10000,2015.0,218500,EV,M,110,coches.net,furgoneta
Toyota,Proace,11000,2018.0,234700,DIESEL,Auto,150,coches.net,furgoneta
Mercedes-Benz,Sprinter,29200,2022.0,79800,Diesel,MANUAL,102,coches.net,furgoneta
Iveco,Daily,18000,2017.0,186900,MHEV,Auto,102,coches.net,furgoneta
Hyundai,Staria,16700,2018.0,220900,Diésel,M6,177,coches.net,furgoneta
Ford,Transit,21200,2023.0,46800,DIESEL,M,130,coches.net,furgoneta
Ford,Transit Courier,26100,2023.0,26100,Gasoil,Automático,70,coches.net,furgoneta
Ford,Transit Courier,24400,2023.0,38100,Diesel,DSG,75,coches.net,furgoneta
Ford,Transit Connect,23200,2022.0,70400,diesel,manual,100,coches.net,furgoneta
Mercedes-Benz,Citan,26900,2021.0,144800,Gasoil,M6,100,coches.net,furgoneta
Ford,Transit Connect,13300,2019.0,157100,Gasoil,M6,75,coches.net,furgoneta
Opel,Combo,20000,2023.0,49500,diesel,AT,95,coches.net,furgoneta
Ford,Transit Connect,27100,24.0,21700,Eléctrico (BEV),Auto,100,coches.net,furgoneta
Iveco,Daily,16200,2019.0,92900,Híbrido,Manual,140,coches.net,furgoneta
Iveco,Daily,16100,2018.0,155300,Diesel,M,120,coches.net,furgoneta
Renault,Master,22400,2021.0,120500,Eléctrico (BEV),Auto,135,coches.net,furgoneta
MAN,TGE,22700,2019.0,146900,Diésel,M,145,coches.net,furgoneta
Peugeot,Expert,9300,2020.0,123800,GLP,M,100,coches.net,furgoneta
Ford,Transit Courier,32100,2023.0,56500,GASOLINA,Manual,95,coches.net,furgoneta
Hyundai,Staria,22600,2022.0,75600,gasoil,manual,172,coches.net,furgoneta
Fiat,Ducato,24200,2023.0,49600,gasoil,M6,155,coches.net,furgoneta
Peugeot,Partner,19400,2020.0,119600,Electrico,Automático,131,coches.net,furgoneta
Renault,Master,9500,2022.0,76200,GLP,manual,140,coches.net,furgoneta
Hyundai,Staria,21400,2019.0,124500,gasolina,DSG,177,coches.net,furgoneta
Ford,Transit,25200,2022.0,58900,Diesel,Auto,105,coches.net,furgoneta
Renault,Kangoo,20200,2020.0,111300,Diesel,M6,95,coches.net,furgoneta
Nissan,Primastar,17000,2023.0,33500,Diesel,manual,114,coches.net,furgoneta
Fiat,Ducato,13000,2020.0,170700,Diesel,Manual,160,coches.net,furgoneta
Maxus,Deliver 9,17000,2023.0,45900,EV,M6,120,coches.net,furgoneta
Opel,Movano,14400,2023.0,53700,MHEV,M,150,coches.net,furgoneta
Citroën,Jumpy,23200,2024.0,25600,DIESEL,MANUAL,115,coches.net,furgoneta
Ford,Transit Courier,29800,2021.0,113500,gasolina,MANUAL,100,coches.net,furgoneta
Peugeot,Partner,29100,2022.0,73900,diesel,M,100,coches.net,furgoneta
Opel,Combo,29800,2024.0,25200,Diesel,Manual,105,coches.net,furgoneta
Opel,Combo,14600,2016.0,255700,Eléctrico,Auto,105,coches.net,furgoneta
Ford,Transit,36600,2024.0,22200,GASOLINA,MANUAL,135,coches.net,furgoneta
Iveco,Daily,11100 €,2016.0,,DIESEL,M6,150,coches.net,furgoneta
Toyota,Proace City,38800,2024.0,26700,diesel,MANUAL,110,coches.net,furgoneta
Citroën,Jumper,11000,2018.0,162100,DIESEL,Manual,155,coches.net,furgoneta
Maxus,EV80,32800,2024.0,14000,Eléctrico,Manual,120,coches.net,furgoneta
Peugeot,Expert,33600,2023.0,39900,Diésel,Manual,150,coches.net,furgoneta
MAN,TGE,48000,2023.0,63000,Electric,Manual,107,coches.net,furgoneta
Maxus,Deliver 9,22300,2020.0,180000,EV,MANUAL,120 CV,coches.net,furgoneta
Fiat,Doblo Cargo,22000,2023.0,40600,DIESEL,MANUAL,105,coches.net,furgoneta
Iveco,Daily,37700,2024.0,21800,Diesel,M6,150,coches.net,furgoneta
Mercedes-Benz,Citan,30100,2023.0,48000,Diesel,DSG,130,coches.net,furgoneta
Opel,Vivaro,17700,2018.0,203500,Diesel,MANUAL,100CV,coches.net,furgoneta
Renault,Master,19000,21.0,105300,diesel,M,185,coches.net,furgoneta
Mercedes-Benz,Vito,17700 €,2020.0,100300,gasoil,AT,120,coches.net,furgoneta
Citroën,Jumpy,34800,23.0,34300 km,diesel,manual,120,coches.net,furgoneta
Opel,Vivaro,11600,2017.0,198600,gasoil,MANUAL,180,coches.net,furgoneta
Citroën,Berlingo,33200,2022.0,76200,Eléctrico,Automática,141,coches.net,furgoneta
Renault,Kangoo,16900,2022.0,81400,gasoil,M6,90,coches.net,furgoneta
Ford,Transit,18400,2021.0,89200,Diésel,MANUAL,130,coches.net,furgoneta
Citroën,Jumper,24000,2021.0,74800,diesel,Manual,160,coches.net,furgoneta
Ford,Transit Courier,23100,2023.0,44200,DIESEL,M6,75,coches.net,furgoneta
Peugeot,Expert,16700,2019.0,151100,gasoil,Manual,125,coches.net,furgoneta
Iveco,Daily,21300,2020.0,157300,Hybrid,Manual,100,coches.net,furgoneta
Ford,Transit Connect,19700,2018.0,201700,Diesel,MANUAL,120,coches.net,furgoneta
Ford,Transit Courier,,2022.0,82000,gasolina,DSG,105,coches.net,furgoneta
Peugeot,Boxer,14000,2021.0,61600,Gasoil,Automático,165,coches.net,furgoneta
Toyota,Proace,25600,2023.0,57600,gasoil,Manual,145,coches.net,furgoneta
Mercedes-Benz,Vito,20500,2019.0,113600,Gasoil,manual,120,coches.net,furgoneta
Citroën,Jumpy,20200,2023.0,59200,diesel,Manual,155,coches.net,furgoneta
Iveco,Daily,29400,2024.0,27400km,diesel,M6,100,coches.net,furgoneta
Ford,Transit Connect,21700,2022.0,53000,gasoil,Manual,100,coches.net,furgoneta
Ford,Transit Connect,22500,2018.0,184400,DIESEL,M,100,coches.net,furgoneta
Maxus,Deliver 9,12100,2020.0,131400,EV,M,120,coches.net,furgoneta
Citroën,Jumper,22700,2023.0,64800,Diesel,M6,140,coches.net,furgoneta
Toyota,Proace,23900,2022.0,56900,Diésel,M,,coches.net,furgoneta
MAN,TGE,42900,2024.0,15300,Híbrido,Automática,102,coches.net,furgoneta
Mercedes-Benz,Vito,24900,2022.0,92100,Gasoil,Manual,120,coches.net,furgoneta
Opel,Movano,22400,2021.0,89600,DIESEL,M6,158,coches.net,furgoneta
Ford,Transit Courier,24900,2021.0,107400,DIESEL,Auto,70,coches.net,furgoneta
MAN,TGE,32200,2021.0,119700,DIESEL,Manual,140,coches.net,furgoneta
Ford,Transit,26500,2022.0,,Hybrid,M6,135,coches.net,furgoneta
Citroën,Jumper,26800,2021.0,110800,EV,MANUAL,130CV,coches.net,furgoneta
Peugeot,Partner,13900,2020.0,149100,Gasolina,Manual,110,coches.net,furgoneta
Nissan,Primastar,34200,2023.0,50500,diesel,DSG,109,coches.net,furgoneta
Toyota,Proace City,15200,2016.0,200900,Diesel,M,105,coches.net,furgoneta
Nissan,Primastar,"21100,00",2022.0,82000,Diesel,Manual,114,coches.net,furgoneta
Renault,Kangoo,14600,2021.0,102900,DIESEL,manual,75,coches.net,furgoneta
Ford,Transit Courier,28000,2022.0,86700,Gasolina,M6,95,coches.net,furgoneta
Hyundai,H350,17900,2022.0,56800,Hybrid,M6,136,coches.net,furgoneta
Mercedes-Benz,Citan,20900,2019.0,134500,DIESEL,Manual,102,coches.net,furgoneta
Peugeot,Boxer,28500,2023.0,44100,gasoil,M,130,coches.net,furgoneta
Renault,Trafic,11000,2019.0,168100,Gasoil,Manual,150,coches.net,furgoneta
Renault,Kangoo,18100,2023.0,50800,Gasoil,M6,100,coches.net,furgoneta
Opel,Combo,,2020.0,118200,Diésel,automático,110,coches.net,furgoneta
Ford,Transit Courier,22100,2021.0,125200,GASOLINA,Auto,95,coches.net,furgoneta
Citroën,Jumpy,24100,2023.0,43100,Diesel,M6,120,coches.net,furgoneta
Maxus,EV80,24800,2021.0,84600,Electrico,AT,120,coches.net,furgoneta
Nissan,NV300,28000,2023.0,37000,Gasolina,Automática,125,coches.net,furgoneta
Peugeot,Expert,15000,2022.0,66500,Diesel,Manual,100,coches.net,furgoneta
Mercedes-Benz,Citan,36500,2024.0,32200,Diesel,manual,90,coches.net,furgoneta
Ford,Transit Courier,20800,2024.0,24800,DIESEL,M,75,coches.net,furgoneta
Ford,Transit,7500,2016.0,241800,diesel,M,135,coches.net,furgoneta
Fiat,Doblo Cargo,23300,2023.0,51200,Diésel,manual,90,coches.net,furgoneta
Nissan,NV200,30400,2024.0,26600,Gasoil,manual,115,coches.net,furgoneta
Nissan,NV200,19000 €,2021.0,99300,Hybrid,automático,110,coches.net,furgoneta
Renault,Master,10300,2017.0,178500,GASOLINA,manual,110,coches.net,furgoneta
Iveco,Daily,17800,2019.0,204900,Diesel,manual,75,coches.net,furgoneta
Toyota,Proace City,14900,2021.0,111100,Hybrid,M6,110,coches.net,furgoneta
Toyota,Proace City,14000,2020.0,104400 km,Diésel,MANUAL,110,coches.net,furgoneta
Hyundai,H350,17300,2019.0,178500,DIESEL,Manual,136,coches.net,furgoneta
Nissan,NV400,25200,2023.0,34000,gasoil,Manual,110,coches.net,furgoneta
Hyundai,H350,33100,2024.0,13800,,Manual,141,coches.net,furgoneta
Citroën,Berlingo,9800,2020.0,107700km,gasolina,Manual,,coches.net,furgoneta
Renault,Master,28300,2022.0,75300,Eléctrico,MANUAL,180,coches.net,furgoneta
Ford,Transit,16400,2022.0,61400,Diesel,Automático,170,coches.net,furgoneta
Volkswagen,Transporter,23600,2016.0,233200,Diesel,Manual,150,coches.net,furgoneta
Iveco,Daily,19600,2017.0,135200,diesel,M6,102,coches.net,furgoneta
Volkswagen,Transporter,17600,2022.0,60900,Diésel,manual,150,coches.net,furgoneta
Ford,Transit Connect,21300,2021.0,121200,DIESEL,manual,75,coches.net,furgoneta
Renault,Master,26200,2024.0,26300,diesel,M,180,coches.net,furgoneta
Opel,Combo,28100,2024.0,23200,DIESEL,MANUAL,115,coches.net,furgoneta
Peugeot,Boxer,27900,2023.0,,Eléctrico,M,160,coches.net,furgoneta
Hyundai,Staria,33100,2022.0,53700km,Electric,,182,coches.net,furgoneta
Peugeot,Boxer,7500,2015.0,360600,gasoil,M6,125,coches.net,furgoneta
Peugeot,Expert,29100,2024.0,19500,,M,105,coches.net,furgoneta
Ford,Transit Courier,23800,2024.0,26900,DIESEL,M,80,coches.net,furgoneta
Ford,Transit Courier,18700 €,2022.0,,Diesel,Manual,75,coches.net,furgoneta
Nissan,NV400,21400,2022.0,67200km,DIESEL,M6,110,coches.net,furgoneta
Volkswagen,Crafter,27600,2022.0,,gasoil,M6,140,coches.net,furgoneta
Iveco,Daily,17600,2019.0,117600,gasoil,manual,120,coches.net,furgoneta
Nissan,NV200,21000,2023.0,49600,Diesel,M,110,coches.net,furgoneta
Volkswagen,Transporter,35300 €,2023.0,32800,gasoil,MANUAL,115,coches.net,furgoneta
Mercedes-Benz,Vito,35900,2023.0,45500,GASOLINA,manual,90,coches.net,furgoneta
MAN,TGE,24000,2022.0,82300,Gasoil,Manual,140,coches.net,furgoneta
Peugeot,Partner,11500,2021.0,74700,gasolina,Automático,110,coches.net,furgoneta
Peugeot,Boxer,34000,2024.0,25000,Diésel,Manual,155,coches.net,furgoneta
Ford,Transit Courier,16800,2020.0,107500,Gasolina,manual,100,coches.net,furgoneta
Renault,Kangoo,,2022.0,68300,Gasolina,M,75,coches.net,furgoneta
Iveco,Daily,9600,2018.0,203800 km,Diesel,M6,90,coches.net,furgoneta
Citroën,Jumper,29000,2023.0,51900,Diésel,M,135,coches.net,furgoneta
Renault,Kangoo,21100,2021.0,63300,DIESEL,M6,100,coches.net,furgoneta
VOLKSWAGEN,GOLF,15000.0,2014.0,140000.0,Diésel,Automatico,105.0,coches.net,berlina
PEUGEOT,RIFTER,14000.0,2020.0,170000.0,Diésel,Manual,100.0,coches.net,utilitario
PEUGEOT,2008,8500.0,2016.0,100000.0,Gasolina,Manual,110.0,coches.net,utilitario
BMW,SERIE 3,11000.0,2014.0,230000.0,Diésel,Automatico,116.0,coches.net,berlina
AUDI,Q7,40000.0,2018.0,260000.0,Diésel,Automatico,435.0,coches.net,utilitario
BMW,X6,28500.0,2016.0,180000.0,Diésel,Automatico,258.0,coches.net,utilitario
RENAULT,TRAFIC,29990.0,2024.0,31000.0,Diésel,Manual,110.0,coches.net,utilitario
PEUGEOT,2008,13990.0,2021.0,55000.0,Gasolina,Manual,100.0,coches.net,utilitario
MINI,MINI,16900.0,2018.0,84895.0,Diésel,Manual,95.0,coches.net,berlina
MERCEDES-BENZ,CLASE A,23990.0,2022.0,133000.0,Diésel,Automatico,116.0,coches.net,berlina
MERCEDES-BENZ,CLASE B,11000.0,2014.0,200000.0,Diésel,Manual,109.0,coches.net,utilitario
MERCEDES-BENZ,CLASE GLC,22500.0,2015.0,200000.0,Diésel,Automatico,170.0,coches.net,utilitario
CITROEN,C3 AIRCROSS,9470.0,2018.0,89000.0,Gasolina,Manual,131.0,coches.net,utilitario
CITROEN,C3 AIRCROSS,9290.0,2019.0,109000.0,Gasolina,Manual,82.0,coches.net,utilitario
BMW,X6,39990.0,2014.0,115000.0,Diésel,Automatico,381.0,coches.net,utilitario
VOLKSWAGEN,T-ROC,19990.0,2021.0,99000.0,Gasolina,Manual,110.0,coches.net,utilitario
CITROEN,C3 AIRCROSS,9290.0,2019.0,105000.0,Gasolina,Manual,82.0,coches.net,utilitario
CUPRA,TERRAMAR,47900.0,2025.0,99.0,Gasolina,Automatico,265.0,coches.net,utilitario
JEEP,AVENGER,16990.0,2024.0,71000.0,Gasolina,Manual,100.0,coches.net,utilitario
HYUNDAI,I10,10990.0,2023.0,73000.0,Gasolina,Manual,67.0,coches.net,berlina
HYUNDAI,I10,10990.0,2023.0,72000.0,Gasolina,Manual,67.0,coches.net,berlina
SEAT,IBIZA,8399.0,2015.0,185179.0,Diésel,Manual,105.0,coches.net,berlina
VOLKSWAGEN,TIGUAN,22990.0,2021.0,63500.0,Gasolina,Manual,130.0,coches.net,utilitario
SMART,FORFOUR,7990.0,2016.0,104000.0,Gasolina,Manual,71.0,coches.net,berlina
MERCEDES-BENZ,CLASE C,18500.0,2016.0,180000.0,Diésel,Automatico,170.0,coches.net,berlina
MERCEDES-BENZ,GLA,29990.0,2023.0,64500.0,Híbrido enchufable,Automatico,218.0,coches.net,utilitario
BMW,X5,47000.0,2020.0,143068.0,Diésel,Automatico,265.0,coches.net,utilitario
PEUGEOT,207,4480.0,2007.0,235000.0,Diésel,Manual,90.0,coches.net,berlina
VOLKSWAGEN,SHARAN,5980.0,2006.0,298000.0,Gasolina,Manual,204.0,coches.net,utilitario
AUDI,A5,16990.0,2010.0,125000.0,Diésel,Automatico,240.0,coches.net,berlina
MERCEDES-BENZ,CLASE S,10980.0,2007.0,315000.0,Gasolina,Automatico,388.0,coches.net,berlina
SEAT,LEÓN,8490.0,2016.0,216000.0,Gasolina,Manual,110.0,coches.net,berlina
AUDI,Q7,42990.0,2018.0,184000.0,Diésel,Automatico,435.0,coches.net,utilitario
CITROEN,BERLINGO,13000.0,2021.0,195000.0,Diésel,Manual,102.0,coches.net,utilitario
MERCEDES-BENZ,CLASE C,16500.0,2017.0,230000.0,Diésel,Manual,136.0,coches.net,berlina
RENAULT,KANGOO COMBI,14500.0,2021.0,130000.0,Diésel,Manual,95.0,coches.net,utilitario
BMW,SERIE 1,20000.0,2020.0,130000.0,Diésel,Manual,116.0,coches.net,berlina
HYUNDAI,IX35,5980.0,2013.0,365000.0,Diésel,Manual,115.0,coches.net,utilitario
RENAULT,MÉGANE,9559.0,2016.0,139000.0,Gasolina,Manual,100.0,coches.net,berlina
SEAT,IBIZA,18690.0,2025.0,17311.0,Gasolina,Manual,115.0,coches.net,berlina
BMW,SERIE 2,52990.0,2025.0,15000.0,Gasolina,Automatico,300.0,coches.net,berlina
BMW,SERIE 1,16990.0,2020.0,112676.0,Diésel,Manual,116.0,coches.net,berlina
RENAULT,KANGOO COMBI,9990.0,2020.0,99600.0,Diésel,Manual,95.0,coches.net,utilitario
JAGUAR,XE,11900.0,2015.0,173000.0,Diésel,Automatico,180.0,coches.net,berlina
PEUGEOT,508,13499.0,2021.0,172000.0,Diésel,Automatico,130.0,coches.net,berlina
JAGUAR,E-PACE,24990.0,2021.0,62326.0,Híbrido,Automatico,163.0,coches.net,utilitario
PEUGEOT,5008,8900.0,2014.0,140000.0,Diésel,Manual,150.0,coches.net,utilitario
OPEL,FRONTERA,22990.0,2025.0,9100.0,Híbrido,Automatico,146.0,coches.net,utilitario
HYUNDAI,I20,6900.0,2014.0,123800.0,Diésel,Manual,75.0,coches.net,berlina
AUDI,A3,10490.0,2016.0,231000.0,Diésel,Manual,110.0,coches.net,berlina
VOLKSWAGEN,GOLF,12000.0,2013.0,170000.0,Diésel,Manual,150.0,coches.net,berlina
OPEL,CORSA,13900.0,2022.0,29000.0,Diésel,Manual,102.0,coches.net,berlina
AUDI,Q7,25970.0,2017.0,213000.0,Diésel,Automatico,218.0,coches.net,utilitario
TOYOTA,LAND CRUISER,42200.0,2020.0,49705.0,Diésel,Manual,177.0,coches.net,utilitario
PEUGEOT,308,10800.0,2021.0,145000.0,Diésel,Manual,130.0,coches.net,berlina
CITROEN,C4,15400.0,2021.0,64400.0,Diésel,Automatico,130.0,coches.net,berlina
TOYOTA,YARIS,16990.0,2022.0,48000.0,Híbrido,Automatico,116.0,coches.net,berlina
BMW,X3,76990.0,2025.0,2000.0,Híbrido,Automatico,303.0,coches.net,utilitario
NISSAN,TOWNSTAR,23490.0,2024.0,43721.0,Gasolina,Manual,130.0,coches.net,utilitario
TOYOTA,YARIS CROSS,23990.0,2024.0,24804.0,Híbrido,Automatico,116.0,coches.net,utilitario
NISSAN,QASHQAI,26995.0,2025.0,12528.0,Híbrido,Manual,140.0,coches.net,utilitario
BMW,SERIE 1,19900.0,2021.0,97400.0,Diésel,Manual,116.0,coches.net,berlina
JAGUAR,E-PACE,19290.0,2021.0,167999.0,Híbrido,Automatico,163.0,coches.net,utilitario
FORD,KUGA,19490.0,2021.0,64982.0,Híbrido enchufable,Automatico,225.0,coches.net,utilitario
MG,MG3,14290.0,2025.0,9136.0,Gasolina,Manual,116.0,coches.net,berlina
MITSUBISHI,ASX,15990.0,2019.0,52954.0,Gasolina,Manual,117.0,coches.net,utilitario
FORD,KUGA,21990.0,2021.0,69000.0,Híbrido enchufable,Automatico,225.0,coches.net,utilitario
SEAT,IBIZA,12900.0,2020.0,13400.0,Gasolina,Manual,80.0,coches.net,berlina
CITROEN,C3 AIRCROSS,14290.0,2023.0,35225.0,Gasolina,Manual,110.0,coches.net,utilitario
DS,DS 5,14990.0,2018.0,70635.0,Diésel,Manual,120.0,coches.net,berlina
FIAT,PANDA,11290.0,2023.0,54149.0,Híbrido,Manual,70.0,coches.net,berlina
FORD,FOCUS,14990.0,2022.0,121400.0,Diésel,Manual,120.0,coches.net,berlina
MERCEDES-BENZ,VITO,53999.0,2025.0,13000.0,Diésel,Automatico,136.0,coches.net,utilitario
VOLKSWAGEN,POLO,14990.0,2022.0,66000.0,Gasolina,Manual,95.0,coches.net,berlina
VOLKSWAGEN,T-CROSS,16985.0,2023.0,75230.0,Gasolina,Manual,95.0,coches.net,utilitario
DACIA,SPRING,12985.0,2023.0,92.0,Eléctrico,Automatico,65.0,coches.net,berlina
BMW,X1,20550.0,2021.0,99000.0,Híbrido enchufable,Automatico,220.0,coches.net,utilitario
TOYOTA,RAV4,26350.0,2022.0,136000.0,Híbrido,Automatico,218.0,coches.net,utilitario
VOLVO,XC40,21750.0,2021.0,123000.0,Híbrido enchufable,Automatico,211.0,coches.net,utilitario
FORD,FOCUS,6390.0,2009.0,120000.0,Diésel,Manual,115.0,coches.net,berlina
AUDI,A1,8490.0,2014.0,228800.0,Diésel,Manual,90.0,coches.net,berlina
VOLKSWAGEN,T-ROC,33900.0,2024.0,22000.0,Gasolina,Automatico,150.0,coches.net,utilitario
TOYOTA,COROLLA,23990.0,2021.0,66999.0,Híbrido,Automatico,122.0,coches.net,berlina
NISSAN,QASHQAI,20990.0,2021.0,26339.0,Gasolina,Manual,140.0,coches.net,berlina
TOYOTA,RAV4,33990.0,2021.0,106997.0,Híbrido,Automatico,218.0,coches.net,utilitario
CITROEN,C3 AIRCROSS,12990.0,2022.0,71628.0,Gasolina,Manual,110.0,coches.net,utilitario
BMW,X1,17985.0,2020.0,141579.0,Diésel,Automatico,116.0,coches.net,utilitario
FORD,KUGA,15985.0,2018.0,79850.0,Gasolina,Manual,120.0,coches.net,utilitario
BMW,SERIE 1,12500.0,2016.0,160000.0,Diésel,Manual,150.0,coches.net,berlina
MAZDA,CX-80,56900.0,2024.0,9900.0,Híbrido,Automatico,254.0,coches.net,utilitario
VOLVO,XC40,25150.0,2021.0,54000.0,Híbrido enchufable,Automatico,262.0,coches.net,utilitario
RENAULT,AUSTRAL,23350.0,2023.0,126000.0,Híbrido,Automatico,200.0,coches.net,utilitario
RENAULT,MÉGANE,17750.0,2021.0,99990.0,Híbrido enchufable,Automatico,160.0,coches.net,berlina
RENAULT,CLIO,12750.0,2021.0,125000.0,Híbrido,Automatico,140.0,coches.net,berlina
VOLKSWAGEN,GOLF,14550.0,2020.0,34000.0,Eléctrico,Automatico,136.0,coches.net,berlina
VOLVO,XC40,21650.0,2021.0,112000.0,Híbrido enchufable,Automatico,262.0,coches.net,utilitario
BMW,SERIE 4,41900.0,2023.0,30000.0,Gasolina,Automatico,184.0,coches.net,berlina
MINI,MINI,9500.0,2012.0,140000.0,Diésel,Manual,112.0,coches.net,berlina
VOLKSWAGEN,GOLF,12500.0,2016.0,250000.0,Híbrido enchufable,Automatico,204.0,coches.net,berlina
HYUNDAI,IX35,6990.0,2013.0,259000.0,Diésel,Manual,115.0,coches.net,utilitario
MINI,MINI,15490.0,2019.0,70356.0,Gasolina,Manual,102.0,coches.net,berlina
CITROEN,C3,3200.0,2005.0,100000.0,Gasolina,Manual,75.0,coches.net,berlina
OPEL,COMBO LIFE,19985.0,2023.0,35331.0,Diésel,Manual,102.0,coches.net,utilitario
AUDI,Q3,38985.0,2023.0,13458.0,Híbrido enchufable,Automatico,245.0,coches.net,utilitario
AUDI,Q3,38985.0,2023.0,13458.0,Híbrido enchufable,Automatico,245.0,coches.net,utilitario
SEAT,ARONA,19390.0,2025.0,10350.0,Gasolina,Manual,115.0,coches.net,utilitario
SEAT,IBIZA,20600.0,2026.0,99.0,Gasolina,Manual,115.0,coches.net,berlina
SEAT,LEÓN,20900.0,2025.0,26710.0,Híbrido,Automatico,116.0,coches.net,berlina
HYUNDAI,I30,11650.0,2022.0,157000.0,Híbrido,Manual,120.0,coches.net,berlina
PEUGEOT,308,8950.0,2020.0,139000.0,Diésel,Manual,100.0,coches.net,berlina
BMW,SERIE 3,22350.0,2021.0,126000.0,Híbrido enchufable,Automatico,292.0,coches.net,berlina
SEAT,ATECA,17990.0,2020.0,58598.0,Gasolina,Manual,115.0,coches.net,utilitario
VOLVO,XC40,26900.0,2021.0,96000.0,Híbrido enchufable,Automatico,211.0,coches.net,utilitario
SKODA,KAMIQ,18990.0,2024.0,84789.0,Gasolina,Automatico,150.0,coches.net,utilitario
NISSAN,QASHQAI,22790.0,2023.0,97192.0,Híbrido,Automatico,190.0,coches.net,utilitario
OPEL,FRONTERA,19990.0,2025.0,7300.0,Híbrido,Automatico,136.0,coches.net,utilitario
BMW,SERIE 3,32990.0,2004.0,176000.0,Gasolina,Manual,343.0,coches.net,berlina
NISSAN,QASHQAI,25990.0,2024.0,38436.0,Híbrido,Manual,140.0,coches.net,utilitario
MERCEDES-BENZ,CLASE A,28990.0,2022.0,53000.0,Diésel,Automatico,150.0,coches.net,berlina
MERCEDES-BENZ,CLASE E,36990.0,2020.0,83000.0,Diésel,Automatico,194.0,coches.net,berlina
TOYOTA,COROLLA,19990.0,2021.0,79195.0,Híbrido,Automatico,122.0,coches.net,berlina
BMW,X3,36900.0,2021.0,98100.0,Híbrido enchufable,Automatico,292.0,coches.net,utilitario
VOLKSWAGEN,ARTEON,31900.0,2021.0,116300.0,Diésel,Automatico,200.0,coches.net,berlina
OPEL,CORSA,8990.0,2018.0,89447.0,Gasolina,Manual,90.0,coches.net,berlina
KIA,PICANTO,10490.0,2021.0,36752.0,Gasolina,Manual,67.0,coches.net,berlina
KIA,PICANTO,8990.0,2015.0,122000.0,Gasolina,Manual,85.0,coches.net,berlina
CITROEN,BERLINGO,13990.0,2021.0,113000.0,Diésel,Manual,102.0,coches.net,utilitario
OPEL,ASTRA,5890.0,2008.0,167000.0,Diésel,Manual,100.0,coches.net,berlina
PEUGEOT,RIFTER,14490.0,2020.0,83000.0,Diésel,Manual,100.0,coches.net,utilitario
MERCEDES-BENZ,CLASE C,36900.0,2023.0,69423.0,Híbrido enchufable,Automatico,313.0,coches.net,berlina
MERCEDES-BENZ,CLASE C,33900.0,2020.0,46515.0,Híbrido enchufable,Automatico,320.0,coches.net,berlina
PEUGEOT,RIFTER,12890.0,2019.0,116000.0,Diésel,Manual,75.0,coches.net,utilitario
TOYOTA,C-HR,21985.0,2020.0,43380.0,Híbrido,Automatico,122.0,coches.net,berlina
VOLKSWAGEN,TIGUAN,32985.0,2023.0,46776.0,Híbrido enchufable,Automatico,245.0,coches.net,utilitario
VOLKSWAGEN,POLO,15985.0,2023.0,54364.0,Gasolina,Manual,95.0,coches.net,berlina
VOLKSWAGEN,T-ROC,17900.0,2020.0,77200.0,Gasolina,Manual,115.0,coches.net,utilitario
FIAT,500,15390.0,2023.0,18475.0,Eléctrico,Automatico,118.0,coches.net,berlina
VOLVO,XC60,35900.0,2020.0,37135.0,Híbrido enchufable,Automatico,390.0,coches.net,utilitario
FORD,KA+,9500.0,2017.0,55540.0,Gasolina,Manual,70.0,coches.net,berlina
RENAULT,RAFALE,40900.0,2026.0,3000.0,Híbrido,Automatico,200.0,coches.net,utilitario
NISSAN,QASHQAI+2,11500.0,2013.0,100000.0,Diésel,Manual,130.0,coches.net,utilitario
NISSAN,X-TRAIL,13999.0,2017.0,160000.0,Gasolina,Manual,163.0,coches.net,utilitario
AUDI,Q3 SPORTBACK,30990.0,2020.0,104000.0,Diésel,Automatico,150.0,coches.net,utilitario
AUDI,A4,26490.0,2022.0,78000.0,Híbrido,Automatico,163.0,coches.net,berlina
MERCEDES-BENZ,CLASE S,11990.0,2002.0,109000.0,Gasolina,Automatico,306.0,coches.net,berlina
FIAT,500,9990.0,2021.0,59000.0,Híbrido,Manual,70.0,coches.net,berlina
VOLVO,XC60,18990.0,2020.0,193000.0,Diésel,Manual,150.0,coches.net,utilitario
FIAT,500,8250.0,2020.0,113000.0,Híbrido,Manual,70.0,coches.net,berlina
KIA,STONIC,15990.0,2024.0,38000.0,Gasolina,Manual,100.0,coches.net,utilitario
DS,DS 3 CROSSBACK,15990.0,2021.0,124796.0,Diésel,Automatico,131.0,coches.net,utilitario
MERCEDES-BENZ,CLASE C,37990.0,2023.0,46000.0,Híbrido,Automatico,163.0,coches.net,berlina
PEUGEOT,308,11700.0,2019.0,119000.0,Diésel,Manual,130.0,coches.net,berlina
BMW,SERIE 3,21999.0,2019.0,245000.0,Diésel,Automatico,190.0,coches.net,berlina
KIA,CEED TOURER,22800.0,2023.0,80000.0,Híbrido,Automatico,160.0,coches.net,berlina
CUPRA,LEÓN,36990.0,2024.0,6000.0,Gasolina,Automatico,300.0,coches.net,berlina
PORSCHE,CAYENNE COUPÉ,99990.0,2024.0,26000.0,Híbrido enchufable,Automatico,470.0,coches.net,utilitario
RENAULT,CLIO,15990.0,24.0,32734.0,Gasolina,Manual,90.0,coches.net,berlina
OMODA,5,22490.0,2023.0,57457.0,Gasolina,Automatico,197.0,coches.net,utilitario
PEUGEOT,3008,19990.0,2022.0,19103.0,Gasolina,Manual,130.0,coches.net,utilitario
CITROEN,BERLINGO,10990.0,2022.0,193500.0,Diésel,Manual,102.0,coches.net,utilitario
MERCEDES-BENZ,CLASE C,23990.0,2019.0,184000.0,Gasolina,Automatico,258.0,coches.net,berlina
MERCEDES-BENZ,CLASE C,40990.0,2021.0,32000.0,Diésel,Automatico,245.0,coches.net,berlina
VOLKSWAGEN,ARTEON,21990.0,2021.0,135982.0,Diésel,Automatico,150.0,coches.net,berlina
AUDI,Q2,19990.0,2020.0,65216.0,Diésel,Automatico,116.0,coches.net,utilitario
SKODA,KAROQ,34490.0,2025.0,136.0,Gasolina,Automatico,150.0,coches.net,utilitario
PEUGEOT,3008,16950.0,2022.0,98000.0,Diésel,Manual,130.0,coches.net,utilitario
JEEP,WRANGLER,59800.0,2023.0,51045.0,Híbrido enchufable,Automatico,381.0,coches.net,utilitario
NISSAN,QASHQAI,22490.0,2024.0,73100.0,Híbrido,Automatico,158.0,coches.net,utilitario
BMW,X5,19999.0,2015.0,250000.0,Diésel,Automatico,258.0,coches.net,utilitario
MERCEDES-BENZ,CLASE CLA,18999.0,2017.0,140000.0,Diésel,Automatico,136.0,coches.net,berlina
SEAT,IBIZA,12499.0,2022.0,63000.0,Gasolina,Manual,80.0,coches.net,berlina
OPEL,INSIGNIA,11499.0,2020.0,238000.0,Gasolina,Automatico,165.0,coches.net,berlina
KIA,SORENTO,34990.0,2021.0,81990.0,Híbrido enchufable,Automatico,265.0,coches.net,utilitario
JEEP,COMPASS,20990.0,2023.0,40127.0,Diésel,Manual,130.0,coches.net,utilitario
OPEL,CROSSLAND,14490.0,2024.0,20593.0,Gasolina,Manual,110.0,coches.net,utilitario
FORD,FIESTA,16490.0,2023.0,48281.0,Híbrido,Manual,125.0,coches.net,berlina
CITROEN,GRAND C4 PICASSO,6990.0,2014.0,230000.0,Diésel,Automatico,115.0,coches.net,utilitario
SEAT,ARONA,15600.0,2022.0,90493.0,Gasolina,Manual,110.0,coches.net,utilitario
PEUGEOT,RIFTER,13990.0,2022.0,110000.0,Diésel,Manual,100.0,coches.net,utilitario
FORD,S-MAX,7999.0,2012.0,160000.0,Diésel,Automatico,140.0,coches.net,utilitario
SEAT,LEÓN,21990.0,2020.0,68306.0,Híbrido,Automatico,150.0,coches.net,berlina
RENAULT,MÉGANE,17490.0,2019.0,62151.0,Gasolina,Manual,140.0,coches.net,berlina
BMW,SERIE 2 ACTIVE TOURER,16990.0,2018.0,109000.0,Gasolina,Automatico,140.0,coches.net,utilitario
MAZDA,CX-30,24990.0,2024.0,19383.0,Híbrido,Automatico,140.0,coches.net,utilitario
HYUNDAI,I10,10490.0,2022.0,84000.0,Gasolina,Manual,67.0,coches.net,berlina
MINI,COUNTRYMAN,22390.0,2021.0,115000.0,Híbrido enchufable,Automatico,220.0,coches.net,berlina
HYUNDAI,TUCSON,21250.0,2021.0,99900.0,Híbrido,Automatico,136.0,coches.net,utilitario
BMW,X1,23500.0,2020.0,68806.0,Híbrido enchufable,Automatico,220.0,coches.net,utilitario
MERCEDES-BENZ,GLA,39990.0,2024.0,49456.0,Híbrido,Automatico,163.0,coches.net,utilitario
BMW,X2,29900.0,2022.0,45881.0,Híbrido enchufable,Automatico,220.0,coches.net,utilitario
TOYOTA,YARIS CROSS,21985.0,2025.0,44306.0,Híbrido,Automatico,116.0,coches.net,utilitario
FIAT,PANDA,10985.0,2023.0,57510.0,Híbrido,Manual,70.0,coches.net,berlina
TOYOTA,YARIS,15985.0,2022.0,74107.0,Híbrido,Automatico,116.0,coches.net,berlina
AUDI,Q3,27990.0,2022.0,119990.0,Híbrido enchufable,Automatico,245.0,coches.net,utilitario
MAZDA,CX-30,23290.0,2025.0,37301.0,Híbrido,Manual,140.0,coches.net,utilitario
OPEL,INSIGNIA,13990.0,2020.0,97000.0,Diésel,Manual,136.0,coches.net,berlina
KIA,STONIC,11990.0,2019.0,86088.0,Gasolina,Manual,100.0,coches.net,utilitario
CITROEN,BERLINGO,13990.0,2020.0,96245.0,Diésel,Manual,102.0,coches.net,utilitario
FIAT,500,18990.0,2026.0,2000.0,Híbrido,Manual,65.0,coches.net,berlina
CUPRA,FORMENTOR,27900.0,2021.0,72900.0,Gasolina,Automatico,190.0,coches.net,utilitario
SEAT,ARONA,12900.0,2020.0,102000.0,Gasolina,Manual,95.0,coches.net,utilitario
CITROEN,C4,21900.0,2025.0,14447.0,Híbrido,Automatico,136.0,coches.net,berlina
CITROEN,C3 AIRCROSS,18500.0,2025.0,22281.0,Gasolina,Manual,100.0,coches.net,utilitario
OPEL,CORSA,16900.0,2025.0,5219.0,Gasolina,Manual,100.0,coches.net,berlina
FIAT,500C,10990.0,2021.0,94019.0,Híbrido,Manual,70.0,coches.net,berlina
CITROEN,C3,11800.0,2023.0,56000.0,Diésel,Manual,102.0,coches.net,berlina
HYUNDAI,STARIA,28900.0,2023.0,129000.0,Diésel,Automatico,177.0,coches.net,utilitario
BMW,SERIE 5,54900.0,2025.0,19241.0,Híbrido,Automatico,197.0,coches.net,berlina
SEAT,TARRACO,33850.0,2024.0,20645.0,Gasolina,Automatico,150.0,coches.net,utilitario
AUDI,A5,24999.0,2015.0,144500.0,Gasolina,Automatico,272.0,coches.net,berlina
MERCEDES-BENZ,GLC COUPÉ,74400.0,2026.0,7.0,Híbrido,Automatico,197.0,coches.net,utilitario
RENAULT,CLIO,16990.0,2022.0,71000.0,Híbrido,Automatico,140.0,coches.net,berlina
MERCEDES-BENZ,GLE COUPÉ,94400.0,2026.0,15.0,Híbrido,Automatico,269.0,coches.net,utilitario
SEAT,ARONA,19900.0,2024.0,25619.0,Gasolina,Manual,110.0,coches.net,utilitario
BMW,SERIE 2,26900.0,2022.0,63396.0,Gasolina,Automatico,136.0,coches.net,berlina
BMW,IX1,32900.0,2023.0,79103.0,Eléctrico,Automatico,313.0,coches.net,utilitario
VOLVO,V60,36900.0,2025.0,10900.0,Híbrido,Automatico,197.0,coches.net,berlina
BMW,X4,58900.0,2025.0,30525.0,Híbrido,Automatico,190.0,coches.net,utilitario
SKODA,OCTAVIA,14900.0,2021.0,160000.0,Diésel,Automatico,150.0,coches.net,berlina
CITROEN,C4,15990.0,2022.0,47480.0,Gasolina,Manual,130.0,coches.net,berlina
MG,MG3 HYBRID+,16890.0,2024.0,13565.0,Híbrido,Automatico,195.0,coches.net,berlina
MERCEDES-BENZ,GLE,53990.0,2021.0,101000.0,Híbrido enchufable,Automatico,320.0,coches.net,utilitario
CUPRA,LEÓN,27900.0,2024.0,28201.0,Híbrido,Automatico,150.0,coches.net,berlina
MERCEDES-BENZ,CLASE A,16800.0,2014.0,113920.0,Diésel,Automatico,109.0,coches.net,berlina
AUDI,Q2,20900.0,2019.0,60598.0,Gasolina,Manual,116.0,coches.net,utilitario
FORD,MONDEO,11470.0,2015.0,159000.0,Diésel,Automatico,180.0,coches.net,berlina
FORD,FIESTA,13900.0,2019.0,61402.0,Gasolina,Manual,100.0,coches.net,berlina
FORD,FOCUS,22500.0,2025.0,4713.0,Híbrido,Manual,125.0,coches.net,berlina
AUDI,A4,15990.0,2021.0,199903.0,Híbrido,Automatico,136.0,coches.net,berlina
VOLKSWAGEN,T-CROSS,15490.0,2020.0,81973.0,Diésel,Manual,95.0,coches.net,utilitario
VOLVO,XC60,37650.0,2021.0,82000.0,Híbrido,Automatico,197.0,coches.net,utilitario
BMW,X3,36190.0,2022.0,88246.0,Híbrido enchufable,Automatico,292.0,coches.net,utilitario
MG,MG3,18990.0,2025.0,13750.0,Híbrido,Automatico,195.0,coches.net,berlina
VOLKSWAGEN,GOLF GTD  200 CV 2.0 TDI DSG,33900.0,2023.0,64900.0,Diésel,Automatico,2.0,coches.net,berlina
TOYOTA,YARIS,17599.0,2022.0,114990.0,Híbrido,Automatico,116.0,coches.net,berlina
BMW,X5,50990.0,2021.0,66000.0,Híbrido enchufable,Automatico,394.0,coches.net,utilitario
KIA,PRO_CEE'D,6990.0,2013.0,148299.0,Diésel,Manual,110.0,coches.net,berlina
KIA,XCEED,17990.0,2024.0,38345.0,Gasolina,Manual,100.0,coches.net,utilitario
TOYOTA,YARIS,5999.0,2012.0,200000.0,Diésel,Manual,90.0,coches.net,berlina
MERCEDES-BENZ,CLASE C,18990.0,2016.0,158000.0,Diésel,Automatico,170.0,coches.net,berlina
VOLVO,V60,10990.0,2015.0,174061.0,Gasolina,Automatico,190.0,coches.net,berlina
TOYOTA,YARIS,17290.0,2021.0,43407.0,Híbrido,Automatico,116.0,coches.net,berlina
DACIA,SANDERO,11400.0,2022.0,65225.0,Gas,Manual,101.0,coches.net,berlina
HYUNDAI,TUCSON,34900.0,2025.0,8530.0,Híbrido,Automatico,215.0,coches.net,utilitario
VOLVO,EX30,49900.0,2025.0,20.0,Eléctrico,Automatico,428.0,coches.net,utilitario
CHEVROLET,CAPTIVA,7299.0,2011.0,188068.0,Diésel,Manual,127.0,coches.net,utilitario
FORD,S-MAX,12490.0,2014.0,162000.0,Diésel,Automatico,140.0,coches.net,utilitario
PEUGEOT,5008,17900.0,2018.0,104000.0,Diésel,Automatico,130.0,coches.net,utilitario
SKODA,FABIA,15985.0,2024.0,15904.0,Gasolina,Manual,95.0,coches.net,berlina
BMW,X3,28900.0,2020.0,204100.0,Gasolina,Automatico,252.0,coches.net,utilitario
MERCEDES-BENZ,CLASE E,12800.0,2013.0,235500.0,Diésel,Automatico,204.0,coches.net,berlina
VOLKSWAGEN,TIGUAN,39990.0,2025.0,14990.0,Diésel,Automatico,150.0,coches.net,utilitario
MERCEDES-BENZ,CLASE C,32990.0,2022.0,149000.0,Híbrido,Automatico,200.0,coches.net,berlina
MASERATI,LEVANTE,44900.0,2019.0,120000.0,Gasolina,Automatico,430.0,coches.net,utilitario
DACIA,SANDERO,9990.0,2018.0,80000.0,Gasolina,Manual,90.0,coches.net,berlina
VOLKSWAGEN,BEETLE,15995.0,2018.0,47000.0,Gasolina,Manual,105.0,coches.net,berlina
TOYOTA,PROACE CITY VERSO,21995.0,2023.0,20000.0,Gasolina,Manual,110.0,coches.net,utilitario
BMW,X3,38990.0,2022.0,79000.0,Híbrido enchufable,Automatico,292.0,coches.net,utilitario
VOLKSWAGEN,T-ROC,22990.0,2021.0,55000.0,Gasolina,Automatico,150.0,coches.net,utilitario
BMW,X1,45900.0,2026.0,22.0,Híbrido enchufable,Automatico,326.0,coches.net,utilitario
NISSAN,QASHQAI,29500.0,2024.0,26800.0,Híbrido,Automatico,190.0,coches.net,utilitario
VOLKSWAGEN,POLO,15890.0,2022.0,63559.0,Gasolina,Manual,95.0,coches.net,berlina
RENAULT,TRAFIC,33900.0,2024.0,30445.0,Diésel,Manual,150.0,coches.net,utilitario
MERCEDES-BENZ,CLASE S,49900.0,2020.0,92271.0,Híbrido enchufable,Automatico,476.0,coches.net,berlina
FIAT,500,11400.0,2021.0,28894.0,Híbrido,Manual,70.0,coches.net,berlina
FORD,FOCUS,14990.0,2020.0,124529.0,Diésel,Manual,120.0,coches.net,berlina
CITROEN,Ë-BERLINGO,26990.0,2024.0,10.0,Eléctrico,Automatico,136.0,coches.net,utilitario
OPEL,GRANDLAND,28990.0,2025.0,30300.0,Híbrido,Automatico,146.0,coches.net,utilitario
NISSAN,MICRA,12607.0,2022.0,83120.0,Gasolina,Automatico,92.0,coches.net,berlina
LEXUS,CT,23900.0,2021.0,38866.0,Híbrido,Automatico,136.0,coches.net,berlina
VOLKSWAGEN,GOLF,8990.0,2012.0,200000.0,Diésel,Manual,105.0,coches.net,berlina
CITROEN,C3 PLURIEL,4990.0,2008.0,130000.0,Diésel,Manual,70.0,coches.net,berlina
CUPRA,FORMENTOR,36990.0,2025.0,17600.0,Híbrido enchufable,Automatico,204.0,coches.net,utilitario
SEAT,IBIZA,20985.0,2024.0,34500.0,Gasolina,Automatico,150.0,coches.net,berlina
SEAT,IBIZA,13990.0,2022.0,75000.0,Gasolina,Manual,110.0,coches.net,berlina
SEAT,IBIZA,14990.0,2021.0,70758.0,Gasolina,Manual,110.0,coches.net,berlina
FORD,FOCUS,13490.0,2021.0,114790.0,Gasolina,Manual,125.0,coches.net,berlina
CITROEN,C3,7490.0,2020.0,131205.0,Diésel,Manual,99.0,coches.net,berlina
RENAULT,MÉGANE,14990.0,2020.0,63132.0,Diésel,Manual,95.0,coches.net,berlina
LAND-ROVER,DISCOVERY,9950.0,2007.0,246800.0,Diésel,Manual,190.0,coches.net,utilitario
MERCEDES-BENZ,CLASE E,21490.0,2015.0,123000.0,Diésel,Manual,204.0,coches.net,berlina
LAND-ROVER,RANGE ROVER VELAR,68900.0,2025.0,17881.0,Híbrido enchufable,Automatico,404.0,coches.net,utilitario
BMW,SERIE 2 ACTIVE TOURER,41900.0,2025.0,3230.0,Diésel,Automatico,150.0,coches.net,utilitario
JAGUAR,F-PACE,49800.0,2021.0,20159.0,Híbrido,Automatico,204.0,coches.net,utilitario
AUDI,Q5 SPORTBACK,32990.0,2021.0,169000.0,Híbrido,Automatico,204.0,coches.net,utilitario
JAGUAR,E-PACE,29900.0,2022.0,52331.0,Híbrido enchufable,Automatico,309.0,coches.net,utilitario
FORD,FOCUS,16990.0,2023.0,54000.0,Híbrido,Manual,155.0,coches.net,berlina
MINI,COUNTRYMAN,20990.0,2020.0,67000.0,Híbrido enchufable,Automatico,224.0,coches.net,berlina
SEAT,ATECA,18990.0,2020.0,42000.0,Gasolina,Manual,115.0,coches.net,utilitario
MERCEDES-BENZ,CLASE V,57990.0,2021.0,74000.0,Diésel,Automatico,190.0,coches.net,utilitario
HYUNDAI,I30,33990.0,2021.0,67000.0,Gasolina,Automatico,280.0,coches.net,berlina
PORSCHE,CAYENNE,60900.0,2019.0,56382.0,Híbrido enchufable,Automatico,462.0,coches.net,utilitario
FERRARI,458,199000.0,2013.0,43000.0,Gasolina,Automatico,578.0,coches.net,berlina
BMW,Z4,38990.0,2019.0,18500.0,Gasolina,Automatico,197.0,coches.net,berlina
MERCEDES-BENZ,CLASE C,59000.0,2025.0,18432.0,Híbrido enchufable,Automatico,313.0,coches.net,berlina
MERCEDES-BENZ,GLC,57900.0,2023.0,57000.0,Híbrido,Automatico,269.0,coches.net,utilitario
MERCEDES-BENZ,GLC,56900.0,2022.0,62000.0,Híbrido,Automatico,197.0,coches.net,utilitario
MERCEDES-BENZ,CLASE GLA,16900.0,2015.0,171530.0,Diésel,Automatico,136.0,coches.net,utilitario
BMW,SERIE 2 ACTIVE TOURER,17990.0,2021.0,99000.0,Diésel,Manual,116.0,coches.net,utilitario
PORSCHE,MACAN,53900.0,2020.0,65000.0,Gasolina,Automatico,245.0,coches.net,utilitario
PEUGEOT,2008,16990.0,2020.0,45300.0,Gasolina,Automatico,130.0,coches.net,utilitario
MERCEDES-BENZ,CLASE E,34900.0,2018.0,83000.0,Gasolina,Automatico,184.0,coches.net,berlina
BMW,X2,44500.0,2025.0,16653.0,Híbrido,Automatico,163.0,coches.net,utilitario
NISSAN,QASHQAI,21240.0,2022.0,114540.0,Híbrido,Automatico,158.0,coches.net,utilitario
SEAT,ATECA,20890.0,2023.0,72315.0,Gasolina,Manual,150.0,coches.net,utilitario
TOYOTA,YARIS,16990.0,2024.0,63000.0,Gasolina,Manual,125.0,coches.net,berlina
PEUGEOT,2008,13990.0,2021.0,47767.0,Gasolina,Manual,100.0,coches.net,utilitario
PEUGEOT,E-308,24990.0,2024.0,23000.0,Eléctrico,Automatico,156.0,coches.net,berlina
JEEP,AVENGER,27990.0,2024.0,9000.0,Eléctrico,Automatico,156.0,coches.net,utilitario
BMW,X7,99000.0,2025.0,21500.0,Híbrido,Automatico,352.0,coches.net,utilitario
BMW,SERIE 1,19500.0,2019.0,77000.0,Gasolina,Manual,136.0,coches.net,berlina
HYUNDAI,TUCSON,11999.0,2017.0,170000.0,Diésel,Manual,141.0,coches.net,utilitario
PEUGEOT,308,5499.0,2014.0,205000.0,Diésel,Manual,92.0,coches.net,berlina
NISSAN,X-TRAIL,13999.0,2017.0,180000.0,Diésel,Manual,130.0,coches.net,utilitario
VOLKSWAGEN,TAIGO,19290.0,2024.0,56731.0,Gasolina,Manual,110.0,coches.net,utilitario
NISSAN,QASHQAI,16990.0,2019.0,63295.0,Diésel,Manual,115.0,coches.net,berlina
FORD,FOCUS,13490.0,2018.0,75631.0,Gasolina,Manual,125.0,coches.net,berlina
OPEL,CORSA,9240.0,2019.0,107216.0,Gasolina,Manual,90.0,coches.net,berlina
JEEP,COMPASS,31990.0,2025.0,15300.0,Híbrido,Automatico,130.0,coches.net,utilitario
FIAT,500C,11990.0,2022.0,65098.0,Híbrido,Manual,70.0,coches.net,berlina
NISSAN,QASHQAI,20990.0,2022.0,49000.0,Gasolina,Manual,140.0,coches.net,berlina
TOYOTA,COROLLA,24500.0,2024.0,14299.0,Híbrido,Automatico,140.0,coches.net,berlina
MERCEDES-BENZ,CLASE B,33900.0,2022.0,46699.0,Diésel,Automatico,150.0,coches.net,utilitario
AUDI,Q2,17900.0,2018.0,126000.0,Diésel,Manual,116.0,coches.net,utilitario
AUDI,A6,96900.0,2022.0,83000.0,Gasolina,Automatico,600.0,coches.net,berlina
LAND-ROVER,DISCOVERY,54900.0,2022.0,61000.0,Híbrido,Automatico,300.0,coches.net,utilitario
MASERATI,GHIBLI,39990.0,2021.0,133410.0,Híbrido,Automatico,330.0,coches.net,berlina
KIA,SPORTAGE,17900.0,2017.0,112000.0,Diésel,Manual,115.0,coches.net,utilitario
BMW,X1,23800.0,2020.0,134000.0,Diésel,Automatico,150.0,coches.net,utilitario
BMW,X3,29990.0,2021.0,73000.0,Híbrido enchufable,Automatico,292.0,coches.net,utilitario
MERCEDES-BENZ,CLASE A,31990.0,2025.0,20000.0,Diésel,Automatico,116.0,coches.net,berlina
LAND-ROVER,RANGE ROVER EVOQUE,26990.0,2021.0,57000.0,Híbrido enchufable,Automatico,309.0,coches.net,utilitario
KIA,CEED,16990.0,2023.0,43000.0,Gasolina,Manual,100.0,coches.net,berlina
CITROEN,BERLINGO,10990.0,2018.0,187000.0,Diésel,Automatico,100.0,coches.net,utilitario
KIA,STONIC,12500.0,2018.0,114000.0,Diésel,Manual,110.0,coches.net,utilitario
KIA,PICANTO,8990.0,2015.0,122000.0,Gasolina,Manual,85.0,coches.net,berlina
BMW,SERIE 1,18250.0,2021.0,93266.0,Diésel,Automatico,116.0,coches.net,berlina
CITROEN,Ë-SPACETOURER,26990.0,2021.0,44753.0,Eléctrico,Automatico,136.0,coches.net,utilitario
MERCEDES-BENZ,CLASE B,20900.0,2019.0,108000.0,Diésel,Automatico,116.0,coches.net,utilitario
CITROEN,C5 AIRCROSS,15990.0,2021.0,96150.0,Diésel,Manual,131.0,coches.net,utilitario
TOYOTA,COROLLA,22990.0,2021.0,68107.0,Híbrido,Automatico,180.0,coches.net,berlina
MERCEDES-BENZ,CLA,73995.0,2022.0,42000.0,Gasolina,Automatico,422.0,coches.net,berlina
FIAT,TIPO,9690.0,2021.0,96273.0,Diésel,Manual,95.0,coches.net,berlina
VOLKSWAGEN,GOLF,28990.0,2019.0,83000.0,Gasolina,Automatico,245.0,coches.net,berlina
MG,ZS,17500.0,2025.0,12144.0,Gasolina,Automatico,111.0,coches.net,utilitario
FORD,FOCUS,11990.0,2018.0,140932.0,Gasolina,Manual,125.0,coches.net,berlina
VOLKSWAGEN,GOLF,18850.0,2021.0,93703.0,Diésel,Manual,115.0,coches.net,berlina
VOLKSWAGEN,GOLF,24990.0,2025.0,28712.0,Gasolina,Manual,115.0,coches.net,berlina
MINI,COOPER,25990.0,2025.0,19233.0,Gasolina,Automatico,156.0,coches.net,berlina
PEUGEOT,TRAVELLER,28990.0,2021.0,51092.0,Diésel,Manual,145.0,coches.net,utilitario
OPEL,MOKKA,9999.0,2015.0,176000.0,Diésel,Automatico,136.0,coches.net,utilitario
MERCEDES-BENZ,CLASE E,19990.0,2012.0,116000.0,Diésel,Automatico,265.0,coches.net,berlina
MERCEDES-BENZ,CLA,28990.0,2023.0,66500.0,Híbrido enchufable,Automatico,218.0,coches.net,berlina
HYUNDAI,KONA,25990.0,2025.0,22069.0,Híbrido,Automatico,129.0,coches.net,utilitario
MG,ZS,16790.0,2025.0,15914.0,Gasolina,Manual,106.0,coches.net,utilitario
CITROEN,C4,16990.0,2021.0,45000.0,Diésel,Automatico,130.0,coches.net,berlina
SEAT,ATECA,23400.0,2021.0,49227.0,Gasolina,Automatico,150.0,coches.net,utilitario
BMW,X3,32900.0,2018.0,128508.0,Diésel,Automatico,190.0,coches.net,utilitario
BMW,I4,52900.0,2024.0,39834.0,Eléctrico,Automatico,544.0,coches.net,berlina
SKODA,RAPID,7990.0,2018.0,187000.0,Diésel,Manual,90.0,coches.net,berlina
AUDI,Q8,79990.0,2023.0,37503.0,Híbrido,Automatico,286.0,coches.net,utilitario
TOYOTA,RAV4,28999.0,2022.0,114990.0,Híbrido,Automatico,218.0,coches.net,utilitario
MERCEDES-BENZ,CLASE GLC,49890.0,2022.0,24337.0,Híbrido enchufable,Automatico,320.0,coches.net,utilitario
CITROEN,C3,11900.0,2023.0,78691.0,Gasolina,Manual,83.0,coches.net,berlina
RENAULT,CLIO,12700.0,2022.0,74179.0,Diésel,Manual,100.0,coches.net,berlina
AUDI,A4,22490.0,2020.0,116019.0,Diésel,Automatico,122.0,coches.net,berlina
VOLKSWAGEN,TOUAREG,36990.0,2021.0,82063.0,Diésel,Automatico,231.0,coches.net,utilitario
NISSAN,ARIYA,35990.0,2022.0,5612.0,Eléctrico,Automatico,242.0,coches.net,utilitario
RENAULT,ARKANA,22990.0,2023.0,89000.0,Híbrido,Automatico,140.0,coches.net,utilitario
SKODA,OCTAVIA,24490.0,2021.0,109000.0,Diésel,Automatico,150.0,coches.net,berlina
TOYOTA,C-HR,21490.0,2021.0,150000.0,Híbrido,Automatico,122.0,coches.net,berlina
VOLKSWAGEN,T-CROSS,19900.0,2022.0,53000.0,Gasolina,Automatico,110.0,coches.net,utilitario
VOLVO,XC40,35800.0,2025.0,13800.0,Híbrido,Automatico,163.0,coches.net,utilitario
VOLVO,XC40,32900.0,2025.0,28297.0,Híbrido,Automatico,163.0,coches.net,utilitario
PEUGEOT,2008,14190.0,2022.0,33000.0,Gasolina,Manual,100.0,coches.net,utilitario
AUDI,A4,14990.0,2015.0,137000.0,Diésel,Automatico,150.0,coches.net,berlina
CITROEN,C3,10190.0,2022.0,50000.0,Gasolina,Manual,83.0,coches.net,berlina
FIAT,PANDA,11995.0,2022.0,67000.0,Híbrido,Manual,70.0,coches.net,berlina
AUDI,Q3 SPORTBACK,34890.0,2020.0,101529.0,Diésel,Automatico,150.0,coches.net,utilitario
VOLKSWAGEN,CADDY,20900.0,2021.0,133000.0,Diésel,Manual,122.0,coches.net,utilitario
RENAULT,ARKANA,15850.0,2021.0,119000.0,Híbrido,Automatico,145.0,coches.net,utilitario
MERCEDES-BENZ,CLASE B,20550.0,2022.0,119000.0,Híbrido enchufable,Automatico,218.0,coches.net,utilitario
CITROEN,C4 SPACETOURER,9850.0,2020.0,146000.0,Diésel,Manual,130.0,coches.net,utilitario
FORD,FOCUS,18950.0,2022.0,46000.0,Híbrido,Manual,155.0,coches.net,berlina
CITROEN,C3 AIRCROSS,11100.0,2020.0,128000.0,Diésel,Automatico,120.0,coches.net,utilitario
VOLKSWAGEN,GOLF,23490.0,2020.0,70719.0,Diésel,Manual,150.0,coches.net,berlina
PORSCHE,MACAN,55500.0,2021.0,138948.0,Gasolina,Automatico,440.0,coches.net,utilitario
MERCEDES-BENZ,CLASE A,25990.0,2022.0,90000.0,Diésel,Automatico,116.0,coches.net,berlina
BMW,X1,19900.0,2017.0,89585.0,Diésel,Automatico,150.0,coches.net,utilitario
BMW,SERIE 1,33900.0,2025.0,15231.0,Híbrido,Automatico,170.0,coches.net,berlina
MITSUBISHI,OUTLANDER,20690.0,2017.0,59427.0,Híbrido enchufable,Automatico,203.0,coches.net,utilitario
AUDI,A5,52400.0,2024.0,16500.0,Híbrido,Automatico,204.0,coches.net,berlina
MAZDA,CX-60,34900.0,2022.0,66385.0,Híbrido enchufable,Automatico,327.0,coches.net,utilitario
MAZDA,CX-60,37490.0,2023.0,38309.0,Híbrido enchufable,Automatico,327.0,coches.net,utilitario
MAZDA,CX-5,26990.0,2023.0,85434.0,Gasolina,Manual,165.0,coches.net,utilitario
BMW,X6,27500.0,2015.0,233674.0,Diésel,Automatico,313.0,coches.net,utilitario
AUDI,A6,45900.0,2021.0,70000.0,Híbrido enchufable,Automatico,367.0,coches.net,berlina
VOLKSWAGEN,ID.4,23500.0,2021.0,105940.0,Eléctrico,Automatico,204.0,coches.net,utilitario
AUDI,A4,20900.0,2021.0,153568.0,Híbrido,Automatico,136.0,coches.net,berlina
LYNK & CO,02,30900.0,2025.0,15000.0,Eléctrico,Automatico,272.0,coches.net,utilitario
FORD,PUMA,16090.0,2022.0,94000.0,Diésel,Manual,120.0,coches.net,utilitario
SMART,FORFOUR,9890.0,2020.0,45000.0,Eléctrico,Automatico,82.0,coches.net,berlina
MAZDA,CX-30,19390.0,2020.0,79000.0,Híbrido,Manual,122.0,coches.net,utilitario
LYNK & CO,01,24900.0,2023.0,53821.0,Híbrido enchufable,Automatico,261.0,coches.net,utilitario
LAND-ROVER,RANGE ROVER EVOQUE,30990.0,2019.0,57000.0,Híbrido,Automatico,300.0,coches.net,utilitario
VOLVO,XC60,38400.0,2024.0,49426.0,Híbrido,Automatico,197.0,coches.net,utilitario
MAZDA,CX-60,36990.0,2022.0,87196.0,Híbrido enchufable,Automatico,327.0,coches.net,utilitario
MAZDA,CX-5,18490.0,2017.0,78444.0,Gasolina,Manual,165.0,coches.net,utilitario
KIA,SPORTAGE,35090.0,2024.0,15941.0,Híbrido enchufable,Automatico,265.0,coches.net,utilitario
OPEL,CORSA,10790.0,2021.0,70033.0,Gasolina,Manual,100.0,coches.net,berlina
CITROEN,C3,6990.0,2016.0,143183.0,Diésel,Manual,75.0,coches.net,berlina
RENAULT,CLIO,12490.0,2022.0,92112.0,Gasolina,Manual,90.0,coches.net,berlina
AUDI,Q7,31990.0,2016.0,134138.0,Diésel,Automatico,218.0,coches.net,utilitario
VOLKSWAGEN,GOLF,18990.0,2020.0,137410.0,Diésel,Automatico,150.0,coches.net,berlina
CITROEN,C4,10990.0,2017.0,55897.0,Gasolina,Manual,131.0,coches.net,berlina
PORSCHE,911,324900.0,2025.0,10595.0,Gasolina,Automatico,525.0,coches.net,berlina
VOLKSWAGEN,POLO,13990.0,2021.0,70000.0,Gasolina,Manual,95.0,coches.net,berlina
MINI,MINI,15990.0,2019.0,67000.0,Gasolina,Manual,102.0,coches.net,berlina
MERCEDES-BENZ,CLASE A,37900.0,2025.0,10000.0,Híbrido enchufable,Automatico,218.0,coches.net,berlina
VOLVO,V60,35900.0,2024.0,29000.0,Híbrido,Automatico,197.0,coches.net,berlina
BMW,SERIE 2 GRAN TOURER,22990.0,2021.0,61062.0,Diésel,Automatico,116.0,coches.net,utilitario
MERCEDES-BENZ,CLA,42900.0,2025.0,3000.0,Híbrido enchufable,Automatico,218.0,coches.net,berlina
MINI,CLUBMAN,26900.0,2023.0,27000.0,Gasolina,Automatico,136.0,coches.net,berlina
BMW,SERIE 3,29900.0,2024.0,17900.0,Híbrido enchufable,Automatico,204.0,coches.net,berlina
BMW,X2,22990.0,2021.0,75000.0,Híbrido enchufable,Automatico,220.0,coches.net,utilitario
FIAT,500X,15990.0,2022.0,71000.0,Gasolina,Manual,120.0,coches.net,utilitario
MINI,COUNTRYMAN,20990.0,2020.0,67000.0,Híbrido enchufable,Automatico,224.0,coches.net,berlina
JEEP,AVENGER,16990.0,2024.0,71000.0,Gasolina,Manual,100.0,coches.net,utilitario
AUDI,A4,20000.0,2021.0,200000.0,Híbrido,Automatico,204.0,coches.net,berlina
SKODA,FABIA,14400.0,2022.0,33700.0,Gasolina,Manual,80.0,coches.net,berlina
MERCEDES-BENZ,CLASE CLS,6990.0,2005.0,390000.0,Gasolina,Automatico,272.0,coches.net,berlina
JAGUAR,XF,6480.0,2010.0,360000.0,Diésel,Automatico,211.0,coches.net,berlina
CITROEN,DS5,8980.0,2014.0,220000.0,Diésel,Automatico,114.0,coches.net,berlina
DACIA,SANDERO,11490.0,2021.0,132000.0,Gas,Manual,100.0,coches.net,berlina
RENAULT,CAPTUR,7990.0,2015.0,214000.0,Gasolina,Manual,90.0,coches.net,berlina
CITROEN,C4,14990.0,2022.0,32424.0,Gasolina,Manual,130.0,coches.net,berlina
TOYOTA,VERSO,8990.0,2011.0,154300.0,Diésel,Manual,126.0,coches.net,utilitario
KIA,NIRO,19975.0,2023.0,68000.0,Híbrido,Automatico,141.0,coches.net,berlina
TOYOTA,YARIS,14990.0,2020.0,40000.0,Híbrido,Automatico,100.0,coches.net,berlina
BMW,SERIE 3,41100.0,2025.0,22245.0,Híbrido,Automatico,150.0,coches.net,berlina
VOLKSWAGEN,TOURAN,8980.0,2011.0,250000.0,Diésel,Automatico,105.0,coches.net,utilitario
VOLKSWAGEN,GOLF,14500.0,2015.0,230000.0,Diésel,Automatico,184.0,coches.net,berlina
RENAULT,LAGUNA,8990.0,2011.0,190000.0,Diésel,Manual,150.0,coches.net,berlina
TESLA,MODEL 3,30000.0,2023.0,60000.0,Eléctrico,Automatico,256.0,coches.net,berlina
FORD,FOCUS,12890.0,2017.0,102115.0,Diésel,Manual,120.0,coches.net,berlina
FORD,FOCUS,12890.0,2017.0,102115.0,Diésel,Manual,120.0,coches.net,berlina
NISSAN,QASHQAI,14990.0,2019.0,115906.0,Gasolina,Manual,140.0,coches.net,berlina
FORD,FIESTA,10190.0,2021.0,117258.0,Gasolina,Manual,75.0,coches.net,berlina
SEAT,LEÓN,11990.0,2021.0,169234.0,Diésel,Manual,115.0,coches.net,berlina
FORD,FOCUS,18490.0,2023.0,68688.0,Híbrido,Manual,155.0,coches.net,berlina
RENAULT,CLIO,12990.0,2023.0,74000.0,Gasolina,Manual,90.0,coches.net,berlina
RENAULT,CLIO,12990.0,2023.0,74000.0,Gasolina,Manual,90.0,coches.net,berlina
KIA,STONIC,13990.0,2022.0,72000.0,Gasolina,Manual,100.0,coches.net,utilitario
PEUGEOT,308,7800.0,2020.0,237000.0,Gasolina,Manual,130.0,coches.net,berlina
MERCEDES-BENZ,GLE,53990.0,2022.0,121000.0,Híbrido,Automatico,272.0,coches.net,utilitario
RENAULT,CLIO,10700.0,2020.0,99300.0,Diésel,Manual,85.0,coches.net,berlina
HONDA,HR-V,31900.0,2025.0,8500.0,Híbrido,Automatico,131.0,coches.net,utilitario
SEAT,ARONA,19500.0,2025.0,21762.0,Gasolina,Manual,115.0,coches.net,utilitario
SKODA,KAMIQ,16300.0,2021.0,65000.0,Gasolina,Automatico,110.0,coches.net,utilitario
AUDI,Q2,19950.0,2020.0,99000.0,Diésel,Automatico,116.0,coches.net,utilitario
MAZDA,CX-30,18950.0,2023.0,71000.0,Híbrido,Manual,122.0,coches.net,utilitario
TOYOTA,C-HR,19950.0,2019.0,89000.0,Híbrido,Automatico,122.0,coches.net,berlina
FORD,TOURNEO COURIER,27900.0,2025.0,1.0,Gasolina,Manual,125.0,coches.net,utilitario
AUDI,A4,28500.0,2020.0,121132.0,Diésel,Automatico,190.0,coches.net,berlina
VOLKSWAGEN,T-ROC,14990.0,2021.0,94000.0,Gasolina,Manual,110.0,coches.net,utilitario
SSANGYONG,MUSSO,26990.0,2024.0,48000.0,Diésel,Manual,202.0,coches.net,pick up
SEAT,LEÓN,16990.0,2022.0,98000.0,Híbrido enchufable,Automatico,204.0,coches.net,berlina
AUDI,A1,17990.0,2022.0,65000.0,Gasolina,Manual,95.0,coches.net,berlina
BMW,X1,12490.0,2014.0,182000.0,Diésel,Automatico,143.0,coches.net,berlina
VOLKSWAGEN,POLO,7999.0,2011.0,151000.0,Diésel,Manual,105.0,coches.net,berlina
MG,ZS,15490.0,2025.0,11292.0,Gasolina,Manual,106.0,coches.net,utilitario
PEUGEOT,3008,13999.0,2019.0,148752.0,Diésel,Manual,130.0,coches.net,utilitario
JEEP,WRANGLER,59800.0,2023.0,51045.0,Híbrido enchufable,Automatico,381.0,coches.net,utilitario
MAZDA,MX-5,23990.0,2018.0,36683.0,Gasolina,Manual,131.0,coches.net,berlina
SEAT,ATECA,27900.0,2022.0,48000.0,Gasolina,Automatico,150.0,coches.net,utilitario
MERCEDES-BENZ,CLASE C,40990.0,2024.0,36700.0,Híbrido,Automatico,163.0,coches.net,berlina
NISSAN,QASHQAI,16990.0,2020.0,120000.0,Gasolina,Manual,140.0,coches.net,berlina
AUDI,Q5,30490.0,2020.0,107221.0,Híbrido enchufable,Automatico,299.0,coches.net,utilitario
SKODA,FABIA,15990.0,2021.0,39000.0,Gasolina,Manual,95.0,coches.net,berlina
DS,DS 7 CROSSBACK,20490.0,2021.0,66306.0,Diésel,Automatico,130.0,coches.net,utilitario
PEUGEOT,3008,18480.0,2022.0,80547.0,Diésel,Manual,130.0,coches.net,utilitario
OPEL,MOKKA,22490.0,2024.0,11376.0,Híbrido,Automatico,136.0,coches.net,utilitario
DACIA,DUSTER,15290.0,2020.0,52679.0,Diésel,Manual,95.0,coches.net,utilitario
LYNK & CO,01,23690.0,2023.0,34028.0,Híbrido enchufable,Automatico,261.0,coches.net,utilitario
OPEL,INSIGNIA,5999.0,2012.0,170000.0,Diésel,Manual,130.0,coches.net,berlina
FORD,C-MAX,8990.0,2019.0,129977.0,Diésel,Manual,95.0,coches.net,utilitario
CITROEN,GRAND C4 PICASSO,8500.0,2014.0,199000.0,Diésel,Automatico,150.0,coches.net,utilitario
PEUGEOT,3008,12500.0,2018.0,213000.0,Diésel,Manual,130.0,coches.net,utilitario
DS,DS 4,9000.0,2016.0,137000.0,Diésel,Manual,120.0,coches.net,berlina
RENAULT,MÉGANE,11990.0,2019.0,100000.0,Diésel,Manual,115.0,coches.net,berlina
KIA,STONIC,13900.0,2024.0,89000.0,Gasolina,Manual,84.0,coches.net,utilitario
PEUGEOT,208,8790.0,2021.0,132713.0,Diésel,Manual,100.0,coches.net,berlina
MERCEDES-BENZ,CLASE A,22490.0,2019.0,65290.0,Diésel,Automatico,116.0,coches.net,berlina
LEXUS,UX,33650.0,2023.0,12145.0,Híbrido,Automatico,184.0,coches.net,utilitario
PEUGEOT,5008,14950.0,2019.0,116000.0,Diésel,Automatico,130.0,coches.net,utilitario
BMW,Z4,18990.0,2003.0,118529.0,Gasolina,Manual,231.0,coches.net,berlina
HYUNDAI,TUCSON,23990.0,2021.0,62659.0,Híbrido,Automatico,230.0,coches.net,utilitario
CITROEN,BERLINGO,16990.0,2020.0,12000.0,Diésel,Manual,102.0,coches.net,utilitario
OPEL,MOKKA,15950.0,2022.0,40000.0,Diésel,Manual,110.0,coches.net,utilitario
MINI,COUNTRYMAN,17250.0,2019.0,99000.0,Híbrido enchufable,Automatico,224.0,coches.net,berlina
BMW,X1,20350.0,2020.0,99000.0,Híbrido enchufable,Automatico,220.0,coches.net,utilitario
AUDI,Q5,23950.0,2020.0,149000.0,Híbrido enchufable,Automatico,299.0,coches.net,utilitario
AUDI,A5,32900.0,2022.0,90000.0,Híbrido,Automatico,150.0,coches.net,berlina
BMW,SERIE 1,21900.0,2021.0,149889.0,Diésel,Manual,150.0,coches.net,berlina
MERCEDES-BENZ,CLASE A,35499.0,2019.0,125000.0,Gasolina,Automatico,306.0,coches.net,berlina
MERCEDES-BENZ,CLASE A,20990.0,2020.0,154634.0,Diésel,Automatico,116.0,coches.net,berlina
AUDI,A5,29990.0,2021.0,199900.0,Híbrido,Automatico,286.0,coches.net,berlina
LAND-ROVER,RANGE ROVER VELAR,25980.0,2020.0,75993.0,Diésel,Automatico,180.0,coches.net,utilitario
BMW,SERIE 1,25985.0,2023.0,62273.0,Diésel,Automatico,150.0,coches.net,berlina
VOLKSWAGEN,POLO,15985.0,2023.0,38711.0,Gasolina,Manual,95.0,coches.net,berlina
AUDI,A3,12900.0,2011.0,193132.0,Diésel,Manual,170.0,coches.net,berlina
VOLKSWAGEN,POLO,12699.0,2015.0,49253.0,Gasolina,Manual,110.0,coches.net,berlina
VOLKSWAGEN,POLO,11599.0,2014.0,11948.0,Gasolina,Manual,90.0,coches.net,berlina
RENAULT,MÉGANE,12490.0,2019.0,136314.0,Gasolina,Manual,140.0,coches.net,berlina
VOLKSWAGEN,POLO,10950.0,2021.0,215467.0,Gasolina,Manual,95.0,coches.net,berlina
RENAULT,MÉGANE,14800.0,2023.0,165119.0,Diésel,Manual,115.0,coches.net,berlina
CITROEN,Ë-C3,24600.0,2025.0,5455.0,Eléctrico,Automatico,113.0,coches.net,berlina
KIA,XCEED,22990.0,2022.0,19146.0,Híbrido enchufable,Automatico,141.0,coches.net,utilitario
KIA,XCEED,22990.0,2022.0,7128.0,Híbrido enchufable,Automatico,141.0,coches.net,utilitario
BMW,X3,39500.0,2024.0,121000.0,Híbrido,Automatico,190.0,coches.net,utilitario
VOLVO,XC60,59500.0,2025.0,16215.0,Híbrido enchufable,Automatico,350.0,coches.net,utilitario
OPEL,GRANDLAND X,13900.0,2021.0,84731.0,Diésel,Manual,130.0,coches.net,utilitario
BMW,SERIE 3,45900.0,2025.0,22198.0,Híbrido,Automatico,190.0,coches.net,berlina
AUDI,A1,19490.0,2020.0,66235.0,Gasolina,Automatico,116.0,coches.net,berlina
VOLKSWAGEN,TOURAN,19490.0,2021.0,155235.0,Diésel,Manual,122.0,coches.net,utilitario
TOYOTA,COROLLA,24990.0,2022.0,61887.0,Híbrido,Automatico,180.0,coches.net,berlina
JEEP,RENEGADE,18390.0,2022.0,66317.0,Diésel,Manual,130.0,coches.net,utilitario
VOLKSWAGEN,TIGUAN,34990.0,2022.0,55496.0,Diésel,Automatico,150.0,coches.net,utilitario
TOYOTA,YARIS,15950.0,2020.0,19923.0,Híbrido,Automatico,100.0,coches.net,berlina
DACIA,SANDERO,8900.0,2019.0,207000.0,Gasolina,Manual,90.0,coches.net,berlina
SMART,FORFOUR,7990.0,2018.0,99000.0,Gasolina,Manual,71.0,coches.net,berlina
LEXUS,ES,54990.0,2025.0,13855.0,Híbrido,Automatico,218.0,coches.net,berlina
HYUNDAI,KONA,16400.0,2017.0,90000.0,Gasolina,Automatico,177.0,coches.net,utilitario
PEUGEOT,3008,17490.0,2021.0,71708.0,Diésel,Manual,130.0,coches.net,utilitario
RENAULT,MÉGANE,12990.0,2019.0,99713.0,Diésel,Manual,115.0,coches.net,berlina
KIA,NIRO,17990.0,2018.0,89264.0,Híbrido,Automatico,141.0,coches.net,berlina
HYUNDAI,I30,23890.0,2018.0,97700.0,Gasolina,Manual,275.0,coches.net,berlina
RENAULT,CLIO,12200.0,2022.0,46733.0,Gasolina,Manual,65.0,coches.net,berlina
SEAT,IBIZA,19300.0,2025.0,14500.0,Gasolina,Manual,115.0,coches.net,berlina
PEUGEOT,3008 HYBRID,19990.0,2021.0,50832.0,Híbrido enchufable,Automatico,225.0,coches.net,utilitario
HYUNDAI,I20,13490.0,2022.0,79130.0,Gasolina,Manual,100.0,coches.net,berlina
JAGUAR,E-PACE,19490.0,2019.0,49686.0,Diésel,Manual,150.0,coches.net,utilitario
VOLKSWAGEN,POLO,18985.0,2026.0,10225.0,Gasolina,Manual,95.0,coches.net,berlina
VOLKSWAGEN,POLO,13485.0,2023.0,98702.0,Gasolina,Manual,95.0,coches.net,berlina
MERCEDES-BENZ,CLASE A,24900.0,2014.0,179000.0,Gasolina,Automatico,360.0,coches.net,berlina
CITROEN,C3 AIRCROSS,13900.0,2020.0,40000.0,Diésel,Manual,102.0,coches.net,utilitario
NISSAN,JUKE,9999.0,2017.0,139875.0,Diésel,Manual,110.0,coches.net,utilitario
NISSAN,QASHQAI,16990.0,2020.0,98717.0,Diésel,Manual,115.0,coches.net,berlina
DS,DS 3,8990.0,2015.0,46530.0,Gasolina,Manual,82.0,coches.net,berlina
PEUGEOT,308,9590.0,2018.0,129816.0,Gasolina,Manual,130.0,coches.net,berlina
TOYOTA,YARIS CROSS,24890.0,2023.0,19700.0,Híbrido,Automatico,116.0,coches.net,utilitario
OPEL,CROSSLAND,12490.0,2021.0,167000.0,Diésel,Automatico,120.0,coches.net,utilitario
KIA,SPORTAGE,18485.0,2021.0,58883.0,Híbrido,Manual,136.0,coches.net,utilitario
MAZDA,MX-5,17985.0,2017.0,84269.0,Gasolina,Manual,160.0,coches.net,berlina
AUDI,Q3,27985.0,2023.0,55537.0,Diésel,Manual,150.0,coches.net,utilitario
SEAT,LEÓN,12990.0,2021.0,137686.0,Diésel,Manual,115.0,coches.net,berlina
AUDI,A5,27890.0,2021.0,103946.0,Diésel,Automatico,150.0,coches.net,berlina
TOYOTA,COROLLA,22990.0,2021.0,117126.0,Híbrido,Automatico,122.0,coches.net,berlina
AUDI,A3,25490.0,2021.0,74152.0,Gasolina,Manual,150.0,coches.net,berlina
PEUGEOT,308,10000.0,2019.0,179000.0,Diésel,Automatico,130.0,coches.net,berlina
PEUGEOT,208,10300.0,2019.0,89000.0,Diésel,Manual,99.0,coches.net,berlina
OPEL,CORSA,14999.0,2022.0,55512.0,Diésel,Manual,102.0,coches.net,berlina
CITROEN,C3,12900.0,2023.0,76125.0,Diésel,Manual,102.0,coches.net,berlina
PEUGEOT,208,13485.0,2023.0,46789.0,Gasolina,Manual,100.0,coches.net,berlina
PEUGEOT,308,11890.0,2021.0,92689.0,Diésel,Manual,130.0,coches.net,berlina
FORD,FOCUS,14699.0,2020.0,102756.0,Diésel,Manual,120.0,coches.net,berlina
BMW,SERIE 1,17099.0,2019.0,74411.0,Gasolina,Automatico,136.0,coches.net,berlina
OPEL,CORSA,12350.0,2023.0,74881.0,Gasolina,Manual,100.0,coches.net,berlina
VOLKSWAGEN,PASSAT,20490.0,2020.0,92623.0,Diésel,Automatico,120.0,coches.net,berlina
HYUNDAI,I20,11990.0,2021.0,125482.0,Gasolina,Manual,84.0,coches.net,berlina
AUDI,A3,24990.0,2021.0,111388.0,Diésel,Automatico,150.0,coches.net,berlina
NISSAN,MICRA,11990.0,2021.0,75059.0,Gasolina,Manual,92.0,coches.net,berlina
HYUNDAI,I20,17990.0,2021.0,28842.0,Híbrido,Automatico,100.0,coches.net,berlina
MERCEDES-BENZ,CLE,53490.0,2025.0,14000.0,Híbrido,Automatico,197.0,coches.net,berlina
HYUNDAI,KONA,19990.0,2020.0,85853.0,Híbrido,Automatico,141.0,coches.net,utilitario
OPEL,CORSA,10985.0,2022.0,26688.0,Gasolina,Manual,100.0,coches.net,berlina
BMW,X3,25985.0,2020.0,61020.0,Diésel,Automatico,150.0,coches.net,utilitario
HYUNDAI,I20,13985.0,2022.0,29000.0,Gasolina,Manual,84.0,coches.net,berlina
MAZDA,MAZDA2,16990.0,2022.0,50202.0,Híbrido,Manual,90.0,coches.net,berlina
VOLKSWAGEN,TOURAN,23490.0,2020.0,121000.0,Diésel,Manual,115.0,coches.net,utilitario
NISSAN,X-TRAIL,13900.0,2018.0,237000.0,Diésel,Automatico,177.0,coches.net,utilitario
BMW,SERIE 1,17490.0,2021.0,94000.0,Diésel,Manual,116.0,coches.net,berlina
NISSAN,JUKE,15990.0,2021.0,24678.0,Gasolina,Manual,114.0,coches.net,utilitario
VOLKSWAGEN,GOLF,12990.0,2019.0,94990.0,Eléctrico,Automatico,136.0,coches.net,berlina
OPEL,CORSA,9990.0,2021.0,81991.0,Diésel,Manual,102.0,coches.net,berlina
VOLKSWAGEN,GOLF PLUS,7990.0,2009.0,159000.0,Diésel,Manual,140.0,coches.net,utilitario
VOLKSWAGEN,TOURAN,6500.0,2014.0,223000.0,Diésel,Manual,105.0,coches.net,utilitario
DACIA,SANDERO,7500.0,2018.0,140000.0,Gasolina,Manual,90.0,coches.net,berlina
OMODA,5,22990.0,2023.0,45000.0,Gasolina,Automatico,197.0,coches.net,utilitario
MAZDA,CX-3,14500.0,2016.0,156112.0,Gasolina,Automatico,120.0,coches.net,utilitario
OMODA,5,22990.0,2023.0,45000.0,Gasolina,Automatico,197.0,coches.net,utilitario
AUDI,Q3 SPORTBACK,32490.0,2021.0,56750.0,Híbrido,Automatico,150.0,coches.net,utilitario
PEUGEOT,RIFTER,15490.0,2022.0,69987.0,Diésel,Automatico,100.0,coches.net,utilitario
RENAULT,CLIO,9250.0,2019.0,155000.0,Gas,Manual,90.0,coches.net,berlina
RENAULT,AUSTRAL,19450.0,2023.0,149000.0,Híbrido,Manual,140.0,coches.net,utilitario
OPEL,CORSA-E,16250.0,2024.0,47000.0,Eléctrico,Automatico,136.0,coches.net,berlina
RENAULT,ESPACE,11990.0,2016.0,150000.0,Diésel,Automatico,160.0,coches.net,utilitario
MERCEDES-BENZ,GLC COUPÉ,39990.0,2022.0,76500.0,Híbrido enchufable,Automatico,320.0,coches.net,utilitario
FORD,FIESTA,5999.0,2007.0,229500.0,Diésel,Manual,90.0,coches.net,berlina
TOYOTA,C-HR,18990.0,2021.0,113776.0,Híbrido,Automatico,122.0,coches.net,berlina
VOLVO,V60,10990.0,2015.0,174061.0,Gasolina,Automatico,190.0,coches.net,berlina
PEUGEOT,208,13485.0,2023.0,46789.0,Gasolina,Manual,100.0,coches.net,berlina
KIA,RIO,12985.0,2022.0,71086.0,Gasolina,Manual,84.0,coches.net,berlina
PEUGEOT,208,13485.0,2023.0,44389.0,Gasolina,Manual,100.0,coches.net,berlina
JEEP,WRANGLER,47990.0,2022.0,126500.0,Híbrido enchufable,Automatico,381.0,coches.net,utilitario
SEAT,LEÓN,22600.0,2025.0,19045.0,Gasolina,Manual,116.0,coches.net,berlina
SEAT,LEÓN,17900.0,2022.0,64425.0,Diésel,Manual,115.0,coches.net,berlina
VOLKSWAGEN,T-CROSS,16800.0,2022.0,60497.0,Gasolina,Manual,95.0,coches.net,utilitario
MITSUBISHI,ASX,8890.0,2012.0,140809.0,Diésel,Manual,116.0,coches.net,utilitario
MINI,COUNTRYMAN,27900.0,2021.0,60500.0,Gasolina,Automatico,136.0,coches.net,berlina
VOLKSWAGEN,ARTEON,32900.0,2022.0,84600.0,Diésel,Automatico,150.0,coches.net,berlina
LEXUS,UX,35900.0,2025.0,21700.0,Híbrido,Automatico,199.0,coches.net,utilitario
MERCEDES-BENZ,CLASE A,16990.0,2017.0,98967.0,Diésel,Manual,109.0,coches.net,berlina
PEUGEOT,308,15000.0,2022.0,49000.0,Gasolina,Manual,130.0,coches.net,berlina
CITROEN,C4,13995.0,2021.0,38477.0,Gasolina,Manual,100.0,coches.net,berlina
AUDI,Q2,20900.0,2019.0,70456.0,Diésel,Manual,116.0,coches.net,utilitario
SEAT,LEÓN,22600.0,2025.0,24672.0,Gasolina,Manual,116.0,coches.net,berlina
MERCEDES-BENZ,CLASE CLK,9990.0,2004.0,116000.0,Gasolina,Automatico,163.0,coches.net,berlina
BMW,SERIE 5,39900.0,2018.0,151000.0,Diésel,Automatico,320.0,coches.net,berlina
CITROEN,C3 AIRCROSS,11600.0,2023.0,96000.0,Gasolina,Manual,110.0,coches.net,utilitario
BMW,SERIE 1,36900.0,2024.0,31202.0,Híbrido,Automatico,163.0,coches.net,berlina
BMW,SERIE 1,25900.0,2020.0,81650.0,Diésel,Automatico,150.0,coches.net,berlina
CITROEN,BERLINGO,10990.0,2019.0,156000.0,Gasolina,Manual,110.0,coches.net,utilitario
BMW,SERIE 3,12000.0,2008.0,279180.0,Diésel,Automatico,177.0,coches.net,berlina
PEUGEOT,3008,16999.0,2021.0,67374.0,Diésel,Manual,130.0,coches.net,utilitario
SEAT,ARONA,26500.0,2026.0,10.0,Gasolina,Automatico,150.0,coches.net,utilitario
BMW,X3,40900.0,2018.0,137301.0,Gasolina,Automatico,360.0,coches.net,utilitario
LAND-ROVER,RANGE ROVER EVOQUE,24990.0,2022.0,93000.0,Híbrido enchufable,Automatico,309.0,coches.net,utilitario
MERCEDES-BENZ,EQB,32990.0,2022.0,44000.0,Eléctrico,Automatico,292.0,coches.net,utilitario
RENAULT,KANGOO,11990.0,2021.0,57000.0,Diésel,Manual,105.0,coches.net,utilitario
TOYOTA,YARIS,15990.0,2023.0,72000.0,Gasolina,Manual,125.0,coches.net,berlina
NISSAN,JUKE,10890.0,2018.0,100900.0,Gasolina,Manual,115.0,coches.net,utilitario
DS,DS 7 CROSSBACK E-TENSE,21990.0,2021.0,82900.0,Híbrido enchufable,Automatico,300.0,coches.net,utilitario
VOLVO,V60,13990.0,2016.0,141900.0,Diésel,Manual,150.0,coches.net,berlina
BMW,SERIE 1,19990.0,2022.0,154000.0,Diésel,Manual,150.0,coches.net,berlina
HYUNDAI,KONA,20990.0,2024.0,35670.0,Híbrido,Manual,120.0,coches.net,utilitario
MERCEDES-BENZ,CLASE GLA,18990.0,2019.0,168000.0,Diésel,Automatico,136.0,coches.net,utilitario
MERCEDES-BENZ,EQA,41900.0,2025.0,5300.0,Eléctrico,Automatico,190.0,coches.net,utilitario
MERCEDES-BENZ,EQA,41900.0,2025.0,9600.0,Eléctrico,Automatico,190.0,coches.net,utilitario
MERCEDES-BENZ,CLASE CLA,23990.0,2016.0,67000.0,Gasolina,Automatico,156.0,coches.net,berlina
AUDI,Q5 SPORTBACK,37990.0,2021.0,47800.0,Híbrido enchufable,Automatico,299.0,coches.net,utilitario
BMW,X1,19990.0,2020.0,114418.0,Diésel,Automatico,116.0,coches.net,utilitario
MERCEDES-BENZ,CLASE C,33450.0,2021.0,138825.0,Híbrido,Automatico,200.0,coches.net,berlina
VOLKSWAGEN,T-CROSS,18950.0,2025.0,25933.0,Gasolina,Manual,95.0,coches.net,utilitario
KIA,CEED,11490.0,2019.0,115000.0,Gasolina,Manual,120.0,coches.net,berlina
TOYOTA,YARIS,18990.0,2025.0,17000.0,Híbrido,Automatico,116.0,coches.net,berlina
BMW,SERIE 1,33500.0,2025.0,25000.0,Híbrido,Automatico,163.0,coches.net,berlina
MERCEDES-BENZ,CLASE C,33900.0,2019.0,137700.0,Híbrido,Automatico,184.0,coches.net,berlina
BMW,SERIE 2 ACTIVE TOURER,15985.0,2022.0,117776.0,Híbrido enchufable,Automatico,220.0,coches.net,utilitario
VOLKSWAGEN,T-CROSS,16985.0,2023.0,75230.0,Gasolina,Manual,95.0,coches.net,utilitario
JAGUAR,XE,16485.0,2018.0,111958.0,Gasolina,Automatico,200.0,coches.net,berlina
PEUGEOT,208,13485.0,2023.0,47288.0,Gasolina,Manual,100.0,coches.net,berlina
TOYOTA,C-HR,19985.0,2020.0,88024.0,Híbrido,Automatico,122.0,coches.net,berlina
CITROEN,C3,11985.0,2023.0,43734.0,Gasolina,Manual,83.0,coches.net,berlina
PEUGEOT,3008,7899.0,2013.0,232199.0,Diésel,Manual,115.0,coches.net,berlina
OPEL,GRANDLAND X,15900.0,2019.0,129317.0,Diésel,Manual,130.0,coches.net,utilitario
VOLVO,V60 CROSS COUNTRY,42500.0,2023.0,42633.0,Híbrido,Automatico,197.0,coches.net,berlina
MASERATI,LEVANTE,40800.0,2017.0,96300.0,Diésel,Automatico,275.0,coches.net,utilitario
FORD,S-MAX,24990.0,2023.0,112100.0,Híbrido,Automatico,190.0,coches.net,utilitario
SEAT,LEÓN,16990.0,2019.0,102732.0,Gasolina,Automatico,150.0,coches.net,berlina
FORD,FOCUS,11990.0,2019.0,189595.0,Diésel,Automatico,120.0,coches.net,berlina
VOLKSWAGEN,GOLF,23990.0,2017.0,137000.0,Diésel,Manual,184.0,coches.net,berlina
PEUGEOT,308,15500.0,2022.0,89254.0,Diésel,Manual,130.0,coches.net,berlina
MERCEDES-BENZ,CLASE A,28490.0,2021.0,75826.0,Gasolina,Automatico,163.0,coches.net,berlina
FORD,FIESTA,9390.0,2018.0,85125.0,Gasolina,Manual,85.0,coches.net,berlina
CITROEN,BERLINGO,16900.0,2021.0,100000.0,Diésel,Manual,102.0,coches.net,utilitario
PEUGEOT,3008,18490.0,2022.0,79812.0,Diésel,Manual,130.0,coches.net,utilitario
FORD,FIESTA,15480.0,2020.0,9000.0,Gasolina,Manual,95.0,coches.net,berlina
CITROEN,C4,16950.0,2024.0,16183.0,Gasolina,Manual,131.0,coches.net,berlina
RENAULT,SCÉNIC,7990.0,2014.0,140634.0,Diésel,Manual,110.0,coches.net,utilitario
PEUGEOT,208,7990.0,2017.0,162000.0,Diésel,Manual,75.0,coches.net,berlina
MERCEDES-BENZ,CLASE C,23890.0,2018.0,114000.0,Híbrido,Automatico,184.0,coches.net,berlina
KIA,SPORTAGE,18800.0,2020.0,89940.0,Híbrido,Manual,136.0,coches.net,utilitario
FORD,KUGA,19300.0,2022.0,62482.0,Gasolina,Manual,150.0,coches.net,utilitario
MERCEDES-BENZ,CLASE A,28900.0,2021.0,16968.0,Híbrido enchufable,Automatico,218.0,coches.net,berlina
RENAULT,ZOE,15900.0,2021.0,55659.0,Eléctrico,Automatico,108.0,coches.net,berlina
BMW,SERIE 3,26900.0,2020.0,114071.0,Híbrido enchufable,Automatico,292.0,coches.net,berlina
OPEL,MOKKA X,16900.0,2019.0,40000.0,Gasolina,Manual,140.0,coches.net,utilitario
KIA,XCEED,19200.0,2024.0,47804.0,Gasolina,Manual,100.0,coches.net,utilitario
OPEL,ASTRA,17900.0,2019.0,85900.0,Gasolina,Manual,200.0,coches.net,berlina
BMW,SERIE 1,37990.0,2024.0,6000.0,Híbrido,Automatico,163.0,coches.net,berlina
DFSK,500,16985.0,2023.0,40790.0,Gasolina,Automatico,114.0,coches.net,utilitario
SEAT,ARONA,12490.0,2022.0,82600.0,Gas natural (cng),Manual,90.0,coches.net,utilitario
SEAT,LEÓN,14985.0,2021.0,77107.0,Gasolina,Manual,130.0,coches.net,berlina
OPEL,CORSA,11985.0,2022.0,9946.0,Gasolina,Manual,100.0,coches.net,berlina
CITROEN,C3,11985.0,2023.0,37837.0,Gasolina,Manual,83.0,coches.net,berlina
MERCEDES-BENZ,CLASE C,39990.0,2022.0,136000.0,Híbrido,Automatico,265.0,coches.net,berlina
FORD,RANGER,71995.0,2026.0,25.0,Gasolina,Automatico,292.0,coches.net,pick up
BMW,SERIE 4,19900.0,2019.0,118000.0,Gasolina,Automatico,184.0,coches.net,berlina
OPEL,CORSA,10780.0,2022.0,69646.0,Diésel,Manual,102.0,coches.net,berlina
PEUGEOT,RIFTER,16800.0,2022.0,57041.0,Diésel,Manual,100.0,coches.net,utilitario
MINI,MINI,8900.0,2008.0,205000.0,Gasolina,Manual,175.0,coches.net,berlina
VOLKSWAGEN,GOLF,21990.0,2021.0,50000.0,Diésel,Automatico,115.0,coches.net,berlina
PORSCHE,PANAMERA,72990.0,2019.0,92000.0,Gasolina,Automatico,460.0,coches.net,berlina
MERCEDES-BENZ,CLA,22900.0,2020.0,85000.0,Diésel,Automatico,150.0,coches.net,berlina
CITROEN,C1,10900.0,2022.0,73000.0,Gasolina,Manual,72.0,coches.net,berlina
DACIA,DUSTER,8950.0,2016.0,141193.0,Diésel,Manual,90.0,coches.net,utilitario
CITROEN,C3 AIRCROSS,9290.0,2019.0,116000.0,Gasolina,Manual,82.0,coches.net,utilitario
JAGUAR,E-PACE,24900.0,2021.0,81566.0,Diésel,Manual,150.0,coches.net,utilitario
FIAT,500X,8990.0,2016.0,140000.0,Diésel,Manual,95.0,coches.net,utilitario
OPEL,CORSA-E,19890.0,2021.0,17726.0,Eléctrico,Automatico,136.0,coches.net,berlina
CITROEN,C4 PICASSO,9490.0,2016.0,110000.0,Diésel,Manual,99.0,coches.net,utilitario
MASERATI,LEVANTE,44990.0,2020.0,48780.0,Diésel,Automatico,275.0,coches.net,utilitario
MERCEDES-BENZ,CLASE C,33900.0,2022.0,71000.0,Híbrido,Automatico,163.0,coches.net,berlina
BMW,X1,16990.0,2017.0,86000.0,Diésel,Manual,116.0,coches.net,utilitario
BMW,X6,29999.0,2015.0,196500.0,Diésel,Automatico,313.0,coches.net,utilitario
BMW,SERIE 3,32900.0,2023.0,72000.0,Híbrido,Automatico,150.0,coches.net,berlina
CITROEN,C-ELYSÉE,6490.0,2019.0,210000.0,Gasolina,Manual,115.0,coches.net,berlina
OPEL,ASTRA,12900.0,2020.0,45337.0,Gasolina,Manual,110.0,coches.net,berlina
FIAT,500L,8490.0,2017.0,69000.0,Gasolina,Manual,95.0,coches.net,utilitario
MERCEDES-BENZ,CITAN,35900.0,2024.0,55865.0,Gasolina,Automatico,131.0,coches.net,utilitario
MERCEDES-BENZ,CLASE V,55900.0,2023.0,43451.0,Diésel,Automatico,190.0,coches.net,utilitario
SEAT,LEÓN,17900.0,2021.0,90000.0,Diésel,Manual,115.0,coches.net,berlina
OPEL,INSIGNIA,10900.0,2016.0,83000.0,Diésel,Manual,136.0,coches.net,berlina
BMW,SERIE 3,26900.0,2022.0,99000.0,Híbrido enchufable,Automatico,292.0,coches.net,berlina
SEAT,ARONA,16790.0,2022.0,72000.0,Gasolina,Automatico,110.0,coches.net,utilitario
BMW,X3,31390.0,2020.0,86518.0,Híbrido,Automatico,190.0,coches.net,utilitario
SEAT,ARONA,11800.0,2018.0,91000.0,Diésel,Manual,95.0,coches.net,utilitario
AUDI,A3,38900.0,2026.0,200.0,Híbrido enchufable,Automatico,204.0,coches.net,berlina
BMW,SERIE 1,15590.0,2021.0,158470.0,Gasolina,Manual,136.0,coches.net,berlina
AUDI,A3,38900.0,2026.0,200.0,Híbrido enchufable,Automatico,204.0,coches.net,berlina
MAZDA,CX-30,19900.0,2020.0,98000.0,Gasolina,Manual,122.0,coches.net,utilitario
FORD,KUGA,27990.0,2022.0,42722.0,Híbrido enchufable,Automatico,225.0,coches.net,utilitario
AUDI,A4 ALLROAD QUATTRO,14999.0,2017.0,240000.0,Diésel,Automatico,190.0,coches.net,berlina
RENAULT,MÉGANE,14490.0,2023.0,155400.0,Gasolina,Automatico,140.0,coches.net,berlina
FORD,C-MAX,12990.0,2019.0,83939.0,Gasolina,Manual,125.0,coches.net,utilitario
VOLKSWAGEN,TOURAN,26980.0,2021.0,101334.0,Diésel,Automatico,150.0,coches.net,utilitario
PEUGEOT,3008,15390.0,2022.0,108536.0,Gasolina,Manual,130.0,coches.net,utilitario
PEUGEOT,308,7990.0,2016.0,110602.0,Gasolina,Manual,130.0,coches.net,berlina
MERCEDES-BENZ,CLASE A,38900.0,2024.0,4059.0,Híbrido enchufable,Automatico,218.0,coches.net,berlina
PEUGEOT,308,7990.0,2016.0,110602.0,Gasolina,Manual,130.0,coches.net,berlina
BMW,SERIE 2 ACTIVE TOURER,16900.0,2020.0,120000.0,Diésel,Manual,116.0,coches.net,utilitario
TOYOTA,AYGO X CROSS,16490.0,2025.0,11014.0,Gasolina,Manual,72.0,coches.net,utilitario
AUDI,Q3 SPORTBACK,32900.0,2020.0,83800.0,Diésel,Automatico,150.0,coches.net,utilitario
TOYOTA,AYGO X CROSS,16290.0,2024.0,19353.0,Gasolina,Manual,72.0,coches.net,utilitario
NISSAN,QASHQAI,9990.0,2012.0,104000.0,Gasolina,Manual,117.0,coches.net,berlina
KIA,STONIC,12500.0,2018.0,114000.0,Diésel,Manual,110.0,coches.net,utilitario
VOLKSWAGEN,T-ROC,23900.0,2021.0,33301.0,Gasolina,Manual,150.0,coches.net,utilitario
KIA,PICANTO,8990.0,2015.0,122000.0,Gasolina,Manual,85.0,coches.net,berlina
MERCEDES-BENZ,GLE,48990.0,2020.0,140000.0,Diésel,Automatico,245.0,coches.net,utilitario
VOLVO,XC90,46900.0,2022.0,93538.0,Híbrido enchufable,Automatico,455.0,coches.net,utilitario
PEUGEOT,308,9800.0,2020.0,121700.0,Gasolina,Manual,130.0,coches.net,berlina
FORD,TOURNEO COURIER,6999.0,2016.0,282000.0,Diésel,Manual,95.0,coches.net,utilitario
PORSCHE,MACAN,89900.0,2026.0,3000.0,Eléctrico,Automatico,408.0,coches.net,utilitario
AUDI,A4,25990.0,2022.0,93500.0,Híbrido,Automatico,163.0,coches.net,berlina
PEUGEOT,308,12900.0,2021.0,71000.0,Gasolina,Automatico,130.0,coches.net,berlina
KIA,RIO,8499.0,2016.0,156581.0,Gasolina,Manual,84.0,coches.net,berlina
CITROEN,C-ELYSÉE,9000.0,2017.0,47697.0,Gasolina,Manual,82.0,coches.net,berlina
PEUGEOT,2008,14900.0,2022.0,139000.0,Diésel,Manual,110.0,coches.net,utilitario
AUDI,A3,18450.0,2017.0,100388.0,Diésel,Manual,150.0,coches.net,berlina
RENAULT,MÉGANE,17890.0,2017.0,150055.0,Gasolina,Automatico,205.0,coches.net,berlina
PEUGEOT,2008,10990.0,2019.0,106697.0,Gasolina,Automatico,110.0,coches.net,utilitario
RENAULT,CLIO,16660.0,2024.0,17703.0,Gasolina,Manual,90.0,coches.net,berlina
VOLKSWAGEN,TOURAN,27890.0,2022.0,79000.0,Gasolina,Automatico,150.0,coches.net,utilitario
KIA,SPORTAGE,18490.0,2021.0,60304.0,Gasolina,Manual,132.0,coches.net,utilitario
VOLKSWAGEN,PASSAT,21900.0,2021.0,47417.0,Diésel,Automatico,122.0,coches.net,berlina
MG,ZS,18990.0,2025.0,15876.0,Gasolina,Manual,106.0,coches.net,utilitario
MG,MG3 HYBRID+,18290.0,2025.0,24877.0,Híbrido,Automatico,195.0,coches.net,berlina
BMW,SERIE 2,33900.0,2024.0,20000.0,Gasolina,Automatico,178.0,coches.net,berlina
SEAT,ATECA,23400.0,2021.0,49227.0,Gasolina,Automatico,150.0,coches.net,utilitario
MG,ZS,16790.0,2025.0,15914.0,Gasolina,Manual,106.0,coches.net,utilitario
CITROEN,C4,16990.0,2021.0,45000.0,Diésel,Automatico,130.0,coches.net,berlina
TOYOTA,C-HR,22480.0,2022.0,92744.0,Híbrido,Automatico,122.0,coches.net,berlina
MERCEDES-BENZ,CLASE E,6899.0,2009.0,377000.0,Diésel,Automatico,204.0,coches.net,berlina
HYUNDAI,I30,27990.0,2020.0,61000.0,Gasolina,Manual,275.0,coches.net,berlina
KIA,PICANTO,12990.0,2021.0,43959.0,Gasolina,Manual,67.0,coches.net,berlina
FIAT,TIPO,12990.0,2022.0,71961.0,Gasolina,Manual,101.0,coches.net,berlina
KIA,PICANTO,11490.0,2022.0,21866.0,Gasolina,Manual,67.0,coches.net,berlina
CITROEN,C3,13990.0,2023.0,38016.0,Gasolina,Automatico,110.0,coches.net,berlina
PEUGEOT,2008,14450.0,2022.0,151962.0,Diésel,Manual,110.0,coches.net,utilitario
OPEL,CORSA,10200.0,2020.0,43300.0,Gasolina,Manual,75.0,coches.net,berlina
LAND-ROVER,RANGE ROVER EVOQUE,14299.0,2016.0,109056.0,Diésel,Manual,150.0,coches.net,utilitario
CITROEN,GRAND C4 PICASSO,10699.0,2016.0,121948.0,Diésel,Manual,120.0,coches.net,utilitario
SEAT,LEÓN,13475.0,2019.0,97000.0,Gas natural (cng),Automatico,130.0,coches.net,berlina
OPEL,CORSA,9200.0,2021.0,73942.0,Gasolina,Manual,100.0,coches.net,berlina
MERCEDES-BENZ,CLASE CLA,25490.0,2019.0,55005.0,Gasolina,Automatico,136.0,coches.net,berlina
FIAT,500,11450.0,2021.0,52194.0,Híbrido,Manual,70.0,coches.net,berlina
MAZDA,CX-30,20890.0,2023.0,99000.0,Híbrido,Manual,122.0,coches.net,utilitario
NISSAN,QASHQAI,17890.0,2022.0,99700.0,Híbrido,Manual,140.0,coches.net,utilitario
AUDI,Q7,29450.0,2017.0,225195.0,Diésel,Automatico,218.0,coches.net,utilitario
DS,DS 9,18750.0,2021.0,214796.0,Híbrido enchufable,Automatico,225.0,coches.net,berlina
SSANGYONG,TIVOLI,12750.0,2020.0,79487.0,Gasolina,Manual,128.0,coches.net,utilitario
TOYOTA,RAV4,34990.0,2021.0,65602.0,Híbrido enchufable,Automatico,306.0,coches.net,utilitario
BMW,SERIE 1,24890.0,2023.0,44833.0,Gasolina,Automatico,136.0,coches.net,berlina
TOYOTA,RAV4,34299.0,2021.0,46374.0,Híbrido,Automatico,218.0,coches.net,utilitario
RENAULT,MÉGANE,6900.0,2014.0,132000.0,Diésel,Manual,95.0,coches.net,berlina
TOYOTA,YARIS,11900.0,2018.0,47546.0,Gasolina,Manual,69.0,coches.net,berlina
SEAT,ALTEA XL,8475.0,2015.0,96000.0,Diésel,Automatico,105.0,coches.net,utilitario
RENAULT,TALISMAN,14499.0,2020.0,122220.0,Diésel,Manual,150.0,coches.net,berlina
PEUGEOT,3008,20400.0,2022.0,75802.0,Gasolina,Automatico,130.0,coches.net,utilitario
TOYOTA,COROLLA,23290.0,2021.0,71860.0,Híbrido,Automatico,180.0,coches.net,berlina
CITROEN,C4,20900.0,2024.0,30133.0,Diésel,Automatico,131.0,coches.net,berlina
VOLKSWAGEN,PASSAT,9000.0,2014.0,141900.0,Diésel,Manual,105.0,coches.net,berlina
RENAULT,CLIO,12990.0,2022.0,68119.0,Diésel,Manual,100.0,coches.net,berlina
RENAULT,MÉGANE,14900.0,2021.0,58750.0,Diésel,Manual,115.0,coches.net,berlina
CITROEN,C4,14900.0,2024.0,76765.0,Gasolina,Manual,130.0,coches.net,berlina
BMW,SERIE 1,15610.0,2016.0,100594.0,Diésel,Manual,150.0,coches.net,berlina
ALFA ROMEO,GIULIETTA,7199.0,2016.0,195000.0,Diésel,Manual,120.0,coches.net,berlina
AUDI,A4,21991.0,2018.0,40652.0,Gasolina,Manual,150.0,coches.net,berlina
RENAULT,CLIO,19900.0,2025.0,23500.0,Gas,Manual,100.0,coches.net,berlina
HYUNDAI,TUCSON,24900.0,2023.0,43451.0,Híbrido,Manual,150.0,coches.net,utilitario
RENAULT,KANGOO COMBI,13990.0,2022.0,144798.0,Diésel,Manual,95.0,coches.net,utilitario
BMW,X5,49990.0,2022.0,78000.0,Híbrido enchufable,Automatico,394.0,coches.net,utilitario
NISSAN,QASHQAI,25600.0,2024.0,53146.0,Híbrido,Manual,140.0,coches.net,utilitario
CITROEN,C3,10800.0,2022.0,47725.0,Gasolina,Manual,83.0,coches.net,berlina
CITROEN,C3,13800.0,2023.0,23322.0,Diésel,Manual,102.0,coches.net,berlina
SEAT,IBIZA,11290.0,2020.0,66851.0,Gas natural (cng),Manual,90.0,coches.net,berlina
PEUGEOT,108,6990.0,2015.0,91486.0,Gasolina,Manual,82.0,coches.net,berlina
VOLKSWAGEN,GOLF,11499.0,2014.0,171000.0,Diésel,Manual,105.0,coches.net,berlina
DS,DS 5,10490.0,2016.0,141538.0,Diésel,Automatico,120.0,coches.net,berlina
SEAT,IBIZA,6999.0,2015.0,142000.0,Gasolina,Manual,85.0,coches.net,berlina
KIA,SPORTAGE,22990.0,2022.0,34211.0,Gasolina,Manual,150.0,coches.net,utilitario
AUDI,A1,27750.0,2025.0,30134.0,Gasolina,Automatico,116.0,coches.net,berlina
PEUGEOT,2008,8999.0,2017.0,170543.0,Diésel,Manual,120.0,coches.net,utilitario
BMW,SERIE 1,15610.0,2016.0,100594.0,Diésel,Manual,150.0,coches.net,berlina
OPEL,ASTRA,8950.0,2014.0,98657.0,Diésel,Manual,130.0,coches.net,berlina
BMW,SERIE 1,11700.0,2015.0,207000.0,Diésel,Manual,150.0,coches.net,berlina
PEUGEOT,3008,16350.0,2021.0,85805.0,Diésel,Manual,130.0,coches.net,utilitario
SKODA,FABIA,19450.0,2025.0,5329.0,Gasolina,Manual,115.0,coches.net,berlina
AUDI,A8,44990.0,2020.0,88330.0,Híbrido enchufable,Automatico,449.0,coches.net,berlina
MERCEDES-BENZ,EQB,32990.0,2022.0,59717.0,Eléctrico,Automatico,228.0,coches.net,utilitario
LAND-ROVER,RANGE ROVER EVOQUE,29990.0,2021.0,56818.0,Híbrido,Automatico,163.0,coches.net,utilitario
VOLKSWAGEN,MULTIVAN,66990.0,2025.0,144.0,Híbrido enchufable,Automatico,245.0,coches.net,utilitario
JEEP,RENEGADE,22900.0,2022.0,47900.0,Híbrido enchufable,Automatico,240.0,coches.net,utilitario
CITROEN,C3 AIRCROSS,17900.0,2023.0,25500.0,Diésel,Manual,110.0,coches.net,utilitario
KIA,SPORTAGE,28750.0,2024.0,25136.0,Gasolina,Manual,150.0,coches.net,utilitario
KIA,SPORTAGE,31391.0,2025.0,10384.0,Híbrido,Automatico,215.0,coches.net,utilitario
RENAULT,KANGOO COMBI,14800.0,2021.0,144000.0,Diésel,Manual,95.0,coches.net,utilitario
BMW,SERIE 2 ACTIVE TOURER,20900.0,2021.0,56000.0,Híbrido enchufable,Automatico,220.0,coches.net,utilitario
AUDI,A1,9990.0,2014.0,60000.0,Diésel,Manual,90.0,coches.net,berlina
VOLKSWAGEN,TIGUAN,46990.0,2025.0,11578.0,Híbrido enchufable,Automatico,204.0,coches.net,utilitario
ALFA ROMEO,STELVIO,23900.0,2022.0,43000.0,Diésel,Automatico,190.0,coches.net,utilitario
DS,DS 3,16900.0,2023.0,21000.0,Gasolina,Automatico,130.0,coches.net,utilitario
OPEL,CORSA,11900.0,2022.0,38000.0,Gasolina,Manual,100.0,coches.net,berlina
OPEL,ASTRA,17490.0,2023.0,49127.0,Gasolina,Automatico,130.0,coches.net,berlina
CITROEN,C4,13790.0,2021.0,94888.0,Diésel,Manual,110.0,coches.net,berlina
VOLKSWAGEN,GOLF,14900.0,2019.0,120456.0,Gasolina,Manual,115.0,coches.net,berlina
PEUGEOT,508,8989.0,2016.0,190000.0,Diésel,Manual,150.0,coches.net,berlina
NISSAN,MICRA,11950.0,2018.0,109698.0,Gasolina,Manual,90.0,coches.net,berlina
BMW,X1,15990.0,2015.0,180000.0,Diésel,Automatico,150.0,coches.net,utilitario
NISSAN,JUKE,9999.0,2016.0,116000.0,Gasolina,Manual,115.0,coches.net,utilitario
MINI,MINI,22495.0,2019.0,59500.0,Gasolina,Automatico,192.0,coches.net,berlina
PORSCHE,MACAN,32900.0,2014.0,166000.0,Diésel,Automatico,258.0,coches.net,utilitario
SEAT,MII,11290.0,2021.0,55026.0,Eléctrico,Automatico,83.0,coches.net,berlina
VOLKSWAGEN,ID. BUZZ,43900.0,2024.0,8950.0,Eléctrico,Automatico,204.0,coches.net,utilitario
AUDI,A4,20999.0,2017.0,127584.0,Diésel,Automatico,190.0,coches.net,berlina
HYUNDAI,SANTA FE,18490.0,2016.0,141030.0,Diésel,Automatico,200.0,coches.net,utilitario
SKODA,RAPID,10950.0,2018.0,136761.0,Diésel,Manual,90.0,coches.net,berlina
FORD,ECOSPORT,14490.0,2021.0,23966.0,Gasolina,Manual,100.0,coches.net,utilitario
TOYOTA,YARIS,10290.0,2012.0,179957.0,Híbrido,Automatico,100.0,coches.net,berlina
RENAULT,GRAND KANGOO COMBI,13290.0,2021.0,169011.0,Diésel,Manual,110.0,coches.net,utilitario
RENAULT,CAPTUR,18290.0,2022.0,90295.0,Híbrido enchufable,Automatico,160.0,coches.net,utilitario
VOLKSWAGEN,T-CROSS,18900.0,2023.0,78998.0,Gasolina,Automatico,110.0,coches.net,utilitario
PEUGEOT,508,17750.0,2022.0,87052.0,Diésel,Automatico,130.0,coches.net,berlina
NISSAN,QASHQAI,20950.0,2023.0,92786.0,Híbrido,Manual,140.0,coches.net,utilitario
MERCEDES-BENZ,CLASE C,30990.0,2022.0,119888.0,Híbrido,Automatico,200.0,coches.net,berlina
NISSAN,PULSAR,7999.0,2014.0,146080.0,Diésel,Manual,110.0,coches.net,berlina
KIA,SPORTAGE,15990.0,2018.0,75800.0,Diésel,Manual,115.0,coches.net,utilitario
PEUGEOT,308,10999.0,2017.0,120000.0,Diésel,Manual,100.0,coches.net,berlina
DS,DS 4,19990.0,2022.0,63527.0,Diésel,Automatico,130.0,coches.net,berlina
BMW,X5,34990.0,2018.0,147766.0,Diésel,Automatico,306.0,coches.net,utilitario
NISSAN,QASHQAI,33900.0,2024.0,14034.0,Híbrido,Automatico,190.0,coches.net,utilitario
NISSAN,QASHQAI,33900.0,2024.0,2582.0,Híbrido,Automatico,190.0,coches.net,utilitario
NISSAN,QASHQAI,33500.0,2024.0,10.0,Híbrido,Automatico,190.0,coches.net,utilitario
PEUGEOT,2008,18290.0,2024.0,24214.0,Gasolina,Automatico,130.0,coches.net,utilitario
PEUGEOT,2008,18290.0,2024.0,29480.0,Gasolina,Automatico,130.0,coches.net,utilitario
PEUGEOT,2008,18290.0,2024.0,24214.0,Gasolina,Automatico,130.0,coches.net,utilitario
VOLKSWAGEN,PASSAT,15800.0,2022.0,190000.0,Diésel,Automatico,150.0,coches.net,berlina
PEUGEOT,208,12900.0,2022.0,52800.0,Gasolina,Manual,100.0,coches.net,berlina
VOLKSWAGEN,GOLF,15990.0,2019.0,97035.0,Diésel,Manual,115.0,coches.net,berlina
MINI,COUNTRYMAN,9499.0,2013.0,189100.0,Gasolina,Manual,184.0,coches.net,berlina
PEUGEOT,508,13950.0,2021.0,99999.0,Diésel,Automatico,130.0,coches.net,berlina
MINI,COUNTRYMAN,9499.0,2013.0,189100.0,Gasolina,Manual,184.0,coches.net,berlina
OPEL,CROSSLAND,13490.0,2023.0,24264.0,Gasolina,Manual,110.0,coches.net,utilitario
OPEL,GRANDLAND X,13990.0,2020.0,59467.0,Gasolina,Manual,130.0,coches.net,utilitario
CITROEN,C3 AIRCROSS,11290.0,2021.0,114486.0,Gasolina,Manual,110.0,coches.net,utilitario
VOLKSWAGEN,POLO,17490.0,2022.0,54872.0,Gasolina,Manual,95.0,coches.net,berlina
VOLKSWAGEN,POLO,16485.0,2021.0,25200.0,Gasolina,Manual,95.0,coches.net,berlina
OPEL,CORSA,13990.0,2024.0,45300.0,Gasolina,Manual,100.0,coches.net,berlina
HYUNDAI,KONA,27000.0,2025.0,500.0,Gasolina,Manual,138.0,coches.net,utilitario
HYUNDAI,I10,11900.0,2022.0,61800.0,Gasolina,Manual,67.0,coches.net,berlina
HYUNDAI,I10,11900.0,2022.0,88000.0,Gasolina,Manual,67.0,coches.net,berlina
HYUNDAI,KONA,36500.0,2025.0,729.0,Híbrido,Automatico,141.0,coches.net,utilitario
CITROEN,GRAND C4 PICASSO,6999.0,2010.0,173845.0,Diésel,Manual,112.0,coches.net,utilitario
MERCEDES-BENZ,GLA,29990.0,2023.0,64500.0,Híbrido enchufable,Automatico,218.0,coches.net,utilitario
MG,ZS,15490.0,2025.0,11725.0,Gasolina,Manual,106.0,coches.net,utilitario
MG,ZS,15490.0,2025.0,10765.0,Gasolina,Manual,106.0,coches.net,utilitario
MERCEDES-BENZ,GLA,34990.0,2022.0,40000.0,Híbrido enchufable,Automatico,218.0,coches.net,utilitario
JEEP,RENEGADE,14499.0,2016.0,169000.0,Diésel,Automatico,120.0,coches.net,utilitario
SSANGYONG,MUSSO,26990.0,2024.0,48000.0,Diésel,Manual,202.0,coches.net,pick up
FIAT,500,9990.0,2023.0,72000.0,Híbrido,Manual,70.0,coches.net,berlina
VOLKSWAGEN,POLO,7999.0,2011.0,151000.0,Diésel,Manual,105.0,coches.net,berlina
BMW,X5,38990.0,2017.0,191000.0,Diésel,Automatico,381.0,coches.net,utilitario
BMW,X1,12490.0,2014.0,182000.0,Diésel,Automatico,143.0,coches.net,berlina
TOYOTA,AYGO X CROSS,11790.0,2022.0,74200.0,Gasolina,Manual,72.0,coches.net,utilitario
HYUNDAI,KONA,17990.0,2019.0,82000.0,Eléctrico,Automatico,204.0,coches.net,utilitario
CITROEN,GRAND C4 PICASSO,6990.0,2013.0,190000.0,Diésel,Automatico,112.0,coches.net,utilitario
FORD,FIESTA,10999.0,2018.0,144000.0,Gasolina,Manual,140.0,coches.net,berlina
VOLKSWAGEN,TIGUAN,43950.0,2024.0,60000.0,Diésel,Automatico,193.0,coches.net,utilitario
BMW,SERIE 4,19999.0,2016.0,163000.0,Diésel,Automatico,190.0,coches.net,berlina
OPEL,GRANDLAND,13850.0,2022.0,134000.0,Diésel,Automatico,130.0,coches.net,utilitario
DODGE,CALIBER,3450.0,2008.0,229000.0,Diésel,Manual,140.0,coches.net,berlina
CITROEN,C3 AIRCROSS,11650.0,2020.0,110000.0,Diésel,Automatico,120.0,coches.net,utilitario
FORD,FOCUS,11850.0,2020.0,119000.0,Diésel,Manual,120.0,coches.net,berlina
PEUGEOT,508,16750.0,2022.0,29000.0,Diésel,Automatico,130.0,coches.net,berlina
TOYOTA,C-HR,18990.0,2021.0,113776.0,Híbrido,Automatico,122.0,coches.net,berlina
MINI,CLUBMAN,16500.0,2017.0,120000.0,Gasolina,Automatico,192.0,coches.net,berlina
VOLVO,XC60,27990.0,2020.0,132456.0,Híbrido enchufable,Automatico,390.0,coches.net,utilitario
MERCEDES-BENZ,CLASE A,30990.0,2025.0,39400.0,Híbrido,Automatico,136.0,coches.net,berlina
CITROEN,C3,11990.0,2023.0,36000.0,Gasolina,Manual,83.0,coches.net,berlina
PORSCHE,PANAMERA,109999.0,2024.0,39999.0,Híbrido enchufable,Automatico,462.0,coches.net,berlina
SSANGYONG,TIVOLI,15890.0,2021.0,35813.0,Gasolina,Manual,128.0,coches.net,utilitario
PEUGEOT,2008,11990.0,2020.0,98279.0,Gasolina,Manual,100.0,coches.net,utilitario
NISSAN,QASHQAI,5950.0,2012.0,239100.0,Diésel,Manual,110.0,coches.net,berlina
VOLKSWAGEN,TOURAN,37500.0,2021.0,45000.0,Diésel,Automatico,150.0,coches.net,utilitario
VOLVO,V90,30900.0,2021.0,79000.0,Híbrido,Automatico,197.0,coches.net,berlina
SMART,FORTWO,7999.0,2013.0,133000.0,Gasolina,Automatico,71.0,coches.net,berlina
KIA,CARENS,9900.0,2016.0,106087.0,Gasolina,Manual,135.0,coches.net,utilitario
BMW,SERIE 2,12999.0,2014.0,104933.0,Diésel,Manual,150.0,coches.net,utilitario
SEAT,LEÓN,6999.0,2009.0,170000.0,Diésel,Manual,105.0,coches.net,berlina
FORD,FOCUS,5490.0,2006.0,139000.0,Diésel,Automatico,109.0,coches.net,berlina
PEUGEOT,108,10609.0,2021.0,50849.0,Gasolina,Manual,72.0,coches.net,berlina
OPEL,CORSA,9990.0,2022.0,68543.0,Gasolina,Manual,100.0,coches.net,berlina
KIA,SPORTAGE,29569.0,2025.0,9581.0,Híbrido,Automatico,160.0,coches.net,utilitario
OPEL,MOKKA,9999.0,2015.0,180654.0,Diésel,Automatico,136.0,coches.net,utilitario
NISSAN,QASHQAI,11490.0,2016.0,164000.0,Gasolina,Manual,115.0,coches.net,berlina
NISSAN,QASHQAI,13990.0,2016.0,103266.0,Diésel,Manual,110.0,coches.net,berlina
RENAULT,MÉGANE,11800.0,2021.0,181000.0,Diésel,Manual,115.0,coches.net,berlina
TOYOTA,COROLLA,27199.0,2022.0,55114.0,Híbrido,Automatico,196.0,coches.net,berlina
RENAULT,MÉGANE,10790.0,2016.0,108431.0,Gasolina,Manual,130.0,coches.net,berlina
VOLKSWAGEN,PASSAT,13499.0,2022.0,175485.0,Diésel,Automatico,122.0,coches.net,berlina
AUDI,A4,24490.0,2020.0,71251.0,Diésel,Automatico,163.0,coches.net,berlina
RENAULT,GRAND SCÉNIC,5790.0,2011.0,195000.0,Diésel,Manual,130.0,coches.net,utilitario
TOYOTA,COROLLA,18990.0,2021.0,88517.0,Híbrido,Automatico,122.0,coches.net,berlina
AUDI,A3,38900.0,2019.0,99000.0,Gasolina,Automatico,400.0,coches.net,berlina
BMW,SERIE 4,21799.0,2017.0,51250.0,Diésel,Manual,190.0,coches.net,berlina
PEUGEOT,508,23475.0,2024.0,52715.0,Diésel,Automatico,130.0,coches.net,berlina
VOLKSWAGEN,GOLF,10999.0,2013.0,182000.0,Gasolina,Automatico,122.0,coches.net,berlina
VOLKSWAGEN,GOLF,20990.0,2020.0,55496.0,Híbrido,Automatico,150.0,coches.net,berlina
MINI,MINI,13999.0,2015.0,111801.0,Gasolina,Manual,192.0,coches.net,berlina
MINI,MINI,13299.0,2016.0,102058.0,Gasolina,Manual,136.0,coches.net,berlina
KIA,CEED TOURER,23990.0,2022.0,11871.0,Híbrido enchufable,Automatico,141.0,coches.net,berlina
OPEL,CORSA,15850.0,2022.0,41263.0,Diésel,Manual,102.0,coches.net,berlina
LAND-ROVER,RANGE ROVER EVOQUE,31990.0,2021.0,24669.0,Híbrido,Automatico,160.0,coches.net,utilitario
CITROEN,C4,16990.0,2022.0,62389.0,Diésel,Automatico,130.0,coches.net,berlina
SKODA,OCTAVIA,29990.0,2021.0,64000.0,Híbrido enchufable,Automatico,245.0,coches.net,berlina
KIA,STONIC,14450.0,2022.0,58166.0,Gasolina,Manual,84.0,coches.net,utilitario
RENAULT,MÉGANE,18990.0,2024.0,39879.0,Diésel,Automatico,115.0,coches.net,berlina
FORD,FOCUS,17990.0,2023.0,57839.0,Híbrido,Manual,125.0,coches.net,berlina
VOLVO,S60,29900.0,2022.0,84422.0,Híbrido,Automatico,197.0,coches.net,berlina
VOLKSWAGEN,GOLF,24990.0,2021.0,36700.0,Híbrido enchufable,Automatico,245.0,coches.net,berlina
OPEL,MOKKA,12000.0,2016.0,45931.0,Gasolina,Manual,140.0,coches.net,utilitario
PEUGEOT,RIFTER,25950.0,2025.0,24641.0,Diésel,Manual,100.0,coches.net,utilitario
PEUGEOT,3008,11500.0,2019.0,159000.0,Diésel,Manual,130.0,coches.net,utilitario
HYUNDAI,KONA,15480.0,2019.0,51120.0,Gasolina,Manual,120.0,coches.net,utilitario
BMW,SERIE 1,19990.0,2022.0,72761.0,Diésel,Manual,116.0,coches.net,berlina
SKODA,SCALA,12950.0,2022.0,33000.0,Gas natural (cng),Manual,90.0,coches.net,berlina
CITROEN,C4 PICASSO,8990.0,2017.0,200000.0,Diésel,Manual,100.0,coches.net,utilitario
PEUGEOT,3008 HYBRID,17750.0,2021.0,79000.0,Híbrido enchufable,Automatico,225.0,coches.net,utilitario
PEUGEOT,2008,12650.0,2020.0,139990.0,Gasolina,Manual,130.0,coches.net,utilitario
BMW,X4,25990.0,2016.0,139000.0,Diésel,Automatico,313.0,coches.net,utilitario
AUDI,TTS,32490.0,2016.0,80000.0,Gasolina,Manual,310.0,coches.net,berlina
SEAT,ARONA,17490.0,2023.0,56059.0,Gasolina,Manual,110.0,coches.net,utilitario
HYUNDAI,IONIQ,17990.0,2022.0,75998.0,Híbrido enchufable,Automatico,141.0,coches.net,berlina
LEXUS,LBX,39490.0,2025.0,9966.0,Híbrido,Automatico,136.0,coches.net,utilitario
HYUNDAI,I20,11990.0,2021.0,74000.0,Gasolina,Manual,84.0,coches.net,berlina
VOLKSWAGEN,CARAVELLE,44900.0,2024.0,28000.0,Diésel,Automatico,150.0,coches.net,utilitario
KIA,PICANTO,7999.0,2019.0,140270.0,Gasolina,Manual,67.0,coches.net,berlina
DS,DS 4,12290.0,2016.0,28500.0,Diésel,Manual,99.0,coches.net,berlina
MERCEDES-BENZ,CLASE GLS,44850.0,2018.0,128500.0,Diésel,Automatico,258.0,coches.net,utilitario
FORD,FOCUS,18500.0,2022.0,55000.0,Híbrido,Manual,155.0,coches.net,berlina
MERCEDES-BENZ,CLASE S,78900.0,2021.0,20220.0,Híbrido,Automatico,435.0,coches.net,berlina
AUDI,Q3,29990.0,2019.0,79000.0,Gasolina,Automatico,190.0,coches.net,utilitario
CITROEN,C4 SPACETOURER,11900.0,2019.0,110000.0,Gasolina,Manual,130.0,coches.net,utilitario
MERCEDES-BENZ,CLASE A,18900.0,2017.0,196000.0,Diésel,Automatico,177.0,coches.net,berlina
VOLKSWAGEN,POLO,15990.0,2020.0,52278.0,Diésel,Manual,95.0,coches.net,berlina
FORD,FOCUS,17490.0,2022.0,37174.0,Híbrido,Manual,125.0,coches.net,berlina
VOLKSWAGEN,GOLF,16490.0,2020.0,67210.0,Gasolina,Manual,115.0,coches.net,berlina
RENAULT,CLIO,22850.0,2025.0,16711.0,Híbrido,Automatico,143.0,coches.net,berlina
CITROEN,C4 CACTUS,11475.0,2017.0,73000.0,Diésel,Automatico,100.0,coches.net,berlina
PEUGEOT,208,11290.0,2022.0,81959.0,Diésel,Manual,100.0,coches.net,berlina
OPEL,INSIGNIA,11500.0,2022.0,160000.0,Diésel,Manual,122.0,coches.net,berlina
PEUGEOT,3008,17690.0,2021.0,97424.0,Diésel,Manual,130.0,coches.net,utilitario
SEAT,ARONA,18800.0,2025.0,28867.0,Gasolina,Manual,115.0,coches.net,utilitario
NISSAN,QASHQAI,14790.0,2020.0,88900.0,Diésel,Manual,115.0,coches.net,berlina
KIA,NIRO,17490.0,2019.0,40660.0,Híbrido,Automatico,141.0,coches.net,berlina
NISSAN,QASHQAI,14200.0,2020.0,113828.0,Diésel,Manual,115.0,coches.net,berlina
AUDI,A4,21990.0,2019.0,110228.0,Gas natural (cng),Automatico,170.0,coches.net,berlina
HYUNDAI,TUCSON,22480.0,2021.0,170795.0,Híbrido,Automatico,230.0,coches.net,utilitario
CITROEN,BERLINGO,11900.0,2021.0,98000.0,Diésel,Manual,102.0,coches.net,utilitario
NISSAN,QASHQAI+2,9490.0,2010.0,185000.0,Diésel,Manual,150.0,coches.net,utilitario
MERCEDES-BENZ,CLASE C,53900.0,2024.0,10074.0,Híbrido enchufable,Automatico,313.0,coches.net,berlina
DS,DS 4,22950.0,2023.0,65049.0,Diésel,Automatico,130.0,coches.net,berlina
BMW,SERIE 1,5995.0,2006.0,200000.0,Diésel,Manual,122.0,coches.net,berlina
SEAT,IBIZA,7990.0,2014.0,175000.0,Diésel,Manual,105.0,coches.net,berlina
HYUNDAI,I20,21490.0,2024.0,27723.0,Híbrido,Manual,100.0,coches.net,berlina
PEUGEOT,RIFTER,18590.0,2022.0,31488.0,Diésel,Manual,100.0,coches.net,utilitario
OPEL,ASTRA,19375.0,2024.0,19851.0,Gasolina,Manual,130.0,coches.net,berlina
NISSAN,QASHQAI,26500.0,2024.0,13968.0,Híbrido,Manual,140.0,coches.net,utilitario
NISSAN,QASHQAI,13990.0,2019.0,111026.0,Diésel,Manual,115.0,coches.net,berlina
SEAT,LEÓN,13900.0,2018.0,122200.0,Gasolina,Manual,130.0,coches.net,berlina
OPEL,INSIGNIA,13900.0,2021.0,82931.0,Diésel,Manual,122.0,coches.net,berlina
PEUGEOT,5008,18995.0,2021.0,129795.0,Diésel,Manual,130.0,coches.net,utilitario
SEAT,ATECA,23990.0,2023.0,51561.0,Diésel,Manual,150.0,coches.net,utilitario
AUDI,Q3,32490.0,2023.0,36578.0,Diésel,Automatico,150.0,coches.net,utilitario
MERCEDES-BENZ,CLASE GLC,39900.0,2021.0,39000.0,Híbrido enchufable,Automatico,306.0,coches.net,utilitario
SEAT,LEÓN,13490.0,2021.0,146818.0,Diésel,Manual,115.0,coches.net,berlina
SEAT,LEÓN,11990.0,2021.0,160217.0,Diésel,Manual,115.0,coches.net,berlina
SEAT,LEÓN,11490.0,2021.0,180479.0,Diésel,Manual,115.0,coches.net,berlina
FIAT,500X,11299.0,2020.0,77340.0,Gasolina,Manual,120.0,coches.net,utilitario
OPEL,MOKKA,12999.0,2021.0,56309.0,Gasolina,Manual,130.0,coches.net,utilitario
HYUNDAI,KONA,13690.0,2022.0,136846.0,Gasolina,Manual,120.0,coches.net,utilitario
KIA,SPORTAGE,26309.0,2023.0,64725.0,Híbrido,Automatico,230.0,coches.net,utilitario
KIA,SPORTAGE,33990.0,2022.0,16650.0,Híbrido,Automatico,230.0,coches.net,utilitario
PEUGEOT,3008,15900.0,2019.0,63793.0,Gasolina,Automatico,130.0,coches.net,utilitario
KIA,PICANTO,15490.0,2025.0,9500.0,Gasolina,Manual,63.0,coches.net,berlina
TOYOTA,C-HR,23900.0,2022.0,51091.0,Híbrido,Automatico,122.0,coches.net,berlina
TOYOTA,C-HR,22990.0,2021.0,61196.0,Híbrido,Automatico,184.0,coches.net,berlina
PEUGEOT,RIFTER,16900.0,2020.0,145000.0,Diésel,Manual,130.0,coches.net,utilitario
MINI,MINI,20990.0,2017.0,79000.0,Gasolina,Automatico,136.0,coches.net,berlina
OPEL,CORSA,12990.0,2023.0,60511.0,Gasolina,Manual,100.0,coches.net,berlina
TOYOTA,COROLLA,18400.0,2022.0,99882.0,Híbrido,Automatico,122.0,coches.net,berlina
TOYOTA,COROLLA,19990.0,2022.0,86390.0,Híbrido,Automatico,122.0,coches.net,berlina
AUDI,A3,26990.0,2023.0,76290.0,Diésel,Automatico,150.0,coches.net,berlina
TOYOTA,YARIS,7490.0,2009.0,73000.0,Gasolina,Manual,101.0,coches.net,berlina
RENAULT,MÉGANE,17890.0,2023.0,48669.0,Diésel,Manual,115.0,coches.net,berlina
MERCEDES-BENZ,CLASE A,19890.0,2018.0,85457.0,Diésel,Automatico,136.0,coches.net,berlina
TOYOTA,LAND CRUISER,34990.0,2020.0,141220.0,Diésel,Manual,204.0,coches.net,utilitario
LAND-ROVER,RANGE ROVER EVOQUE,24990.0,2022.0,93000.0,Híbrido enchufable,Automatico,309.0,coches.net,utilitario
MERCEDES-BENZ,EQB,32990.0,2022.0,44000.0,Eléctrico,Automatico,292.0,coches.net,utilitario
TOYOTA,AYGO X CROSS,12990.0,2023.0,74000.0,Gasolina,Manual,72.0,coches.net,utilitario
AUDI,E-TRON GT,68990.0,2023.0,55000.0,Eléctrico,Automatico,530.0,coches.net,berlina
PEUGEOT,508,15490.0,2017.0,99909.0,Diésel,Automatico,180.0,coches.net,berlina
BMW,X4,42990.0,2021.0,100763.0,Híbrido,Automatico,190.0,coches.net,utilitario
TOYOTA,C-HR,21490.0,2019.0,87643.0,Híbrido,Automatico,122.0,coches.net,berlina
MERCEDES-BENZ,CLA,31990.0,2022.0,61129.0,Diésel,Automatico,150.0,coches.net,berlina
BMW,SERIE 2,29990.0,2022.0,29307.0,Diésel,Automatico,150.0,coches.net,berlina
OPEL,CORSA,11190.0,2023.0,65269.0,Gasolina,Manual,100.0,coches.net,berlina
OPEL,CORSA,11190.0,2023.0,65269.0,Gasolina,Manual,100.0,coches.net,berlina
SEAT,LEÓN,22099.0,2025.0,7628.0,Gasolina,Manual,116.0,coches.net,berlina
BMW,SERIE 1,19790.0,2023.0,81234.0,Diésel,Manual,116.0,coches.net,berlina
CITROEN,C3,14790.0,2024.0,7399.0,Diésel,Manual,102.0,coches.net,berlina
PEUGEOT,308,12499.0,2020.0,40764.0,Gasolina,Automatico,130.0,coches.net,berlina
MERCEDES-BENZ,CLASE A,32990.0,2025.0,15311.0,Diésel,Automatico,116.0,coches.net,berlina
MERCEDES-BENZ,CLASE A,34890.0,2025.0,22290.0,Diésel,Manual,116.0,coches.net,berlina
FORD,FOCUS,14300.0,2019.0,76486.0,Gasolina,Manual,125.0,coches.net,berlina
MERCEDES-BENZ,CLASE A,28990.0,2022.0,66086.0,Diésel,Automatico,150.0,coches.net,berlina
CITROEN,C4 PICASSO,6490.0,2013.0,170000.0,Diésel,Manual,115.0,coches.net,utilitario
SEAT,IBIZA,17140.0,2025.0,21323.0,Gasolina,Manual,115.0,coches.net,berlina
OPEL,ZAFIRA,7590.0,2013.0,131274.0,Diésel,Manual,110.0,coches.net,utilitario
BMW,SERIE 3,16890.0,2018.0,204700.0,Diésel,Automatico,190.0,coches.net,berlina
TOYOTA,COROLLA,16490.0,2021.0,103809.0,Híbrido,Automatico,122.0,coches.net,berlina
OPEL,CORSA,12990.0,2022.0,39000.0,Gasolina,Manual,100.0,coches.net,berlina
SKODA,FABIA,14200.0,2023.0,39461.0,Gasolina,Manual,80.0,coches.net,berlina
MERCEDES-BENZ,GLB,37990.0,2021.0,109000.0,Diésel,Automatico,150.0,coches.net,utilitario
KIA,CEED,21900.0,2024.0,14514.0,Gasolina,Manual,100.0,coches.net,berlina
KIA,SPORTAGE,39200.0,2023.0,66.0,Híbrido,Automatico,136.0,coches.net,utilitario
AUDI,A3,32999.0,2023.0,55000.0,Diésel,Automatico,150.0,coches.net,berlina
FORD,FIESTA,11199.0,2019.0,95533.0,Gasolina,Manual,140.0,coches.net,berlina
RENAULT,CLIO,5490.0,2007.0,164874.0,Diésel,Manual,85.0,coches.net,berlina
HYUNDAI,I20,15990.0,2022.0,43057.0,Híbrido,Manual,100.0,coches.net,berlina
KIA,NIRO,22900.0,2023.0,41679.0,Híbrido,Automatico,141.0,coches.net,berlina
AUDI,Q3,26699.0,2023.0,65694.0,Diésel,Automatico,150.0,coches.net,utilitario
VOLKSWAGEN,PASSAT,26700.0,2022.0,63553.0,Diésel,Automatico,150.0,coches.net,berlina
BMW,X6,52900.0,2021.0,125000.0,Híbrido,Automatico,340.0,coches.net,utilitario
VOLKSWAGEN,POLO,10900.0,2019.0,100776.0,Gasolina,Manual,80.0,coches.net,berlina
VOLKSWAGEN,GOLF,11900.0,2014.0,246000.0,Diésel,Manual,184.0,coches.net,berlina
BMW,X5,69900.0,2023.0,35000.0,Híbrido,Automatico,340.0,coches.net,utilitario
VOLKSWAGEN,TIGUAN,33990.0,2020.0,77397.0,Diésel,Automatico,240.0,coches.net,utilitario
FIAT,500X,17990.0,2022.0,73500.0,Gasolina,Automatico,150.0,coches.net,utilitario
VOLKSWAGEN,T-CROSS,16999.0,2022.0,136999.0,Gasolina,Automatico,110.0,coches.net,utilitario
LAND-ROVER,FREELANDER,9499.0,2011.0,244000.0,Diésel,Manual,150.0,coches.net,utilitario
VOLVO,XC60,31990.0,2021.0,82880.0,Híbrido,Automatico,197.0,coches.net,utilitario
HYUNDAI,SANTA FE,6690.0,2006.0,199000.0,Diésel,Manual,125.0,coches.net,utilitario
JEEP,RENEGADE,12490.0,2019.0,97329.0,Gasolina,Manual,120.0,coches.net,utilitario
AUDI,A3,18990.0,2021.0,82000.0,Gasolina,Manual,110.0,coches.net,berlina
MERCEDES-BENZ,CLASE A,17490.0,2015.0,137211.0,Diésel,Automatico,136.0,coches.net,berlina
KIA,SPORTAGE,22990.0,2022.0,30551.0,Gasolina,Manual,150.0,coches.net,utilitario
OPEL,CROSSLAND X,10999.0,2019.0,102185.0,Gasolina,Manual,130.0,coches.net,utilitario
HYUNDAI,KONA,12799.0,2019.0,120259.0,Gasolina,Manual,120.0,coches.net,utilitario
FIAT,500X,11490.0,2019.0,107157.0,Gasolina,Manual,120.0,coches.net,utilitario
MERCEDES-BENZ,CLA,31299.0,2022.0,54340.0,Diésel,Automatico,150.0,coches.net,berlina
TOYOTA,YARIS,19790.0,2022.0,53973.0,Híbrido,Automatico,116.0,coches.net,berlina
TOYOTA,COROLLA,19900.0,2022.0,73000.0,Híbrido,Automatico,122.0,coches.net,berlina
HYUNDAI,IONIQ,12500.0,2019.0,160704.0,Híbrido,Automatico,141.0,coches.net,berlina
VOLKSWAGEN,GOLF,12450.0,2019.0,99600.0,Eléctrico,Automatico,136.0,coches.net,berlina
LAND-ROVER,RANGE ROVER EVOQUE,30990.0,2021.0,99000.0,Híbrido,Automatico,150.0,coches.net,utilitario
AUDI,Q3,30990.0,2022.0,136738.0,Diésel,Automatico,150.0,coches.net,utilitario
VOLVO,XC60,40500.0,2023.0,24087.0,Híbrido,Automatico,197.0,coches.net,utilitario
VOLVO,XC60,44900.0,2023.0,31366.0,Híbrido,Automatico,197.0,coches.net,utilitario
SMART,FORFOUR,9900.0,2019.0,53700.0,Eléctrico,Automatico,82.0,coches.net,berlina
CITROEN,C-ELYSÉE,7990.0,2017.0,40887.0,Gasolina,Manual,82.0,coches.net,berlina
AUDI,A1,22050.0,2025.0,14370.0,Gasolina,Manual,95.0,coches.net,berlina
CITROEN,C3,13500.0,2023.0,54073.0,Gasolina,Manual,83.0,coches.net,berlina
CITROEN,C3,12200.0,2022.0,64715.0,Gasolina,Manual,83.0,coches.net,berlina
CITROEN,C3,11500.0,2022.0,77000.0,Gasolina,Manual,83.0,coches.net,berlina
MINI,MINI,21990.0,2023.0,74095.0,Gasolina,Automatico,136.0,coches.net,berlina
FORD,FOCUS,21840.0,2023.0,26122.0,Híbrido,Manual,155.0,coches.net,berlina
NISSAN,JUKE,26790.0,2024.0,10603.0,Híbrido,Automatico,143.0,coches.net,utilitario
FORD,KUGA,14500.0,2017.0,136555.0,Diésel,Automatico,150.0,coches.net,utilitario
NISSAN,JUKE,24290.0,2023.0,27074.0,Híbrido,Automatico,143.0,coches.net,utilitario
BMW,SERIE 1,13999.0,2018.0,153216.0,Diésel,Automatico,116.0,coches.net,berlina
HYUNDAI,BAYON,14490.0,2023.0,58000.0,Gasolina,Manual,84.0,coches.net,utilitario
MINI,MINI,14999.0,2014.0,137519.0,Gasolina,Automatico,192.0,coches.net,berlina
TOYOTA,COROLLA,16990.0,2021.0,59990.0,Híbrido,Automatico,122.0,coches.net,berlina
SEAT,ARONA,17500.0,2023.0,47000.0,Gasolina,Manual,110.0,coches.net,utilitario
SKODA,OCTAVIA,16999.0,2021.0,108000.0,Híbrido,Automatico,110.0,coches.net,berlina
FIAT,500,12500.0,2022.0,28200.0,Híbrido,Manual,70.0,coches.net,berlina
KIA,SPORTAGE,37990.0,2024.0,27000.0,Híbrido enchufable,Automatico,265.0,coches.net,utilitario
PEUGEOT,5008,24450.0,2024.0,41782.0,Gasolina,Manual,130.0,coches.net,utilitario
LAND-ROVER,RANGE ROVER EVOQUE,16990.0,2014.0,119000.0,Diésel,Manual,150.0,coches.net,utilitario
VOLVO,XC60,31900.0,2021.0,113747.0,Híbrido,Automatico,197.0,coches.net,utilitario
MERCEDES-BENZ,CLASE GLA,20299.0,2019.0,96247.0,Diésel,Automatico,136.0,coches.net,utilitario
AUDI,Q3,22399.0,2020.0,145437.0,Híbrido,Automatico,150.0,coches.net,utilitario
PEUGEOT,5008,18790.0,2022.0,85821.0,Gasolina,Automatico,130.0,coches.net,utilitario
PEUGEOT,308,8450.0,2016.0,112000.0,Gasolina,Manual,130.0,coches.net,berlina
RENAULT,CLIO,12490.0,2021.0,73000.0,Diésel,Manual,85.0,coches.net,berlina
FORD,FOCUS,3950.0,2010.0,285866.0,Diésel,Manual,90.0,coches.net,berlina
MERCEDES-BENZ,CLASE A,16990.0,2020.0,196280.0,Diésel,Manual,116.0,coches.net,berlina
TOYOTA,AYGO,10599.0,2018.0,30071.0,Gasolina,Manual,72.0,coches.net,berlina
CUPRA,FORMENTOR,24900.0,2022.0,84478.0,Diésel,Manual,150.0,coches.net,utilitario
CUPRA,FORMENTOR,23990.0,2022.0,64000.0,Diésel,Manual,150.0,coches.net,utilitario
VOLKSWAGEN,T-ROC,20900.0,2022.0,158000.0,Diésel,Automatico,150.0,coches.net,utilitario
VOLKSWAGEN,GOLF,21890.0,2023.0,99077.0,Diésel,Automatico,115.0,coches.net,berlina
CITROEN,C4 PICASSO,10900.0,2018.0,143124.0,Gasolina,Manual,130.0,coches.net,utilitario
TOYOTA,YARIS,21900.0,2023.0,32445.0,Híbrido,Automatico,116.0,coches.net,berlina
PEUGEOT,RIFTER,17490.0,2021.0,83570.0,Diésel,Manual,100.0,coches.net,utilitario
VOLKSWAGEN,T-ROC,16990.0,2020.0,144085.0,Diésel,Manual,115.0,coches.net,utilitario
KIA,STONIC,12990.0,2021.0,120490.0,Híbrido,Manual,100.0,coches.net,utilitario
TOYOTA,C-HR,17490.0,2019.0,139726.0,Híbrido,Automatico,122.0,coches.net,berlina
OPEL,ASTRA,25500.0,2025.0,10.0,Híbrido,Automatico,136.0,coches.net,berlina
TOYOTA,C-HR,18799.0,2019.0,58584.0,Híbrido,Automatico,122.0,coches.net,berlina
VOLVO,XC60,46500.0,2024.0,145.0,Híbrido,Automatico,197.0,coches.net,utilitario
VOLVO,XC60,43900.0,2024.0,31682.0,Híbrido,Automatico,197.0,coches.net,utilitario
AUDI,A4,13100.0,2017.0,228000.0,Diésel,Automatico,190.0,coches.net,berlina
MERCEDES-BENZ,CLASE A,18989.0,2019.0,139000.0,Diésel,Automatico,116.0,coches.net,berlina
FORD,FIESTA,8890.0,2018.0,127329.0,Gasolina,Manual,100.0,coches.net,berlina
PEUGEOT,308,7499.0,2013.0,143000.0,Diésel,Manual,112.0,coches.net,berlina
NISSAN,QASHQAI,31490.0,2023.0,15150.0,Híbrido,Automatico,190.0,coches.net,utilitario
FORD,KUGA,22900.0,2023.0,89000.0,Diésel,Automatico,120.0,coches.net,utilitario
SEAT,IBIZA,9000.0,2018.0,135000.0,Gasolina,Manual,75.0,coches.net,berlina
TOYOTA,YARIS,23500.0,2025.0,5882.0,Híbrido,Automatico,116.0,coches.net,berlina
TOYOTA,AURIS,14690.0,2018.0,112973.0,Híbrido,Automatico,136.0,coches.net,berlina
VOLKSWAGEN,T-CROSS,19750.0,2022.0,57000.0,Gasolina,Automatico,110.0,coches.net,utilitario
MAZDA,CX-5,16500.0,2018.0,189716.0,Diésel,Manual,150.0,coches.net,utilitario
SEAT,IBIZA,6500.0,2009.0,115000.0,Diésel,Manual,90.0,coches.net,berlina
TOYOTA,AYGO,13750.0,2021.0,63654.0,Gasolina,Manual,72.0,coches.net,berlina
RENAULT,KADJAR,20990.0,2022.0,47392.0,Gasolina,Automatico,140.0,coches.net,berlina
KIA,SPORTAGE,26015.0,2022.0,80498.0,Híbrido,Automatico,230.0,coches.net,utilitario
VOLVO,XC60,29990.0,2022.0,134927.0,Híbrido enchufable,Automatico,350.0,coches.net,utilitario
FORD,ECOSPORT,10299.0,2019.0,129688.0,Gasolina,Manual,125.0,coches.net,utilitario
DACIA,SANDERO,9200.0,2020.0,71000.0,Gasolina,Manual,90.0,coches.net,berlina
TOYOTA,C-HR,22990.0,2022.0,102509.0,Híbrido,Automatico,122.0,coches.net,berlina
OPEL,CORSA,1930.0,2010.0,310493.0,Diésel,Manual,75.0,coches.net,berlina
VOLKSWAGEN,POLO,13990.0,2022.0,90000.0,Gasolina,Manual,95.0,coches.net,berlina
SEAT,LEÓN,4990.0,2010.0,197260.0,Diésel,Manual,105.0,coches.net,berlina
HONDA,ACCORD,9999.0,2006.0,223000.0,Gasolina,Automatico,190.0,coches.net,berlina
MERCEDES-BENZ,CLASE A,34900.0,2025.0,19000.0,Diésel,Automatico,150.0,coches.net,berlina
MG,ZS,14990.0,2025.0,8607.0,Gasolina,Manual,106.0,coches.net,utilitario
NISSAN,QASHQAI,29990.0,2023.0,27914.0,Híbrido,Automatico,190.0,coches.net,utilitario
CITROEN,C3 AIRCROSS,8199.0,2018.0,57436.0,Gasolina,Manual,110.0,coches.net,utilitario
NISSAN,JUKE,21600.0,2025.0,12983.0,Gasolina,Manual,114.0,coches.net,utilitario
TOYOTA,AYGO,9890.0,2017.0,96356.0,Gasolina,Manual,69.0,coches.net,berlina
FIAT,TIPO,9890.0,2018.0,56000.0,Gasolina,Manual,95.0,coches.net,berlina
OPEL,ASTRA,6790.0,2015.0,162439.0,Diésel,Manual,110.0,coches.net,berlina
FORD,TOURNEO COURIER,12490.0,2016.0,73688.0,Diésel,Manual,95.0,coches.net,utilitario
FIAT,500X,12299.0,2018.0,71701.0,Diésel,Manual,120.0,coches.net,utilitario
NISSAN,JUKE,24500.0,2025.0,335.0,Gasolina,Manual,114.0,coches.net,utilitario
BMW,X3,27900.0,2020.0,99900.0,Diésel,Automatico,150.0,coches.net,utilitario
PEUGEOT,208,11900.0,2022.0,86100.0,Diésel,Manual,100.0,coches.net,berlina
BMW,SERIE 1,26900.0,2023.0,99900.0,Diésel,Automatico,150.0,coches.net,berlina
SEAT,ATECA,28990.0,2025.0,9999.0,Gasolina,Manual,115.0,coches.net,utilitario
PEUGEOT,3008,20990.0,2023.0,84950.0,Diésel,Automatico,130.0,coches.net,utilitario
MERCEDES-BENZ,CLASE GLC,31490.0,2020.0,104000.0,Híbrido enchufable,Automatico,320.0,coches.net,utilitario
SEAT,LEÓN,19950.0,2021.0,53000.0,Híbrido enchufable,Automatico,204.0,coches.net,berlina
PEUGEOT,2008,15375.0,2023.0,67542.0,Gasolina,Manual,100.0,coches.net,utilitario
CHEVROLET,CAPTIVA,8990.0,2011.0,150000.0,Diésel,Automatico,184.0,coches.net,utilitario
JEEP,COMPASS,17399.0,2020.0,90294.0,Diésel,Automatico,140.0,coches.net,utilitario
JAGUAR,E-PACE,18799.0,2020.0,89625.0,Diésel,Automatico,150.0,coches.net,utilitario
VOLKSWAGEN,T-ROC,20990.0,2022.0,43252.0,Gasolina,Manual,110.0,coches.net,utilitario
OPEL,CORSA,15190.0,2025.0,12650.0,Gasolina,Manual,100.0,coches.net,berlina
PEUGEOT,5008,22590.0,2022.0,40052.0,Diésel,Manual,130.0,coches.net,utilitario
OPEL,CORSA,10900.0,2023.0,68000.0,Gasolina,Manual,100.0,coches.net,berlina
BMW,SERIE 5,28490.0,2021.0,147815.0,Híbrido,Automatico,190.0,coches.net,berlina
FIAT,500,12490.0,2022.0,74663.0,Híbrido,Manual,70.0,coches.net,berlina
DACIA,SANDERO,14495.0,2023.0,37000.0,Gasolina,Manual,91.0,coches.net,berlina
BMW,SERIE 3,92990.0,2024.0,6000.0,Gasolina,Automatico,510.0,coches.net,berlina
VOLKSWAGEN,PASSAT,14990.0,2015.0,151729.0,Diésel,Manual,150.0,coches.net,berlina
PEUGEOT,RIFTER,18490.0,2020.0,110483.0,Diésel,Automatico,130.0,coches.net,utilitario
PEUGEOT,RIFTER,15990.0,2020.0,140941.0,Diésel,Manual,130.0,coches.net,utilitario
KIA,XCEED,19490.0,2025.0,13543.0,Gasolina,Manual,100.0,coches.net,utilitario
FIAT,TIPO,12290.0,2022.0,73350.0,Gasolina,Manual,100.0,coches.net,berlina
MINI,MINI,23500.0,2020.0,50505.0,Gasolina,Automatico,136.0,coches.net,berlina
AUDI,A5,33450.0,2019.0,72739.0,Diésel,Automatico,190.0,coches.net,berlina
RENAULT,SCÉNIC,7990.0,2014.0,140634.0,Diésel,Manual,110.0,coches.net,utilitario
AUDI,A3,26990.0,2021.0,99870.0,Híbrido,Automatico,150.0,coches.net,berlina
BMW,SERIE 2,24799.0,2021.0,117684.0,Diésel,Automatico,150.0,coches.net,berlina
SEAT,TOLEDO,8799.0,2015.0,139111.0,Diésel,Manual,105.0,coches.net,berlina
HYUNDAI,TUCSON,30200.0,2024.0,56358.0,Híbrido,Automatico,215.0,coches.net,utilitario
KIA,CEE'D,6890.0,2010.0,120595.0,Gasolina,Manual,90.0,coches.net,berlina
VOLKSWAGEN,T-ROC,21400.0,2021.0,89900.0,Diésel,Manual,115.0,coches.net,utilitario
SEAT,LEÓN,17850.0,2021.0,94000.0,Híbrido enchufable,Automatico,204.0,coches.net,berlina
AUDI,A5,17999.0,2015.0,135136.0,Diésel,Automatico,150.0,coches.net,berlina
CUPRA,FORMENTOR,23890.0,2023.0,59416.0,Gasolina,Automatico,150.0,coches.net,utilitario
FORD,FOCUS,2790.0,2007.0,220000.0,Diésel,Manual,109.0,coches.net,berlina
NISSAN,QASHQAI,22490.0,2022.0,67551.0,Híbrido,Manual,140.0,coches.net,utilitario
RENAULT,CLIO,18600.0,2024.0,17928.0,Gasolina,Manual,90.0,coches.net,berlina
PEUGEOT,E-208,13690.0,2022.0,104029.0,Eléctrico,Automatico,136.0,coches.net,berlina
HYUNDAI,I10,9599.0,2018.0,111221.0,Gasolina,Automatico,87.0,coches.net,berlina
HYUNDAI,I10,9799.0,2018.0,28960.0,Gasolina,Manual,66.0,coches.net,berlina
HYUNDAI,I10,8999.0,2014.0,36806.0,Gasolina,Automatico,87.0,coches.net,berlina
BMW,SERIE 3,24290.0,2021.0,113160.0,Híbrido enchufable,Automatico,292.0,coches.net,berlina
BMW,SERIE 1,13750.0,2014.0,129000.0,Gasolina,Automatico,170.0,coches.net,berlina
PEUGEOT,308,8990.0,2015.0,245981.0,Gasolina,Manual,205.0,coches.net,berlina
CITROEN,BERLINGO,14599.0,2019.0,124446.0,Diésel,Manual,102.0,coches.net,utilitario
HYUNDAI,TUCSON,27940.0,2022.0,18558.0,Híbrido,Automatico,150.0,coches.net,utilitario
MAZDA,MAZDA3,27290.0,2024.0,14057.0,Híbrido,Automatico,122.0,coches.net,berlina
AUDI,A3,18950.0,2016.0,148000.0,Diésel,Automatico,110.0,coches.net,berlina
FORD,FOCUS,13490.0,2020.0,143127.0,Gasolina,Manual,125.0,coches.net,berlina
RENAULT,MÉGANE,14690.0,2022.0,91202.0,Diésel,Manual,115.0,coches.net,berlina
NISSAN,QASHQAI,15990.0,2015.0,48508.0,Diésel,Automatico,130.0,coches.net,berlina
MERCEDES-BENZ,CLASE A,23940.0,2022.0,129484.0,Gasolina,Automatico,136.0,coches.net,berlina
HYUNDAI,I20,21850.0,2025.0,26730.0,Híbrido,Automatico,100.0,coches.net,berlina
HYUNDAI,IONIQ,11990.0,2019.0,185209.0,Híbrido enchufable,Automatico,141.0,coches.net,berlina
MINI,COUNTRYMAN,18990.0,2021.0,105507.0,Híbrido enchufable,Automatico,220.0,coches.net,berlina
RENAULT,MÉGANE,17490.0,2023.0,47899.0,Gasolina,Automatico,140.0,coches.net,berlina
RENAULT,CLIO,5500.0,2012.0,200000.0,Diésel,Manual,90.0,coches.net,berlina
MINI,MINI,22099.0,2022.0,43243.0,Gasolina,Automatico,136.0,coches.net,berlina
MINI,MINI,20900.0,2023.0,57377.0,Gasolina,Automatico,136.0,coches.net,berlina
SEAT,LEÓN,19490.0,2023.0,96000.0,Diésel,Automatico,150.0,coches.net,berlina
OPEL,CORSA,16490.0,2025.0,16494.0,Gasolina,Manual,100.0,coches.net,berlina
FORD,MONDEO,18690.0,2021.0,77041.0,Híbrido,Automatico,187.0,coches.net,berlina
SEAT,ATECA,13499.0,2016.0,125221.0,Diésel,Manual,115.0,coches.net,utilitario
RENAULT,MÉGANE,2790.0,2006.0,219323.0,Diésel,Manual,85.0,coches.net,berlina
AUDI,A1,13590.0,2018.0,53200.0,Gasolina,Automatico,95.0,coches.net,berlina
FORD,KUGA,17890.0,2023.0,124787.0,Híbrido enchufable,Automatico,225.0,coches.net,utilitario
FORD,KUGA,17990.0,2023.0,104437.0,Híbrido enchufable,Automatico,225.0,coches.net,utilitario
VOLKSWAGEN,GOLF,29990.0,2019.0,84000.0,Gasolina,Automatico,245.0,coches.net,berlina
MERCEDES-BENZ,CLASE A,19500.0,2017.0,79000.0,Diésel,Automatico,136.0,coches.net,berlina
CITROEN,C4 CACTUS,10990.0,2020.0,39000.0,Gasolina,Manual,110.0,coches.net,berlina
OPEL,CORSA,14190.0,2024.0,17599.0,Gasolina,Manual,100.0,coches.net,berlina
TOYOTA,COROLLA,16690.0,2021.0,131666.0,Híbrido,Automatico,122.0,coches.net,berlina
OPEL,CORSA,14190.0,2024.0,17599.0,Gasolina,Manual,100.0,coches.net,berlina
FORD,FOCUS,30900.0,2016.0,101518.0,Gasolina,Manual,350.0,coches.net,berlina
BMW,SERIE 1,20490.0,2020.0,76831.0,Diésel,Manual,150.0,coches.net,berlina
MINI,MINI,7990.0,2010.0,98000.0,Gasolina,Manual,98.0,coches.net,berlina
TOYOTA,YARIS,23490.0,2025.0,5990.0,Híbrido,Automatico,116.0,coches.net,berlina
MERCEDES-BENZ,CLASE CLA,23299.0,2017.0,128733.0,Diésel,Automatico,177.0,coches.net,berlina
PEUGEOT,3008,14900.0,2019.0,111827.0,Gasolina,Manual,130.0,coches.net,utilitario
KIA,PICANTO,8799.0,2018.0,38184.0,Gasolina,Manual,67.0,coches.net,berlina
MINI,COUNTRYMAN,12990.0,2015.0,112197.0,Diésel,Manual,112.0,coches.net,berlina
VOLVO,S60,14990.0,2015.0,254000.0,Diésel,Automatico,181.0,coches.net,berlina
LAND-ROVER,RANGE ROVER EVOQUE,27690.0,2021.0,30993.0,Híbrido,Automatico,163.0,coches.net,utilitario
LAND-ROVER,RANGE ROVER EVOQUE,21890.0,2020.0,104644.0,Híbrido,Automatico,150.0,coches.net,utilitario
BMW,SERIE 1,22790.0,2020.0,57825.0,Diésel,Automatico,150.0,coches.net,berlina
CITROEN,SPACETOURER,25990.0,2019.0,130670.0,Diésel,Manual,150.0,coches.net,utilitario
OPEL,CROSSLAND X,9990.0,2019.0,127000.0,Gasolina,Automatico,110.0,coches.net,utilitario
SEAT,ARONA,17990.0,2023.0,26247.0,Gasolina,Manual,110.0,coches.net,utilitario
FORD,KUGA,19490.0,2023.0,66250.0,Gasolina,Manual,150.0,coches.net,utilitario
BMW,SERIE 2 ACTIVE TOURER,20900.0,2021.0,56000.0,Híbrido enchufable,Automatico,220.0,coches.net,utilitario
PEUGEOT,2008,12990.0,2021.0,90095.0,Diésel,Manual,110.0,coches.net,utilitario
PEUGEOT,5008,16490.0,2021.0,133706.0,Diésel,Manual,130.0,coches.net,utilitario
BMW,SERIE 1,6990.0,2008.0,200000.0,Diésel,Manual,143.0,coches.net,berlina
DS,DS 4,17900.0,2022.0,71000.0,Diésel,Automatico,130.0,coches.net,berlina
SEAT,IBIZA,22200.0,2026.0,50.0,Gasolina,Manual,115.0,coches.net,berlina
SEAT,ALHAMBRA,18890.0,2022.0,149741.0,Gasolina,Automatico,150.0,coches.net,utilitario
TOYOTA,C-HR,20990.0,2022.0,98279.0,Híbrido,Automatico,122.0,coches.net,berlina
AUDI,Q2,17990.0,2016.0,115906.0,Gasolina,Manual,150.0,coches.net,utilitario
FIAT,600,22990.0,2024.0,8063.0,Híbrido,Automatico,100.0,coches.net,utilitario
OPEL,MOKKA,16900.0,2024.0,23000.0,Gasolina,Manual,136.0,coches.net,utilitario
TOYOTA,C-HR,32790.0,2024.0,12500.0,Híbrido,Automatico,140.0,coches.net,utilitario
PEUGEOT,2008,15940.0,2021.0,33768.0,Gasolina,Automatico,130.0,coches.net,utilitario
SEAT,ATECA,17890.0,2022.0,73405.0,Gasolina,Manual,110.0,coches.net,utilitario
SEAT,ATECA,19950.0,2022.0,72283.0,Gasolina,Manual,150.0,coches.net,utilitario
BMW,SERIE 2,18900.0,2021.0,109367.0,Diésel,Automatico,116.0,coches.net,berlina
AUDI,A1,24199.0,2022.0,38823.0,Gasolina,Automatico,110.0,coches.net,berlina
PEUGEOT,108,7699.0,2019.0,109253.0,Gasolina,Manual,72.0,coches.net,berlina
AUDI,Q7,22990.0,2015.0,219056.0,Diésel,Automatico,272.0,coches.net,utilitario
VOLKSWAGEN,GOLF,13990.0,2014.0,168000.0,Diésel,Automatico,150.0,coches.net,berlina
PEUGEOT,3008,13199.0,2019.0,86230.0,Diésel,Manual,130.0,coches.net,utilitario
VOLKSWAGEN,MULTIVAN,48650.0,2024.0,23923.0,Diésel,Automatico,150.0,coches.net,utilitario
SEAT,LEÓN,12990.0,2022.0,142539.0,Diésel,Manual,115.0,coches.net,berlina
KIA,SPORTAGE,15990.0,2018.0,75800.0,Diésel,Manual,115.0,coches.net,utilitario
NISSAN,PULSAR,7999.0,2014.0,146080.0,Diésel,Manual,110.0,coches.net,berlina
PEUGEOT,2008,12890.0,2020.0,40000.0,Gasolina,Manual,100.0,coches.net,utilitario
FORD,FOCUS,15490.0,2022.0,79152.0,Híbrido,Manual,155.0,coches.net,berlina
FORD,FOCUS,18490.0,2023.0,75834.0,Híbrido,Automatico,125.0,coches.net,berlina
PEUGEOT,208,7399.0,2017.0,106709.0,Gasolina,Manual,82.0,coches.net,berlina
NISSAN,QASHQAI,33500.0,2024.0,9758.0,Híbrido,Automatico,190.0,coches.net,utilitario
HYUNDAI,I20,14900.0,2024.0,83882.0,Gasolina,Manual,100.0,coches.net,berlina
VOLKSWAGEN,GOLF,25490.0,2024.0,30604.0,Diésel,Manual,115.0,coches.net,berlina
RENAULT,CLIO,11990.0,2022.0,93658.0,Gas,Manual,100.0,coches.net,berlina
NISSAN,QASHQAI,12000.0,2016.0,95857.0,Gasolina,Manual,115.0,coches.net,berlina
PEUGEOT,2008,19990.0,2024.0,1.0,Gasolina,Manual,130.0,coches.net,utilitario
HYUNDAI,I20,15850.0,2022.0,52606.0,Híbrido,Manual,100.0,coches.net,berlina
KIA,PICANTO,17186.0,2025.0,2.0,Gasolina,Manual,68.0,coches.net,berlina
CITROEN,C3,10600.0,2021.0,130000.0,Diésel,Manual,102.0,coches.net,berlina
MERCEDES-BENZ,CLASE A,33000.0,2025.0,22521.0,Híbrido,Automatico,136.0,coches.net,berlina
CITROEN,C4,6490.0,2014.0,160000.0,Diésel,Manual,92.0,coches.net,berlina
FORD,FIESTA,15890.0,2022.0,36925.0,Híbrido,Manual,125.0,coches.net,berlina
NISSAN,QASHQAI,8950.0,2014.0,267275.0,Diésel,Manual,130.0,coches.net,berlina
TOYOTA,RAV4,19490.0,2016.0,112780.0,Híbrido,Automatico,197.0,coches.net,utilitario
BMW,SERIE 1,12290.0,2017.0,213000.0,Diésel,Automatico,150.0,coches.net,berlina
MERCEDES-BENZ,CLASE B,14850.0,2013.0,107000.0,Diésel,Automatico,109.0,coches.net,utilitario
MERCEDES-BENZ,CLASE C,10500.0,2008.0,173000.0,Diésel,Manual,170.0,coches.net,berlina
HYUNDAI,I30,14990.0,2018.0,6178.0,Gasolina,Manual,120.0,coches.net,berlina
TOYOTA,C-HR,23300.0,2020.0,86705.0,Híbrido,Automatico,184.0,coches.net,berlina
KIA,CARENS,6700.0,2015.0,242000.0,Diésel,Manual,141.0,coches.net,utilitario
TOYOTA,COROLLA,30499.0,2025.0,11031.0,Híbrido,Automatico,196.0,coches.net,berlina
TOYOTA,COROLLA,26990.0,2025.0,12191.0,Híbrido,Automatico,140.0,coches.net,berlina
KIA,RIO,9099.0,2014.0,58885.0,Gasolina,Manual,85.0,coches.net,berlina
FIAT,TIPO,11250.0,2018.0,151085.0,Diésel,Manual,120.0,coches.net,berlina
CITROEN,C4 CACTUS,11399.0,2018.0,55310.0,Diésel,Manual,99.0,coches.net,berlina
MERCEDES-BENZ,GLE,87890.0,2025.0,9515.0,Híbrido enchufable,Automatico,333.0,coches.net,utilitario
MERCEDES-BENZ,GLE,87890.0,2025.0,40.0,Híbrido enchufable,Automatico,333.0,coches.net,utilitario
HONDA,CIVIC,4990.0,2000.0,242000.0,Gasolina,Manual,90.0,coches.net,berlina
BMW,X2,27590.0,2022.0,45843.0,Diésel,Automatico,150.0,coches.net,utilitario
NISSAN,QASHQAI,20290.0,2022.0,63614.0,Híbrido,Manual,140.0,coches.net,utilitario
AUDI,A1,19590.0,2022.0,18707.0,Gasolina,Manual,95.0,coches.net,berlina
FIAT,500,9990.0,2023.0,73500.0,Híbrido,Manual,70.0,coches.net,berlina
SEAT,ARONA,15990.0,2022.0,23489.0,Gasolina,Manual,110.0,coches.net,utilitario
FIAT,500,9990.0,2023.0,78000.0,Híbrido,Manual,70.0,coches.net,berlina
PEUGEOT,508,15990.0,2021.0,82872.0,Diésel,Automatico,130.0,coches.net,berlina
HYUNDAI,IONIQ,16990.0,2021.0,91364.0,Híbrido,Automatico,141.0,coches.net,berlina
MERCEDES-BENZ,CLASE A,27985.0,2021.0,39999.0,Híbrido enchufable,Automatico,218.0,coches.net,berlina
FORD,PUMA,16990.0,2021.0,46949.0,Híbrido,Manual,125.0,coches.net,utilitario
KIA,XCEED,18950.0,2023.0,54659.0,Gasolina,Manual,120.0,coches.net,utilitario
MAZDA,MAZDA3,29290.0,2024.0,12252.0,Híbrido,Automatico,150.0,coches.net,berlina
AUDI,Q7,42990.0,2022.0,145000.0,Híbrido enchufable,Automatico,381.0,coches.net,utilitario
BMW,I3,19990.0,2019.0,57836.0,Eléctrico,Automatico,184.0,coches.net,berlina
TOYOTA,COROLLA,19490.0,2020.0,124422.0,Híbrido,Automatico,122.0,coches.net,berlina
TOYOTA,COROLLA,20690.0,2022.0,80666.0,Híbrido,Automatico,122.0,coches.net,berlina
HYUNDAI,TUCSON,35500.0,2023.0,9024.0,Híbrido enchufable,Automatico,265.0,coches.net,utilitario
PEUGEOT,308,14990.0,2022.0,107641.0,Diésel,Manual,130.0,coches.net,berlina
RENAULT,CLIO,16900.0,2025.0,19900.0,Gasolina,Manual,90.0,coches.net,berlina
OPEL,CORSA,10490.0,2022.0,90911.0,Gasolina,Manual,100.0,coches.net,berlina
TOYOTA,C-HR,21650.0,2021.0,125629.0,Híbrido,Automatico,122.0,coches.net,berlina
AUDI,A5,29990.0,2021.0,69000.0,Híbrido,Automatico,163.0,coches.net,berlina
NISSAN,QASHQAI,38900.0,2024.0,11492.0,Híbrido,Automatico,190.0,coches.net,utilitario
NISSAN,QASHQAI,36900.0,2024.0,9068.0,Híbrido,Automatico,190.0,coches.net,utilitario
SMART,FORTWO,7999.0,2013.0,133000.0,Gasolina,Automatico,71.0,coches.net,berlina
BMW,SERIE 2,12999.0,2014.0,104933.0,Diésel,Manual,150.0,coches.net,utilitario
KIA,CARENS,9900.0,2016.0,106087.0,Gasolina,Manual,135.0,coches.net,utilitario
FORD,FOCUS,5490.0,2006.0,139000.0,Diésel,Automatico,109.0,coches.net,berlina
PEUGEOT,108,10609.0,2021.0,50849.0,Gasolina,Manual,72.0,coches.net,berlina
SEAT,LEÓN,6999.0,2009.0,170000.0,Diésel,Manual,105.0,coches.net,berlina
KIA,CEED,16490.0,2023.0,51250.0,Gasolina,Manual,100.0,coches.net,berlina
VOLKSWAGEN,CADDY,11490.0,2016.0,198000.0,Diésel,Manual,150.0,coches.net,utilitario
PEUGEOT,2008,10999.0,2018.0,73631.0,Diésel,Manual,100.0,coches.net,utilitario
MERCEDES-BENZ,CLASE GLC,44900.0,2022.0,123461.0,Diésel,Automatico,194.0,coches.net,utilitario
MERCEDES-BENZ,CLASE A,17990.0,2016.0,39000.0,Gasolina,Manual,122.0,coches.net,berlina
BMW,SERIE 4,22990.0,2017.0,106350.0,Diésel,Automatico,190.0,coches.net,berlina
MERCEDES-BENZ,CLASE A,32600.0,2025.0,16693.0,Híbrido,Automatico,136.0,coches.net,berlina
BMW,SERIE 2,24799.0,2021.0,117684.0,Diésel,Automatico,150.0,coches.net,berlina
AUDI,A3,36900.0,2018.0,69900.0,Gasolina,Automatico,300.0,coches.net,berlina
VOLKSWAGEN,TIGUAN,44490.0,2025.0,12890.0,Híbrido enchufable,Automatico,204.0,coches.net,utilitario
SEAT,TOLEDO,4900.0,2015.0,284000.0,Diésel,Manual,105.0,coches.net,berlina
CITROEN,C3 AIRCROSS,12290.0,2022.0,81658.0,Gasolina,Manual,110.0,coches.net,utilitario
SEAT,ATECA,16890.0,2019.0,95415.0,Diésel,Manual,115.0,coches.net,utilitario
CITROEN,C3,10500.0,2022.0,198000.0,Diésel,Manual,102.0,coches.net,berlina
SEAT,LEÓN,17990.0,2022.0,168556.0,Diésel,Manual,150.0,coches.net,berlina
RENAULT,TWINGO,7799.0,2015.0,77690.0,Gasolina,Manual,90.0,coches.net,berlina
HONDA,ACCORD,4990.0,2007.0,308000.0,Diésel,Manual,140.0,coches.net,berlina
SEAT,IBIZA,7495.0,2009.0,100000.0,Diésel,Manual,105.0,coches.net,berlina
KIA,CEE'D,4499.0,2008.0,218000.0,Diésel,Manual,115.0,coches.net,berlina
SEAT,ARONA,18990.0,2022.0,30672.0,Gasolina,Automatico,110.0,coches.net,utilitario
MERCEDES-BENZ,CLASE C,7999.0,2010.0,314000.0,Diésel,Automatico,204.0,coches.net,berlina
OPEL,INSIGNIA,10490.0,2015.0,76691.0,Diésel,Manual,140.0,coches.net,berlina
HYUNDAI,I30,10399.0,2016.0,80426.0,Gasolina,Manual,100.0,coches.net,berlina
RENAULT,CLIO,14990.0,2021.0,79334.0,Híbrido,Automatico,140.0,coches.net,berlina
FORD,FIESTA,7999.0,2021.0,179000.0,Gasolina,Manual,95.0,coches.net,berlina
CITROEN,C3,8290.0,2019.0,95469.0,Gasolina,Manual,83.0,coches.net,berlina
PEUGEOT,208,12990.0,2022.0,76193.0,Diésel,Manual,100.0,coches.net,berlina
TOYOTA,COROLLA,26000.0,2025.0,15500.0,Híbrido,Automatico,140.0,coches.net,berlina
RENAULT,CLIO,8900.0,2015.0,160000.0,Diésel,Manual,75.0,coches.net,berlina
MERCEDES-BENZ,GLA,30999.0,2022.0,127500.0,Diésel,Automatico,150.0,coches.net,utilitario
FORD,MONDEO,21499.0,2021.0,50130.0,Híbrido,Automatico,187.0,coches.net,berlina
KIA,NIRO,16490.0,2020.0,91160.0,Híbrido,Automatico,141.0,coches.net,berlina
AUDI,Q5,32990.0,2020.0,85000.0,Híbrido enchufable,Automatico,367.0,coches.net,utilitario
MERCEDES-BENZ,CLASE CLA,25490.0,2019.0,55005.0,Gasolina,Automatico,136.0,coches.net,berlina
VOLVO,V60,27450.0,2022.0,77950.0,Híbrido,Automatico,197.0,coches.net,berlina
PEUGEOT,208,5490.0,2012.0,149000.0,Gasolina,Manual,95.0,coches.net,berlina
LAND-ROVER,RANGE ROVER EVOQUE,34995.0,2016.0,57000.0,Diésel,Automatico,180.0,coches.net,utilitario
FERRARI,488,219900.0,2015.0,43000.0,Gasolina,Automatico,670.0,coches.net,berlina
PORSCHE,CAYENNE,109995.0,2024.0,14000.0,Híbrido enchufable,Automatico,519.0,coches.net,utilitario
INFINITI,Q30,17690.0,2017.0,87119.0,Gasolina,Automatico,211.0,coches.net,berlina
MAZDA,CX-30,23900.0,2023.0,68343.0,Híbrido,Manual,150.0,coches.net,utilitario
VOLKSWAGEN,GOLF,28800.0,2018.0,90000.0,Gasolina,Automatico,245.0,coches.net,berlina
AUDI,A4,23990.0,2021.0,99531.0,Híbrido,Automatico,136.0,coches.net,berlina
MERCEDES-BENZ,CLASE C,25890.0,2018.0,114221.0,Diésel,Automatico,194.0,coches.net,berlina
TOYOTA,YARIS,17590.0,2020.0,49399.0,Híbrido,Automatico,100.0,coches.net,berlina
BMW,SERIE 3,25900.0,2022.0,149000.0,Híbrido,Automatico,190.0,coches.net,berlina
PORSCHE,CAYENNE,129995.0,2024.0,14000.0,Híbrido enchufable,Automatico,519.0,coches.net,utilitario
SMART,FORFOUR,9940.0,2015.0,103416.0,Gasolina,Manual,71.0,coches.net,berlina
DACIA,SANDERO,15210.0,2024.0,48566.0,Gas,Manual,101.0,coches.net,berlina
FORD,FOCUS,11000.0,2020.0,192698.0,Diésel,Manual,120.0,coches.net,berlina
HYUNDAI,TUCSON,27900.0,2024.0,6060.0,Gasolina,Manual,150.0,coches.net,utilitario
RENAULT,CLIO,10990.0,2021.0,140000.0,Diésel,Manual,100.0,coches.net,berlina
MERCEDES-BENZ,CLASE A,16990.0,2017.0,98967.0,Diésel,Manual,109.0,coches.net,berlina
BMW,X3,32890.0,2022.0,97000.0,Híbrido enchufable,Automatico,292.0,coches.net,utilitario
FORD,MONDEO,20490.0,2021.0,68930.0,Híbrido,Automatico,187.0,coches.net,berlina
VOLKSWAGEN,TIGUAN,21995.0,2017.0,128162.0,Diésel,Automatico,150.0,coches.net,utilitario
SEAT,ATECA,27100.0,2025.0,15402.0,Gasolina,Automatico,150.0,coches.net,utilitario
PEUGEOT,208,12480.0,2021.0,42938.0,Gasolina,Manual,100.0,coches.net,berlina
SEAT,IBIZA,18520.0,2025.0,12461.0,Gasolina,Manual,115.0,coches.net,berlina
SKODA,OCTAVIA,37975.0,2023.0,38000.0,Gasolina,Automatico,245.0,coches.net,berlina
ABARTH,500,22899.0,2021.0,27900.0,Gasolina,Manual,180.0,coches.net,berlina
HYUNDAI,I30,13900.0,2019.0,87349.0,Gasolina,Manual,120.0,coches.net,berlina
RENAULT,MÉGANE,17490.0,2023.0,47899.0,Gasolina,Automatico,140.0,coches.net,berlina
HYUNDAI,I40,11990.0,2016.0,111146.0,Diésel,Manual,141.0,coches.net,berlina
HYUNDAI,I30,10995.0,2017.0,62000.0,Gasolina,Manual,120.0,coches.net,berlina
FORD,KUGA,13900.0,2016.0,82000.0,Gasolina,Automatico,182.0,coches.net,utilitario
CITROEN,BERLINGO,20490.0,2025.0,10121.0,Diésel,Manual,102.0,coches.net,utilitario
TOYOTA,COROLLA,22900.0,2021.0,99000.0,Híbrido,Automatico,180.0,coches.net,berlina
LAND-ROVER,DISCOVERY SPORT,16040.0,2016.0,154813.0,Diésel,Manual,150.0,coches.net,utilitario
DACIA,SANDERO,17690.0,2025.0,3400.0,Gas,Manual,101.0,coches.net,berlina
SEAT,IBIZA,11290.0,2019.0,83560.0,Diésel,Manual,80.0,coches.net,berlina
BMW,SERIE 3,33450.0,2023.0,119000.0,Híbrido enchufable,Automatico,292.0,coches.net,berlina
SEAT,ATECA,14990.0,2019.0,187000.0,Gasolina,Manual,150.0,coches.net,utilitario
BMW,X3,34600.0,2024.0,113287.0,Híbrido,Automatico,208.0,coches.net,utilitario
AUDI,Q3,27790.0,2023.0,65308.0,Diésel,Automatico,150.0,coches.net,utilitario
AUDI,Q3,29610.0,2023.0,122000.0,Diésel,Automatico,150.0,coches.net,utilitario
AUDI,Q3,27750.0,2023.0,68006.0,Diésel,Automatico,150.0,coches.net,utilitario
VOLKSWAGEN,TOUAREG,49890.0,2022.0,58894.0,Diésel,Automatico,286.0,coches.net,utilitario
FORD,MONDEO,14490.0,2019.0,109848.0,Diésel,Manual,150.0,coches.net,berlina
SEAT,IBIZA,17485.0,2025.0,22500.0,Gasolina,Manual,115.0,coches.net,berlina
FIAT,500L,12499.0,2021.0,16954.0,Gasolina,Manual,95.0,coches.net,utilitario
CITROEN,C4,8490.0,2013.0,65000.0,Gasolina,Manual,120.0,coches.net,berlina
SKODA,FABIA,15090.0,2023.0,11816.0,Gasolina,Manual,95.0,coches.net,berlina
HONDA,CIVIC,36900.0,2018.0,85000.0,Gasolina,Manual,320.0,coches.net,berlina
VOLKSWAGEN,POLO,8890.0,2011.0,101039.0,Gasolina,Manual,85.0,coches.net,berlina
OPEL,GRANDLAND X,11900.0,2019.0,93700.0,Gasolina,Manual,130.0,coches.net,utilitario
FIAT,TIPO,10900.0,2019.0,89669.0,Gasolina,Manual,95.0,coches.net,berlina
PEUGEOT,208,14900.0,2024.0,17893.0,Gasolina,Manual,100.0,coches.net,berlina
PEUGEOT,208,14900.0,2024.0,17893.0,Gasolina,Manual,100.0,coches.net,berlina
OPEL,INSIGNIA,10500.0,2018.0,120085.0,Diésel,Manual,136.0,coches.net,berlina
OPEL,CORSA,9990.0,2022.0,68543.0,Gasolina,Manual,100.0,coches.net,berlina
OPEL,CORSA,9990.0,2022.0,68543.0,Gasolina,Manual,100.0,coches.net,berlina
BMW,SERIE 3,18490.0,2020.0,150000.0,Diésel,Automatico,150.0,coches.net,berlina
MERCEDES-BENZ,CLASE B,35200.0,2024.0,7764.0,Diésel,Automatico,150.0,coches.net,utilitario
FORD,FOCUS,19900.0,2024.0,56823.0,Híbrido,Automatico,155.0,coches.net,berlina
FORD,FOCUS,19900.0,2024.0,56823.0,Híbrido,Automatico,155.0,coches.net,berlina
AUDI,A3,9995.0,2008.0,254000.0,Diésel,Manual,105.0,coches.net,berlina
SKODA,FABIA,16650.0,2025.0,35995.0,Gasolina,Manual,80.0,coches.net,berlina
TOYOTA,COROLLA,27800.0,2025.0,5877.0,Híbrido,Automatico,140.0,coches.net,berlina
NISSAN,QASHQAI,29900.0,2023.0,22121.0,Híbrido,Automatico,190.0,coches.net,utilitario
KIA,XCEED,25440.0,2023.0,32127.0,Híbrido enchufable,Automatico,141.0,coches.net,utilitario
TOYOTA,YARIS,15990.0,2023.0,72000.0,Gasolina,Manual,125.0,coches.net,berlina
BMW,X2,27990.0,2021.0,71500.0,Híbrido enchufable,Automatico,220.0,coches.net,utilitario
DS,DS 7 CROSSBACK E-TENSE,21990.0,2021.0,82900.0,Híbrido enchufable,Automatico,300.0,coches.net,utilitario
MAZDA,CX-5,18499.0,2018.0,137000.0,Diésel,Automatico,150.0,coches.net,utilitario
TOYOTA,LAND CRUISER,95990.0,2025.0,6788.0,Diésel,Automatico,204.0,coches.net,utilitario
LAND-ROVER,RANGE ROVER VELAR,35890.0,2021.0,82313.0,Híbrido,Automatico,204.0,coches.net,utilitario
VOLKSWAGEN,TOUAREG,42990.0,2021.0,85601.0,Diésel,Automatico,286.0,coches.net,utilitario
MAZDA,CX-30,20900.0,2021.0,68073.0,Híbrido,Manual,122.0,coches.net,utilitario
PORSCHE,CAYENNE COUPÉ,79500.0,2023.0,56780.0,Híbrido enchufable,Automatico,462.0,coches.net,utilitario
HYUNDAI,IONIQ 5,37900.0,2024.0,14500.0,Eléctrico,Automatico,229.0,coches.net,utilitario
AUDI,A5,37690.0,2020.0,89000.0,Diésel,Automatico,190.0,coches.net,berlina
PEUGEOT,2008,13990.0,2020.0,72682.0,Gasolina,Manual,130.0,coches.net,utilitario
PEUGEOT,3008,15499.0,2019.0,120656.0,Diésel,Automatico,130.0,coches.net,utilitario
SKODA,FABIA,10690.0,2021.0,109000.0,Gasolina,Manual,95.0,coches.net,berlina
SKODA,FABIA,11890.0,2021.0,76000.0,Gasolina,Manual,95.0,coches.net,berlina
PEUGEOT,508,15690.0,2022.0,155754.0,Diésel,Automatico,130.0,coches.net,berlina
KIA,SPORTAGE,14900.0,2019.0,99412.0,Híbrido,Manual,136.0,coches.net,utilitario
BMW,SERIE 2 GRAN TOURER,14890.0,2016.0,204000.0,Diésel,Automatico,190.0,coches.net,utilitario
VOLKSWAGEN,TOURAN,16700.0,2017.0,134246.0,Diésel,Manual,115.0,coches.net,utilitario
SEAT,LEÓN,15490.0,2021.0,77207.0,Diésel,Manual,115.0,coches.net,berlina
VOLKSWAGEN,GOLF,24900.0,2021.0,163807.0,Diésel,Automatico,150.0,coches.net,berlina
VOLKSWAGEN,GOLF,21600.0,2022.0,60479.0,Diésel,Manual,115.0,coches.net,berlina
MERCEDES-BENZ,CLASE C,24790.0,2019.0,110100.0,Gasolina,Automatico,156.0,coches.net,berlina
PEUGEOT,208,12290.0,2021.0,95778.0,Diésel,Manual,100.0,coches.net,berlina
BMW,SERIE 1,12999.0,2019.0,185000.0,Diésel,Manual,116.0,coches.net,berlina
CITROEN,C4,13850.0,2022.0,85000.0,Diésel,Automatico,130.0,coches.net,berlina
PEUGEOT,2008,9990.0,2018.0,79478.0,Gasolina,Manual,110.0,coches.net,utilitario
PEUGEOT,2008,9990.0,2019.0,143123.0,Diésel,Manual,100.0,coches.net,utilitario
OPEL,ZAFIRA,9997.0,2016.0,222000.0,Diésel,Manual,170.0,coches.net,utilitario
SEAT,IBIZA,5999.0,2010.0,192000.0,Diésel,Manual,90.0,coches.net,berlina
PORSCHE,CAYENNE,25690.0,2015.0,229239.0,Diésel,Automatico,262.0,coches.net,utilitario
JEEP,RENEGADE,14890.0,2017.0,50820.0,Gasolina,Manual,140.0,coches.net,utilitario
OPEL,CROSSLAND X,10890.0,2018.0,77060.0,Gasolina,Manual,130.0,coches.net,utilitario
JAGUAR,X-TYPE,6599.0,2008.0,193062.0,Diésel,Automatico,145.0,coches.net,berlina
VOLKSWAGEN,GOLF,7490.0,2008.0,188000.0,Diésel,Manual,105.0,coches.net,berlina
MERCEDES-BENZ,CLASE C,31790.0,2020.0,79543.0,Diésel,Automatico,160.0,coches.net,berlina
HYUNDAI,IX35,11799.0,2015.0,124588.0,Gasolina,Manual,135.0,coches.net,utilitario
MERCEDES-BENZ,CLASE C,5690.0,2005.0,187185.0,Gasolina,Manual,143.0,coches.net,berlina
BMW,SERIE 3,15990.0,2017.0,189000.0,Diésel,Automatico,190.0,coches.net,berlina
BMW,SERIE 1,9999.0,2013.0,176000.0,Gasolina,Manual,136.0,coches.net,berlina
FIAT,500X,17490.0,2022.0,69718.0,Gasolina,Automatico,150.0,coches.net,utilitario
FIAT,500X,16200.0,2023.0,56654.0,Gasolina,Manual,120.0,coches.net,utilitario
MG,ZS,17090.0,2023.0,44768.0,Gasolina,Manual,106.0,coches.net,utilitario
HYUNDAI,KONA,13890.0,2022.0,127226.0,Gasolina,Manual,120.0,coches.net,utilitario
NISSAN,QASHQAI,18500.0,2019.0,130700.0,Diésel,Manual,150.0,coches.net,berlina
SEAT,IBIZA,13350.0,2023.0,87000.0,Gasolina,Manual,80.0,coches.net,berlina
MERCEDES-BENZ,CLASE A,30490.0,2022.0,26940.0,Diésel,Automatico,150.0,coches.net,berlina
MERCEDES-BENZ,CLASE GLC,31990.0,2019.0,88000.0,Diésel,Automatico,194.0,coches.net,utilitario
FORD,TOURNEO COURIER,12799.0,2019.0,101231.0,Gasolina,Manual,100.0,coches.net,utilitario
DACIA,LODGY,12799.0,2019.0,88530.0,Gasolina,Manual,102.0,coches.net,utilitario
VOLKSWAGEN,SCIROCCO,17699.0,2017.0,130217.0,Diésel,Manual,150.0,coches.net,berlina
MINI,COUNTRYMAN,16399.0,2017.0,139335.0,Diésel,Manual,150.0,coches.net,berlina
SKODA,SCALA,16450.0,2024.0,77073.0,Gasolina,Manual,110.0,coches.net,berlina
DACIA,SANDERO,16490.0,2025.0,27919.0,Gas,Manual,101.0,coches.net,berlina
MERCEDES-BENZ,CLASE A,27990.0,2021.0,74658.0,Diésel,Automatico,150.0,coches.net,berlina
KIA,PICANTO,8799.0,2018.0,38184.0,Gasolina,Manual,67.0,coches.net,berlina
OPEL,CORSA,12900.0,2022.0,61850.0,Gasolina,Manual,100.0,coches.net,berlina
OPEL,CORSA,10950.0,2022.0,81000.0,Gasolina,Manual,100.0,coches.net,berlina
KIA,SPORTAGE,17995.0,2022.0,88160.0,Híbrido,Manual,136.0,coches.net,utilitario
RENAULT,CAPTUR,16900.0,2022.0,74000.0,Gas,Manual,100.0,coches.net,utilitario
NISSAN,ALMERA,3490.0,2005.0,155000.0,Gasolina,Manual,98.0,coches.net,berlina
RENAULT,CAPTUR,22990.0,2023.0,51655.0,Híbrido enchufable,Automatico,160.0,coches.net,utilitario
SUZUKI,VITARA,21799.0,2023.0,36334.0,Híbrido,Manual,129.0,coches.net,utilitario
CUPRA,FORMENTOR,24990.0,2021.0,73121.0,Híbrido enchufable,Automatico,204.0,coches.net,utilitario
NISSAN,JUKE,25790.0,2023.0,18985.0,Híbrido,Automatico,143.0,coches.net,utilitario
MERCEDES-BENZ,CLA,32900.0,2021.0,99000.0,Diésel,Automatico,150.0,coches.net,berlina
FORD,PUMA,27150.0,2025.0,7239.0,Híbrido,Manual,125.0,coches.net,utilitario
SEAT,LEÓN,11490.0,2021.0,180479.0,Diésel,Manual,115.0,coches.net,berlina
VOLKSWAGEN,POLO,13990.0,2020.0,79052.0,Gasolina,Manual,95.0,coches.net,berlina
MERCEDES-BENZ,CLA,26999.0,2021.0,192000.0,Híbrido enchufable,Automatico,218.0,coches.net,berlina
BMW,SERIE 3,12000.0,2011.0,102500.0,Gasolina,Automatico,143.0,coches.net,berlina
LAND-ROVER,RANGE ROVER EVOQUE,15990.0,2012.0,88000.0,Diésel,Manual,150.0,coches.net,utilitario
MASERATI,GHIBLI,29890.0,2016.0,180000.0,Gasolina,Automatico,410.0,coches.net,berlina
SEAT,IBIZA,18480.0,2025.0,19800.0,Gasolina,Manual,115.0,coches.net,berlina
CITROEN,BERLINGO,14394.0,2023.0,139000.0,Diésel,Manual,102.0,coches.net,utilitario
RENAULT,CLIO,8900.0,2017.0,56508.0,Gasolina,Manual,75.0,coches.net,berlina
KIA,STONIC,16000.0,2024.0,45479.0,Gasolina,Manual,84.0,coches.net,utilitario
SEAT,LEÓN,13900.0,2015.0,191922.0,Diésel,Manual,150.0,coches.net,berlina
SEAT,LEÓN,22099.0,2023.0,24534.0,Gasolina,Manual,130.0,coches.net,berlina
MINI,MINI,7600.0,2005.0,111000.0,Gasolina,Manual,116.0,coches.net,berlina
BMW,X1,17490.0,2022.0,162103.0,Diésel,Automatico,116.0,coches.net,utilitario
MERCEDES-BENZ,GLC COUPÉ,47300.0,2023.0,43456.0,Diésel,Automatico,194.0,coches.net,utilitario
RENAULT,ARKANA,26000.0,2024.0,15550.0,Híbrido,Automatico,140.0,coches.net,utilitario
DACIA,SANDERO,12990.0,2022.0,36000.0,Gasolina,Manual,91.0,coches.net,berlina
MINI,MINI,21990.0,2023.0,78000.0,Gasolina,Automatico,136.0,coches.net,berlina
CITROEN,C4 PICASSO,3800.0,2008.0,290000.0,Gasolina,Manual,127.0,coches.net,utilitario
PEUGEOT,RIFTER,16990.0,2019.0,114000.0,Diésel,Manual,100.0,coches.net,utilitario
NISSAN,JUKE,25500.0,2025.0,10100.0,Híbrido,Automatico,143.0,coches.net,utilitario
NISSAN,JUKE,25500.0,2025.0,10100.0,Híbrido,Automatico,143.0,coches.net,utilitario
PEUGEOT,308,16490.0,2022.0,133261.0,Diésel,Manual,130.0,coches.net,berlina
SKODA,OCTAVIA,26990.0,2025.0,7308.0,Híbrido,Automatico,150.0,coches.net,berlina
PEUGEOT,208,10490.0,2021.0,110991.0,Diésel,Manual,100.0,coches.net,berlina
SEAT,ATECA,24990.0,2024.0,26754.0,Gasolina,Manual,115.0,coches.net,utilitario
AUDI,Q5,25499.0,2018.0,149900.0,Diésel,Automatico,150.0,coches.net,utilitario
CITROEN,C3,10300.0,2019.0,118433.0,Diésel,Manual,99.0,coches.net,berlina
DACIA,SANDERO,8990.0,2021.0,121034.0,Gas,Manual,90.0,coches.net,berlina
VOLVO,V60,46900.0,2025.0,44.0,Híbrido,Automatico,197.0,coches.net,berlina
MINI,MINI,11990.0,2013.0,50000.0,Diésel,Manual,90.0,coches.net,berlina
SEAT,ARONA,19500.0,2025.0,21762.0,Gasolina,Manual,115.0,coches.net,utilitario
OPEL,GRANDLAND,22500.0,2024.0,18742.0,Diésel,Automatico,130.0,coches.net,utilitario
JEEP,WRANGLER,63990.0,2022.0,44000.0,Híbrido enchufable,Automatico,381.0,coches.net,utilitario
OPEL,CORSA-E,19890.0,2020.0,16109.0,Eléctrico,Automatico,136.0,coches.net,berlina
FIAT,500,9990.0,2021.0,95114.0,Híbrido,Manual,70.0,coches.net,berlina
SEAT,ARONA,17990.0,2023.0,42444.0,Gasolina,Manual,110.0,coches.net,utilitario
CITROEN,C4,16900.0,2024.0,9000.0,Gasolina,Manual,131.0,coches.net,berlina
CITROEN,C5 AIRCROSS,17500.0,2020.0,98100.0,Diésel,Manual,131.0,coches.net,utilitario
FIAT,500,7500.0,2016.0,190000.0,Gasolina,Manual,69.0,coches.net,berlina
AUDI,A1,12500.0,2016.0,160000.0,Gasolina,Manual,95.0,coches.net,berlina
CITROEN,C3,3499.0,2007.0,130000.0,Diésel,Manual,70.0,coches.net,berlina
DS,DS 3,12290.0,2017.0,67509.0,Diésel,Manual,99.0,coches.net,berlina
MG,MG3 HYBRID+,17290.0,2025.0,13682.0,Híbrido,Automatico,195.0,coches.net,berlina
SEAT,LEÓN,25500.0,2024.0,15556.0,Híbrido,Automatico,150.0,coches.net,berlina
OPEL,GTC,11490.0,2016.0,63979.0,Gasolina,Manual,140.0,coches.net,berlina
SEAT,IBIZA,6500.0,2009.0,115000.0,Diésel,Manual,90.0,coches.net,berlina
TOYOTA,AYGO,13750.0,2021.0,63654.0,Gasolina,Manual,72.0,coches.net,berlina
VOLVO,XC60,29990.0,2022.0,134927.0,Híbrido enchufable,Automatico,350.0,coches.net,utilitario
FORD,ECOSPORT,10299.0,2019.0,129688.0,Gasolina,Manual,125.0,coches.net,utilitario
TOYOTA,COROLLA,26990.0,2025.0,23645.0,Híbrido,Automatico,140.0,coches.net,berlina
DACIA,SANDERO,9200.0,2020.0,71000.0,Gasolina,Manual,90.0,coches.net,berlina
MERCEDES-BENZ,GLE,94900.0,2025.0,15.0,Híbrido enchufable,Automatico,333.0,coches.net,utilitario
MERCEDES-BENZ,CLASE A,31990.0,2025.0,22960.0,Híbrido,Automatico,136.0,coches.net,berlina
MERCEDES-BENZ,GLC,66900.0,2025.0,16.0,Híbrido,Automatico,197.0,coches.net,utilitario
MERCEDES-BENZ,CLASE E,33950.0,2022.0,83000.0,Híbrido enchufable,Automatico,320.0,coches.net,berlina
AUDI,A3,13990.0,2011.0,189000.0,Diésel,Manual,140.0,coches.net,berlina
BMW,SERIE 1,26900.0,2022.0,46000.0,Gasolina,Automatico,136.0,coches.net,berlina
FORD,PUMA,17490.0,2021.0,50931.0,Diésel,Manual,120.0,coches.net,utilitario
OPEL,MOKKA,16490.0,2022.0,41286.0,Diésel,Manual,110.0,coches.net,utilitario
NISSAN,X-TRAIL,16990.0,2018.0,152000.0,Diésel,Automatico,130.0,coches.net,utilitario
MINI,MINI,35990.0,2022.0,33681.0,Gasolina,Automatico,231.0,coches.net,berlina
RENAULT,TWINGO,10900.0,2022.0,110000.0,Eléctrico,Automatico,82.0,coches.net,berlina
RENAULT,LAGUNA,3000.0,2005.0,220000.0,Diésel,Manual,120.0,coches.net,berlina
CITROEN,GRAND C4 PICASSO,10999.0,2018.0,99670.0,Gasolina,Manual,130.0,coches.net,utilitario
RENAULT,LAGUNA,3500.0,2006.0,180000.0,Diésel,Manual,130.0,coches.net,berlina
MAZDA,CX-5,29490.0,2025.0,34900.0,Híbrido,Manual,165.0,coches.net,utilitario
FORD,PUMA,18500.0,2022.0,37560.0,Híbrido,Manual,125.0,coches.net,utilitario
MERCEDES-BENZ,CLASE GLC,36900.0,2022.0,108700.0,Diésel,Automatico,194.0,coches.net,utilitario
CITROEN,C3,8490.0,2020.0,113814.0,Diésel,Manual,99.0,coches.net,berlina
RENAULT,CLIO,12995.0,2022.0,82000.0,Diésel,Manual,100.0,coches.net,berlina
PEUGEOT,2008,9517.0,2017.0,101629.0,Gasolina,Manual,130.0,coches.net,utilitario
PEUGEOT,3008,16490.0,2021.0,21442.0,Gasolina,Manual,130.0,coches.net,utilitario
MERCEDES-BENZ,CLA,40990.0,2020.0,77364.0,Gasolina,Automatico,306.0,coches.net,berlina
PEUGEOT,3008,15390.0,2021.0,87530.0,Gasolina,Manual,130.0,coches.net,utilitario
PEUGEOT,5008,23490.0,2022.0,36341.0,Diésel,Automatico,130.0,coches.net,utilitario
NISSAN,MICRA,6300.0,2005.0,95000.0,Gasolina,Automatico,88.0,coches.net,berlina
BMW,SERIE 3,30900.0,2024.0,21000.0,Híbrido enchufable,Automatico,204.0,coches.net,berlina
HYUNDAI,I20,15900.0,2024.0,8400.0,Gasolina,Manual,84.0,coches.net,berlina
PEUGEOT,3008,15990.0,2020.0,157021.0,Diésel,Automatico,130.0,coches.net,utilitario
NISSAN,X-TRAIL,17890.0,2019.0,98000.0,Gasolina,Automatico,160.0,coches.net,utilitario
CITROEN,C4,7490.0,2012.0,100020.0,Gasolina,Manual,95.0,coches.net,berlina
VOLKSWAGEN,GOLF,35990.0,2021.0,50000.0,Gasolina,Automatico,301.0,coches.net,berlina
OPEL,VECTRA,2999.0,2004.0,162504.0,Gasolina,Manual,155.0,coches.net,berlina
VOLKSWAGEN,PASSAT,2790.0,2007.0,328000.0,Gasolina,Automatico,150.0,coches.net,berlina
AUDI,Q2,23290.0,2022.0,104983.0,Diésel,Automatico,116.0,coches.net,utilitario
JEEP,COMPASS,18900.0,2019.0,79400.0,Diésel,Automatico,140.0,coches.net,utilitario
JEEP,COMPASS,14490.0,2018.0,105722.0,Gasolina,Manual,140.0,coches.net,utilitario
KIA,STONIC,15700.0,2021.0,50844.0,Híbrido,Manual,120.0,coches.net,utilitario
MINI,MINI,7600.0,2011.0,77000.0,Gasolina,Manual,122.0,coches.net,berlina
NISSAN,QASHQAI,13400.0,2018.0,156000.0,Gasolina,Manual,140.0,coches.net,berlina
OPEL,INSIGNIA,8990.0,2018.0,150000.0,Diésel,Manual,136.0,coches.net,berlina
MERCEDES-BENZ,CLASE CLA,19499.0,2017.0,95626.0,Gasolina,Manual,156.0,coches.net,berlina
CITROEN,C4,21900.0,2024.0,29332.0,Híbrido,Automatico,136.0,coches.net,berlina
VOLKSWAGEN,TOURAN,22700.0,2019.0,122638.0,Diésel,Manual,150.0,coches.net,utilitario
SEAT,LEÓN,12990.0,2022.0,199200.0,Diésel,Automatico,150.0,coches.net,berlina
KIA,SPORTAGE,13890.0,2016.0,130786.0,Diésel,Manual,115.0,coches.net,utilitario
AUDI,A3,40900.0,2025.0,18400.0,Híbrido enchufable,Automatico,204.0,coches.net,berlina
CUPRA,LEÓN,28690.0,2025.0,27138.0,Híbrido,Automatico,150.0,coches.net,berlina
SKODA,OCTAVIA,15990.0,2023.0,218000.0,Diésel,Manual,150.0,coches.net,berlina
CUPRA,LEÓN,27350.0,2025.0,21878.0,Híbrido,Automatico,150.0,coches.net,berlina
FORD,MONDEO,15990.0,2019.0,117180.0,Híbrido,Automatico,187.0,coches.net,berlina
DACIA,DUSTER,16750.0,2022.0,33700.0,Gas,Manual,100.0,coches.net,utilitario
AUDI,A4,13900.0,2015.0,220000.0,Diésel,Manual,150.0,coches.net,berlina
BMW,X2,24590.0,2022.0,93031.0,Diésel,Automatico,150.0,coches.net,utilitario
PEUGEOT,308,9490.0,2020.0,137132.0,Diésel,Manual,100.0,coches.net,berlina
PEUGEOT,308,9490.0,2020.0,137132.0,Diésel,Manual,100.0,coches.net,berlina
MINI,MINI,26900.0,2022.0,54800.0,Gasolina,Automatico,178.0,coches.net,berlina
SEAT,IBIZA,17890.0,2024.0,19000.0,Gasolina,Manual,115.0,coches.net,berlina
AUDI,A6,8950.0,2012.0,315100.0,Diésel,Manual,177.0,coches.net,berlina
PEUGEOT,208,11290.0,2019.0,81947.0,Diésel,Manual,100.0,coches.net,berlina
KIA,XCEED,20700.0,2024.0,35500.0,Gasolina,Manual,100.0,coches.net,utilitario
VOLKSWAGEN,TOUAREG,44990.0,2022.0,157002.0,Diésel,Automatico,286.0,coches.net,utilitario
HYUNDAI,KONA,26900.0,2025.0,20.0,Híbrido,Automatico,129.0,coches.net,utilitario
AUDI,Q7,116900.0,2025.0,1000.0,Híbrido,Automatico,286.0,coches.net,utilitario
VOLVO,V40 CROSS COUNTRY,15990.0,2019.0,134000.0,Diésel,Manual,120.0,coches.net,berlina
HYUNDAI,IONIQ,16250.0,2022.0,115463.0,Híbrido,Automatico,141.0,coches.net,berlina
HYUNDAI,IONIQ,15690.0,2021.0,131087.0,Híbrido enchufable,Automatico,141.0,coches.net,berlina
CHEVROLET,AVEO,3800.0,2008.0,114000.0,Gasolina,Manual,84.0,coches.net,berlina
SEAT,IBIZA,14990.0,2018.0,52000.0,Diésel,Manual,95.0,coches.net,berlina
RENAULT,MÉGANE,15500.0,2022.0,77145.0,Diésel,Manual,115.0,coches.net,berlina
NISSAN,QASHQAI,18900.0,2021.0,38595.0,Gasolina,Manual,140.0,coches.net,berlina
FORD,FOCUS,15990.0,2022.0,48605.0,Híbrido,Manual,125.0,coches.net,berlina
VOLVO,V40,15600.0,2018.0,100500.0,Diésel,Manual,120.0,coches.net,berlina
MERCEDES-BENZ,CLASE B,18490.0,2019.0,107264.0,Diésel,Automatico,116.0,coches.net,utilitario
PEUGEOT,508,14490.0,2020.0,165000.0,Diésel,Automatico,160.0,coches.net,berlina
FORD,FOCUS,19900.0,2024.0,64496.0,Híbrido,Automatico,155.0,coches.net,berlina
NISSAN,QASHQAI,18900.0,2021.0,51091.0,Gasolina,Manual,140.0,coches.net,berlina
OPEL,CORSA,7490.0,2014.0,90572.0,Gasolina,Manual,90.0,coches.net,berlina
BMW,X5,11995.0,2009.0,200000.0,Diésel,Automatico,286.0,coches.net,utilitario
MINI,COUNTRYMAN,26490.0,2021.0,62192.0,Híbrido enchufable,Automatico,220.0,coches.net,berlina
VOLKSWAGEN,GOLF,36495.0,2021.0,74000.0,Gasolina,Automatico,320.0,coches.net,berlina
NISSAN,QASHQAI,23000.0,2025.0,14063.0,Híbrido,Manual,140.0,coches.net,utilitario
MERCEDES-BENZ,CLA,29899.0,2020.0,137000.0,Gasolina,Automatico,163.0,coches.net,berlina
PEUGEOT,PARTNER,7355.0,2015.0,109000.0,Diésel,Manual,75.0,coches.net,utilitario
MERCEDES-BENZ,CLASE E,10900.0,2011.0,182500.0,Diésel,Automatico,170.0,coches.net,berlina
LAND-ROVER,RANGE ROVER EVOQUE,16900.0,2017.0,93146.0,Diésel,Manual,150.0,coches.net,utilitario
CITROEN,C4,6400.0,2016.0,143500.0,Gasolina,Manual,130.0,coches.net,berlina
VOLKSWAGEN,GOLF,54690.0,2025.0,650.0,Gasolina,Automatico,300.0,coches.net,berlina
TOYOTA,COROLLA,19900.0,2022.0,105392.0,Híbrido,Automatico,122.0,coches.net,berlina
NISSAN,X-TRAIL,31890.0,2024.0,68079.0,Híbrido,Automatico,213.0,coches.net,utilitario
MERCEDES-BENZ,CLASE C,8900.0,2012.0,220000.0,Diésel,Manual,136.0,coches.net,berlina
SKODA,KAMIQ,16999.0,2024.0,24505.0,Gasolina,Manual,110.0,coches.net,utilitario
TOYOTA,YARIS,19890.0,2025.0,37292.0,Híbrido,Automatico,116.0,coches.net,berlina
VOLKSWAGEN,GOLF,3990.0,2005.0,281300.0,Diésel,Automatico,90.0,coches.net,berlina
MERCEDES-BENZ,CLASE M,18990.0,2010.0,149000.0,Diésel,Automatico,231.0,coches.net,utilitario
RENAULT,CLIO,13990.0,2021.0,73924.0,Gasolina,Manual,90.0,coches.net,berlina
ALFA ROMEO,STELVIO,31990.0,2023.0,13000.0,Diésel,Automatico,160.0,coches.net,utilitario
BMW,X4,35990.0,2022.0,159000.0,Híbrido,Automatico,190.0,coches.net,utilitario
JAGUAR,E-PACE,19900.0,2019.0,67205.0,Diésel,Automatico,150.0,coches.net,utilitario
RENAULT,MÉGANE,13990.0,2022.0,79781.0,Diésel,Manual,115.0,coches.net,berlina
TOYOTA,YARIS,8300.0,2008.0,111000.0,Diésel,Manual,90.0,coches.net,berlina
RENAULT,MÉGANE,14290.0,2022.0,99733.0,Diésel,Manual,115.0,coches.net,berlina
PEUGEOT,208,10990.0,2021.0,41348.0,Gasolina,Manual,100.0,coches.net,berlina
FORD,ECOSPORT,14400.0,2023.0,65852.0,Gasolina,Manual,125.0,coches.net,utilitario
CITROEN,C3,10490.0,2022.0,59719.0,Gasolina,Manual,83.0,coches.net,berlina
CITROEN,C3 AIRCROSS,10590.0,2018.0,41398.0,Gasolina,Manual,82.0,coches.net,utilitario
BMW,SERIE 3,37800.0,2024.0,20000.0,Híbrido,Automatico,150.0,coches.net,berlina
PEUGEOT,3008,12790.0,2019.0,134906.0,Diésel,Manual,130.0,coches.net,utilitario
BMW,SERIE 7,9990.0,2005.0,250000.0,Gasolina,Automatico,333.0,coches.net,berlina
ALFA ROMEO,GIULIETTA,7000.0,2014.0,181327.0,Diésel,Manual,105.0,coches.net,berlina
PEUGEOT,3008,4699.0,2010.0,245000.0,Diésel,Manual,110.0,coches.net,berlina
SSANGYONG,TORRES,24900.0,2024.0,34412.0,Gasolina,Automatico,163.0,coches.net,utilitario
SEAT,ARONA,18990.0,2025.0,28241.0,Gasolina,Automatico,115.0,coches.net,utilitario
MERCEDES-BENZ,CLASE GLC,29900.0,2021.0,117000.0,Diésel,Automatico,163.0,coches.net,utilitario
FORD,TOURNEO COURIER,23990.0,2024.0,22736.0,Gasolina,Automatico,125.0,coches.net,utilitario
MERCEDES-BENZ,CLASE A,59900.0,2025.0,8548.0,Gasolina,Automatico,306.0,coches.net,berlina
VOLKSWAGEN,TIGUAN,29790.0,2021.0,104841.0,Diésel,Automatico,150.0,coches.net,utilitario
PEUGEOT,208,8990.0,2022.0,139000.0,Diésel,Manual,100.0,coches.net,berlina
MINI,COUNTRYMAN,26900.0,2025.0,103300.0,Diésel,Automatico,190.0,coches.net,berlina
SKODA,KAROQ,23900.0,2022.0,32505.0,Diésel,Automatico,150.0,coches.net,utilitario
BMW,X4,23999.0,2015.0,224500.0,Diésel,Automatico,258.0,coches.net,utilitario
CITROEN,C5 AIRCROSS,21990.0,2024.0,3272.0,Gasolina,Manual,131.0,coches.net,utilitario
PEUGEOT,3008,19050.0,2022.0,65424.0,Diésel,Automatico,130.0,coches.net,utilitario
PEUGEOT,508,11099.0,2017.0,124368.0,Gasolina,Automatico,165.0,coches.net,berlina
JAECOO,7,26200.0,2025.0,19749.0,Gasolina,Automatico,147.0,coches.net,utilitario
MERCEDES-BENZ,CLASE A,20900.0,2022.0,132000.0,Diésel,Automatico,116.0,coches.net,berlina
BMW,X1,18490.0,2016.0,170000.0,Diésel,Automatico,150.0,coches.net,utilitario
AUDI,A1,17990.0,2020.0,64000.0,Gasolina,Manual,95.0,coches.net,berlina
JAGUAR,XF,10500.0,2017.0,195000.0,Diésel,Automatico,180.0,coches.net,berlina
SKODA,KAMIQ,18990.0,2025.0,20470.0,Gasolina,Manual,115.0,coches.net,utilitario
JEEP,COMPASS,17690.0,2022.0,135387.0,Híbrido enchufable,Automatico,240.0,coches.net,utilitario
CITROEN,BERLINGO,10950.0,2022.0,129000.0,Diésel,Manual,102.0,coches.net,utilitario
PEUGEOT,2008,14790.0,2022.0,63792.0,Gasolina,Manual,100.0,coches.net,utilitario
AUDI,A3,41510.0,2025.0,13100.0,Diésel,Automatico,150.0,coches.net,berlina
AUDI,A5,24990.0,2017.0,111480.0,Gasolina,Automatico,190.0,coches.net,berlina
TOYOTA,C-HR,21990.0,2021.0,121926.0,Híbrido,Automatico,184.0,coches.net,berlina
MERCEDES-BENZ,CLA,33890.0,2021.0,68593.0,Diésel,Automatico,150.0,coches.net,berlina
OPEL,ASTRA,8990.0,2015.0,97000.0,Diésel,Manual,110.0,coches.net,berlina
MERCEDES-BENZ,CLASE A,31900.0,2025.0,32869.0,Híbrido,Automatico,136.0,coches.net,berlina
PEUGEOT,4007,7490.0,2008.0,150000.0,Diésel,Manual,156.0,coches.net,utilitario
VOLKSWAGEN,TIGUAN,21500.0,2022.0,188612.0,Gasolina,Automatico,150.0,coches.net,utilitario
MAZDA,CX-30,24890.0,2023.0,65000.0,Híbrido,Automatico,186.0,coches.net,utilitario
KIA,CEED,17950.0,2024.0,41000.0,Gasolina,Manual,120.0,coches.net,berlina
FIAT,PANDA,11100.0,2023.0,66252.0,Híbrido,Manual,70.0,coches.net,berlina
FIAT,PANDA,11000.0,2023.0,51429.0,Híbrido,Manual,70.0,coches.net,berlina
RENAULT,CAPTUR,18500.0,2021.0,19993.0,Híbrido,Automatico,145.0,coches.net,utilitario
TOYOTA,HILUX,34900.0,2021.0,35000.0,Diésel,Manual,150.0,coches.net,pick up
HYUNDAI,SANTA FE,26300.0,2022.0,129000.0,Diésel,Automatico,202.0,coches.net,utilitario
FORD,FOCUS,12000.0,2021.0,126270.0,Diésel,Automatico,120.0,coches.net,berlina
BMW,SERIE 3,39990.0,2025.0,29413.0,Híbrido,Automatico,150.0,coches.net,berlina
TOYOTA,RAV4,26990.0,2020.0,138481.0,Híbrido,Automatico,218.0,coches.net,utilitario
CITROEN,C5 AIRCROSS,15990.0,2019.0,89218.0,Gasolina,Manual,131.0,coches.net,utilitario
NISSAN,JUKE,19289.0,2024.0,20900.0,Gasolina,Manual,114.0,coches.net,utilitario
CITROEN,C3 AIRCROSS,22600.0,2025.0,10510.0,Híbrido,Automatico,145.0,coches.net,utilitario
MAZDA,MAZDA3,25900.0,2024.0,28303.0,Híbrido,Manual,150.0,coches.net,berlina
FORD,KUGA,13990.0,2020.0,174000.0,Diésel,Automatico,120.0,coches.net,utilitario
RENAULT,CLIO,6485.0,2019.0,239492.0,Diésel,Manual,75.0,coches.net,berlina
TOYOTA,RAV4,25650.0,2021.0,99000.0,Híbrido,Automatico,218.0,coches.net,utilitario
RENAULT,CLIO,13490.0,2020.0,46786.0,Diésel,Manual,85.0,coches.net,berlina
VOLKSWAGEN,TIGUAN,29990.0,2022.0,69000.0,Diésel,Automatico,150.0,coches.net,utilitario
VOLVO,XC60,30900.0,2021.0,115945.0,Híbrido,Automatico,197.0,coches.net,utilitario
HYUNDAI,I10,8100.0,2018.0,36000.0,Gasolina,Manual,66.0,coches.net,berlina
KIA,SPORTAGE,16490.0,2020.0,82118.0,Gasolina,Manual,132.0,coches.net,utilitario
VOLKSWAGEN,TIGUAN,22900.0,2017.0,115000.0,Diésel,Automatico,150.0,coches.net,utilitario
MERCEDES-BENZ,CLASE C,24990.0,2019.0,133000.0,Diésel,Automatico,194.0,coches.net,berlina
HONDA,CIVIC,36990.0,2018.0,97000.0,Gasolina,Manual,320.0,coches.net,berlina
RENAULT,MÉGANE,16399.0,2017.0,93036.0,Gasolina,Automatico,205.0,coches.net,berlina
PEUGEOT,208,9650.0,2022.0,94000.0,Diésel,Manual,100.0,coches.net,berlina
JEEP,RENEGADE,13599.0,2018.0,104742.0,Gasolina,Manual,140.0,coches.net,utilitario
MERCEDES-BENZ,CLASE GLC,31499.0,2018.0,65005.0,Diésel,Automatico,170.0,coches.net,utilitario
OPEL,MOKKA X,11999.0,2018.0,126272.0,Gasolina,Automatico,140.0,coches.net,utilitario
RENAULT,CLIO,12690.0,2021.0,130726.0,Híbrido,Automatico,140.0,coches.net,berlina
PEUGEOT,208,6490.0,2015.0,141497.0,Gasolina,Manual,82.0,coches.net,berlina
MERCEDES-BENZ,CLASE A,37500.0,2023.0,48192.0,Híbrido enchufable,Automatico,218.0,coches.net,berlina
FIAT,PANDA,10990.0,2023.0,40828.0,Híbrido,Manual,70.0,coches.net,berlina
HYUNDAI,I30,6490.0,2012.0,174000.0,Diésel,Manual,90.0,coches.net,berlina
SEAT,IBIZA,18890.0,2025.0,13000.0,Gasolina,Manual,115.0,coches.net,berlina
PEUGEOT,307,4499.0,2006.0,165000.0,Gasolina,Manual,143.0,coches.net,berlina
RENAULT,TRAFIC,21990.0,2018.0,121000.0,Diésel,Manual,120.0,coches.net,utilitario
VOLKSWAGEN,T-CROSS,18900.0,2022.0,44110.0,Gasolina,Manual,110.0,coches.net,utilitario
MASERATI,GHIBLI,26990.0,2015.0,82000.0,Diésel,Automatico,275.0,coches.net,berlina
VOLKSWAGEN,GOLF,26600.0,2024.0,26000.0,Diésel,Automatico,115.0,coches.net,berlina
PEUGEOT,208,7699.0,2016.0,110356.0,Gasolina,Manual,110.0,coches.net,berlina
VOLKSWAGEN,GOLF,27300.0,2024.0,18088.0,Diésel,Automatico,115.0,coches.net,berlina
KIA,XCEED,18490.0,2022.0,64000.0,Gasolina,Manual,120.0,coches.net,utilitario
VOLKSWAGEN,SHARAN,12900.0,2013.0,170000.0,Diésel,Manual,140.0,coches.net,utilitario
FORD,FOCUS,12990.0,2020.0,33864.0,Gasolina,Manual,100.0,coches.net,berlina
BMW,X2,25990.0,2021.0,13500.0,Diésel,Automatico,150.0,coches.net,utilitario
LAND-ROVER,RANGE ROVER SPORT,39900.0,2021.0,138000.0,Híbrido,Automatico,249.0,coches.net,utilitario
CITROEN,C5,8990.0,2010.0,122000.0,Diésel,Manual,140.0,coches.net,berlina
BMW,X4,35490.0,2021.0,78982.0,Híbrido,Automatico,190.0,coches.net,utilitario
PEUGEOT,TRAVELLER,32000.0,2020.0,97000.0,Diésel,Automatico,180.0,coches.net,utilitario
VOLKSWAGEN,POLO,15450.0,2019.0,126353.0,Gasolina,Automatico,115.0,coches.net,berlina
VOLKSWAGEN,POLO,4600.0,2009.0,165000.0,Gasolina,Manual,80.0,coches.net,berlina
VOLKSWAGEN,TIGUAN ALLSPACE,23790.0,2020.0,134966.0,Diésel,Automatico,150.0,coches.net,utilitario
SEAT,IBIZA,18490.0,2024.0,8497.0,Gasolina,Manual,115.0,coches.net,berlina
AUDI,A4,20990.0,2022.0,126000.0,Diésel,Automatico,136.0,coches.net,berlina
FORD,FOCUS,18890.0,2018.0,72822.0,Gasolina,Manual,250.0,coches.net,berlina
FORD,MUSTANG,58900.0,2023.0,33000.0,Gasolina,Automatico,459.0,coches.net,berlina
MERCEDES-BENZ,CLASE GLA,12900.0,2014.0,299000.0,Diésel,Automatico,170.0,coches.net,utilitario
OPEL,INSIGNIA,14500.0,2017.0,40000.0,Diésel,Manual,136.0,coches.net,berlina
CITROEN,BERLINGO,21900.0,2025.0,6800.0,Diésel,Manual,102.0,coches.net,utilitario
KIA,SORENTO,40599.0,2024.0,32462.0,Híbrido enchufable,Automatico,265.0,coches.net,utilitario
BMW,X3,17990.0,2014.0,149000.0,Diésel,Manual,190.0,coches.net,utilitario
CUPRA,LEÓN,19950.0,2023.0,179971.0,Híbrido,Automatico,150.0,coches.net,berlina
NISSAN,JUKE,8990.0,2015.0,98000.0,Diésel,Manual,110.0,coches.net,utilitario
LAND-ROVER,DISCOVERY SPORT,25900.0,2019.0,96936.0,Diésel,Automatico,150.0,coches.net,utilitario
DS,DS 7 CROSSBACK,23501.0,2020.0,125331.0,Gasolina,Automatico,180.0,coches.net,utilitario
VOLVO,XC60,39600.0,2022.0,48000.0,Híbrido enchufable,Automatico,350.0,coches.net,utilitario
VOLKSWAGEN,GOLF,19990.0,2020.0,129017.0,Híbrido,Automatico,150.0,coches.net,berlina
MAZDA,CX-30,25900.0,2024.0,52883.0,Híbrido,Manual,140.0,coches.net,utilitario
RENAULT,AUSTRAL,28590.0,2024.0,41724.0,Híbrido,Automatico,200.0,coches.net,utilitario
BMW,X1,18690.0,2022.0,122878.0,Diésel,Manual,116.0,coches.net,utilitario
SKODA,KAROQ,15399.0,2018.0,145069.0,Diésel,Manual,150.0,coches.net,utilitario
SKODA,KAROQ,15399.0,2018.0,145069.0,Diésel,Manual,150.0,coches.net,utilitario
BMW,SERIE 2 GRAN TOURER,16990.0,2017.0,97004.0,Diésel,Manual,150.0,coches.net,utilitario
PEUGEOT,3008,15290.0,2021.0,107157.0,Diésel,Manual,130.0,coches.net,utilitario
KIA,PICANTO,15990.0,2025.0,14.0,Gasolina,Manual,63.0,coches.net,berlina
PEUGEOT,208,6490.0,2015.0,141497.0,Gasolina,Manual,82.0,coches.net,berlina
SEAT,LEÓN,16490.0,2022.0,66935.0,Gasolina,Manual,110.0,coches.net,berlina
BMW,X2,45900.0,2025.0,14000.0,Híbrido,Automatico,163.0,coches.net,utilitario
BMW,SERIE 1,34400.0,2025.0,16500.0,Híbrido,Automatico,170.0,coches.net,berlina
BMW,SERIE 3,33850.0,2023.0,99950.0,Híbrido enchufable,Automatico,292.0,coches.net,berlina
FORD,GRAND C-MAX,11490.0,2017.0,117390.0,Gasolina,Manual,125.0,coches.net,utilitario
SEAT,LEÓN,14990.0,2018.0,102000.0,Gasolina,Manual,125.0,coches.net,berlina
ALFA ROMEO,STELVIO,25500.0,2022.0,59009.0,Diésel,Automatico,190.0,coches.net,utilitario
PEUGEOT,208,8990.0,2016.0,131351.0,Diésel,Manual,100.0,coches.net,berlina
CUPRA,FORMENTOR,24990.0,2022.0,124000.0,Diésel,Automatico,150.0,coches.net,utilitario
HYUNDAI,I10,13790.0,2024.0,15794.0,Gasolina,Manual,67.0,coches.net,berlina
CUPRA,LEÓN,23450.0,2023.0,57875.0,Híbrido,Automatico,150.0,coches.net,berlina
HYUNDAI,I10,13790.0,2024.0,15794.0,Gasolina,Manual,67.0,coches.net,berlina
CITROEN,C3 AIRCROSS,19500.0,2025.0,14951.0,Gasolina,Manual,100.0,coches.net,utilitario
HYUNDAI,TUCSON,13500.0,2016.0,113392.0,Gasolina,Manual,131.0,coches.net,utilitario
TOYOTA,COROLLA,22990.0,2022.0,58000.0,Híbrido,Automatico,122.0,coches.net,berlina
BMW,X2,21890.0,2020.0,98790.0,Gasolina,Automatico,140.0,coches.net,utilitario
VOLKSWAGEN,T-ROC,16990.0,2022.0,156993.0,Diésel,Manual,115.0,coches.net,utilitario
VOLKSWAGEN,GOLF,20990.0,2016.0,118000.0,Diésel,Automatico,184.0,coches.net,berlina
VOLKSWAGEN,T-ROC,30900.0,2024.0,61700.0,Gasolina,Automatico,150.0,coches.net,utilitario
TOYOTA,C-HR,31990.0,2025.0,3950.0,Híbrido,Automatico,140.0,coches.net,utilitario
TOYOTA,C-HR,31990.0,2025.0,10000.0,Híbrido,Automatico,140.0,coches.net,utilitario
VOLKSWAGEN,TIGUAN ALLSPACE,29900.0,2021.0,99000.0,Diésel,Automatico,150.0,coches.net,utilitario
FIAT,500C,10990.0,2021.0,73700.0,Híbrido,Manual,70.0,coches.net,berlina
VOLKSWAGEN,CARAVELLE,39990.0,2025.0,16987.0,Diésel,Automatico,150.0,coches.net,utilitario
MERCEDES-BENZ,GLA,35900.0,2021.0,55900.0,Gasolina,Automatico,224.0,coches.net,utilitario
OPEL,GRANDLAND,17900.0,2023.0,32779.0,Gasolina,Manual,130.0,coches.net,utilitario
PEUGEOT,TRAVELLER,38350.0,2025.0,29924.0,Diésel,Automatico,180.0,coches.net,utilitario
VOLKSWAGEN,POLO,7990.0,2012.0,150451.0,Diésel,Manual,75.0,coches.net,berlina
OPEL,CORSA,8890.0,2016.0,104000.0,Gasolina,Manual,90.0,coches.net,berlina
VOLKSWAGEN,GOLF,22890.0,2021.0,44156.0,Híbrido,Automatico,150.0,coches.net,berlina
PEUGEOT,RIFTER,15990.0,2020.0,99000.0,Diésel,Manual,130.0,coches.net,utilitario
VOLKSWAGEN,POLO,5999.0,2004.0,79000.0,Gasolina,Manual,75.0,coches.net,berlina
PEUGEOT,2008,8890.0,2016.0,63118.0,Gasolina,Manual,110.0,coches.net,utilitario
BMW,SERIE 1,8990.0,2013.0,137000.0,Gasolina,Manual,102.0,coches.net,berlina
PEUGEOT,2008,9390.0,2017.0,132408.0,Gasolina,Manual,130.0,coches.net,utilitario
AUDI,Q2,18990.0,2022.0,190000.0,Gasolina,Automatico,150.0,coches.net,utilitario
AUDI,A3,13490.0,2016.0,99900.0,Gasolina,Manual,110.0,coches.net,berlina
FORD,FIESTA,12490.0,2020.0,80699.0,Diésel,Manual,85.0,coches.net,berlina
BMW,SERIE 1,24999.0,2024.0,54000.0,Gasolina,Automatico,136.0,coches.net,berlina
SEAT,LEÓN,23990.0,2025.0,13078.0,Diésel,Manual,116.0,coches.net,berlina
PEUGEOT,508,13690.0,2020.0,98608.0,Diésel,Manual,130.0,coches.net,berlina
SEAT,LEÓN,26990.0,2025.0,19334.0,Diésel,Automatico,116.0,coches.net,berlina
BMW,SERIE 3,16995.0,2014.0,190000.0,Diésel,Automatico,258.0,coches.net,berlina
BMW,SERIE 1,17900.0,2020.0,106588.0,Diésel,Automatico,116.0,coches.net,berlina
CITROEN,C4 PICASSO,9490.0,2015.0,154000.0,Gasolina,Automatico,165.0,coches.net,utilitario
NISSAN,QASHQAI,15990.0,2019.0,117637.0,Diésel,Manual,115.0,coches.net,berlina
CITROEN,C4 PICASSO,9890.0,2017.0,80441.0,Gasolina,Manual,110.0,coches.net,utilitario
BMW,SERIE 2,67500.0,2024.0,43500.0,Gasolina,Automatico,480.0,coches.net,berlina
TOYOTA,RAV4,26490.0,2020.0,123734.0,Híbrido,Automatico,218.0,coches.net,utilitario
TOYOTA,COROLLA,26990.0,2022.0,13187.0,Híbrido,Automatico,184.0,coches.net,berlina
OPEL,CORSA,8499.0,2018.0,150000.0,Gas,Manual,90.0,coches.net,berlina
MERCEDES-BENZ,CLASE C,36400.0,2022.0,57932.0,Híbrido,Automatico,200.0,coches.net,berlina
KIA,XCEED,18990.0,2023.0,42000.0,Híbrido,Manual,136.0,coches.net,utilitario
AUDI,A4,57490.0,2018.0,98000.0,Gasolina,Automatico,450.0,coches.net,berlina
DACIA,SANDERO,5450.0,2012.0,115782.0,Gas,Manual,75.0,coches.net,berlina
BMW,SERIE 3,17500.0,2018.0,149999.0,Diésel,Manual,150.0,coches.net,berlina
RENAULT,CLIO,19510.0,2025.0,20426.0,Diésel,Manual,100.0,coches.net,berlina
TOYOTA,RAV4,31890.0,2022.0,92352.0,Híbrido,Automatico,218.0,coches.net,utilitario
RENAULT,CLIO,19360.0,2025.0,28853.0,Diésel,Manual,100.0,coches.net,berlina
MG,ZS,15900.0,2025.0,18178.0,Gasolina,Manual,106.0,coches.net,utilitario
PEUGEOT,308,9900.0,2018.0,112000.0,Diésel,Manual,130.0,coches.net,berlina
AUDI,A1,23990.0,2025.0,8882.0,Gasolina,Manual,116.0,coches.net,berlina
RENAULT,CAPTUR,20900.0,2022.0,68800.0,Híbrido enchufable,Automatico,160.0,coches.net,utilitario
RENAULT,CAPTUR,23500.0,2023.0,25000.0,Híbrido,Automatico,145.0,coches.net,utilitario
MERCEDES-BENZ,CLASE T,42290.0,2025.0,9000.0,Diésel,Automatico,116.0,coches.net,utilitario
HYUNDAI,KONA,13790.0,2020.0,98764.0,Gasolina,Manual,120.0,coches.net,utilitario
NISSAN,QASHQAI,17900.0,2020.0,126000.0,Diésel,Manual,150.0,coches.net,berlina
KIA,XCEED,15490.0,2021.0,72151.0,Gasolina,Manual,120.0,coches.net,utilitario
HYUNDAI,TUCSON,25490.0,2022.0,74286.0,Híbrido,Automatico,230.0,coches.net,utilitario
NISSAN,QASHQAI,16990.0,2021.0,78583.0,Gasolina,Manual,140.0,coches.net,berlina
PEUGEOT,2008,9990.0,2017.0,135591.0,Diésel,Manual,100.0,coches.net,utilitario
HONDA,JAZZ,17700.0,2021.0,68720.0,Híbrido,Automatico,109.0,coches.net,berlina
HONDA,JAZZ,17900.0,2022.0,51595.0,Híbrido,Manual,109.0,coches.net,berlina
VOLKSWAGEN,SHARAN,16500.0,2015.0,197020.0,Diésel,Automatico,177.0,coches.net,utilitario
MG,ZS,14990.0,2025.0,8787.0,Gasolina,Manual,106.0,coches.net,utilitario
HYUNDAI,STARIA,36299.0,2022.0,51967.0,Diésel,Automatico,177.0,coches.net,utilitario
MG,ZS,16490.0,2024.0,16133.0,Gasolina,Manual,111.0,coches.net,utilitario
BMW,X6,39800.0,2017.0,113000.0,Diésel,Automatico,258.0,coches.net,utilitario
OPEL,MOKKA,7990.0,2013.0,165700.0,Diésel,Manual,130.0,coches.net,utilitario
PEUGEOT,2008,14890.0,2021.0,58577.0,Diésel,Manual,110.0,coches.net,utilitario
FIAT,PANDA,12750.0,2024.0,59484.0,Híbrido,Manual,70.0,coches.net,berlina
TOYOTA,YARIS CROSS,23200.0,2022.0,73078.0,Híbrido,Automatico,116.0,coches.net,utilitario
PORSCHE,PANAMERA,76900.0,2021.0,112000.0,Híbrido enchufable,Automatico,560.0,coches.net,berlina
FORD,MONDEO,10999.0,2015.0,259000.0,Diésel,Automatico,210.0,coches.net,berlina
BMW,SERIE 1,19690.0,2023.0,96169.0,Gasolina,Automatico,136.0,coches.net,berlina
DACIA,SANDERO,12500.0,2020.0,29000.0,Gasolina,Manual,91.0,coches.net,berlina
HYUNDAI,I20,19990.0,2025.0,6788.0,Gasolina,Manual,100.0,coches.net,berlina
PEUGEOT,308,11990.0,2016.0,136553.0,Gasolina,Manual,205.0,coches.net,berlina
RENAULT,TRAFIC,29900.0,2023.0,7000.0,Diésel,Manual,150.0,coches.net,utilitario
VOLVO,V40,15500.0,2018.0,114100.0,Diésel,Manual,120.0,coches.net,berlina
HYUNDAI,KONA,19750.0,2021.0,50000.0,Híbrido,Automatico,141.0,coches.net,utilitario
VOLVO,XC90,49995.0,2023.0,99998.0,Híbrido enchufable,Automatico,455.0,coches.net,utilitario
RENAULT,ARKANA,19900.0,2021.0,62450.0,Híbrido,Automatico,145.0,coches.net,utilitario
RENAULT,MÉGANE,17890.0,2017.0,150055.0,Gasolina,Automatico,205.0,coches.net,berlina
KIA,XCEED,16490.0,2023.0,64446.0,Gasolina,Manual,120.0,coches.net,utilitario
LAND-ROVER,FREELANDER,7490.0,2007.0,240000.0,Diésel,Manual,112.0,coches.net,utilitario
MERCEDES-BENZ,CLASE A,27990.0,2021.0,60300.0,Diésel,Automatico,150.0,coches.net,berlina
VOLKSWAGEN,CADDY,16990.0,2013.0,120000.0,Diésel,Manual,140.0,coches.net,utilitario
MERCEDES-BENZ,CLASE A,25650.0,2021.0,52000.0,Diésel,Automatico,116.0,coches.net,berlina
RENAULT,CLIO,10700.0,2020.0,150789.0,Diésel,Manual,85.0,coches.net,berlina
VOLKSWAGEN,GOLF,18000.0,2011.0,196000.0,Gasolina,Manual,271.0,coches.net,berlina
KIA,NIRO,27900.0,2022.0,8751.0,Híbrido enchufable,Automatico,183.0,coches.net,berlina
MERCEDES-BENZ,CLASE GLC,19990.0,2020.0,319000.0,Diésel,Automatico,194.0,coches.net,utilitario
MERCEDES-BENZ,CLA,42776.0,2025.0,11702.0,Híbrido enchufable,Automatico,218.0,coches.net,berlina
MERCEDES-BENZ,GLA,45900.0,2025.0,2225.0,Diésel,Automatico,150.0,coches.net,utilitario
BMW,SERIE 5,17490.0,2016.0,235000.0,Diésel,Automatico,313.0,coches.net,berlina
JAGUAR,XF,16990.0,2016.0,210000.0,Diésel,Automatico,300.0,coches.net,berlina
TOYOTA,COROLLA,16990.0,2021.0,59990.0,Híbrido,Automatico,122.0,coches.net,berlina
VOLKSWAGEN,T-CROSS,16900.0,2023.0,63000.0,Gasolina,Automatico,110.0,coches.net,utilitario
OPEL,ASTRA,11400.0,2020.0,129560.0,Diésel,Manual,105.0,coches.net,berlina
AUDI,Q3,39950.0,2025.0,14692.0,Diésel,Automatico,150.0,coches.net,utilitario
RENAULT,CLIO,9480.0,2019.0,102581.0,Diésel,Manual,75.0,coches.net,berlina
AUDI,Q3,11200.0,2016.0,271000.0,Diésel,Manual,150.0,coches.net,utilitario
PEUGEOT,2008,6500.0,2015.0,94288.0,Gasolina,Manual,110.0,coches.net,utilitario
MAZDA,CX-5,28950.0,2023.0,27000.0,Híbrido,Manual,165.0,coches.net,utilitario
BMW,SERIE 2 GRAN TOURER,27990.0,2021.0,63000.0,Gasolina,Automatico,178.0,coches.net,utilitario
LAND-ROVER,FREELANDER,9990.0,2008.0,244000.0,Diésel,Automatico,160.0,coches.net,utilitario
CITROEN,C5,2800.0,2005.0,290000.0,Diésel,Manual,138.0,coches.net,berlina
MERCEDES-BENZ,CLASE S,73900.0,2023.0,107565.0,Diésel,Automatico,286.0,coches.net,berlina
TOYOTA,C-HR,17500.0,2019.0,116615.0,Híbrido,Automatico,122.0,coches.net,berlina
OPEL,CORSA,12500.0,2022.0,110985.0,Diésel,Manual,102.0,coches.net,berlina
OPEL,CORSA,13490.0,2022.0,49800.0,Diésel,Manual,102.0,coches.net,berlina
SEAT,ARONA,18490.0,2024.0,18500.0,Gasolina,Manual,115.0,coches.net,utilitario
VOLKSWAGEN,GOLF,21600.0,2018.0,108000.0,Gasolina,Manual,230.0,coches.net,berlina
MINI,MINI,13250.0,2017.0,78686.0,Diésel,Manual,95.0,coches.net,berlina
AUDI,A3,30990.0,2024.0,70050.0,Híbrido,Automatico,150.0,coches.net,berlina
AUDI,Q3,37390.0,2023.0,20525.0,Híbrido enchufable,Automatico,245.0,coches.net,utilitario
MERCEDES-BENZ,VIANO,12999.0,2008.0,229000.0,Diésel,Automatico,204.0,coches.net,utilitario
TOYOTA,C-HR,31990.0,2025.0,3032.0,Híbrido,Automatico,140.0,coches.net,utilitario
VOLKSWAGEN,T-ROC,23900.0,2020.0,90755.0,Gasolina,Automatico,150.0,coches.net,utilitario
TOYOTA,RAV4,28900.0,2021.0,51126.0,Híbrido,Automatico,222.0,coches.net,utilitario
JEEP,RENEGADE,16995.0,2023.0,80000.0,Diésel,Manual,130.0,coches.net,utilitario
KIA,PICANTO,13900.0,2021.0,8999.0,Gasolina,Automatico,84.0,coches.net,berlina
HONDA,CIVIC,23499.0,2019.0,114000.0,Gasolina,Automatico,182.0,coches.net,berlina
TOYOTA,YARIS,22600.0,2025.0,8116.0,Híbrido,Automatico,116.0,coches.net,berlina
RENAULT,SCÉNIC,4500.0,2008.0,176000.0,Diésel,Manual,105.0,coches.net,utilitario
AUDI,A3,80900.0,2026.0,80.0,Gasolina,Automatico,400.0,coches.net,berlina
OPEL,CORSA,11099.0,2022.0,42638.0,Gasolina,Manual,75.0,coches.net,berlina
NISSAN,QASHQAI,19000.0,2022.0,120737.0,Híbrido,Automatico,158.0,coches.net,utilitario
PEUGEOT,508,12990.0,2019.0,130331.0,Diésel,Automatico,130.0,coches.net,berlina
CITROEN,C3,9499.0,2019.0,140000.0,Diésel,Manual,99.0,coches.net,berlina
PEUGEOT,308,12500.0,2021.0,103309.0,Diésel,Manual,100.0,coches.net,berlina
VOLKSWAGEN,GOLF,12650.0,2018.0,119950.0,Diésel,Manual,115.0,coches.net,berlina
FORD,MUSTANG MACH-E,55900.0,2022.0,3928.0,Eléctrico,Automatico,351.0,coches.net,utilitario
HYUNDAI,IONIQ 5,36900.0,2023.0,319.0,Eléctrico,Automatico,229.0,coches.net,utilitario
NISSAN,ARIYA,40500.0,2022.0,7070.0,Eléctrico,Automatico,242.0,coches.net,utilitario
MINI,COOPER,31900.0,2024.0,22665.0,Gasolina,Automatico,204.0,coches.net,berlina
AUDI,A4,20990.0,2021.0,137558.0,Híbrido,Automatico,163.0,coches.net,berlina
PEUGEOT,2008,13400.0,2021.0,33349.0,Gasolina,Manual,100.0,coches.net,utilitario
HYUNDAI,I20,15200.0,2021.0,60670.0,Híbrido,Manual,100.0,coches.net,berlina
NISSAN,JUKE,18990.0,2024.0,35725.0,Gasolina,Automatico,114.0,coches.net,utilitario
BMW,X3,44900.0,2024.0,25642.0,Híbrido,Automatico,150.0,coches.net,utilitario
OPEL,CORSA,4800.0,2011.0,120000.0,Gasolina,Manual,85.0,coches.net,berlina
MINI,COUNTRYMAN,16900.0,2019.0,70868.0,Gasolina,Manual,136.0,coches.net,berlina
VOLKSWAGEN,POLO,14500.0,2021.0,92912.0,Gasolina,Manual,95.0,coches.net,berlina
MINI,COUNTRYMAN,21750.0,2022.0,75000.0,Gasolina,Automatico,136.0,coches.net,berlina
VOLKSWAGEN,POLO,13700.0,2022.0,115892.0,Gasolina,Manual,95.0,coches.net,berlina
OPEL,CORSA,11400.0,2021.0,14089.0,Gasolina,Manual,75.0,coches.net,berlina
OPEL,CORSA,11900.0,2023.0,83000.0,Gasolina,Manual,100.0,coches.net,berlina
KIA,CEED,11990.0,2020.0,103221.0,Gasolina,Manual,120.0,coches.net,berlina
CITROEN,BERLINGO,17990.0,2023.0,47878.0,Diésel,Manual,102.0,coches.net,utilitario
MERCEDES-BENZ,CLASE X,45990.0,2019.0,49047.0,Diésel,Automatico,190.0,coches.net,pick up
MERCEDES-BENZ,CLASE A,33990.0,2024.0,9000.0,Híbrido enchufable,Automatico,218.0,coches.net,berlina
SEAT,LEÓN,11490.0,2021.0,180479.0,Diésel,Manual,115.0,coches.net,berlina
MINI,MINI,20900.0,2022.0,39000.0,Gasolina,Automatico,136.0,coches.net,berlina
FORD,KUGA,19900.0,2022.0,57511.0,Gasolina,Manual,150.0,coches.net,utilitario
MAZDA,CX-60,53990.0,2025.0,14017.0,Híbrido enchufable,Automatico,327.0,coches.net,utilitario
MG,MG3,17990.0,2025.0,6666.0,Gasolina,Manual,116.0,coches.net,berlina
CITROEN,C3,3499.0,2007.0,130000.0,Diésel,Manual,70.0,coches.net,berlina
SKODA,KAROQ,25600.0,2024.0,22750.0,Gasolina,Manual,110.0,coches.net,utilitario
FORD,FIESTA,12490.0,2019.0,68712.0,Gasolina,Manual,100.0,coches.net,berlina
VOLVO,V40 CROSS COUNTRY,14500.0,2016.0,154900.0,Diésel,Manual,150.0,coches.net,berlina
VOLKSWAGEN,GOLF,15990.0,2021.0,120807.0,Híbrido,Automatico,110.0,coches.net,berlina
VOLVO,XC60,32990.0,2023.0,99990.0,Híbrido,Automatico,197.0,coches.net,utilitario
SEAT,LEÓN,11990.0,2012.0,86000.0,Diésel,Manual,105.0,coches.net,berlina
CITROEN,C3 AIRCROSS,12990.0,2019.0,59000.0,Gasolina,Manual,110.0,coches.net,utilitario
SEAT,IBIZA,19990.0,2024.0,21564.0,Gasolina,Manual,115.0,coches.net,berlina
SEAT,IBIZA,17490.0,2024.0,19000.0,Gasolina,Manual,115.0,coches.net,berlina
MERCEDES-BENZ,CLASE E,29450.0,2017.0,244698.0,Gasolina,Automatico,401.0,coches.net,berlina
MAZDA,CX-5,17500.0,2022.0,213484.0,Gasolina,Automatico,165.0,coches.net,utilitario
VOLKSWAGEN,GOLF,26890.0,2025.0,19058.0,Diésel,Manual,116.0,coches.net,berlina
HYUNDAI,I30,11900.0,2019.0,64028.0,Gasolina,Manual,100.0,coches.net,berlina
PEUGEOT,E-208,18490.0,2022.0,28199.0,Eléctrico,Automatico,136.0,coches.net,berlina
CITROEN,Ë-C4,16990.0,2021.0,54000.0,Eléctrico,Automatico,136.0,coches.net,berlina
DACIA,SANDERO,12990.0,2019.0,78031.0,Diésel,Manual,95.0,coches.net,berlina
VOLKSWAGEN,GOLF SPORTSVAN,17290.0,2016.0,102031.0,Gasolina,Automatico,150.0,coches.net,utilitario
PEUGEOT,3008 HYBRID,22490.0,2024.0,18658.0,Híbrido,Automatico,136.0,coches.net,utilitario
SEAT,IBIZA,3499.0,2007.0,262000.0,Diésel,Manual,80.0,coches.net,berlina
TOYOTA,COROLLA,19499.0,2022.0,75000.0,Híbrido,Automatico,122.0,coches.net,berlina
SEAT,IBIZA,3999.0,2008.0,223000.0,Diésel,Manual,90.0,coches.net,berlina
SKODA,KAROQ,14990.0,2020.0,169905.0,Diésel,Automatico,150.0,coches.net,utilitario
AUDI,A3,18990.0,2020.0,79000.0,Híbrido enchufable,Automatico,204.0,coches.net,berlina
CITROEN,C4 CACTUS,9490.0,2020.0,110000.0,Gasolina,Manual,110.0,coches.net,berlina
VOLKSWAGEN,CARAVELLE,25990.0,2021.0,127543.0,Diésel,Manual,110.0,coches.net,utilitario
KIA,STONIC,16480.0,2023.0,17571.0,Híbrido,Manual,100.0,coches.net,utilitario
PEUGEOT,3008 HYBRID,16990.0,2022.0,140791.0,Híbrido enchufable,Automatico,300.0,coches.net,utilitario
MAZDA,CX-5,20400.0,2020.0,124988.0,Diésel,Manual,150.0,coches.net,utilitario
BMW,SERIE 1,18489.0,2019.0,79119.0,Diésel,Manual,116.0,coches.net,berlina
DFSK,F5,20990.0,2024.0,18721.0,Gasolina,Automatico,137.0,coches.net,utilitario
TOYOTA,C-HR,18490.0,2020.0,124971.0,Híbrido,Automatico,122.0,coches.net,berlina
MITSUBISHI,SPACE STAR,13499.0,2023.0,7578.0,Gasolina,Manual,71.0,coches.net,berlina
KIA,CEED,17000.0,2023.0,75025.0,Híbrido,Manual,136.0,coches.net,berlina
KIA,CEED,15490.0,2020.0,73649.0,Gasolina,Manual,100.0,coches.net,berlina
AUDI,A3,27990.0,2025.0,10000.0,Gasolina,Automatico,116.0,coches.net,berlina
LAND-ROVER,RANGE ROVER SPORT,249990.0,2025.0,2500.0,Híbrido,Automatico,635.0,coches.net,utilitario
RENAULT,MÉGANE,12897.0,2021.0,162700.0,Diésel,Manual,115.0,coches.net,berlina
FORD,MONDEO,14699.0,2019.0,152702.0,Diésel,Automatico,150.0,coches.net,berlina
VOLVO,V60 CROSS COUNTRY,39900.0,2023.0,27231.0,Híbrido,Automatico,197.0,coches.net,berlina
VOLVO,XC40,19990.0,2019.0,130238.0,Gasolina,Automatico,163.0,coches.net,utilitario
SEAT,IBIZA,19900.0,2025.0,500.0,Gasolina,Manual,115.0,coches.net,berlina
RENAULT,CLIO,7499.0,2012.0,90700.0,Gasolina,Manual,105.0,coches.net,berlina
VOLVO,XC40,24990.0,2023.0,98000.0,Híbrido enchufable,Automatico,211.0,coches.net,utilitario
DACIA,JOGGER,19900.0,2025.0,39288.0,Gasolina,Manual,110.0,coches.net,berlina
DR AUTOMOBILES,DR 5.0,13790.0,2022.0,97305.0,Gasolina,Manual,116.0,coches.net,utilitario
BMW,SERIE 5,14390.0,2017.0,169000.0,Diésel,Automatico,150.0,coches.net,berlina
PEUGEOT,PARTNER,8900.0,2016.0,249229.0,Diésel,Manual,100.0,coches.net,utilitario
CITROEN,C4,7490.0,2015.0,140000.0,Diésel,Manual,99.0,coches.net,berlina
SEAT,IBIZA,15999.0,2025.0,25000.0,Gasolina,Manual,115.0,coches.net,berlina
SEAT,IBIZA,18690.0,2025.0,15470.0,Gasolina,Manual,115.0,coches.net,berlina
BMW,X6,49900.0,2020.0,183500.0,Diésel,Automatico,400.0,coches.net,utilitario
PEUGEOT,RIFTER,15990.0,2020.0,99000.0,Diésel,Manual,130.0,coches.net,utilitario
KIA,STONIC,14290.0,2023.0,32192.0,Gasolina,Manual,84.0,coches.net,utilitario
SEAT,ARONA,13790.0,2022.0,134000.0,Gasolina,Manual,110.0,coches.net,utilitario
MERCEDES-BENZ,CLASE CLA,16000.0,2015.0,180000.0,Diésel,Automatico,177.0,coches.net,berlina
RENAULT,CAPTUR,14790.0,2023.0,85000.0,Gasolina,Manual,90.0,coches.net,utilitario
BMW,SERIE 5,18990.0,2015.0,106300.0,Diésel,Automatico,190.0,coches.net,berlina
SUZUKI,VITARA,23500.0,2022.0,31638.0,Híbrido,Automatico,116.0,coches.net,utilitario
PEUGEOT,RIFTER,17390.0,2022.0,58812.0,Diésel,Manual,100.0,coches.net,utilitario
SEAT,LEÓN,20499.0,2020.0,85900.0,Gasolina,Manual,150.0,coches.net,berlina
SEAT,ATECA,24359.0,2022.0,24243.0,Gasolina,Automatico,150.0,coches.net,utilitario
VOLVO,XC40,24400.0,2021.0,106620.0,Híbrido enchufable,Automatico,211.0,coches.net,utilitario
KIA,XCEED,20200.0,2022.0,64270.0,Híbrido enchufable,Automatico,141.0,coches.net,utilitario
CITROEN,C3,9590.0,2020.0,45106.0,Gasolina,Manual,83.0,coches.net,berlina
PEUGEOT,308,14990.0,2021.0,57000.0,Gasolina,Manual,110.0,coches.net,berlina
OMODA,5,22670.0,2025.0,17396.0,Gasolina,Automatico,147.0,coches.net,utilitario
OMODA,5,22670.0,2025.0,12737.0,Gasolina,Automatico,147.0,coches.net,utilitario
JEEP,COMPASS,19990.0,2021.0,31000.0,Gasolina,Automatico,150.0,coches.net,utilitario
HYUNDAI,KONA,15990.0,2022.0,26000.0,Gasolina,Manual,120.0,coches.net,utilitario
HYUNDAI,KONA,15990.0,2022.0,26000.0,Gasolina,Manual,120.0,coches.net,utilitario
NISSAN,QASHQAI+2,9990.0,2009.0,70000.0,Gasolina,Manual,140.0,coches.net,utilitario
CUPRA,FORMENTOR,24990.0,2021.0,164126.0,Gasolina,Automatico,310.0,coches.net,utilitario
VOLVO,XC60,32500.0,2019.0,136425.0,Diésel,Automatico,190.0,coches.net,utilitario
VOLKSWAGEN,PASSAT,19900.0,2022.0,145000.0,Diésel,Automatico,150.0,coches.net,berlina
NISSAN,QASHQAI,15490.0,2018.0,61640.0,Diésel,Manual,115.0,coches.net,berlina
VOLKSWAGEN,GOLF,20300.0,2021.0,40668.0,Diésel,Manual,115.0,coches.net,berlina
KIA,STONIC,12999.0,2019.0,112312.0,Gasolina,Manual,100.0,coches.net,utilitario
PEUGEOT,5008,9499.0,2015.0,154793.0,Diésel,Manual,150.0,coches.net,utilitario
HYUNDAI,SANTA FE,17900.0,2015.0,174393.0,Diésel,Manual,150.0,coches.net,utilitario
BMW,X3,41999.0,2020.0,85000.0,Diésel,Automatico,326.0,coches.net,utilitario
FORD,PUMA,22900.0,2024.0,14000.0,Híbrido,Manual,155.0,coches.net,utilitario
BMW,SERIE 4,24990.0,2015.0,200000.0,Diésel,Automatico,258.0,coches.net,berlina
RENAULT,MÉGANE,17990.0,2020.0,75206.0,Diésel,Manual,115.0,coches.net,berlina
RENAULT,MÉGANE,9300.0,2011.0,145056.0,Gasolina,Automatico,140.0,coches.net,berlina
RENAULT,CAPTUR,11990.0,2021.0,146700.0,Gas,Manual,100.0,coches.net,utilitario
MERCEDES-BENZ,GLC COUPÉ,43890.0,2021.0,36000.0,Diésel,Automatico,163.0,coches.net,utilitario
MAZDA,CX-5,14800.0,2016.0,146500.0,Diésel,Automatico,150.0,coches.net,utilitario
VOLKSWAGEN,T-ROC,20990.0,2024.0,86363.0,Gasolina,Manual,115.0,coches.net,utilitario
AUDI,A6,36950.0,2021.0,88000.0,Híbrido enchufable,Automatico,367.0,coches.net,berlina
VOLKSWAGEN,GOLF,29490.0,2022.0,85000.0,Gasolina,Automatico,245.0,coches.net,berlina
AUDI,A6,36950.0,2020.0,109000.0,Híbrido enchufable,Automatico,367.0,coches.net,berlina
BMW,X6,87900.0,2020.0,94562.0,Gasolina,Automatico,625.0,coches.net,utilitario
VOLVO,XC60,32990.0,2022.0,91224.0,Híbrido enchufable,Automatico,350.0,coches.net,utilitario
VOLVO,XC60,34990.0,2021.0,66928.0,Híbrido,Automatico,197.0,coches.net,utilitario
PEUGEOT,3008,19890.0,2021.0,67024.0,Diésel,Manual,130.0,coches.net,utilitario
SKODA,KAROQ,15990.0,2022.0,182500.0,Diésel,Automatico,150.0,coches.net,utilitario
AUDI,A4,38950.0,2018.0,104020.0,Gasolina,Automatico,354.0,coches.net,berlina
PEUGEOT,RIFTER,16499.0,2019.0,72010.0,Diésel,Manual,100.0,coches.net,utilitario
MERCEDES-BENZ,CLASE C,35890.0,2022.0,30909.0,Híbrido,Automatico,204.0,coches.net,berlina
BMW,X2,48990.0,2025.0,30000.0,Diésel,Automatico,150.0,coches.net,utilitario
BMW,X6,89000.0,2021.0,74000.0,Gasolina,Automatico,625.0,coches.net,utilitario
VOLVO,XC60,32990.0,2022.0,91224.0,Híbrido enchufable,Automatico,350.0,coches.net,utilitario
VOLVO,XC60,34990.0,2021.0,66928.0,Híbrido,Automatico,197.0,coches.net,utilitario
MERCEDES-BENZ,CLASE A,26990.0,2020.0,86208.0,Diésel,Automatico,150.0,coches.net,berlina
AUDI,A4,9900.0,2008.0,131000.0,Gasolina,Automatico,180.0,coches.net,berlina
FORD,KUGA,11980.0,2018.0,128885.0,Diésel,Manual,120.0,coches.net,utilitario
MERCEDES-BENZ,GLE,49890.0,2020.0,130000.0,Híbrido enchufable,Automatico,320.0,coches.net,utilitario
AUDI,Q8,54890.0,2021.0,113000.0,Híbrido,Automatico,231.0,coches.net,utilitario
BMW,SERIE 2 ACTIVE TOURER,28490.0,2023.0,42031.0,Gasolina,Automatico,136.0,coches.net,utilitario
CITROEN,C3 AIRCROSS,11999.0,2021.0,25972.0,Gasolina,Manual,110.0,coches.net,utilitario
PEUGEOT,508,8500.0,2015.0,180000.0,Diésel,Manual,140.0,coches.net,berlina
SKODA,OCTAVIA,8590.0,2011.0,109154.0,Diésel,Manual,105.0,coches.net,berlina
SEAT,IBIZA,10290.0,2014.0,84780.0,Gasolina,Manual,105.0,coches.net,berlina
CITROEN,GRAND C4 PICASSO,10890.0,2016.0,103000.0,Diésel,Manual,120.0,coches.net,utilitario
PEUGEOT,2008,9200.0,2021.0,274000.0,Diésel,Manual,110.0,coches.net,utilitario
CITROEN,C3,10399.0,2019.0,49498.0,Gasolina,Automatico,110.0,coches.net,berlina
MAZDA,MAZDA3,24999.0,2023.0,19223.0,Híbrido,Manual,186.0,coches.net,berlina
SEAT,IBIZA,5500.0,2009.0,190000.0,Diésel,Manual,90.0,coches.net,berlina
MERCEDES-BENZ,CLASE B,10990.0,2016.0,180000.0,Diésel,Manual,109.0,coches.net,utilitario
FORD,KUGA,23900.0,2023.0,35000.0,Híbrido,Automatico,190.0,coches.net,utilitario
MERCEDES-BENZ,CLASE B,14990.0,2015.0,175000.0,Diésel,Automatico,136.0,coches.net,utilitario
PEUGEOT,2008,8800.0,2015.0,119000.0,Gasolina,Manual,82.0,coches.net,utilitario
FORD,KUGA,21990.0,2022.0,87214.0,Híbrido,Automatico,190.0,coches.net,utilitario
KIA,VENGA,9299.0,2016.0,68321.0,Gasolina,Manual,90.0,coches.net,utilitario
PEUGEOT,308,16000.0,2022.0,85112.0,Diésel,Automatico,130.0,coches.net,berlina
SEAT,ALTEA,5500.0,2008.0,169000.0,Diésel,Manual,105.0,coches.net,utilitario
AUDI,Q5,33900.0,2020.0,111000.0,Diésel,Automatico,190.0,coches.net,utilitario
MITSUBISHI,L200,23990.0,2021.0,122000.0,Diésel,Manual,150.0,coches.net,pick up
VOLKSWAGEN,TAIGO,20990.0,2023.0,59000.0,Gasolina,Automatico,110.0,coches.net,utilitario
TOYOTA,AVENSIS,14990.0,2016.0,94000.0,Diésel,Manual,143.0,coches.net,berlina
PEUGEOT,3008 HYBRID,19850.0,2022.0,30386.0,Híbrido enchufable,Automatico,225.0,coches.net,utilitario
NISSAN,QASHQAI,9890.0,2017.0,235700.0,Diésel,Manual,110.0,coches.net,berlina
PEUGEOT,3008,21500.0,2022.0,50000.0,Diésel,Automatico,130.0,coches.net,utilitario
SEAT,LEÓN,19500.0,2024.0,10132.0,Gasolina,Manual,116.0,coches.net,berlina
RENAULT,CLIO,5900.0,2007.0,119390.0,Gasolina,Manual,100.0,coches.net,berlina
VOLKSWAGEN,TIGUAN,24990.0,2022.0,81961.0,Híbrido enchufable,Automatico,245.0,coches.net,utilitario
VOLKSWAGEN,TIGUAN,48990.0,2023.0,44500.0,Gasolina,Automatico,320.0,coches.net,utilitario
KIA,XCEED,24990.0,2023.0,9152.0,Híbrido enchufable,Automatico,141.0,coches.net,utilitario
HYUNDAI,KONA,21190.0,2021.0,27242.0,Híbrido,Automatico,141.0,coches.net,utilitario
MG,MG3,14400.0,2025.0,18576.0,Gasolina,Manual,116.0,coches.net,berlina
MG,MG3,14400.0,2025.0,16555.0,Gasolina,Manual,116.0,coches.net,berlina
MG,MG3,14400.0,2025.0,15832.0,Gasolina,Manual,116.0,coches.net,berlina
MERCEDES-BENZ,CLASE GLC,33100.0,2020.0,61166.0,Diésel,Automatico,163.0,coches.net,utilitario
VOLVO,V60,29990.0,2023.0,92397.0,Híbrido,Automatico,197.0,coches.net,berlina
MERCEDES-BENZ,CLASE C,74900.0,2023.0,16137.0,Híbrido,Automatico,408.0,coches.net,berlina
MERCEDES-BENZ,CLASE T,25890.0,2023.0,56306.0,Diésel,Automatico,116.0,coches.net,utilitario
MINI,MINI,15400.0,2019.0,78000.0,Gasolina,Manual,102.0,coches.net,berlina
MERCEDES-BENZ,CLASE T,26990.0,2023.0,12019.0,Diésel,Manual,116.0,coches.net,utilitario
AUDI,A4,27900.0,2020.0,85000.0,Diésel,Automatico,190.0,coches.net,berlina
TOYOTA,COROLLA,25990.0,2025.0,9084.0,Híbrido,Automatico,140.0,coches.net,berlina
LAND-ROVER,DISCOVERY,24890.0,2019.0,122470.0,Diésel,Automatico,240.0,coches.net,utilitario
TOYOTA,HILUX,34900.0,2021.0,35000.0,Diésel,Manual,150.0,coches.net,pick up
SUZUKI,VITARA,17990.0,2021.0,65222.0,Híbrido,Manual,129.0,coches.net,utilitario
OMODA,5,25990.0,2024.0,18409.0,Gasolina,Automatico,185.0,coches.net,utilitario
BMW,SERIE 3,39990.0,2025.0,29413.0,Híbrido,Automatico,150.0,coches.net,berlina
VOLVO,XC60,34990.0,2021.0,66928.0,Híbrido,Automatico,197.0,coches.net,utilitario
FORD,FOCUS,12000.0,2021.0,126270.0,Diésel,Automatico,120.0,coches.net,berlina
MASERATI,GHIBLI,48990.0,2018.0,46230.0,Gasolina,Automatico,430.0,coches.net,berlina
JAGUAR,E-PACE,49900.0,2025.0,3611.0,Híbrido enchufable,Automatico,309.0,coches.net,utilitario
BMW,X2,29900.0,2022.0,30645.0,Híbrido enchufable,Automatico,220.0,coches.net,utilitario
PEUGEOT,3008,17990.0,2021.0,62967.0,Diésel,Manual,130.0,coches.net,utilitario
MINI,COUNTRYMAN,9500.0,2014.0,200000.0,Diésel,Manual,112.0,coches.net,berlina
SEAT,ATECA,22900.0,2021.0,89500.0,Diésel,Automatico,150.0,coches.net,utilitario
VOLKSWAGEN,GOLF,25000.0,2025.0,49000.0,Gasolina,Manual,115.0,coches.net,berlina
TOYOTA,COROLLA,31890.0,2026.0,1130.0,Híbrido,Automatico,140.0,coches.net,berlina
SMART,FORTWO,10650.0,2015.0,52000.0,Gasolina,Automatico,71.0,coches.net,berlina
MINI,COUNTRYMAN,14950.0,2018.0,99950.0,Gasolina,Automatico,192.0,coches.net,berlina
MINI,COUNTRYMAN,14950.0,2018.0,99950.0,Gasolina,Automatico,192.0,coches.net,berlina
VOLKSWAGEN,POLO,15590.0,2022.0,68163.0,Gasolina,Manual,95.0,coches.net,berlina
AUDI,A5,31990.0,2020.0,120000.0,Diésel,Automatico,190.0,coches.net,berlina
VOLKSWAGEN,TAIGO,18709.0,2023.0,64305.0,Gasolina,Manual,110.0,coches.net,utilitario
VOLKSWAGEN,TAIGO,18809.0,2023.0,59116.0,Gasolina,Manual,95.0,coches.net,utilitario
VOLKSWAGEN,TAIGO,18910.0,2023.0,64252.0,Gasolina,Manual,95.0,coches.net,utilitario
MG,MG3,14790.0,2025.0,5982.0,Gasolina,Manual,116.0,coches.net,berlina
MG,MG3,14390.0,2025.0,8399.0,Gasolina,Manual,116.0,coches.net,berlina
FIAT,500,11900.0,2022.0,36800.0,Híbrido,Manual,70.0,coches.net,berlina
FIAT,500,8900.0,2021.0,65000.0,Híbrido,Manual,70.0,coches.net,berlina
FIAT,500,11690.0,2023.0,43765.0,Híbrido,Manual,70.0,coches.net,berlina
MERCEDES-BENZ,GLB,49000.0,2023.0,88656.0,Diésel,Automatico,190.0,coches.net,utilitario
AUDI,A3,35900.0,2025.0,30828.0,Diésel,Automatico,150.0,coches.net,berlina
BMW,SERIE 2 GRAN TOURER,14990.0,2021.0,140000.0,Diésel,Manual,116.0,coches.net,utilitario
CITROEN,C4 CACTUS,9490.0,2016.0,74000.0,Diésel,Manual,100.0,coches.net,berlina
KIA,PICANTO,15485.0,2024.0,11049.0,Gasolina,Manual,63.0,coches.net,berlina
OPEL,ASTRA,10950.0,2020.0,71900.0,Gasolina,Manual,110.0,coches.net,berlina
HONDA,CIVIC,21990.0,2017.0,65697.0,Gasolina,Automatico,182.0,coches.net,berlina
CUPRA,FORMENTOR,27990.0,2022.0,23815.0,Diésel,Automatico,150.0,coches.net,utilitario
FORD,FOCUS,3900.0,2006.0,177533.0,Gasolina,Manual,115.0,coches.net,berlina
NISSAN,JUKE,20990.0,2024.0,2.0,Gasolina,Manual,114.0,coches.net,utilitario
MAZDA,CX-5,26900.0,2023.0,68113.0,Gasolina,Manual,165.0,coches.net,utilitario
MERCEDES-BENZ,CLASE GLC,24990.0,2017.0,150000.0,Diésel,Automatico,204.0,coches.net,utilitario
BMW,SERIE 1,47890.0,2025.0,6648.0,Gasolina,Automatico,300.0,coches.net,berlina
MINI,COUNTRYMAN,15990.0,2019.0,138609.0,Diésel,Manual,116.0,coches.net,berlina
HYUNDAI,I30,14990.0,2019.0,67555.0,Gasolina,Manual,120.0,coches.net,berlina
SKODA,FABIA,15090.0,2023.0,11816.0,Gasolina,Manual,95.0,coches.net,berlina
RENAULT,SCÉNIC,4000.0,2006.0,209000.0,Diésel,Manual,130.0,coches.net,utilitario
AUDI,A5,24399.0,2019.0,58076.0,Gasolina,Automatico,150.0,coches.net,berlina
FIAT,PANDA,12950.0,2024.0,39485.0,Híbrido,Manual,70.0,coches.net,berlina
AUDI,Q8,58990.0,2021.0,68000.0,Híbrido enchufable,Automatico,381.0,coches.net,utilitario
TOYOTA,C-HR,26490.0,2022.0,72864.0,Híbrido,Automatico,184.0,coches.net,berlina
TOYOTA,C-HR,26490.0,2022.0,76238.0,Híbrido,Automatico,184.0,coches.net,berlina
JEEP,COMPASS,15490.0,2019.0,51974.0,Gasolina,Manual,140.0,coches.net,utilitario
TOYOTA,AURIS,6999.0,2008.0,162000.0,Diésel,Manual,177.0,coches.net,berlina
SEAT,ATECA,20990.0,2022.0,40961.0,Gasolina,Manual,150.0,coches.net,utilitario
BMW,X1,19290.0,2018.0,104972.0,Diésel,Manual,150.0,coches.net,utilitario
KIA,CARNIVAL,6499.0,2010.0,229000.0,Diésel,Automatico,185.0,coches.net,utilitario
VOLVO,XC60,32990.0,2022.0,91224.0,Híbrido enchufable,Automatico,350.0,coches.net,utilitario
VOLVO,XC60,34990.0,2021.0,66928.0,Híbrido,Automatico,197.0,coches.net,utilitario
VOLKSWAGEN,GOLF,12900.0,2010.0,49700.0,Gasolina,Automatico,122.0,coches.net,berlina
KIA,STONIC,13475.0,2021.0,56000.0,Gasolina,Manual,84.0,coches.net,utilitario
VOLKSWAGEN,TIGUAN,23990.0,2018.0,118000.0,Diésel,Automatico,150.0,coches.net,utilitario
SEAT,LEÓN,19990.0,2024.0,19696.0,Gasolina,Manual,116.0,coches.net,berlina
SKODA,KAMIQ,21700.0,2025.0,9364.0,Gasolina,Manual,115.0,coches.net,utilitario
AUDI,Q3,18950.0,2016.0,109000.0,Diésel,Automatico,150.0,coches.net,utilitario
VOLKSWAGEN,T-ROC,24700.0,2023.0,31023.0,Gasolina,Automatico,150.0,coches.net,utilitario
VOLKSWAGEN,GOLF,12990.0,2015.0,107000.0,Gasolina,Automatico,125.0,coches.net,berlina
HYUNDAI,INSTER,24090.0,2025.0,2159.0,Eléctrico,Automatico,115.0,coches.net,utilitario
AUDI,A5,17900.0,2018.0,238000.0,Diésel,Automatico,190.0,coches.net,berlina
OPEL,COMBO LIFE,13499.0,2021.0,216000.0,Diésel,Manual,102.0,coches.net,utilitario
VOLKSWAGEN,T-ROC,24300.0,2022.0,34000.0,Gasolina,Manual,110.0,coches.net,utilitario
VOLKSWAGEN,T-ROC,24300.0,2022.0,34000.0,Gasolina,Manual,110.0,coches.net,utilitario
VOLVO,V90 CROSS COUNTRY,32290.0,2021.0,73926.0,Híbrido,Automatico,197.0,coches.net,berlina
SEAT,IBIZA,7999.0,2015.0,111894.0,Diésel,Manual,90.0,coches.net,berlina
FIAT,PUNTO,7890.0,2014.0,90193.0,Diésel,Manual,75.0,coches.net,berlina
MERCEDES-BENZ,CLASE A,18999.0,2019.0,129375.0,Diésel,Automatico,116.0,coches.net,berlina
AUDI,A3,47000.0,2024.0,37000.0,Gasolina,Automatico,310.0,coches.net,berlina
OPEL,CORSA,14100.0,2024.0,37195.0,Gasolina,Manual,100.0,coches.net,berlina
FIAT,500,11690.0,2023.0,43765.0,Híbrido,Manual,70.0,coches.net,berlina
MERCEDES-BENZ,GLA,24990.0,2020.0,76657.0,Gasolina,Automatico,156.0,coches.net,utilitario
BMW,SERIE 5,28890.0,2021.0,117491.0,Híbrido enchufable,Automatico,292.0,coches.net,berlina
CITROEN,C4 CACTUS,8997.0,2017.0,180000.0,Gasolina,Automatico,82.0,coches.net,berlina
TOYOTA,RAV4,27999.0,2021.0,76000.0,Híbrido,Automatico,218.0,coches.net,utilitario
RENAULT,MÉGANE,15990.0,2022.0,86607.0,Diésel,Manual,115.0,coches.net,berlina
TOYOTA,LAND CRUISER,79900.0,2025.0,38000.0,Diésel,Automatico,204.0,coches.net,utilitario
KIA,SORENTO,11800.0,2014.0,173047.0,Diésel,Manual,150.0,coches.net,utilitario
OPEL,ASTRA,9999.0,2018.0,99728.0,Gasolina,Manual,125.0,coches.net,berlina
TOYOTA,C-HR,24990.0,2023.0,48358.0,Híbrido,Automatico,140.0,coches.net,utilitario
MERCEDES-BENZ,CLASE A,23990.0,2020.0,105000.0,Híbrido enchufable,Automatico,218.0,coches.net,berlina
RENAULT,ARKANA,26995.0,2025.0,125.0,Híbrido,Automatico,145.0,coches.net,utilitario
VOLKSWAGEN,TOURAN,11399.0,2014.0,129746.0,Diésel,Manual,105.0,coches.net,utilitario
ALFA ROMEO,GIULIA,22899.0,2018.0,83071.0,Gasolina,Automatico,200.0,coches.net,berlina
OPEL,ASTRA,11500.0,2020.0,78518.0,Gasolina,Manual,145.0,coches.net,berlina
MERCEDES-BENZ,CLASE A,26490.0,2024.0,54750.0,Híbrido,Automatico,136.0,coches.net,berlina
CITROEN,C3,4990.0,2011.0,228000.0,Diésel,Manual,68.0,coches.net,berlina
NISSAN,QASHQAI,18990.0,2021.0,88769.0,Híbrido,Manual,140.0,coches.net,utilitario
CUPRA,FORMENTOR,22850.0,2022.0,95000.0,Diésel,Manual,150.0,coches.net,utilitario
PEUGEOT,208,8900.0,2021.0,59000.0,Gasolina,Manual,75.0,coches.net,berlina
PEUGEOT,208,9900.0,2021.0,58000.0,Gasolina,Manual,75.0,coches.net,berlina
TOYOTA,YARIS,24750.0,2025.0,4569.0,Híbrido,Automatico,130.0,coches.net,berlina
SEAT,LEÓN,14700.0,2020.0,108740.0,Diésel,Manual,115.0,coches.net,berlina
SEAT,ALHAMBRA,17900.0,2019.0,194000.0,Diésel,Automatico,150.0,coches.net,utilitario
FORD,ECOSPORT,15299.0,2022.0,35145.0,Gasolina,Manual,125.0,coches.net,utilitario
FIAT,500,11990.0,2021.0,29988.0,Híbrido,Manual,70.0,coches.net,berlina
ZHIDOU,D2S,7990.0,2022.0,11995.0,Eléctrico,Automatico,23.0,coches.net,berlina
KIA,SPORTAGE,30700.0,2025.0,6000.0,Gasolina,Automatico,150.0,coches.net,utilitario
SEAT,LEÓN,23800.0,2025.0,6126.0,Gasolina,Manual,150.0,coches.net,berlina
TOYOTA,YARIS,12990.0,2022.0,153429.0,Híbrido,Automatico,116.0,coches.net,berlina
SSANGYONG,RODIUS,4999.0,2008.0,264000.0,Diésel,Manual,165.0,coches.net,utilitario
VOLKSWAGEN,POLO,13990.0,2021.0,103000.0,Gasolina,Automatico,95.0,coches.net,berlina
SKODA,YETI,7900.0,2015.0,143150.0,Gasolina,Manual,105.0,coches.net,utilitario
SEAT,ATECA,16400.0,2019.0,61402.0,Gasolina,Manual,115.0,coches.net,utilitario
BMW,SERIE 3,35900.0,2022.0,14000.0,Híbrido enchufable,Automatico,292.0,coches.net,berlina
OPEL,MOKKA,8900.0,2015.0,125000.0,Diésel,Manual,136.0,coches.net,utilitario
TOYOTA,C-HR,20900.0,2021.0,105034.0,Híbrido,Automatico,122.0,coches.net,berlina
VOLKSWAGEN,POLO,11199.0,2014.0,58784.0,Gasolina,Manual,90.0,coches.net,berlina
VOLKSWAGEN,TIGUAN,38600.0,2025.0,10469.0,Diésel,Automatico,150.0,coches.net,utilitario
FIAT,500,13900.0,2023.0,9479.0,Híbrido,Manual,70.0,coches.net,berlina
KIA,PICANTO,10299.0,2020.0,76201.0,Gasolina,Manual,67.0,coches.net,berlina
JAECOO,7,36500.0,2025.0,3400.0,Híbrido enchufable,Automatico,347.0,coches.net,utilitario
MERCEDES-BENZ,CLASE A,25990.0,2021.0,56000.0,Híbrido enchufable,Automatico,218.0,coches.net,berlina
TOYOTA,PROACE CITY,18990.0,2020.0,119675.0,Diésel,Manual,131.0,coches.net,utilitario
CITROEN,BERLINGO,17490.0,2019.0,121497.0,Diésel,Manual,130.0,coches.net,utilitario
SEAT,TOLEDO,1890.0,2004.0,340000.0,Diésel,Manual,130.0,coches.net,berlina
TOYOTA,YARIS,10800.0,2016.0,45853.0,Gasolina,Manual,69.0,coches.net,berlina
MERCEDES-BENZ,CLA,28990.0,2023.0,52000.0,Híbrido enchufable,Automatico,218.0,coches.net,berlina
MERCEDES-BENZ,CLA,28990.0,2023.0,52000.0,Híbrido enchufable,Automatico,218.0,coches.net,berlina
AUDI,A5,27900.0,2010.0,160000.0,Gasolina,Automatico,450.0,coches.net,berlina
VOLKSWAGEN,GOLF,21900.0,2023.0,115686.0,Diésel,Manual,115.0,coches.net,berlina
BMW,SERIE 3,39900.0,2025.0,28700.0,Híbrido,Automatico,150.0,coches.net,berlina
BMW,SERIE 4,36950.0,2017.0,112938.0,Gasolina,Automatico,326.0,coches.net,berlina
FIAT,TIPO,9249.0,2022.0,163000.0,Híbrido,Automatico,130.0,coches.net,berlina
LEXUS,RC,27599.0,2018.0,138732.0,Híbrido,Automatico,223.0,coches.net,berlina
AUDI,A3,26990.0,2021.0,50165.0,Híbrido enchufable,Automatico,204.0,coches.net,berlina
BMW,SERIE 2,17450.0,2015.0,121299.0,Gasolina,Automatico,136.0,coches.net,berlina
MERCEDES-BENZ,CLASE E,44990.0,2021.0,93000.0,Diésel,Automatico,330.0,coches.net,berlina
HYUNDAI,I30,23783.0,2025.0,13562.0,Gasolina,Manual,100.0,coches.net,berlina
KIA,CEE'D,13500.0,2017.0,125000.0,Diésel,Manual,136.0,coches.net,berlina
KIA,XCEED,22990.0,2023.0,32380.0,Híbrido,Automatico,160.0,coches.net,utilitario
JEEP,WRANGLER,59900.0,2022.0,29500.0,Híbrido enchufable,Automatico,381.0,coches.net,utilitario
AUDI,Q2,34500.0,2024.0,25200.0,Diésel,Automatico,150.0,coches.net,utilitario
SEAT,IBIZA,13900.0,2023.0,119927.0,Gasolina,Manual,110.0,coches.net,berlina
POLESTAR,4,44990.0,2024.0,5000.0,Eléctrico,Automatico,272.0,coches.net,utilitario
POLESTAR,4,44990.0,2024.0,10000.0,Eléctrico,Automatico,272.0,coches.net,utilitario
AUDI,A3,55990.0,2022.0,79372.0,Gasolina,Automatico,400.0,coches.net,berlina
OPEL,ASTRA,8490.0,2020.0,95000.0,Gasolina,Manual,110.0,coches.net,berlina
MERCEDES-BENZ,CLASE A,55970.0,2023.0,34901.0,Gasolina,Automatico,306.0,coches.net,berlina
PORSCHE,MACAN,29999.0,2015.0,204000.0,Diésel,Automatico,258.0,coches.net,utilitario
VOLKSWAGEN,ARTEON,35900.0,2022.0,87527.0,Diésel,Automatico,150.0,coches.net,berlina
BMW,X4,25995.0,2016.0,158000.0,Diésel,Automatico,190.0,coches.net,utilitario
BMW,X4,26995.0,2017.0,128000.0,Diésel,Automatico,190.0,coches.net,utilitario
HYUNDAI,BAYON,13990.0,2022.0,83347.0,Gasolina,Manual,84.0,coches.net,utilitario
MERCEDES-BENZ,CLASE S,120000.0,2021.0,103000.0,Gasolina,Automatico,612.0,coches.net,berlina
RENAULT,CAPTUR,22850.0,2025.0,8000.0,Gas,Manual,100.0,coches.net,utilitario
BMW,X4,34900.0,2023.0,169000.0,Híbrido,Automatico,190.0,coches.net,utilitario
KIA,STONIC,16299.0,2021.0,27023.0,Híbrido,Manual,100.0,coches.net,utilitario
KIA,STONIC,16699.0,2022.0,37672.0,Híbrido,Manual,100.0,coches.net,utilitario
FORD,PUMA,16490.0,2020.0,61732.0,Híbrido,Manual,125.0,coches.net,utilitario
RENAULT,MÉGANE,13699.0,2018.0,80877.0,Diésel,Manual,130.0,coches.net,berlina
CITROEN,C-CROSSER,6990.0,2008.0,215872.0,Diésel,Manual,160.0,coches.net,utilitario
KIA,SPORTAGE,22990.0,2023.0,150000.0,Híbrido enchufable,Automatico,265.0,coches.net,utilitario
SEAT,LEÓN,12900.0,2017.0,104962.0,Gasolina,Manual,110.0,coches.net,berlina
VOLKSWAGEN,T-ROC,20900.0,2018.0,75000.0,Gasolina,Manual,150.0,coches.net,utilitario
OPEL,CORSA,11900.0,2020.0,25043.0,Gasolina,Manual,100.0,coches.net,berlina
KIA,NIRO,20200.0,2022.0,64296.0,Híbrido,Automatico,141.0,coches.net,berlina
VOLVO,V60,38900.0,2025.0,17760.0,Híbrido,Automatico,197.0,coches.net,berlina
AUDI,A5,30990.0,2020.0,61411.0,Híbrido,Automatico,163.0,coches.net,berlina
FORD,KUGA,21000.0,2022.0,98650.0,Híbrido,Automatico,190.0,coches.net,utilitario
FORD,KUGA,21000.0,2022.0,98650.0,Híbrido,Automatico,190.0,coches.net,utilitario
FORD,EDGE,14900.0,2016.0,187751.0,Diésel,Automatico,210.0,coches.net,utilitario
OMODA,5,22670.0,2025.0,15591.0,Gasolina,Automatico,147.0,coches.net,utilitario
MERCEDES-BENZ,CLASE GLC,24900.0,2019.0,165000.0,Diésel,Automatico,163.0,coches.net,utilitario
AUDI,Q3 SPORTBACK,30900.0,2022.0,99000.0,Diésel,Automatico,150.0,coches.net,utilitario
CUPRA,LEÓN,25500.0,2023.0,46850.0,Híbrido,Automatico,150.0,coches.net,berlina
MERCEDES-BENZ,CLASE C,57500.0,2023.0,29990.0,Híbrido,Automatico,408.0,coches.net,berlina
PEUGEOT,107,4490.0,2007.0,87000.0,Gasolina,Manual,68.0,coches.net,berlina
BMW,SERIE 4,56300.0,2024.0,31448.0,Híbrido,Automatico,286.0,coches.net,berlina
LAND-ROVER,RANGE ROVER VELAR,40000.0,2020.0,106933.0,Diésel,Automatico,300.0,coches.net,utilitario
VOLKSWAGEN,MULTIVAN,38990.0,2019.0,47400.0,Diésel,Manual,150.0,coches.net,utilitario
MERCEDES-BENZ,CLASE GLC,33990.0,2020.0,110000.0,Diésel,Automatico,194.0,coches.net,utilitario
CITROEN,C3 AIRCROSS,11990.0,2021.0,43707.0,Gasolina,Manual,110.0,coches.net,utilitario
OPEL,ASTRA,10199.0,2018.0,105673.0,Gasolina,Manual,125.0,coches.net,berlina
CITROEN,C4 PICASSO,4490.0,2013.0,210000.0,Diésel,Automatico,150.0,coches.net,utilitario
RENAULT,SCÉNIC,3700.0,2012.0,240000.0,Diésel,Manual,110.0,coches.net,utilitario
MERCEDES-BENZ,CLASE A,22900.0,2021.0,82900.0,Gasolina,Manual,136.0,coches.net,berlina
MERCEDES-BENZ,CLASE C,38890.0,2023.0,62000.0,Diésel,Automatico,194.0,coches.net,berlina
MINI,COUNTRYMAN,24380.0,2022.0,55729.0,Diésel,Manual,150.0,coches.net,berlina
TOYOTA,YARIS,19690.0,2022.0,50423.0,Híbrido,Automatico,116.0,coches.net,berlina
TOYOTA,YARIS,16990.0,2022.0,98854.0,Híbrido,Automatico,116.0,coches.net,berlina
TOYOTA,COROLLA,18490.0,2021.0,105965.0,Híbrido,Automatico,122.0,coches.net,berlina
PEUGEOT,2008,19499.0,2025.0,2459.0,Gasolina,Manual,100.0,coches.net,utilitario
OPEL,GRANDLAND X,12899.0,2020.0,107960.0,Diésel,Manual,130.0,coches.net,utilitario
CITROEN,C5 AIRCROSS,14850.0,2020.0,102360.0,Diésel,Manual,131.0,coches.net,utilitario
VOLKSWAGEN,POLO,18990.0,2020.0,62798.0,Gasolina,Manual,110.0,coches.net,berlina
AUDI,Q5,50500.0,2023.0,39646.0,Híbrido,Automatico,204.0,coches.net,utilitario
FORD,FOCUS,8470.0,2016.0,164000.0,Gasolina,Manual,125.0,coches.net,berlina
PEUGEOT,3008,13190.0,2020.0,106855.0,Gasolina,Manual,130.0,coches.net,utilitario
AUDI,A6,72900.0,2024.0,11238.0,Híbrido,Automatico,344.0,coches.net,berlina
CITROEN,BERLINGO,11990.0,2016.0,120000.0,Diésel,Manual,100.0,coches.net,utilitario
AUDI,Q5 SPORTBACK,106900.0,2026.0,60.0,Híbrido,Automatico,367.0,coches.net,utilitario
MG,ZS,12900.0,2022.0,57000.0,Gasolina,Automatico,111.0,coches.net,utilitario
VOLVO,XC40,19990.0,2019.0,130238.0,Gasolina,Automatico,163.0,coches.net,utilitario
MITSUBISHI,OUTLANDER,45400.0,2025.0,9568.0,Híbrido enchufable,Automatico,306.0,coches.net,utilitario
MITSUBISHI,OUTLANDER,45400.0,2025.0,5528.0,Híbrido enchufable,Automatico,306.0,coches.net,utilitario
HYUNDAI,KONA,22900.0,2023.0,50312.0,Gasolina,Manual,120.0,coches.net,utilitario
PEUGEOT,3008,13190.0,2020.0,106855.0,Gasolina,Manual,130.0,coches.net,utilitario
LAND-ROVER,RANGE ROVER EVOQUE,52900.0,2024.0,20091.0,Híbrido enchufable,Automatico,269.0,coches.net,utilitario
VOLKSWAGEN,CARAVELLE,14490.0,2010.0,390000.0,Diésel,Manual,140.0,coches.net,utilitario
SKODA,OCTAVIA,20990.0,2021.0,57329.0,Diésel,Manual,150.0,coches.net,berlina
FORD,MONDEO,14999.0,2021.0,160000.0,Híbrido,Automatico,187.0,coches.net,berlina
MINI,MINI,15500.0,2017.0,134500.0,Gasolina,Manual,136.0,coches.net,berlina
AUDI,Q3,25790.0,2021.0,100025.0,Híbrido enchufable,Automatico,245.0,coches.net,utilitario
MITSUBISHI,ASX,14199.0,2018.0,74638.0,Gasolina,Manual,117.0,coches.net,utilitario
PEUGEOT,208,16850.0,2025.0,26000.0,Híbrido,Automatico,100.0,coches.net,berlina
PEUGEOT,508,16990.0,2020.0,63016.0,Diésel,Manual,130.0,coches.net,berlina
JEEP,RENEGADE,30750.0,2025.0,17340.0,Híbrido,Automatico,130.0,coches.net,utilitario
SKODA,FABIA,13500.0,2023.0,29690.0,Gasolina,Manual,80.0,coches.net,berlina
SEAT,LEÓN,13890.0,2021.0,135165.0,Diésel,Manual,115.0,coches.net,berlina
AUDI,A3,27300.0,2024.0,17000.0,Híbrido,Automatico,116.0,coches.net,berlina
KIA,STONIC,14290.0,2022.0,86703.0,Híbrido,Manual,100.0,coches.net,utilitario
HONDA,CR-V,10500.0,2010.0,163000.0,Diésel,Manual,150.0,coches.net,utilitario
VOLVO,XC60,16900.0,2016.0,168000.0,Diésel,Automatico,150.0,coches.net,utilitario
TOYOTA,YARIS,16500.0,2021.0,167000.0,Híbrido,Automatico,116.0,coches.net,berlina
FIAT,500X,12899.0,2021.0,56513.0,Gasolina,Manual,120.0,coches.net,utilitario
RENAULT,TALISMAN,17990.0,2018.0,105784.0,Diésel,Automatico,160.0,coches.net,berlina
ALFA ROMEO,JUNIOR,24290.0,2025.0,10999.0,Híbrido,Automatico,145.0,coches.net,utilitario
CITROEN,C3 AIRCROSS,13990.0,2024.0,49268.0,Diésel,Manual,110.0,coches.net,utilitario
SEAT,LEÓN,14990.0,2017.0,124111.0,Diésel,Automatico,150.0,coches.net,berlina
SEAT,ARONA,14900.0,2019.0,18003.0,Gasolina,Manual,95.0,coches.net,utilitario
MERCEDES-BENZ,CLASE B,6499.0,2007.0,172000.0,Diésel,Automatico,109.0,coches.net,utilitario
DACIA,DUSTER,9490.0,2017.0,122312.0,Gas,Manual,109.0,coches.net,utilitario
AUDI,A6,70500.0,2025.0,961.0,Híbrido,Automatico,204.0,coches.net,berlina
PEUGEOT,5008,16490.0,2020.0,110946.0,Diésel,Automatico,130.0,coches.net,utilitario
MG,ZS,17391.0,2025.0,8000.0,Gasolina,Manual,116.0,coches.net,utilitario
BMW,SERIE 3,18999.0,2022.0,230600.0,Híbrido,Automatico,150.0,coches.net,berlina
PEUGEOT,208,12499.0,2024.0,32807.0,Gasolina,Manual,75.0,coches.net,berlina
KIA,CEED,18732.0,2025.0,13585.0,Gasolina,Manual,100.0,coches.net,berlina
OMODA,5,25800.0,2025.0,7500.0,Gasolina,Automatico,147.0,coches.net,utilitario
MG,ZS,16990.0,2023.0,19159.0,Gasolina,Automatico,111.0,coches.net,utilitario
NISSAN,JUKE,24800.0,2024.0,14207.0,Híbrido,Automatico,143.0,coches.net,utilitario
PEUGEOT,208,10290.0,2021.0,70886.0,Gasolina,Manual,75.0,coches.net,berlina
AUDI,Q5,47900.0,2022.0,39999.0,Híbrido,Automatico,204.0,coches.net,utilitario
MERCEDES-BENZ,CLASE C,36900.0,2024.0,123000.0,Híbrido,Automatico,200.0,coches.net,berlina
NISSAN,QASHQAI,27990.0,2024.0,19666.0,Híbrido,Automatico,158.0,coches.net,utilitario
SEAT,LEÓN,23490.0,2023.0,20858.0,Gasolina,Manual,130.0,coches.net,berlina
SEAT,LEÓN,23490.0,2023.0,20858.0,Gasolina,Manual,130.0,coches.net,berlina
MINI,MINI,10500.0,2012.0,140.0,Gasolina,Manual,184.0,coches.net,berlina
PEUGEOT,308,10499.0,2010.0,81000.0,Diésel,Manual,112.0,coches.net,berlina
MERCEDES-BENZ,CLASE C,20750.0,2016.0,223000.0,Diésel,Automatico,170.0,coches.net,berlina
ALFA ROMEO,MITO,4600.0,2010.0,200000.0,Diésel,Manual,120.0,coches.net,berlina
SEAT,ATECA,22690.0,2022.0,102371.0,Diésel,Automatico,150.0,coches.net,utilitario
BMW,X3,34900.0,2022.0,88700.0,Híbrido enchufable,Automatico,292.0,coches.net,utilitario
CUPRA,TERRAMAR,36650.0,2025.0,51.0,Híbrido,Automatico,150.0,coches.net,utilitario
CUPRA,TERRAMAR,36650.0,2025.0,51.0,Híbrido,Automatico,150.0,coches.net,utilitario
MG,ZS,16990.0,2023.0,19159.0,Gasolina,Automatico,111.0,coches.net,utilitario
BMW,SERIE 1,8990.0,2010.0,98000.0,Diésel,Manual,115.0,coches.net,berlina
HYUNDAI,TUCSON,28990.0,2022.0,40000.0,Híbrido enchufable,Automatico,265.0,coches.net,utilitario
FORD,KUGA,37690.0,2024.0,24253.0,Híbrido enchufable,Automatico,243.0,coches.net,utilitario
SEAT,LEÓN,18990.0,2024.0,89990.0,Diésel,Manual,116.0,coches.net,berlina
MERCEDES-BENZ,GLC COUPÉ,41900.0,2021.0,74500.0,Híbrido enchufable,Automatico,306.0,coches.net,utilitario
MERCEDES-BENZ,GLA,32990.0,2021.0,120000.0,Diésel,Automatico,150.0,coches.net,utilitario
TOYOTA,YARIS,18999.0,2022.0,37254.0,Híbrido,Automatico,116.0,coches.net,berlina
JAGUAR,F-PACE,54900.0,2025.0,19062.0,Híbrido,Automatico,204.0,coches.net,utilitario
CITROEN,C4,16490.0,2023.0,28580.0,Gasolina,Automatico,131.0,coches.net,berlina
DS,DS 3 CROSSBACK,15990.0,2020.0,37031.0,Gasolina,Automatico,130.0,coches.net,utilitario
PORSCHE,MACAN,39990.0,2016.0,161000.0,Gasolina,Automatico,360.0,coches.net,utilitario
VOLVO,XC60,27990.0,2021.0,118800.0,Híbrido enchufable,Automatico,340.0,coches.net,utilitario
SEAT,IBIZA,15999.0,2025.0,25000.0,Gasolina,Manual,115.0,coches.net,berlina
SEAT,IBIZA,18690.0,2025.0,15470.0,Gasolina,Manual,115.0,coches.net,berlina
AUDI,Q7,54800.0,2022.0,95200.0,Híbrido,Automatico,286.0,coches.net,utilitario
PEUGEOT,RIFTER,15990.0,2020.0,99000.0,Diésel,Manual,130.0,coches.net,utilitario
KIA,STONIC,14290.0,2023.0,32192.0,Gasolina,Manual,84.0,coches.net,utilitario
MERCEDES-BENZ,CLASE CLK,9500.0,2006.0,192000.0,Diésel,Automatico,224.0,coches.net,berlina
SEAT,ARONA,13790.0,2022.0,134000.0,Gasolina,Manual,110.0,coches.net,utilitario
MERCEDES-BENZ,CLASE CLA,16000.0,2015.0,180000.0,Diésel,Automatico,177.0,coches.net,berlina
AUDI,A1,28500.0,2025.0,100.0,Gasolina,Automatico,116.0,coches.net,berlina
AUDI,A1,25000.0,2025.0,23149.0,Gasolina,Automatico,116.0,coches.net,berlina
MINI,COUNTRYMAN,26490.0,2021.0,62192.0,Híbrido enchufable,Automatico,220.0,coches.net,berlina
OPEL,CORSA,4399.0,2009.0,179000.0,Diésel,Manual,75.0,coches.net,berlina
BMW,SERIE 3,37800.0,2024.0,20000.0,Híbrido,Automatico,150.0,coches.net,berlina
SKODA,KAMIQ,18610.0,2022.0,60594.0,Gasolina,Automatico,110.0,coches.net,utilitario
KIA,XCEED,17500.0,2022.0,62321.0,Gasolina,Manual,120.0,coches.net,utilitario
PEUGEOT,3008,9199.0,2014.0,82095.0,Diésel,Manual,120.0,coches.net,berlina
BMW,X2,22800.0,2019.0,100000.0,Diésel,Automatico,150.0,coches.net,utilitario
MERCEDES-BENZ,CLASE E,69000.0,2024.0,2073.0,Híbrido enchufable,Automatico,313.0,coches.net,berlina
MERCEDES-BENZ,EQS,101900.0,2025.0,3534.0,Eléctrico,Automatico,360.0,coches.net,berlina
TOYOTA,PROACE CITY,15990.0,2021.0,77000.0,Diésel,Manual,102.0,coches.net,utilitario
OPEL,MOKKA,13750.0,2022.0,108000.0,Diésel,Manual,110.0,coches.net,utilitario
OPEL,CORSA,8490.0,2015.0,139000.0,Diésel,Manual,95.0,coches.net,berlina
BMW,SERIE 2 ACTIVE TOURER,15900.0,2015.0,113000.0,Diésel,Automatico,190.0,coches.net,utilitario
NISSAN,QASHQAI,16500.0,2020.0,90000.0,Diésel,Manual,115.0,coches.net,berlina
HYUNDAI,TUCSON,20490.0,2021.0,113900.0,Gasolina,Manual,150.0,coches.net,utilitario
DACIA,LODGY,3300.0,2014.0,298504.0,Diésel,Manual,107.0,coches.net,utilitario
PEUGEOT,308,14490.0,2022.0,103736.0,Diésel,Manual,130.0,coches.net,berlina
KIA,PICANTO,13409.0,2022.0,63005.0,Gasolina,Automatico,67.0,coches.net,berlina
VOLKSWAGEN,GOLF,26999.0,2024.0,31220.0,Gasolina,Manual,150.0,coches.net,berlina
MG,ZS,14380.0,2022.0,72787.0,Gasolina,Manual,106.0,coches.net,utilitario
BMW,SERIE 1,35300.0,2025.0,14000.0,Híbrido,Automatico,170.0,coches.net,berlina
CITROEN,C3,8990.0,2020.0,76000.0,Gasolina,Manual,82.0,coches.net,berlina
HYUNDAI,I30,13790.0,2021.0,90000.0,Gasolina,Manual,110.0,coches.net,berlina
FORD,KA,4850.0,2013.0,151000.0,Gasolina,Manual,69.0,coches.net,berlina
VOLKSWAGEN,GOLF,16099.0,2014.0,81748.0,Diésel,Automatico,150.0,coches.net,berlina
OPEL,CORSA,11990.0,2021.0,117352.0,Diésel,Manual,102.0,coches.net,berlina
VOLKSWAGEN,GOLF SPORTSVAN,17290.0,2016.0,102031.0,Gasolina,Automatico,150.0,coches.net,utilitario
BMW,X2,39900.0,2025.0,9000.0,Diésel,Automatico,150.0,coches.net,utilitario
VOLKSWAGEN,GOLF SPORTSVAN,17290.0,2016.0,102031.0,Gasolina,Automatico,150.0,coches.net,utilitario
LAND-ROVER,FREELANDER,11790.0,2007.0,84500.0,Diésel,Automatico,160.0,coches.net,utilitario
VOLKSWAGEN,T-CROSS,20750.0,2025.0,21486.0,Gasolina,Manual,95.0,coches.net,utilitario
KIA,RIO,12990.0,2021.0,43985.0,Gasolina,Manual,84.0,coches.net,berlina
PORSCHE,PANAMERA,62900.0,2017.0,123656.0,Diésel,Automatico,422.0,coches.net,berlina
KIA,CEED,19200.0,2025.0,12517.0,Gasolina,Manual,100.0,coches.net,berlina
SKODA,KAMIQ,20800.0,2023.0,68562.0,Gasolina,Manual,150.0,coches.net,utilitario
SEAT,ALHAMBRA,13900.0,2013.0,226000.0,Diésel,Automatico,140.0,coches.net,utilitario
VOLKSWAGEN,PASSAT,11950.0,2017.0,219000.0,Diésel,Automatico,150.0,coches.net,berlina
ALFA ROMEO,STELVIO,25490.0,2021.0,77717.0,Diésel,Automatico,210.0,coches.net,utilitario
AUDI,Q3 SPORTBACK,31900.0,2022.0,64309.0,Diésel,Automatico,150.0,coches.net,utilitario
NISSAN,MICRA,11199.0,2021.0,68078.0,Gasolina,Manual,92.0,coches.net,berlina
LAMBORGHINI,HURACÁN,229990.0,2019.0,69000.0,Gasolina,Automatico,610.0,coches.net,berlina
TOYOTA,YARIS,19490.0,2022.0,52650.0,Híbrido,Automatico,116.0,coches.net,berlina
MAZDA,CX-30,16999.0,2021.0,99771.0,Híbrido,Manual,122.0,coches.net,utilitario
AUDI,A3,16699.0,2018.0,89906.0,Gasolina,Automatico,116.0,coches.net,berlina
JEEP,COMPASS,25499.0,2024.0,6620.0,Híbrido,Automatico,130.0,coches.net,utilitario
MERCEDES-BENZ,CLASE A,22199.0,2020.0,54846.0,Diésel,Automatico,116.0,coches.net,berlina
PEUGEOT,308,16899.0,2024.0,30201.0,Gasolina,Automatico,130.0,coches.net,berlina
BMW,SERIE 1,22699.0,2022.0,45984.0,Gasolina,Automatico,136.0,coches.net,berlina
VOLVO,XC40,24990.0,2021.0,49720.0,Gasolina,Manual,129.0,coches.net,utilitario
SEAT,LEÓN,18990.0,2024.0,89990.0,Diésel,Manual,116.0,coches.net,berlina
AUDI,Q3 SPORTBACK,30100.0,2020.0,108000.0,Diésel,Automatico,150.0,coches.net,utilitario
PEUGEOT,308,7990.0,2017.0,69000.0,Gasolina,Manual,130.0,coches.net,berlina
MINI,MINI,8490.0,2009.0,198000.0,Gasolina,Manual,175.0,coches.net,berlina
PORSCHE,MACAN,28900.0,2017.0,164000.0,Gasolina,Automatico,252.0,coches.net,utilitario
MERCEDES-BENZ,CLASE A,23700.0,2020.0,125434.0,Diésel,Automatico,150.0,coches.net,berlina
MERCEDES-BENZ,CLASE A,23900.0,2020.0,99875.0,Diésel,Automatico,150.0,coches.net,berlina
CUPRA,FORMENTOR,45900.0,2022.0,59500.0,Gasolina,Automatico,390.0,coches.net,utilitario
JEEP,RENEGADE,22490.0,2024.0,19744.0,Híbrido,Automatico,130.0,coches.net,utilitario
BMW,X3,16990.0,2011.0,131400.0,Diésel,Automatico,184.0,coches.net,utilitario
NISSAN,QASHQAI,8999.0,2017.0,300000.0,Diésel,Manual,110.0,coches.net,berlina
LAND-ROVER,RANGE ROVER VELAR,31499.0,2021.0,140718.0,Híbrido enchufable,Automatico,404.0,coches.net,utilitario
TOYOTA,COROLLA,34490.0,2025.0,7900.0,Híbrido,Automatico,196.0,coches.net,berlina
FORD,FOCUS,8500.0,2015.0,119000.0,Gasolina,Manual,125.0,coches.net,berlina
CITROEN,C4,13500.0,2022.0,110000.0,Diésel,Manual,110.0,coches.net,berlina
VOLKSWAGEN,CC,14490.0,2015.0,131000.0,Diésel,Automatico,150.0,coches.net,berlina
AUDI,Q3 SPORTBACK,38750.0,2022.0,24729.0,Híbrido,Automatico,150.0,coches.net,utilitario
BMW,SERIE 3,20990.0,2022.0,158000.0,Híbrido,Automatico,150.0,coches.net,berlina
HYUNDAI,TUCSON,33990.0,2026.0,1.0,Híbrido,Automatico,239.0,coches.net,utilitario
MERCEDES-BENZ,CLASE A,26699.0,2023.0,38832.0,Diésel,Automatico,116.0,coches.net,berlina
MERCEDES-BENZ,CLASE A,26699.0,2023.0,38832.0,Diésel,Automatico,116.0,coches.net,berlina
FORD,FIESTA,3900.0,2009.0,243000.0,Diésel,Manual,68.0,coches.net,berlina
HYUNDAI,TUCSON,17990.0,2022.0,145446.0,Diésel,Manual,115.0,coches.net,utilitario
DACIA,SANDERO,14490.0,2023.0,48000.0,Gasolina,Manual,91.0,coches.net,berlina
TOYOTA,YARIS CROSS,21900.0,2024.0,113669.0,Híbrido,Automatico,116.0,coches.net,utilitario
AUDI,A3,19590.0,2022.0,126861.0,Diésel,Automatico,116.0,coches.net,berlina
SEAT,ALTEA FREETRACK,7699.0,2012.0,132000.0,Diésel,Manual,105.0,coches.net,utilitario
BMW,SERIE 4,47990.0,2023.0,34000.0,Gasolina,Automatico,245.0,coches.net,berlina
VOLVO,V60,22990.0,2021.0,135000.0,Híbrido,Automatico,197.0,coches.net,berlina
FIAT,500,10990.0,2022.0,63940.0,Híbrido,Manual,70.0,coches.net,berlina
SKODA,OCTAVIA,6800.0,2018.0,250266.0,Diésel,Manual,115.0,coches.net,berlina
MERCEDES-BENZ,GLB,35700.0,2022.0,41677.0,Diésel,Automatico,150.0,coches.net,utilitario
VOLKSWAGEN,GOLF,17200.0,2020.0,80412.0,Gasolina,Manual,130.0,coches.net,berlina
CUPRA,FORMENTOR,25975.0,2023.0,96000.0,Gasolina,Automatico,150.0,coches.net,utilitario
AUDI,A1,17300.0,2021.0,38026.0,Gasolina,Manual,95.0,coches.net,berlina
PEUGEOT,208,7399.0,2016.0,21850.0,Gasolina,Manual,82.0,coches.net,berlina
AUDI,Q8,109000.0,2022.0,64900.0,Gasolina,Automatico,600.0,coches.net,utilitario
PEUGEOT,208,7399.0,2016.0,21850.0,Gasolina,Manual,82.0,coches.net,berlina
MG,ZS,15990.0,2024.0,20468.0,Gasolina,Manual,106.0,coches.net,utilitario
TOYOTA,HILUX,19900.0,2022.0,290000.0,Diésel,Manual,150.0,coches.net,pick up
VOLKSWAGEN,T-ROC,27300.0,2022.0,42719.0,Gasolina,Automatico,150.0,coches.net,utilitario
SKODA,KAROQ,18690.0,2021.0,105970.0,Diésel,Automatico,150.0,coches.net,utilitario
MERCEDES-BENZ,CLASE C,19900.0,2017.0,146200.0,Diésel,Automatico,170.0,coches.net,berlina
SEAT,ARONA,14500.0,2019.0,72643.0,Diésel,Manual,95.0,coches.net,utilitario
SEAT,ATECA,18400.0,2021.0,106148.0,Diésel,Manual,116.0,coches.net,utilitario
BMW,X3,37500.0,2022.0,62050.0,Híbrido enchufable,Automatico,292.0,coches.net,utilitario
MERCEDES-BENZ,CLASE SLK,22990.0,2012.0,125000.0,Gasolina,Manual,184.0,coches.net,berlina
VOLKSWAGEN,T-ROC,20900.0,2021.0,93503.0,Diésel,Automatico,150.0,coches.net,utilitario
MAZDA,CX-5,25990.0,2022.0,44600.0,Gasolina,Manual,165.0,coches.net,utilitario
MINI,MINI,10990.0,2012.0,93577.0,Gasolina,Manual,98.0,coches.net,berlina
KIA,SPORTAGE,16990.0,2020.0,159000.0,Híbrido,Manual,136.0,coches.net,utilitario
MERCEDES-BENZ,CLA,26990.0,2021.0,166890.0,Diésel,Automatico,150.0,coches.net,berlina
DACIA,SANDERO,11900.0,2019.0,68120.0,Gasolina,Manual,90.0,coches.net,berlina
VOLKSWAGEN,GOLF,17490.0,2020.0,84996.0,Gasolina,Manual,130.0,coches.net,berlina
VOLKSWAGEN,TIGUAN ALLSPACE,30490.0,2022.0,92091.0,Diésel,Automatico,150.0,coches.net,utilitario
AUDI,Q5 SPORTBACK,37990.0,2021.0,92000.0,Híbrido,Automatico,204.0,coches.net,utilitario
SEAT,LEÓN,15900.0,2022.0,149000.0,Diésel,Manual,115.0,coches.net,berlina
PEUGEOT,2008,17990.0,2021.0,109000.0,Diésel,Automatico,130.0,coches.net,utilitario
MINI,MINI,13699.0,2018.0,99832.0,Gasolina,Manual,192.0,coches.net,berlina
KIA,STONIC,21990.0,2025.0,8989.0,Híbrido,Automatico,101.0,coches.net,utilitario
BMW,X4,52900.0,2024.0,59000.0,Diésel,Automatico,190.0,coches.net,utilitario
SEAT,EXEO,5990.0,2011.0,360000.0,Diésel,Manual,120.0,coches.net,berlina
MERCEDES-BENZ,CLASE A,4499.0,2005.0,197794.0,Diésel,Automatico,109.0,coches.net,utilitario
VOLVO,S40,2900.0,2005.0,300000.0,Diésel,Manual,136.0,coches.net,berlina
AUDI,A3,36225.0,2025.0,19619.0,Híbrido,Automatico,150.0,coches.net,berlina
BMW,X5,45900.0,2022.0,89500.0,Diésel,Automatico,231.0,coches.net,utilitario
RENAULT,CAPTUR,16900.0,2021.0,36419.0,Gasolina,Manual,90.0,coches.net,utilitario
VOLVO,XC40,28900.0,2020.0,71012.0,Híbrido enchufable,Automatico,211.0,coches.net,utilitario
TOYOTA,PROACE VERSO,31990.0,2019.0,99000.0,Diésel,Automatico,177.0,coches.net,utilitario
VOLKSWAGEN,POLO,9290.0,2015.0,138472.0,Diésel,Manual,90.0,coches.net,berlina
OPEL,CORSA,8199.0,2017.0,137972.0,Diésel,Manual,95.0,coches.net,berlina
VOLVO,V60,26490.0,2019.0,75792.0,Híbrido enchufable,Automatico,390.0,coches.net,berlina
AUDI,Q2,24900.0,2025.0,15500.0,Gasolina,Manual,116.0,coches.net,utilitario
MERCEDES-BENZ,CLASE C,44990.0,2025.0,6934.0,Híbrido,Automatico,163.0,coches.net,berlina
PEUGEOT,3008 HYBRID,24900.0,2023.0,37885.0,Híbrido,Automatico,136.0,coches.net,utilitario
PEUGEOT,5008,28490.0,2024.0,9971.0,Diésel,Automatico,130.0,coches.net,utilitario
SEAT,ARONA,14840.0,2018.0,103631.0,Diésel,Manual,95.0,coches.net,utilitario
BMW,X2,24790.0,2020.0,52745.0,Gasolina,Manual,140.0,coches.net,utilitario
HONDA,CR-V,12790.0,2013.0,212000.0,Diésel,Automatico,150.0,coches.net,utilitario
BMW,SERIE 2,81990.0,2023.0,4600.0,Gasolina,Automatico,460.0,coches.net,berlina
DACIA,SANDERO,6999.0,2016.0,147000.0,Gasolina,Manual,90.0,coches.net,berlina
LAND-ROVER,RANGE ROVER VELAR,32990.0,2021.0,98000.0,Híbrido,Automatico,204.0,coches.net,utilitario
LAND-ROVER,DISCOVERY SPORT,27990.0,2021.0,61353.0,Híbrido enchufable,Automatico,309.0,coches.net,utilitario
BMW,X2,25900.0,2020.0,76200.0,Gasolina,Automatico,140.0,coches.net,utilitario
AUDI,Q5,20599.0,2017.0,155378.0,Diésel,Automatico,190.0,coches.net,utilitario
PEUGEOT,308,16390.0,2024.0,50241.0,Gasolina,Manual,130.0,coches.net,berlina
SEAT,LEÓN,16990.0,2021.0,78033.0,Diésel,Manual,115.0,coches.net,berlina
DACIA,LODGY,10490.0,2016.0,77294.0,Gasolina,Manual,115.0,coches.net,utilitario
KIA,XCEED,15690.0,2021.0,105492.0,Híbrido enchufable,Automatico,141.0,coches.net,utilitario
KIA,SPORTAGE,32985.0,2022.0,46237.0,Híbrido enchufable,Automatico,265.0,coches.net,utilitario
NISSAN,QASHQAI,20500.0,2022.0,64002.0,Híbrido,Automatico,158.0,coches.net,utilitario
TOYOTA,YARIS CROSS,24490.0,2022.0,43060.0,Híbrido,Automatico,116.0,coches.net,utilitario
PEUGEOT,308,16390.0,2024.0,50241.0,Gasolina,Manual,130.0,coches.net,berlina
VOLKSWAGEN,BEETLE,11990.0,2012.0,143000.0,Gasolina,Manual,160.0,coches.net,berlina
DS,DS 7,22990.0,2022.0,36854.0,Diésel,Automatico,130.0,coches.net,utilitario
BMW,X3,33900.0,2021.0,73258.0,Híbrido,Automatico,190.0,coches.net,utilitario
VOLKSWAGEN,CC,12999.0,2013.0,203200.0,Diésel,Manual,140.0,coches.net,berlina
VOLKSWAGEN,CADDY,12990.0,2017.0,344177.0,Diésel,Automatico,150.0,coches.net,utilitario
SKODA,SCALA,18990.0,2023.0,50055.0,Gasolina,Manual,110.0,coches.net,berlina
FIAT,PANDA,9990.0,2022.0,68650.0,Híbrido,Manual,70.0,coches.net,berlina
HYUNDAI,TUCSON,18700.0,2021.0,146669.0,Híbrido,Manual,136.0,coches.net,utilitario
NISSAN,QASHQAI,20800.0,2023.0,84218.0,Híbrido,Manual,140.0,coches.net,utilitario
NISSAN,QASHQAI,21300.0,2023.0,79125.0,Híbrido,Manual,140.0,coches.net,utilitario
TOYOTA,YARIS,21490.0,2025.0,10840.0,Híbrido,Automatico,116.0,coches.net,berlina
VOLKSWAGEN,GOLF,18990.0,2023.0,41600.0,Gasolina,Manual,110.0,coches.net,berlina
SKODA,SUPERB,9990.0,2008.0,150000.0,Diésel,Manual,140.0,coches.net,berlina
MAZDA,CX-30,22900.0,2021.0,30420.0,Híbrido,Manual,122.0,coches.net,utilitario
MAZDA,CX-30,22900.0,2022.0,60725.0,Híbrido,Manual,186.0,coches.net,utilitario
MAZDA,CX-30,22900.0,2022.0,91000.0,Híbrido,Manual,186.0,coches.net,utilitario
RENAULT,ARKANA,23290.0,2022.0,61800.0,Híbrido,Automatico,145.0,coches.net,utilitario
NISSAN,MICRA,12990.0,2023.0,40070.0,Gasolina,Manual,92.0,coches.net,berlina
TOYOTA,YARIS,18000.0,2021.0,108272.0,Híbrido,Automatico,116.0,coches.net,berlina
VOLKSWAGEN,T-ROC,14990.0,2018.0,135378.0,Gasolina,Manual,115.0,coches.net,utilitario
TOYOTA,YARIS,9990.0,2016.0,140000.0,Gasolina,Manual,69.0,coches.net,berlina
SEAT,LEÓN,17499.0,2019.0,83350.0,Gasolina,Automatico,150.0,coches.net,berlina
SKODA,OCTAVIA,10499.0,2014.0,137529.0,Diésel,Automatico,105.0,coches.net,berlina
PEUGEOT,208,6490.0,2016.0,143981.0,Gasolina,Manual,82.0,coches.net,berlina
LYNK & CO,01,23490.0,2022.0,52348.0,Híbrido enchufable,Automatico,261.0,coches.net,utilitario
AUDI,A3,26990.0,2023.0,76108.0,Diésel,Automatico,150.0,coches.net,berlina
VOLVO,V60,10800.0,2011.0,169347.0,Diésel,Automatico,163.0,coches.net,berlina
VOLKSWAGEN,ARTEON,26500.0,2020.0,85000.0,Diésel,Automatico,150.0,coches.net,berlina
FORD,FOCUS,6490.0,2019.0,141000.0,Diésel,Manual,120.0,coches.net,berlina
MERCEDES-BENZ,CLASE A,32800.0,2025.0,15000.0,Híbrido,Automatico,136.0,coches.net,berlina
KIA,PICANTO,9499.0,2019.0,52177.0,Gasolina,Manual,67.0,coches.net,berlina
AUDI,A3,26990.0,2024.0,16458.0,Híbrido,Automatico,110.0,coches.net,berlina
AUDI,A3,38990.0,2016.0,61900.0,Gasolina,Automatico,367.0,coches.net,berlina
NISSAN,QASHQAI,19990.0,2021.0,70500.0,Híbrido,Automatico,158.0,coches.net,utilitario
CITROEN,C5,4000.0,2009.0,170000.0,Diésel,Manual,109.0,coches.net,berlina
FORD,FOCUS,18890.0,2024.0,66986.0,Híbrido,Automatico,155.0,coches.net,berlina
FORD,FOCUS,18890.0,2024.0,64416.0,Híbrido,Automatico,155.0,coches.net,berlina
SKODA,YETI,7900.0,2015.0,143150.0,Gasolina,Manual,105.0,coches.net,utilitario
SEAT,IBIZA,16900.0,2024.0,34253.0,Gasolina,Manual,115.0,coches.net,berlina
SEAT,ATECA,16400.0,2019.0,61402.0,Gasolina,Manual,115.0,coches.net,utilitario
VOLVO,XC40,16990.0,2022.0,199000.0,Gasolina,Manual,129.0,coches.net,utilitario
SKODA,KAMIQ,16800.0,2022.0,11881.0,Gasolina,Manual,95.0,coches.net,utilitario
KIA,STONIC,15500.0,2020.0,28921.0,Gasolina,Manual,100.0,coches.net,utilitario
VOLVO,XC40,35900.0,2025.0,25338.0,Híbrido,Automatico,163.0,coches.net,utilitario
VOLVO,XC40,35400.0,2025.0,27764.0,Híbrido,Automatico,163.0,coches.net,utilitario
VOLVO,XC40,36400.0,2025.0,26319.0,Híbrido,Automatico,163.0,coches.net,utilitario
HYUNDAI,KONA,15490.0,2022.0,86162.0,Híbrido,Manual,120.0,coches.net,utilitario
HYUNDAI,KONA,15490.0,2022.0,86162.0,Híbrido,Manual,120.0,coches.net,utilitario
SKODA,OCTAVIA,16990.0,2021.0,150000.0,Diésel,Automatico,150.0,coches.net,berlina
JAECOO,7,36500.0,2025.0,3400.0,Híbrido enchufable,Automatico,347.0,coches.net,utilitario
OMODA,9,45900.0,2025.0,3100.0,Híbrido enchufable,Automatico,537.0,coches.net,utilitario
JAECOO,7,35900.0,2025.0,4485.0,Híbrido enchufable,Automatico,347.0,coches.net,utilitario
CITROEN,XSARA PICASSO,4590.0,2009.0,153000.0,Diésel,Manual,92.0,coches.net,utilitario
SEAT,IBIZA,17999.0,2022.0,44885.0,Gasolina,Automatico,150.0,coches.net,berlina
SEAT,IBIZA,17999.0,2022.0,44885.0,Gasolina,Automatico,150.0,coches.net,berlina
MG,ZS,15900.0,2025.0,11260.0,Gasolina,Manual,106.0,coches.net,utilitario
FORD,PUMA,16990.0,2020.0,19708.0,Híbrido,Manual,125.0,coches.net,utilitario
TOYOTA,YARIS,10800.0,2016.0,45853.0,Gasolina,Manual,69.0,coches.net,berlina
MERCEDES-BENZ,CLA,28990.0,2023.0,52000.0,Híbrido enchufable,Automatico,218.0,coches.net,berlina
MERCEDES-BENZ,CLA,28990.0,2023.0,52000.0,Híbrido enchufable,Automatico,218.0,coches.net,berlina
BMW,SERIE 3,39900.0,2025.0,28700.0,Híbrido,Automatico,150.0,coches.net,berlina
VOLKSWAGEN,GOLF,21900.0,2023.0,115686.0,Diésel,Manual,115.0,coches.net,berlina
VOLKSWAGEN,GOLF,22900.0,2023.0,75404.0,Diésel,Manual,115.0,coches.net,berlina
BMW,SERIE 4,36950.0,2017.0,112938.0,Gasolina,Automatico,326.0,coches.net,berlina
FIAT,TIPO,8499.0,2022.0,195600.0,Híbrido,Automatico,130.0,coches.net,berlina
FIAT,TIPO,9249.0,2022.0,163000.0,Híbrido,Automatico,130.0,coches.net,berlina
LEXUS,RC,27599.0,2018.0,138732.0,Híbrido,Automatico,223.0,coches.net,berlina
LAMBORGHINI,URUS,229990.0,2021.0,60000.0,Gasolina,Automatico,666.0,coches.net,utilitario
BMW,SERIE 2,17450.0,2015.0,121299.0,Gasolina,Automatico,136.0,coches.net,berlina
PORSCHE,MACAN,43990.0,2020.0,143000.0,Gasolina,Automatico,245.0,coches.net,utilitario
SKODA,OCTAVIA,20990.0,2023.0,139000.0,Diésel,Automatico,150.0,coches.net,berlina
KIA,CEE'D,13500.0,2017.0,125000.0,Diésel,Manual,136.0,coches.net,berlina
AUDI,A6,9490.0,2010.0,226560.0,Diésel,Manual,170.0,coches.net,berlina
MERCEDES-BENZ,CLASE A,27700.0,2024.0,78241.0,Diésel,Automatico,116.0,coches.net,berlina
JEEP,WRANGLER,59900.0,2022.0,29500.0,Híbrido enchufable,Automatico,381.0,coches.net,utilitario
OPEL,ASTRA,13495.0,2021.0,69000.0,Diésel,Manual,105.0,coches.net,berlina
OPEL,ASTRA,13495.0,2021.0,69000.0,Diésel,Manual,105.0,coches.net,berlina
VOLKSWAGEN,TOURAN,11490.0,2012.0,243000.0,Diésel,Automatico,140.0,coches.net,utilitario
BMW,X6,34990.0,2013.0,66000.0,Gasolina,Automatico,555.0,coches.net,utilitario
PEUGEOT,TRAVELLER,22990.0,2017.0,138000.0,Diésel,Manual,150.0,coches.net,utilitario
HYUNDAI,I30,18690.0,2024.0,53216.0,Híbrido,Manual,120.0,coches.net,berlina
NISSAN,MICRA,8799.0,2014.0,52933.0,Gasolina,Manual,80.0,coches.net,berlina
AUDI,A5,41900.0,2022.0,156723.0,Híbrido,Automatico,341.0,coches.net,berlina
MERCEDES-BENZ,CLASE GLC,42990.0,2022.0,67400.0,Diésel,Automatico,194.0,coches.net,utilitario
CITROEN,C3,8490.0,2019.0,68167.0,Gasolina,Manual,82.0,coches.net,berlina
JAGUAR,E-PACE,16990.0,2019.0,95824.0,Diésel,Automatico,150.0,coches.net,utilitario
HYUNDAI,KONA,18490.0,2023.0,87319.0,Híbrido,Manual,120.0,coches.net,utilitario
BMW,X4,34900.0,2023.0,169000.0,Híbrido,Automatico,190.0,coches.net,utilitario
RENAULT,CAPTUR,22850.0,2025.0,8000.0,Gas,Manual,100.0,coches.net,utilitario
KIA,STONIC,16299.0,2021.0,27023.0,Híbrido,Manual,100.0,coches.net,utilitario
FORD,PUMA,16490.0,2020.0,61732.0,Híbrido,Manual,125.0,coches.net,utilitario
SEAT,IBIZA,3200.0,2004.0,200000.0,Gasolina,Manual,75.0,coches.net,berlina
VOLKSWAGEN,POLO,13490.0,2021.0,91630.0,Gasolina,Manual,95.0,coches.net,berlina
KIA,NIRO,20900.0,2022.0,58207.0,Híbrido,Automatico,141.0,coches.net,berlina
RENAULT,MÉGANE,13699.0,2018.0,80877.0,Diésel,Manual,130.0,coches.net,berlina
TOYOTA,COROLLA,15290.0,2022.0,164000.0,Híbrido,Automatico,122.0,coches.net,berlina
VOLKSWAGEN,T-ROC,20900.0,2018.0,75000.0,Gasolina,Manual,150.0,coches.net,utilitario
OPEL,CORSA,11900.0,2020.0,25043.0,Gasolina,Manual,100.0,coches.net,berlina
SEAT,ARONA,21900.0,2024.0,26474.0,Gasolina,Automatico,115.0,coches.net,utilitario
OPEL,CORSA,13400.0,2022.0,45836.0,Gasolina,Manual,100.0,coches.net,berlina
HYUNDAI,TUCSON,22490.0,2022.0,31057.0,Gasolina,Manual,150.0,coches.net,utilitario
VOLKSWAGEN,PASSAT,21690.0,2021.0,64114.0,Diésel,Automatico,150.0,coches.net,berlina
LAND-ROVER,RANGE ROVER SPORT,105900.0,2024.0,27320.0,Híbrido,Automatico,249.0,coches.net,utilitario
CITROEN,C5 AIRCROSS,20490.0,2025.0,29204.0,Diésel,Automatico,131.0,coches.net,utilitario
OMODA,5,22670.0,2025.0,12557.0,Gasolina,Automatico,147.0,coches.net,utilitario
FORD,KUGA,21800.0,2022.0,38000.0,Gasolina,Manual,150.0,coches.net,utilitario
OPEL,ASTRA,13490.0,2020.0,49435.0,Gasolina,Manual,110.0,coches.net,berlina
VOLKSWAGEN,SHARAN,31510.0,2020.0,82630.0,Diésel,Automatico,177.0,coches.net,utilitario
JAGUAR,F-PACE,21495.0,2018.0,109000.0,Diésel,Automatico,180.0,coches.net,utilitario
VOLKSWAGEN,GOLF,26200.0,2022.0,19619.0,Híbrido enchufable,Automatico,204.0,coches.net,berlina
KIA,SPORTAGE,3890.0,2010.0,178439.0,Gasolina,Manual,142.0,coches.net,utilitario
MINI,COUNTRYMAN,32000.0,2020.0,63255.0,Gasolina,Automatico,306.0,coches.net,berlina
CITROEN,C3 PICASSO,9290.0,2017.0,26514.0,Diésel,Manual,99.0,coches.net,utilitario
BMW,SERIE 1,22990.0,2019.0,40000.0,Gasolina,Manual,136.0,coches.net,berlina
FIAT,LINEA,4990.0,2010.0,88900.0,Gasolina,Manual,77.0,coches.net,berlina
MINI,MINI,21900.0,2023.0,65000.0,Gasolina,Automatico,136.0,coches.net,berlina
AUDI,Q3,26500.0,2019.0,125000.0,Diésel,Automatico,150.0,coches.net,utilitario
AUDI,Q2,17900.0,2020.0,185980.0,Diésel,Automatico,150.0,coches.net,utilitario
AUDI,A8,82900.0,2025.0,8212.0,Híbrido,Automatico,286.0,coches.net,berlina
TOYOTA,YARIS,19690.0,2022.0,50423.0,Híbrido,Automatico,116.0,coches.net,berlina
TOYOTA,COROLLA,18490.0,2021.0,105965.0,Híbrido,Automatico,122.0,coches.net,berlina
TOYOTA,YARIS,16990.0,2022.0,98854.0,Híbrido,Automatico,116.0,coches.net,berlina
BMW,X2,22900.0,2020.0,99000.0,Gasolina,Automatico,140.0,coches.net,utilitario
VOLVO,V90 CROSS COUNTRY,28999.0,2021.0,132000.0,Híbrido,Automatico,197.0,coches.net,berlina
VOLKSWAGEN,SHARAN,34990.0,2021.0,76000.0,Gasolina,Automatico,150.0,coches.net,utilitario
MERCEDES-BENZ,CLASE B,36750.0,2025.0,12247.0,Híbrido enchufable,Automatico,218.0,coches.net,utilitario
RENAULT,ARKANA,21790.0,2023.0,43290.0,Híbrido,Automatico,145.0,coches.net,utilitario
CITROEN,C3 AIRCROSS,14490.0,2024.0,22174.0,Gasolina,Manual,110.0,coches.net,utilitario
RENAULT,5 E-TECH,25500.0,2025.0,10700.0,Eléctrico,Automatico,122.0,coches.net,berlina
RENAULT,5 E-TECH,26500.0,2025.0,12400.0,Eléctrico,Automatico,122.0,coches.net,berlina
CUPRA,LEÓN,28490.0,2025.0,25670.0,Híbrido,Automatico,150.0,coches.net,berlina
CITROEN,BERLINGO,14450.0,2022.0,103000.0,Diésel,Manual,102.0,coches.net,utilitario
VOLKSWAGEN,TIGUAN,48990.0,2025.0,10000.0,Diésel,Automatico,150.0,coches.net,utilitario
TOYOTA,C-HR,20990.0,2022.0,162089.0,Híbrido,Automatico,184.0,coches.net,berlina
AUDI,A3,8999.0,2012.0,179000.0,Diésel,Automatico,140.0,coches.net,berlina
HYUNDAI,IONIQ,15990.0,2020.0,98423.0,Híbrido,Automatico,141.0,coches.net,berlina
CUPRA,FORMENTOR,32900.0,2021.0,75320.0,Gasolina,Automatico,310.0,coches.net,utilitario
OPEL,INSIGNIA,8200.0,2016.0,223094.0,Diésel,Manual,136.0,coches.net,berlina
NISSAN,QASHQAI,13490.0,2017.0,158990.0,Diésel,Manual,130.0,coches.net,berlina
MINI,MINI,11999.0,2012.0,152561.0,Diésel,Manual,143.0,coches.net,berlina
MG,EHS,18900.0,2022.0,74000.0,Híbrido enchufable,Automatico,258.0,coches.net,utilitario
HYUNDAI,BAYON,17300.0,2021.0,44880.0,Híbrido,Automatico,100.0,coches.net,utilitario
OPEL,MOKKA-E,17490.0,2021.0,46493.0,Eléctrico,Automatico,136.0,coches.net,utilitario
AUDI,Q3,33990.0,2021.0,47500.0,Diésel,Automatico,150.0,coches.net,utilitario
VOLKSWAGEN,GOLF,17985.0,2021.0,82570.0,Gasolina,Manual,110.0,coches.net,berlina
AUDI,Q3,32990.0,2021.0,74200.0,Diésel,Automatico,200.0,coches.net,utilitario
PEUGEOT,308,20990.0,2023.0,108000.0,Diésel,Automatico,130.0,coches.net,berlina
MERCEDES-BENZ,CLASE A,32490.0,2025.0,22800.0,Híbrido,Automatico,136.0,coches.net,berlina
MERCEDES-BENZ,CLASE GLE,39500.0,2018.0,82775.0,Híbrido enchufable,Automatico,442.0,coches.net,utilitario
MERCEDES-BENZ,GLC,58900.0,2024.0,17811.0,Híbrido,Automatico,204.0,coches.net,utilitario
MERCEDES-BENZ,MERCEDES-AMG SL,203900.0,2024.0,10100.0,Gasolina,Automatico,585.0,coches.net,berlina
MERCEDES-BENZ,CLASE C,50900.0,2024.0,14656.0,Híbrido enchufable,Automatico,313.0,coches.net,berlina
FORD,FOCUS,4100.0,2009.0,213000.0,Diésel,Manual,115.0,coches.net,berlina
VOLVO,S60,7900.0,2010.0,245523.0,Diésel,Automatico,205.0,coches.net,berlina
CUPRA,FORMENTOR,48990.0,2023.0,12000.0,Gasolina,Automatico,390.0,coches.net,utilitario
BMW,SERIE 5,16900.0,2015.0,169000.0,Diésel,Automatico,190.0,coches.net,berlina
VOLKSWAGEN,T-ROC,19200.0,2022.0,81801.0,Gasolina,Manual,110.0,coches.net,utilitario
VOLVO,XC60,34500.0,2022.0,67495.0,Híbrido enchufable,Automatico,350.0,coches.net,utilitario
SEAT,LEÓN,15980.0,2022.0,87794.0,Diésel,Manual,115.0,coches.net,berlina
VOLKSWAGEN,T-CROSS,18990.0,2020.0,69000.0,Gasolina,Automatico,115.0,coches.net,utilitario
MERCEDES-BENZ,CLASE GLC,27890.0,2017.0,99462.0,Diésel,Automatico,170.0,coches.net,utilitario
RENAULT,ARKANA,21900.0,2021.0,66158.0,Híbrido,Automatico,145.0,coches.net,utilitario
FORD,FOCUS,10450.0,2019.0,192942.0,Gasolina,Manual,125.0,coches.net,berlina
BMW,SERIE 1,16990.0,2019.0,99000.0,Gasolina,Manual,136.0,coches.net,berlina
BMW,X3,48990.0,2024.0,14492.0,Híbrido,Automatico,197.0,coches.net,utilitario
CUPRA,LEÓN,42200.0,2026.0,150.0,Híbrido enchufable,Automatico,204.0,coches.net,berlina
BMW,SERIE 5,24899.0,2020.0,96652.0,Gasolina,Automatico,184.0,coches.net,berlina
TOYOTA,HIGHLANDER,37990.0,2021.0,115000.0,Híbrido,Automatico,246.0,coches.net,utilitario
SEAT,TOLEDO,12990.0,2017.0,55301.0,Gasolina,Manual,110.0,coches.net,berlina
AUDI,A3,27999.0,2023.0,42033.0,Diésel,Automatico,150.0,coches.net,berlina
BMW,SERIE 5,24500.0,2017.0,155000.0,Diésel,Automatico,190.0,coches.net,berlina
DS,DS 7 CROSSBACK,22500.0,2022.0,62083.0,Híbrido enchufable,Automatico,225.0,coches.net,utilitario
HYUNDAI,I30,29990.0,2020.0,50000.0,Gasolina,Manual,275.0,coches.net,berlina
VOLKSWAGEN,GOLF,9500.0,2016.0,192000.0,Diésel,Manual,110.0,coches.net,berlina
AUDI,A5,39999.0,2019.0,174000.0,Híbrido,Automatico,347.0,coches.net,berlina
MERCEDES-BENZ,CITAN,19890.0,2021.0,80000.0,Diésel,Manual,95.0,coches.net,utilitario
FORD,FIESTA,9600.0,2017.0,59000.0,Gasolina,Manual,82.0,coches.net,berlina
CUPRA,FORMENTOR,30990.0,2025.0,20156.0,Híbrido,Automatico,150.0,coches.net,utilitario
RENAULT,ESPACE,15000.0,2015.0,142000.0,Diésel,Automatico,160.0,coches.net,utilitario
PEUGEOT,3008,16490.0,2021.0,21442.0,Gasolina,Manual,130.0,coches.net,utilitario
VOLKSWAGEN,CARAVELLE,16990.0,2012.0,262000.0,Diésel,Manual,140.0,coches.net,utilitario
NISSAN,JUKE,19900.0,2025.0,28376.0,Gasolina,Manual,114.0,coches.net,utilitario
VOLKSWAGEN,T-CROSS,18800.0,2022.0,27843.0,Gasolina,Manual,110.0,coches.net,utilitario
PEUGEOT,308,20900.0,2022.0,25647.0,Híbrido enchufable,Automatico,180.0,coches.net,berlina
OMODA,5,22670.0,2025.0,17851.0,Gasolina,Automatico,147.0,coches.net,utilitario
OMODA,5,22670.0,2025.0,16019.0,Gasolina,Automatico,147.0,coches.net,utilitario
OMODA,5,22670.0,2025.0,13224.0,Gasolina,Automatico,147.0,coches.net,utilitario
LAND-ROVER,RANGE ROVER,57995.0,2019.0,144000.0,Gasolina,Automatico,525.0,coches.net,utilitario
MERCEDES-BENZ,CLE,77900.0,2024.0,12975.0,Gasolina,Automatico,258.0,coches.net,berlina
FIAT,500,11490.0,2022.0,88056.0,Híbrido,Manual,70.0,coches.net,berlina
SKODA,KODIAQ,25999.0,2020.0,64109.0,Gasolina,Automatico,150.0,coches.net,utilitario
OPEL,CORSA,7799.0,2020.0,207688.0,Diésel,Manual,102.0,coches.net,berlina
MERCEDES-BENZ,GLA,30999.0,2022.0,78618.0,Gasolina,Automatico,163.0,coches.net,utilitario
CHEVROLET,AVEO,5999.0,2013.0,97400.0,Gasolina,Manual,86.0,coches.net,berlina
TOYOTA,AYGO,11500.0,2021.0,72259.0,Gasolina,Automatico,72.0,coches.net,berlina
FIAT,BRAVO,5490.0,2010.0,141000.0,Gasolina,Manual,90.0,coches.net,berlina
PEUGEOT,508,13500.0,2020.0,148000.0,Diésel,Manual,130.0,coches.net,berlina
FORD,MONDEO,18999.0,2021.0,127360.0,Híbrido,Automatico,187.0,coches.net,berlina
FORD,TOURNEO COURIER,10990.0,2017.0,96877.0,Gasolina,Manual,100.0,coches.net,utilitario
JEEP,COMPASS,18900.0,2022.0,105000.0,Gasolina,Manual,130.0,coches.net,utilitario
JEEP,COMPASS,19990.0,2022.0,44473.0,Gasolina,Manual,130.0,coches.net,utilitario
MERCEDES-BENZ,GLB,42500.0,2024.0,23661.0,Diésel,Automatico,150.0,coches.net,utilitario
SEAT,IBIZA,3490.0,2006.0,248000.0,Diésel,Manual,70.0,coches.net,berlina
MERCEDES-BENZ,GLB,47500.0,2024.0,16603.0,Diésel,Automatico,150.0,coches.net,utilitario
MINI,CLUBMAN,12890.0,2018.0,161893.0,Diésel,Manual,150.0,coches.net,berlina
RENAULT,ESPACE,4900.0,2006.0,130000.0,Diésel,Manual,120.0,coches.net,utilitario
SEAT,LEÓN,21200.0,2025.0,41422.0,Híbrido,Automatico,150.0,coches.net,berlina
NISSAN,QASHQAI,16990.0,2019.0,101480.0,Gasolina,Manual,140.0,coches.net,berlina
FIAT,PANDA,6900.0,2019.0,120000.0,Gasolina,Manual,69.0,coches.net,berlina
BMW,SERIE 5,32900.0,2022.0,75000.0,Híbrido,Automatico,190.0,coches.net,berlina
NISSAN,JUKE,16490.0,2021.0,59754.0,Gasolina,Automatico,114.0,coches.net,utilitario
FORD,KUGA,23890.0,2023.0,48876.0,Híbrido enchufable,Automatico,225.0,coches.net,utilitario
MERCEDES-BENZ,CLA,29490.0,2022.0,94985.0,Híbrido enchufable,Automatico,218.0,coches.net,berlina
BMW,X4,35900.0,2019.0,78000.0,Gasolina,Automatico,252.0,coches.net,utilitario
VOLKSWAGEN,CALIFORNIA,47990.0,2020.0,81400.0,Diésel,Automatico,150.0,coches.net,utilitario
CITROEN,C-ELYSÉE,6990.0,2015.0,136000.0,Diésel,Manual,92.0,coches.net,berlina
HYUNDAI,I20,14900.0,2024.0,89000.0,Gasolina,Manual,100.0,coches.net,berlina
MERCEDES-BENZ,CLASE C,38000.0,2019.0,99000.0,Diésel,Automatico,194.0,coches.net,berlina
AUDI,Q5,11999.0,2008.0,171535.0,Gasolina,Automatico,211.0,coches.net,utilitario
SUZUKI,SX4,4990.0,2009.0,235000.0,Diésel,Manual,120.0,coches.net,utilitario
RENAULT,ZOE,12100.0,2020.0,43554.0,Eléctrico,Automatico,108.0,coches.net,berlina
VOLKSWAGEN,GOLF,23900.0,2022.0,37317.0,Diésel,Manual,150.0,coches.net,berlina
OPEL,ASTRA,2995.0,2006.0,325000.0,Diésel,Manual,120.0,coches.net,berlina
MG,ZS,14380.0,2022.0,72787.0,Gasolina,Manual,106.0,coches.net,utilitario
BMW,SERIE 1,35300.0,2025.0,14000.0,Híbrido,Automatico,170.0,coches.net,berlina
AUDI,Q3 SPORTBACK,35900.0,2022.0,81733.0,Híbrido,Automatico,150.0,coches.net,utilitario
PEUGEOT,308,11990.0,2016.0,140136.0,Gasolina,Automatico,130.0,coches.net,berlina
MG,HS,20000.0,2023.0,37600.0,Gasolina,Automatico,162.0,coches.net,utilitario
FORD,KA,4850.0,2013.0,151000.0,Gasolina,Manual,69.0,coches.net,berlina
VOLKSWAGEN,GOLF,16099.0,2014.0,81748.0,Diésel,Automatico,150.0,coches.net,berlina
CUPRA,FORMENTOR,24990.0,2022.0,98000.0,Híbrido enchufable,Automatico,204.0,coches.net,utilitario
BMW,X2,39900.0,2025.0,9000.0,Diésel,Automatico,150.0,coches.net,utilitario
VOLKSWAGEN,GOLF SPORTSVAN,17290.0,2016.0,102031.0,Gasolina,Automatico,150.0,coches.net,utilitario
VOLKSWAGEN,GOLF SPORTSVAN,17290.0,2016.0,102031.0,Gasolina,Automatico,150.0,coches.net,utilitario
TOYOTA,YARIS CROSS,26990.0,2025.0,9000.0,Híbrido,Automatico,116.0,coches.net,utilitario
MERCEDES-BENZ,GLA,34800.0,2022.0,38231.0,Híbrido enchufable,Automatico,218.0,coches.net,utilitario
PORSCHE,PANAMERA,62900.0,2017.0,123656.0,Diésel,Automatico,422.0,coches.net,berlina
KIA,STONIC,13599.0,2023.0,79900.0,Gasolina,Manual,84.0,coches.net,utilitario
KIA,RIO,12990.0,2021.0,43985.0,Gasolina,Manual,84.0,coches.net,berlina
PEUGEOT,3008,11970.0,2016.0,179000.0,Diésel,Automatico,120.0,coches.net,utilitario
CUPRA,FORMENTOR,22950.0,2021.0,50000.0,Gasolina,Manual,150.0,coches.net,utilitario
KIA,XCEED,17990.0,2024.0,47819.0,Gasolina,Manual,100.0,coches.net,utilitario
CUPRA,FORMENTOR,32100.0,2025.0,51.0,Híbrido,Automatico,150.0,coches.net,utilitario
AUDI,Q3 SPORTBACK,31990.0,2021.0,54000.0,Diésel,Automatico,150.0,coches.net,utilitario
NISSAN,MICRA,11199.0,2021.0,68078.0,Gasolina,Manual,92.0,coches.net,berlina
FORD,PUMA,22990.0,2023.0,6471.0,Híbrido,Automatico,155.0,coches.net,utilitario
PEUGEOT,3008,16490.0,2021.0,21442.0,Gasolina,Manual,130.0,coches.net,utilitario
JEEP,COMPASS,25499.0,2024.0,6620.0,Híbrido,Automatico,130.0,coches.net,utilitario
MAZDA,CX-30,16999.0,2021.0,99771.0,Híbrido,Manual,122.0,coches.net,utilitario
TOYOTA,YARIS,14299.0,2021.0,116985.0,Híbrido,Automatico,116.0,coches.net,berlina
KIA,STONIC,13599.0,2022.0,68154.0,Híbrido,Manual,100.0,coches.net,utilitario
AUDI,A3,13199.0,2015.0,114515.0,Diésel,Manual,110.0,coches.net,berlina
VOLKSWAGEN,PASSAT,12990.0,2020.0,283000.0,Diésel,Automatico,122.0,coches.net,berlina
SEAT,MII,12590.0,2020.0,38793.0,Eléctrico,Automatico,83.0,coches.net,berlina
PEUGEOT,308,8990.0,2018.0,177109.0,Diésel,Manual,130.0,coches.net,berlina
RENAULT,KOLEOS,7300.0,2008.0,122000.0,Diésel,Manual,150.0,coches.net,utilitario
VOLKSWAGEN,TOUAREG,79990.0,2025.0,15000.0,Diésel,Automatico,231.0,coches.net,utilitario
DS,DS 7 CROSSBACK,20400.0,2022.0,97712.0,Híbrido enchufable,Automatico,300.0,coches.net,utilitario
KGM,TIVOLI,20050.0,2025.0,41358.0,Gasolina,Automatico,163.0,coches.net,utilitario
SEAT,IBIZA,9499.0,2015.0,69126.0,Gasolina,Manual,75.0,coches.net,berlina
MASERATI,LEVANTE,45000.0,2017.0,71322.0,Gasolina,Automatico,430.0,coches.net,utilitario
MAZDA,CX-5,11499.0,2015.0,201000.0,Diésel,Automatico,150.0,coches.net,utilitario
MERCEDES-BENZ,CLASE B,12490.0,2013.0,179500.0,Diésel,Automatico,136.0,coches.net,utilitario
DS,DS 7 CROSSBACK,14590.0,2020.0,116187.0,Diésel,Automatico,130.0,coches.net,utilitario
OPEL,ASTRA,18500.0,2014.0,105000.0,Gasolina,Manual,240.0,coches.net,berlina
CITROEN,C3 AIRCROSS,17575.0,2024.0,33139.0,Gasolina,Manual,110.0,coches.net,utilitario
FORD,TRANSIT CUSTOM,22800.0,2023.0,98343.0,Diésel,Manual,130.0,coches.net,utilitario
RENAULT,ARKANA,22900.0,2024.0,13552.0,Híbrido,Automatico,140.0,coches.net,utilitario
VOLKSWAGEN,GOLF,26900.0,2022.0,39000.0,Gasolina,Automatico,150.0,coches.net,berlina
MERCEDES-BENZ,CLASE C,39490.0,2021.0,25958.0,Híbrido,Automatico,204.0,coches.net,berlina
MERCEDES-BENZ,CLASE A,19900.0,2018.0,143000.0,Diésel,Automatico,136.0,coches.net,berlina
RENAULT,CLIO,18074.0,2025.0,16324.0,Gas,Manual,100.0,coches.net,berlina
LAND-ROVER,RANGE ROVER EVOQUE,25990.0,2020.0,70000.0,Diésel,Automatico,150.0,coches.net,utilitario
LAND-ROVER,RANGE ROVER EVOQUE,25990.0,2020.0,70000.0,Diésel,Automatico,150.0,coches.net,utilitario
CITROEN,C3 PLURIEL,2850.0,2006.0,166000.0,Diésel,Manual,70.0,coches.net,berlina
HYUNDAI,I30,15850.0,2023.0,134282.0,Gasolina,Manual,120.0,coches.net,berlina
RENAULT,TALISMAN,13099.0,2016.0,121020.0,Gasolina,Automatico,200.0,coches.net,berlina
VOLKSWAGEN,TAIGO,24900.0,2024.0,20304.0,Gasolina,Automatico,110.0,coches.net,utilitario
VOLKSWAGEN,POLO,4990.0,2006.0,148000.0,Gasolina,Manual,80.0,coches.net,berlina
CITROEN,C4 PICASSO,8750.0,2017.0,199000.0,Diésel,Manual,120.0,coches.net,utilitario
SEAT,LEÓN,11990.0,2009.0,149000.0,Gasolina,Manual,211.0,coches.net,berlina
HYUNDAI,I30,24399.0,2020.0,93804.0,Gasolina,Manual,275.0,coches.net,berlina
KIA,PICANTO,9499.0,2019.0,10635.0,Gasolina,Manual,67.0,coches.net,berlina
FIAT,500X,13995.0,2021.0,59000.0,Gasolina,Manual,120.0,coches.net,utilitario
VOLKSWAGEN,CADDY,18500.0,2018.0,99000.0,Diésel,Manual,102.0,coches.net,utilitario
LEXUS,UX,29990.0,2021.0,18816.0,Híbrido,Automatico,184.0,coches.net,utilitario
SKODA,KAMIQ,18990.0,2021.0,24000.0,Gasolina,Automatico,110.0,coches.net,utilitario
AUDI,A7,17995.0,2012.0,170000.0,Diésel,Automatico,245.0,coches.net,berlina
SUZUKI,VITARA,15990.0,2017.0,79489.0,Gasolina,Manual,120.0,coches.net,utilitario
DACIA,SANDERO,11399.0,2020.0,86455.0,Gasolina,Manual,100.0,coches.net,berlina
DACIA,SANDERO,13290.0,2022.0,84288.0,Gasolina,Manual,91.0,coches.net,berlina
LANCIA,DELTA,4990.0,2009.0,261000.0,Diésel,Manual,165.0,coches.net,berlina
SEAT,IBIZA,7900.0,2012.0,139000.0,Diésel,Manual,90.0,coches.net,berlina
MINI,MINI,34900.0,2024.0,19000.0,Gasolina,Automatico,231.0,coches.net,berlina
BMW,X1,21999.0,2019.0,120000.0,Diésel,Automatico,150.0,coches.net,utilitario
CITROEN,C4,8900.0,2015.0,103519.0,Gasolina,Manual,130.0,coches.net,berlina
MERCEDES-BENZ,CITAN,19400.0,2018.0,185000.0,Diésel,Manual,90.0,coches.net,utilitario
FORD,MONDEO,6990.0,2012.0,154000.0,Diésel,Manual,115.0,coches.net,berlina
CITROEN,C3 AIRCROSS,11890.0,2020.0,56397.0,Gasolina,Manual,110.0,coches.net,utilitario
NISSAN,JUKE,21950.0,2025.0,17347.0,Gasolina,Automatico,114.0,coches.net,utilitario
EBRO,S700,36388.0,2025.0,15500.0,Híbrido enchufable,Automatico,347.0,coches.net,utilitario
AUDI,A3,36950.0,2025.0,18638.0,Diésel,Automatico,150.0,coches.net,berlina
MERCEDES-BENZ,CLASE G,134900.0,2024.0,12950.0,Eléctrico,Automatico,587.0,coches.net,utilitario
FIAT,PANDA,10990.0,2022.0,29000.0,Híbrido,Manual,70.0,coches.net,berlina
AUDI,A4,21500.0,2021.0,135000.0,Híbrido,Automatico,150.0,coches.net,berlina
OPEL,INSIGNIA,6280.0,2011.0,189189.0,Diésel,Manual,160.0,coches.net,berlina
VOLVO,XC60,27500.0,2021.0,96941.0,Híbrido,Automatico,197.0,coches.net,utilitario
PEUGEOT,3008,10999.0,2018.0,198500.0,Diésel,Manual,130.0,coches.net,utilitario
BMW,I7,84990.0,2023.0,3600.0,Eléctrico,Automatico,544.0,coches.net,berlina
MERCEDES-BENZ,GLE COUPÉ,59999.0,2021.0,95000.0,Híbrido enchufable,Automatico,320.0,coches.net,utilitario
VOLKSWAGEN,ID. BUZZ,63900.0,2026.0,50.0,Eléctrico,Automatico,340.0,coches.net,utilitario
VOLKSWAGEN,POLO,14300.0,2021.0,64541.0,Gasolina,Manual,95.0,coches.net,berlina
KIA,SPORTAGE,33400.0,2022.0,41898.0,Híbrido,Automatico,230.0,coches.net,utilitario
NISSAN,QASHQAI,17750.0,2023.0,223441.0,Híbrido,Automatico,158.0,coches.net,utilitario
AUDI,Q2,16990.0,2017.0,106100.0,Diésel,Manual,116.0,coches.net,utilitario
PEUGEOT,5008,16499.0,2021.0,118000.0,Diésel,Manual,130.0,coches.net,utilitario
PEUGEOT,208,18490.0,2025.0,7790.0,Híbrido,Automatico,100.0,coches.net,berlina
TOYOTA,AYGO,9300.0,2018.0,104000.0,Gasolina,Manual,69.0,coches.net,berlina
KIA,PICANTO,8499.0,2014.0,93388.0,Gasolina,Manual,69.0,coches.net,berlina
SEAT,ATECA,20990.0,2021.0,88000.0,Gasolina,Manual,150.0,coches.net,utilitario
TOYOTA,C-HR,34800.0,2025.0,8611.0,Híbrido enchufable,Automatico,223.0,coches.net,utilitario
TOYOTA,C-HR,31500.0,2025.0,8490.0,Híbrido,Automatico,140.0,coches.net,utilitario
FORD,KUGA,11990.0,2016.0,93000.0,Gasolina,Manual,150.0,coches.net,utilitario
SEAT,LEÓN,24800.0,2024.0,39097.0,Diésel,Automatico,150.0,coches.net,berlina
VOLKSWAGEN,POLO,16990.0,2019.0,168000.0,Gasolina,Automatico,200.0,coches.net,berlina
FIAT,PANDA,10990.0,2023.0,67700.0,Híbrido,Manual,70.0,coches.net,berlina
FORD,C-MAX,7999.0,2012.0,129000.0,Gasolina,Manual,125.0,coches.net,utilitario
VOLVO,XC40,27900.0,2022.0,79000.0,Híbrido enchufable,Automatico,211.0,coches.net,utilitario
HYUNDAI,TUCSON,24413.0,2023.0,27323.0,Híbrido,Manual,150.0,coches.net,utilitario
FORD,PUMA,19999.0,2023.0,49000.0,Híbrido,Automatico,125.0,coches.net,utilitario
BMW,X2,30900.0,2022.0,93857.0,Diésel,Automatico,150.0,coches.net,utilitario
SEAT,TARRACO,19900.0,2021.0,178000.0,Híbrido enchufable,Automatico,245.0,coches.net,utilitario
AUDI,Q2,23300.0,2022.0,51359.0,Gasolina,Manual,110.0,coches.net,utilitario
VOLVO,XC40,26900.0,2020.0,103100.0,Híbrido enchufable,Automatico,262.0,coches.net,utilitario
VOLKSWAGEN,PASSAT,5490.0,2008.0,286679.0,Diésel,Automatico,140.0,coches.net,berlina
MERCEDES-BENZ,CLASE V,59000.0,2022.0,53000.0,Diésel,Automatico,163.0,coches.net,utilitario
AUDI,A6 ALLROAD QUATTRO,14900.0,2013.0,259000.0,Diésel,Automatico,204.0,coches.net,berlina
NISSAN,JUKE,28690.0,2025.0,10330.0,Híbrido,Automatico,143.0,coches.net,utilitario
FORD,FIESTA,9990.0,2016.0,87000.0,Gasolina,Automatico,100.0,coches.net,berlina
VOLKSWAGEN,GOLF,14990.0,2019.0,65000.0,Diésel,Manual,115.0,coches.net,berlina
MERCEDES-BENZ,CLASE C,38900.0,2019.0,80860.0,Diésel,Automatico,194.0,coches.net,berlina
BMW,X1,30800.0,2021.0,33000.0,Diésel,Automatico,150.0,coches.net,utilitario
NISSAN,QASHQAI,22990.0,2022.0,35504.0,Híbrido,Automatico,158.0,coches.net,utilitario
FORD,TOURNEO CONNECT,13900.0,2019.0,77731.0,Diésel,Manual,100.0,coches.net,utilitario
RENAULT,LAGUNA,1499.0,2003.0,160000.0,Gasolina,Manual,135.0,coches.net,berlina
OPEL,MERIVA,4500.0,2006.0,175000.0,Diésel,Manual,75.0,coches.net,utilitario
FORD,RANGER,35990.0,2020.0,69000.0,Diésel,Automatico,213.0,coches.net,pick up
DACIA,SANDERO,13900.0,2023.0,30500.0,Gasolina,Manual,91.0,coches.net,berlina
BMW,SERIE 4,30900.0,2018.0,69900.0,Diésel,Automatico,258.0,coches.net,berlina
FIAT,500,8890.0,2018.0,33269.0,Gasolina,Manual,69.0,coches.net,berlina
BMW,SERIE 2 ACTIVE TOURER,23490.0,2021.0,38344.0,Diésel,Automatico,150.0,coches.net,utilitario
AUDI,A3,9509.0,2010.0,169999.0,Gasolina,Manual,160.0,coches.net,berlina
KIA,SPORTAGE,32985.0,2022.0,46237.0,Híbrido enchufable,Automatico,265.0,coches.net,utilitario
AUDI,Q8,57900.0,2020.0,144000.0,Híbrido,Automatico,286.0,coches.net,utilitario
TOYOTA,YARIS CROSS,24490.0,2022.0,43060.0,Híbrido,Automatico,116.0,coches.net,utilitario
PEUGEOT,308,16390.0,2024.0,50241.0,Gasolina,Manual,130.0,coches.net,berlina
VOLKSWAGEN,BEETLE,11990.0,2012.0,143000.0,Gasolina,Manual,160.0,coches.net,berlina
BMW,X3,33900.0,2021.0,73258.0,Híbrido,Automatico,190.0,coches.net,utilitario
FORD,C-MAX,9850.0,2015.0,78200.0,Gasolina,Manual,125.0,coches.net,utilitario
VOLKSWAGEN,CC,12999.0,2013.0,203200.0,Diésel,Manual,140.0,coches.net,berlina
FORD,FOCUS,18699.0,2023.0,38900.0,Híbrido,Manual,155.0,coches.net,berlina
SKODA,SCALA,18990.0,2023.0,50055.0,Gasolina,Manual,110.0,coches.net,berlina
PEUGEOT,3008,16900.0,2019.0,90000.0,Diésel,Manual,130.0,coches.net,utilitario
FIAT,PANDA,9990.0,2022.0,68650.0,Híbrido,Manual,70.0,coches.net,berlina
NISSAN,QASHQAI,21300.0,2023.0,79125.0,Híbrido,Manual,140.0,coches.net,utilitario
NISSAN,QASHQAI,20800.0,2023.0,84218.0,Híbrido,Manual,140.0,coches.net,utilitario
RENAULT,CLIO,9490.0,2018.0,170000.0,Diésel,Manual,90.0,coches.net,berlina
SKODA,SUPERB,9990.0,2008.0,150000.0,Diésel,Manual,140.0,coches.net,berlina
TOYOTA,YARIS,21490.0,2025.0,10840.0,Híbrido,Automatico,116.0,coches.net,berlina
VOLKSWAGEN,POLO,21990.0,2024.0,15400.0,Gasolina,Manual,95.0,coches.net,berlina
VOLVO,XC60,45990.0,2025.0,28400.0,Híbrido,Automatico,250.0,coches.net,utilitario
BMW,SERIE 2 ACTIVE TOURER,9900.0,2017.0,198000.0,Gasolina,Manual,136.0,coches.net,utilitario
VOLVO,XC40,23000.0,2020.0,94129.0,Híbrido enchufable,Automatico,262.0,coches.net,utilitario
FORD,FOCUS,15850.0,2019.0,122286.0,Gasolina,Manual,150.0,coches.net,berlina
VOLVO,XC40,21650.0,2021.0,107000.0,Híbrido enchufable,Automatico,211.0,coches.net,utilitario
MERCEDES-BENZ,GLB,49900.0,2025.0,9900.0,Diésel,Automatico,150.0,coches.net,utilitario
VOLKSWAGEN,POLO,7490.0,2010.0,141000.0,Diésel,Manual,90.0,coches.net,berlina
MERCEDES-BENZ,CLE,53490.0,2025.0,12000.0,Híbrido,Automatico,197.0,coches.net,berlina
VOLKSWAGEN,TAIGO,21990.0,2023.0,38571.0,Gasolina,Automatico,110.0,coches.net,utilitario
TOYOTA,COROLLA,19990.0,2021.0,79195.0,Híbrido,Automatico,122.0,coches.net,berlina
VOLKSWAGEN,POLO,9990.0,2015.0,134000.0,Diésel,Manual,75.0,coches.net,berlina
TOYOTA,COROLLA,19990.0,2021.0,79195.0,Híbrido,Automatico,122.0,coches.net,berlina
PEUGEOT,408,24990.0,2025.0,13115.0,Híbrido,Automatico,136.0,coches.net,berlina
BMW,SERIE 3,18890.0,2017.0,95446.0,Diésel,Manual,150.0,coches.net,berlina
MERCEDES-BENZ,CLASE CLS,6990.0,2006.0,275000.0,Gasolina,Automatico,292.0,coches.net,berlina
FORD,PUMA,20900.0,2025.0,27500.0,Híbrido,Manual,125.0,coches.net,utilitario
VOLKSWAGEN,PASSAT,7970.0,2015.0,426000.0,Diésel,Manual,150.0,coches.net,berlina
VOLKSWAGEN,GOLF,27490.0,2019.0,95200.0,Gasolina,Automatico,245.0,coches.net,berlina
VOLKSWAGEN,GOLF,22700.0,2020.0,69850.0,Híbrido enchufable,Automatico,204.0,coches.net,berlina
PEUGEOT,208,11990.0,2023.0,80373.0,Gasolina,Manual,100.0,coches.net,berlina
KIA,RIO,13990.0,2022.0,55000.0,Gasolina,Manual,84.0,coches.net,berlina
HONDA,JAZZ,19590.0,2023.0,56000.0,Híbrido,Automatico,109.0,coches.net,berlina
FORD,C-MAX,2700.0,2009.0,250000.0,Diésel,Manual,109.0,coches.net,utilitario
RENAULT,TALISMAN,10900.0,2016.0,174424.0,Diésel,Manual,110.0,coches.net,berlina
MERCEDES-BENZ,CLASE GLC,43900.0,2022.0,74437.0,Diésel,Automatico,194.0,coches.net,utilitario
SEAT,ARONA,22990.0,2025.0,2234.0,Gasolina,Manual,115.0,coches.net,utilitario
MAZDA,MAZDA3,16899.0,2019.0,75178.0,Híbrido,Automatico,122.0,coches.net,berlina
FIAT,TIPO,12399.0,2019.0,29333.0,Gasolina,Manual,120.0,coches.net,berlina
MERCEDES-BENZ,CLA,31990.0,2022.0,66000.0,Híbrido enchufable,Automatico,218.0,coches.net,berlina
HYUNDAI,STARIA,36600.0,2022.0,47460.0,Diésel,Automatico,177.0,coches.net,utilitario
MERCEDES-BENZ,CLA,31990.0,2022.0,66000.0,Híbrido enchufable,Automatico,218.0,coches.net,berlina
TOYOTA,COROLLA,28490.0,2025.0,11351.0,Híbrido,Automatico,140.0,coches.net,berlina
BMW,SERIE 7,34500.0,2018.0,130000.0,Diésel,Automatico,265.0,coches.net,berlina
FORD,FOCUS,9799.0,2015.0,122265.0,Diésel,Manual,115.0,coches.net,berlina
MERCEDES-BENZ,CLASE C,40990.0,2022.0,44348.0,Híbrido,Automatico,204.0,coches.net,berlina
AUDI,Q7,14997.0,2006.0,147000.0,Gasolina,Automatico,350.0,coches.net,utilitario
NISSAN,X-TRAIL,12500.0,2015.0,185000.0,Diésel,Automatico,130.0,coches.net,utilitario
CITROEN,BERLINGO,12290.0,2017.0,91289.0,Gasolina,Manual,110.0,coches.net,utilitario
PEUGEOT,208,13500.0,2023.0,45000.0,Gasolina,Manual,100.0,coches.net,berlina
KIA,E-SOUL,25190.0,2020.0,18762.0,Eléctrico,Automatico,204.0,coches.net,berlina
FIAT,500,12980.0,2022.0,66538.0,Híbrido,Manual,70.0,coches.net,berlina
TOYOTA,AURIS,5400.0,2008.0,225000.0,Gasolina,Manual,124.0,coches.net,berlina
HONDA,CR-V,6500.0,2005.0,310000.0,Diésel,Manual,140.0,coches.net,utilitario
FORD,GRAND C-MAX,3800.0,2011.0,225000.0,Diésel,Manual,115.0,coches.net,utilitario
PEUGEOT,5008,13900.0,2019.0,140000.0,Diésel,Manual,130.0,coches.net,utilitario
MERCEDES-BENZ,GLA,32990.0,2022.0,109778.0,Diésel,Automatico,150.0,coches.net,utilitario
FORD,FOCUS,16490.0,2023.0,54832.0,Híbrido,Manual,125.0,coches.net,berlina
NISSAN,QASHQAI,8990.0,2013.0,195000.0,Diésel,Manual,130.0,coches.net,berlina
MINI,MINI,11900.0,2015.0,137300.0,Diésel,Manual,116.0,coches.net,berlina
NISSAN,QASHQAI,34690.0,2025.0,6747.0,Híbrido,Automatico,158.0,coches.net,utilitario
OPEL,CORSA,21101.0,2023.0,38.0,Gasolina,Manual,100.0,coches.net,berlina
BMW,SERIE 2 ACTIVE TOURER,18900.0,2016.0,139000.0,Diésel,Automatico,190.0,coches.net,utilitario
RENAULT,MÉGANE,10997.0,2019.0,147200.0,Diésel,Manual,95.0,coches.net,berlina
NISSAN,JUKE,23300.0,2024.0,18000.0,Híbrido,Automatico,143.0,coches.net,utilitario
SEAT,ARONA,18490.0,2024.0,44651.0,Gasolina,Manual,115.0,coches.net,utilitario
MERCEDES-BENZ,CLASE A,34900.0,2024.0,27000.0,Diésel,Automatico,150.0,coches.net,berlina
MERCEDES-BENZ,CLASE S,48990.0,2021.0,140000.0,Diésel,Automatico,286.0,coches.net,berlina
PEUGEOT,208,11690.0,2023.0,48974.0,Gasolina,Manual,75.0,coches.net,berlina
SEAT,ARONA,15999.0,2023.0,50000.0,Gasolina,Manual,110.0,coches.net,utilitario
FIAT,PANDA,7500.0,2020.0,85927.0,Gasolina,Manual,69.0,coches.net,berlina
TOYOTA,COROLLA,20990.0,2022.0,97783.0,Híbrido,Automatico,122.0,coches.net,berlina
FORD,FOCUS,9899.0,2014.0,83467.0,Diésel,Manual,115.0,coches.net,berlina
FIAT,PUNTO,2950.0,2007.0,202371.0,Diésel,Manual,70.0,coches.net,berlina
PEUGEOT,208,10499.0,2020.0,45962.0,Gasolina,Manual,75.0,coches.net,berlina
NISSAN,MICRA,6990.0,2017.0,112120.0,Gasolina,Manual,80.0,coches.net,berlina
SKODA,KODIAQ,49990.0,2026.0,50.0,Híbrido enchufable,Automatico,204.0,coches.net,utilitario
PEUGEOT,E-2008,16990.0,2021.0,48449.0,Eléctrico,Automatico,136.0,coches.net,utilitario
NISSAN,QASHQAI,26990.0,2023.0,48564.0,Híbrido,Automatico,190.0,coches.net,utilitario
CITROEN,C3,11500.0,2022.0,44000.0,Gasolina,Manual,83.0,coches.net,berlina
FORD,FOCUS,22690.0,2024.0,11109.0,Híbrido,Manual,155.0,coches.net,berlina
MERCEDES-BENZ,VITO,59900.0,2026.0,100.0,Diésel,Automatico,136.0,coches.net,utilitario
TOYOTA,YARIS CROSS,22990.0,2022.0,80956.0,Híbrido,Automatico,116.0,coches.net,utilitario
OPEL,GRANDLAND X,10000.0,2017.0,140000.0,Diésel,Manual,120.0,coches.net,utilitario
LYNK & CO,01,22990.0,2023.0,45835.0,Híbrido enchufable,Automatico,261.0,coches.net,utilitario
CITROEN,C3,9099.0,2018.0,53289.0,Gasolina,Manual,82.0,coches.net,berlina
CITROEN,C4,7399.0,2016.0,73206.0,Gasolina,Manual,110.0,coches.net,berlina
MITSUBISHI,ASX,12990.0,2015.0,170000.0,Diésel,Automatico,150.0,coches.net,utilitario
RENAULT,CLIO,7399.0,2016.0,140485.0,Gasolina,Manual,95.0,coches.net,berlina
BMW,SERIE 3,48490.0,2020.0,80000.0,Híbrido,Automatico,340.0,coches.net,berlina
PEUGEOT,3008 HYBRID,27490.0,2025.0,20950.0,Híbrido,Automatico,145.0,coches.net,utilitario
MERCEDES-BENZ,CLASE GLC,33490.0,2022.0,104765.0,Híbrido enchufable,Automatico,306.0,coches.net,utilitario
VOLVO,S80,6950.0,2007.0,169000.0,Diésel,Automatico,185.0,coches.net,berlina
VOLKSWAGEN,GOLF,5490.0,2006.0,280000.0,Gasolina,Manual,115.0,coches.net,berlina
HYUNDAI,KONA,26990.0,2024.0,16985.0,Híbrido,Automatico,141.0,coches.net,utilitario
FORD,FOCUS,13490.0,2018.0,75631.0,Gasolina,Manual,125.0,coches.net,berlina
RENAULT,4 E-TECH,31900.0,2025.0,9700.0,Eléctrico,Automatico,150.0,coches.net,utilitario
BYD,SEAL U DM-I,34900.0,2025.0,9945.0,Híbrido enchufable,Automatico,324.0,coches.net,utilitario
VOLKSWAGEN,TIGUAN,35500.0,2023.0,45000.0,Gasolina,Automatico,150.0,coches.net,utilitario
OPEL,CROSSLAND X,8980.0,2017.0,126940.0,Gasolina,Manual,130.0,coches.net,utilitario
NISSAN,QASHQAI,13900.0,2016.0,118850.0,Diésel,Manual,110.0,coches.net,berlina
CITROEN,C4,19990.0,2025.0,10375.0,Híbrido,Automatico,136.0,coches.net,berlina
CITROEN,C4,15990.0,2021.0,130000.0,Diésel,Automatico,130.0,coches.net,berlina
RENAULT,MÉGANE,15399.0,2021.0,68800.0,Gasolina,Manual,140.0,coches.net,berlina
AUDI,A4,22900.0,2020.0,106621.0,Híbrido,Automatico,163.0,coches.net,berlina
BYD,SEAL U DM-I,30990.0,2025.0,8015.0,Híbrido enchufable,Automatico,218.0,coches.net,utilitario
VOLKSWAGEN,GOLF,20400.0,2022.0,45000.0,Diésel,Manual,115.0,coches.net,berlina
VOLKSWAGEN,PASSAT CC,10990.0,2008.0,165000.0,Diésel,Manual,140.0,coches.net,berlina
LEXUS,CT,13490.0,2015.0,162237.0,Híbrido,Automatico,136.0,coches.net,berlina
MERCEDES-BENZ,CLASE A,33995.0,2025.0,24323.0,Híbrido,Automatico,136.0,coches.net,berlina
PORSCHE,CAYENNE,20300.0,2009.0,235000.0,Gasolina,Automatico,385.0,coches.net,utilitario
DACIA,DOKKER,8999.0,2015.0,166000.0,Diésel,Manual,90.0,coches.net,utilitario
TOYOTA,HILUX,37990.0,2022.0,85523.0,Diésel,Manual,150.0,coches.net,pick up
FORD,FOCUS,10970.0,2019.0,179000.0,Diésel,Manual,120.0,coches.net,berlina
TOYOTA,C-HR,20900.0,2018.0,100175.0,Híbrido,Automatico,122.0,coches.net,berlina
BYD,SEAL U DM-I,31990.0,2025.0,14127.0,Híbrido enchufable,Automatico,218.0,coches.net,utilitario
MERCEDES-BENZ,CLASE A,32490.0,2025.0,24160.0,Híbrido,Automatico,136.0,coches.net,berlina
SEAT,IBIZA,13500.0,2019.0,110000.0,Diésel,Manual,115.0,coches.net,berlina
MERCEDES-BENZ,CLASE A,32490.0,2025.0,22800.0,Híbrido,Automatico,136.0,coches.net,berlina
MERCEDES-BENZ,EQS,101900.0,2025.0,1687.0,Eléctrico,Automatico,360.0,coches.net,berlina
MERCEDES-BENZ,GLC COUPÉ,46900.0,2020.0,95279.0,Híbrido,Automatico,258.0,coches.net,utilitario
MERCEDES-BENZ,GLE COUPÉ,66900.0,2021.0,102030.0,Diésel,Automatico,272.0,coches.net,utilitario
HYUNDAI,IONIQ,12999.0,2020.0,175000.0,Híbrido,Automatico,141.0,coches.net,berlina
CUPRA,FORMENTOR,48990.0,2023.0,12000.0,Gasolina,Automatico,390.0,coches.net,utilitario
FORD,FOCUS,4100.0,2009.0,213000.0,Diésel,Manual,115.0,coches.net,berlina
BMW,SERIE 5,16900.0,2015.0,169000.0,Diésel,Automatico,190.0,coches.net,berlina
VOLKSWAGEN,T-ROC,19200.0,2022.0,81801.0,Gasolina,Manual,110.0,coches.net,utilitario
VOLVO,XC60,34500.0,2022.0,67495.0,Híbrido enchufable,Automatico,350.0,coches.net,utilitario
PEUGEOT,RIFTER,16900.0,2019.0,81793.0,Diésel,Manual,130.0,coches.net,utilitario
CITROEN,C4 X,17000.0,2024.0,60685.0,Diésel,Automatico,131.0,coches.net,berlina
SKODA,KAMIQ,17500.0,2021.0,51247.0,Gasolina,Manual,110.0,coches.net,utilitario
SMART,FORFOUR,13000.0,2021.0,17891.0,Eléctrico,Automatico,82.0,coches.net,berlina
MINI,COUNTRYMAN,18900.0,2019.0,110391.0,Gasolina,Automatico,136.0,coches.net,berlina
CUPRA,LEÓN,33990.0,2026.0,500.0,Híbrido,Automatico,150.0,coches.net,berlina
CITROEN,GRAND C4 PICASSO,10599.0,2016.0,134144.0,Diésel,Manual,120.0,coches.net,utilitario
SEAT,ATECA,26990.0,2021.0,48910.0,Gasolina,Manual,150.0,coches.net,utilitario
SKODA,OCTAVIA,12799.0,2018.0,73619.0,Gasolina,Automatico,115.0,coches.net,berlina
VOLKSWAGEN,GOLF,11900.0,2009.0,32637.0,Gasolina,Manual,122.0,coches.net,berlina
PEUGEOT,308,3800.0,2008.0,220000.0,Diésel,Manual,110.0,coches.net,berlina
VOLKSWAGEN,GOLF,26800.0,2017.0,80000.0,Gasolina,Automatico,245.0,coches.net,berlina
MERCEDES-BENZ,CLASE C,31000.0,2020.0,78000.0,Híbrido enchufable,Automatico,306.0,coches.net,berlina
NISSAN,X-TRAIL,29900.0,2024.0,15000.0,Híbrido,Automatico,163.0,coches.net,utilitario
TOYOTA,COROLLA,30450.0,2024.0,26986.0,Híbrido,Automatico,196.0,coches.net,berlina
MERCEDES-BENZ,CLASE C,45990.0,2025.0,19076.0,Híbrido,Automatico,197.0,coches.net,berlina
VOLVO,XC40,23100.0,2020.0,77012.0,Gasolina,Automatico,163.0,coches.net,utilitario
VOLVO,XC40,26590.0,2022.0,30434.0,Híbrido enchufable,Automatico,211.0,coches.net,utilitario
MITSUBISHI,OUTLANDER,5399.0,2010.0,344582.0,Diésel,Automatico,177.0,coches.net,utilitario
FIAT,500C,10990.0,2021.0,94019.0,Híbrido,Manual,70.0,coches.net,berlina
RENAULT,KADJAR,12199.0,2017.0,95601.0,Gasolina,Manual,130.0,coches.net,berlina
MINI,MINI,10990.0,2017.0,263000.0,Diésel,Manual,116.0,coches.net,berlina
SKODA,KAROQ,19890.0,2021.0,79507.0,Diésel,Automatico,150.0,coches.net,utilitario
VOLVO,XC40,19999.0,2020.0,187000.0,Diésel,Automatico,150.0,coches.net,utilitario
SKODA,KAROQ,17490.0,2021.0,120183.0,Diésel,Automatico,150.0,coches.net,utilitario
BENTLEY,CONTINENTAL GT,234990.0,2020.0,29000.0,Gasolina,Automatico,635.0,coches.net,berlina
SEAT,IBIZA,16400.0,2024.0,40000.0,Gasolina,Manual,115.0,coches.net,berlina
TOYOTA,YARIS,19890.0,2025.0,27918.0,Híbrido,Automatico,116.0,coches.net,berlina
MERCEDES-BENZ,CLA,31990.0,2021.0,116000.0,Diésel,Automatico,190.0,coches.net,berlina
AUDI,A3,18199.0,2018.0,69521.0,Gasolina,Manual,150.0,coches.net,berlina
CITROEN,C3 AIRCROSS,19500.0,2025.0,21532.0,Gasolina,Manual,100.0,coches.net,utilitario
OPEL,ASTRA,9990.0,2017.0,85227.0,Gasolina,Manual,105.0,coches.net,berlina
PEUGEOT,308,8899.0,2015.0,87799.0,Diésel,Manual,92.0,coches.net,berlina
KIA,SPORTAGE,14500.0,2016.0,68000.0,Gasolina,Manual,135.0,coches.net,utilitario
AUDI,Q5,28999.0,2019.0,135700.0,Diésel,Automatico,190.0,coches.net,utilitario
BMW,SERIE 2 ACTIVE TOURER,24990.0,2022.0,93000.0,Diésel,Automatico,150.0,coches.net,utilitario
BMW,X1,20750.0,2020.0,92587.0,Diésel,Automatico,116.0,coches.net,utilitario
BMW,X1,20890.0,2022.0,135379.0,Diésel,Manual,116.0,coches.net,utilitario
FORD,KUGA,21100.0,2022.0,62303.0,Híbrido enchufable,Automatico,225.0,coches.net,utilitario
KIA,SPORTAGE,20999.0,2022.0,92000.0,Híbrido,Manual,150.0,coches.net,utilitario
KIA,PICANTO,14537.0,2024.0,20784.0,Gasolina,Manual,67.0,coches.net,berlina
RENAULT,MÉGANE,13099.0,2016.0,70476.0,Diésel,Manual,110.0,coches.net,berlina
MERCEDES-BENZ,GLA,43900.0,2024.0,10678.0,Diésel,Automatico,150.0,coches.net,utilitario
MERCEDES-BENZ,GLA,44990.0,2024.0,14743.0,Diésel,Automatico,150.0,coches.net,utilitario
TOYOTA,PRIUS+,16990.0,2013.0,163500.0,Híbrido,Automatico,136.0,coches.net,utilitario
BMW,SERIE 1,17290.0,2020.0,105182.0,Diésel,Automatico,116.0,coches.net,berlina
NISSAN,JUKE,11499.0,2015.0,81821.0,Gasolina,Manual,115.0,coches.net,utilitario
VOLKSWAGEN,POLO,7490.0,2013.0,140000.0,Gasolina,Manual,90.0,coches.net,berlina
CITROEN,BERLINGO,12900.0,2019.0,160016.0,Gasolina,Manual,110.0,coches.net,utilitario
FORD,FOCUS,13290.0,2022.0,157156.0,Diésel,Manual,120.0,coches.net,berlina
SSANGYONG,XLV,13900.0,2017.0,95990.0,Diésel,Automatico,115.0,coches.net,utilitario
TOYOTA,AYGO,10490.0,2019.0,42670.0,Gasolina,Manual,69.0,coches.net,berlina
NISSAN,JUKE,16490.0,2021.0,59754.0,Gasolina,Automatico,114.0,coches.net,utilitario
BMW,SERIE 5,32900.0,2022.0,75000.0,Híbrido,Automatico,190.0,coches.net,berlina
MINI,MINI,14790.0,2018.0,97165.0,Diésel,Manual,95.0,coches.net,berlina
MERCEDES-BENZ,CLA,29490.0,2022.0,94985.0,Híbrido enchufable,Automatico,218.0,coches.net,berlina
BMW,X4,35900.0,2019.0,78000.0,Gasolina,Automatico,252.0,coches.net,utilitario
CITROEN,C-ELYSÉE,6990.0,2015.0,136000.0,Diésel,Manual,92.0,coches.net,berlina
FIAT,PANDA,8499.0,2017.0,108664.0,Diésel,Manual,95.0,coches.net,berlina
BMW,SERIE 1,24990.0,2022.0,85050.0,Diésel,Automatico,190.0,coches.net,berlina
SKODA,KAROQ,32990.0,2025.0,11000.0,Gasolina,Automatico,150.0,coches.net,utilitario
AUDI,Q2,26900.0,2025.0,14926.0,Gasolina,Manual,116.0,coches.net,utilitario
SUZUKI,SX4,4990.0,2009.0,235000.0,Diésel,Manual,120.0,coches.net,utilitario
TOYOTA,YARIS,15690.0,2019.0,50611.0,Híbrido,Automatico,100.0,coches.net,berlina
LAND-ROVER,DEFENDER,39995.0,2007.0,147000.0,Diésel,Manual,122.0,coches.net,utilitario
MINI,MINI,23498.0,2023.0,27690.0,Gasolina,Automatico,136.0,coches.net,berlina
SEAT,ATECA,23490.0,2020.0,24870.0,Gasolina,Manual,150.0,coches.net,utilitario
AUDI,A3,25900.0,2023.0,44000.0,Diésel,Manual,116.0,coches.net,berlina
SUZUKI,SWIFT,15900.0,2022.0,59000.0,Híbrido,Manual,83.0,coches.net,berlina
TOYOTA,RAV4,49000.0,2025.0,12175.0,Híbrido enchufable,Automatico,306.0,coches.net,utilitario
NISSAN,JUKE,10500.0,2014.0,66407.0,Gasolina,Manual,115.0,coches.net,utilitario
TOYOTA,C-HR,22800.0,2022.0,65017.0,Híbrido,Automatico,122.0,coches.net,berlina
TOYOTA,C-HR,20290.0,2022.0,110065.0,Híbrido,Automatico,122.0,coches.net,berlina
TOYOTA,C-HR,22950.0,2021.0,51000.0,Híbrido,Automatico,184.0,coches.net,berlina
PEUGEOT,RIFTER,16799.0,2021.0,101092.0,Diésel,Manual,100.0,coches.net,utilitario
BMW,SERIE 1,13500.0,2015.0,156010.0,Diésel,Automatico,150.0,coches.net,berlina
AUDI,Q3 SPORTBACK,43350.0,2024.0,41534.0,Gasolina,Automatico,150.0,coches.net,utilitario
KIA,XCEED,16890.0,2021.0,64596.0,Híbrido,Manual,136.0,coches.net,utilitario
MERCEDES-BENZ,CLASE A,25900.0,2021.0,105934.0,Híbrido enchufable,Automatico,218.0,coches.net,berlina
KIA,SPORTAGE,14990.0,2019.0,155152.0,Híbrido,Manual,115.0,coches.net,utilitario
BMW,X3,50900.0,2022.0,75000.0,Híbrido,Automatico,340.0,coches.net,utilitario
SEAT,LEÓN,13499.0,2018.0,69000.0,Gasolina,Manual,115.0,coches.net,berlina
MERCEDES-BENZ,GLC COUPÉ,38900.0,2018.0,145556.0,Gasolina,Automatico,211.0,coches.net,utilitario
OPEL,GRANDLAND,16990.0,2023.0,47568.0,Gasolina,Automatico,130.0,coches.net,utilitario
MERCEDES-BENZ,CLA,39990.0,2025.0,16960.0,Híbrido enchufable,Automatico,218.0,coches.net,berlina
AUDI,Q5 SPORTBACK,40500.0,2022.0,104000.0,Híbrido,Automatico,204.0,coches.net,utilitario
NISSAN,MURANO,10800.0,2009.0,83000.0,Gasolina,Automatico,256.0,coches.net,utilitario
PORSCHE,CAYENNE COUPÉ,62495.0,2020.0,155000.0,Híbrido enchufable,Automatico,462.0,coches.net,utilitario
BMW,IX2,43990.0,2024.0,15499.0,Eléctrico,Automatico,204.0,coches.net,utilitario
AUDI,A3,28990.0,2022.0,28706.0,Híbrido enchufable,Automatico,204.0,coches.net,berlina
FIAT,500X,9900.0,2016.0,140000.0,Gasolina,Manual,140.0,coches.net,utilitario
SKODA,KODIAQ,30990.0,2020.0,115000.0,Diésel,Automatico,239.0,coches.net,utilitario
TOYOTA,HILUX,29750.0,2021.0,175806.0,Diésel,Manual,150.0,coches.net,pick up
MERCEDES-BENZ,GLC COUPÉ,39990.0,2021.0,123380.0,Híbrido enchufable,Automatico,306.0,coches.net,utilitario
PEUGEOT,3008,15390.0,2021.0,87530.0,Gasolina,Manual,130.0,coches.net,utilitario
SEAT,LEÓN,18690.0,2024.0,48037.0,Gasolina,Manual,130.0,coches.net,berlina
PEUGEOT,308,24300.0,2025.0,5500.0,Híbrido,Automatico,145.0,coches.net,berlina
TOYOTA,BZ4X,32950.0,2024.0,19000.0,Eléctrico,Automatico,204.0,coches.net,utilitario
TOYOTA,YARIS,20490.0,2022.0,17650.0,Híbrido,Automatico,116.0,coches.net,berlina
AUDI,A3,69900.0,2022.0,21000.0,Gasolina,Automatico,400.0,coches.net,berlina
LEXUS,UX,37900.0,2025.0,5400.0,Híbrido,Automatico,199.0,coches.net,utilitario
VOLVO,XC60,28990.0,2021.0,103776.0,Híbrido enchufable,Automatico,340.0,coches.net,utilitario
HYUNDAI,IX35,9490.0,2010.0,215000.0,Diésel,Manual,136.0,coches.net,utilitario
HYUNDAI,I20,16900.0,2024.0,9091.0,Gasolina,Manual,79.0,coches.net,berlina
HYUNDAI,I20,16900.0,2024.0,6000.0,Gasolina,Manual,84.0,coches.net,berlina
MERCEDES-BENZ,CLASE B,34420.0,2025.0,20000.0,Diésel,Automatico,150.0,coches.net,utilitario
PORSCHE,CAYENNE,61999.0,2018.0,138230.0,Gasolina,Automatico,550.0,coches.net,utilitario
OPEL,ASTRA,13490.0,2020.0,49435.0,Gasolina,Manual,110.0,coches.net,berlina
HYUNDAI,IX20,10490.0,2015.0,89000.0,Gasolina,Automatico,126.0,coches.net,utilitario
KIA,NIRO,17990.0,2021.0,110000.0,Híbrido,Automatico,141.0,coches.net,berlina
HYUNDAI,TUCSON,25875.0,2025.0,31025.0,Gasolina,Manual,160.0,coches.net,utilitario
HYUNDAI,TUCSON,27475.0,2025.0,29825.0,Gasolina,Manual,160.0,coches.net,utilitario
FORD,FOCUS,15890.0,2022.0,109245.0,Diésel,Automatico,120.0,coches.net,berlina
MERCEDES-BENZ,CLASE A,43600.0,2025.0,12000.0,Híbrido enchufable,Automatico,218.0,coches.net,berlina
BMW,X3,27990.0,2020.0,73289.0,Diésel,Automatico,150.0,coches.net,utilitario
SEAT,LEÓN,14590.0,2019.0,90832.0,Gasolina,Manual,130.0,coches.net,berlina
FIAT,500,13495.0,2024.0,28343.0,Híbrido,Manual,70.0,coches.net,berlina
MERCEDES-BENZ,CLASE GLC,39990.0,2022.0,79900.0,Híbrido enchufable,Automatico,320.0,coches.net,utilitario
AUDI,Q5 SPORTBACK,40990.0,2022.0,99870.0,Híbrido,Automatico,204.0,coches.net,utilitario
AUDI,Q5 SPORTBACK,39990.0,2022.0,119178.0,Híbrido enchufable,Automatico,299.0,coches.net,utilitario
MITSUBISHI,SPACE STAR,14250.0,2023.0,23000.0,Gasolina,Manual,71.0,coches.net,berlina
VOLKSWAGEN,TOURAN,20999.0,2019.0,101555.0,Gasolina,Manual,150.0,coches.net,utilitario
NISSAN,QASHQAI,29650.0,2023.0,22300.0,Híbrido,Automatico,158.0,coches.net,utilitario
MG,HS,25200.0,2024.0,32500.0,Gasolina,Automatico,170.0,coches.net,utilitario
KIA,SPORTAGE,21540.0,2022.0,79822.0,Híbrido,Manual,150.0,coches.net,utilitario
BMW,SERIE 3,22640.0,2021.0,128873.0,Híbrido,Automatico,150.0,coches.net,berlina
VOLKSWAGEN,TIGUAN,41900.0,2025.0,24471.0,Diésel,Automatico,150.0,coches.net,utilitario
PEUGEOT,308,20900.0,2025.0,18487.0,Gasolina,Manual,130.0,coches.net,berlina
KIA,NIRO,19895.0,2022.0,113947.0,Híbrido,Automatico,141.0,coches.net,berlina
DACIA,LODGY,13450.0,2018.0,48021.0,Gas,Manual,102.0,coches.net,utilitario
FORD,KUGA,14190.0,2014.0,128400.0,Diésel,Automatico,180.0,coches.net,utilitario
PEUGEOT,3008,14690.0,2017.0,85170.0,Diésel,Manual,120.0,coches.net,utilitario
MERCEDES-BENZ,CLASE S,75900.0,2022.0,110572.0,Diésel,Automatico,286.0,coches.net,berlina
LAND-ROVER,RANGE ROVER SPORT,53000.0,2021.0,52000.0,Híbrido,Automatico,249.0,coches.net,utilitario
FIAT,FREEMONT,10990.0,2013.0,203000.0,Diésel,Automatico,170.0,coches.net,utilitario
BMW,SERIE 3,3999.0,1997.0,182000.0,Diésel,Manual,90.0,coches.net,berlina
SEAT,IBIZA,6299.0,2015.0,170000.0,Diésel,Manual,90.0,coches.net,berlina
MERCEDES-BENZ,CLASE A,36900.0,2024.0,5318.0,Híbrido enchufable,Automatico,218.0,coches.net,berlina
HYUNDAI,KONA,19450.0,2021.0,60000.0,Eléctrico,Automatico,204.0,coches.net,utilitario
VOLKSWAGEN,GOLF,8500.0,2011.0,125000.0,Diésel,Manual,105.0,coches.net,berlina
MERCEDES-BENZ,CLASE C,9999.0,2007.0,150000.0,Diésel,Manual,170.0,coches.net,berlina
CITROEN,C3 AIRCROSS,11890.0,2020.0,56397.0,Gasolina,Manual,110.0,coches.net,utilitario
NISSAN,JUKE,21950.0,2025.0,17347.0,Gasolina,Automatico,114.0,coches.net,utilitario
FORD,GRAND C-MAX,8490.0,2015.0,163000.0,Gasolina,Manual,125.0,coches.net,utilitario
EVO,CUATRO,20990.0,2025.0,36.0,Gas,Manual,114.0,coches.net,utilitario
PORSCHE,MACAN,61990.0,2020.0,44000.0,Gasolina,Automatico,354.0,coches.net,utilitario
CITROEN,Ë-C3,24450.0,2025.0,5000.0,Eléctrico,Automatico,113.0,coches.net,berlina
MERCEDES-BENZ,GLA,32900.0,2022.0,27264.0,Gasolina,Automatico,136.0,coches.net,utilitario
TOYOTA,YARIS,20290.0,2024.0,68890.0,Híbrido,Automatico,116.0,coches.net,berlina
FORD,KUGA,7999.0,2011.0,240000.0,Diésel,Manual,140.0,coches.net,utilitario
MERCEDES-BENZ,CLASE C,39900.0,2021.0,43875.0,Híbrido,Automatico,204.0,coches.net,berlina
KIA,RIO,13950.0,2020.0,49624.0,Gasolina,Manual,100.0,coches.net,berlina
KIA,RIO,13400.0,2021.0,34718.0,Gasolina,Manual,84.0,coches.net,berlina
ALFA ROMEO,JUNIOR,24290.0,2025.0,10999.0,Híbrido,Automatico,145.0,coches.net,utilitario
MERCEDES-BENZ,CLASE C,56900.0,2024.0,15.0,Híbrido enchufable,Automatico,313.0,coches.net,berlina
PEUGEOT,E-2008,24990.0,2025.0,9839.0,Eléctrico,Automatico,156.0,coches.net,utilitario
MERCEDES-BENZ,EQA,35900.0,2021.0,73523.0,Eléctrico,Automatico,190.0,coches.net,utilitario
VOLVO,C40,38900.0,2026.0,1.0,Eléctrico,Automatico,238.0,coches.net,utilitario
VOLVO,XC60,26990.0,2021.0,151713.0,Diésel,Automatico,190.0,coches.net,utilitario
MERCEDES-BENZ,CLASE E,78990.0,2025.0,300.0,Híbrido enchufable,Automatico,313.0,coches.net,berlina
FORD,KA+,9100.0,2017.0,62611.0,Gasolina,Manual,70.0,coches.net,berlina
VOLKSWAGEN,TRANSPORTER,19800.0,2012.0,217000.0,Diésel,Manual,102.0,coches.net,utilitario
SUZUKI,GRAND VITARA,10990.0,2010.0,145000.0,Diésel,Manual,129.0,coches.net,utilitario
SEAT,ARONA,22990.0,2024.0,41981.0,Gasolina,Automatico,150.0,coches.net,utilitario
OPEL,COMBO LIFE,13699.0,2019.0,104860.0,Gasolina,Manual,110.0,coches.net,utilitario
BMW,SERIE 1,21500.0,2022.0,54809.0,Diésel,Automatico,116.0,coches.net,berlina
MINI,MINI,7896.0,2006.0,120000.0,Gasolina,Manual,116.0,coches.net,berlina
TOYOTA,HILUX,23900.0,2017.0,217000.0,Diésel,Manual,150.0,coches.net,pick up
AUDI,Q5,42990.0,2023.0,70697.0,Híbrido,Automatico,204.0,coches.net,utilitario
AUDI,Q5,42990.0,2022.0,61310.0,Híbrido,Automatico,204.0,coches.net,utilitario
MERCEDES-BENZ,GLB,30999.0,2021.0,107000.0,Diésel,Automatico,150.0,coches.net,utilitario
HONDA,ACCORD,9990.0,2011.0,174780.0,Gasolina,Manual,156.0,coches.net,berlina
MERCEDES-BENZ,GLB,30999.0,2023.0,108000.0,Diésel,Automatico,150.0,coches.net,utilitario
PEUGEOT,E-RIFTER,24990.0,2025.0,2707.0,Eléctrico,Automatico,136.0,coches.net,utilitario
AUDI,Q5,27490.0,2019.0,91402.0,Diésel,Automatico,190.0,coches.net,utilitario
VOLVO,XC40,36900.0,2023.0,26302.0,Híbrido,Automatico,197.0,coches.net,utilitario
MERCEDES-BENZ,CLA,40900.0,2025.0,16.0,Híbrido,Automatico,163.0,coches.net,berlina
OPEL,CORSA,13200.0,2023.0,31975.0,Gasolina,Manual,100.0,coches.net,berlina
KIA,SPORTAGE,12990.0,2020.0,209000.0,Híbrido,Manual,136.0,coches.net,utilitario
OPEL,CORSA,12500.0,2023.0,27601.0,Gasolina,Manual,75.0,coches.net,berlina
KIA,E-NIRO,27300.0,2024.0,29900.0,Eléctrico,Automatico,204.0,coches.net,berlina
CITROEN,C3,3700.0,2007.0,100000.0,Gasolina,Manual,61.0,coches.net,berlina
AUDI,A1,24350.0,2025.0,25160.0,Gasolina,Manual,116.0,coches.net,berlina
ASTON MARTIN,VANTAGE V8,64900.0,2012.0,58150.0,Gasolina,Automatico,436.0,coches.net,berlina
CUPRA,LEÓN,30800.0,2025.0,14586.0,Híbrido,Automatico,150.0,coches.net,berlina
JAGUAR,E-PACE,27900.0,2019.0,35500.0,Gasolina,Automatico,200.0,coches.net,utilitario
RENAULT,SCÉNIC,17390.0,2020.0,78987.0,Diésel,Manual,120.0,coches.net,utilitario
ALFA ROMEO,MITO,6990.0,2010.0,183466.0,Diésel,Manual,120.0,coches.net,berlina
CUPRA,TERRAMAR,35290.0,2025.0,23858.0,Híbrido,Automatico,150.0,coches.net,utilitario
BMW,SERIE 1,24890.0,2023.0,44833.0,Gasolina,Automatico,136.0,coches.net,berlina
PEUGEOT,308,14490.0,2022.0,104887.0,Gasolina,Manual,110.0,coches.net,berlina
PEUGEOT,3008 HYBRID,14900.0,2020.0,120000.0,Híbrido enchufable,Automatico,225.0,coches.net,utilitario
PEUGEOT,3008,18900.0,2019.0,89999.0,Diésel,Automatico,130.0,coches.net,utilitario
BMW,X1,13990.0,2013.0,199000.0,Diésel,Manual,184.0,coches.net,berlina
PEUGEOT,2008,14990.0,2023.0,55402.0,Gasolina,Manual,100.0,coches.net,utilitario
TOYOTA,C-HR,20750.0,2022.0,112933.0,Híbrido,Automatico,122.0,coches.net,berlina
TOYOTA,C-HR,24990.0,2023.0,55152.0,Híbrido,Automatico,122.0,coches.net,berlina
AUDI,Q3,26490.0,2019.0,77232.0,Diésel,Automatico,150.0,coches.net,utilitario
RENAULT,CAPTUR,22990.0,2025.0,3300.0,Gas,Manual,100.0,coches.net,utilitario
OPEL,ASTRA,8490.0,2015.0,178870.0,Diésel,Manual,136.0,coches.net,berlina
OPEL,VIVARO,22990.0,2018.0,90000.0,Diésel,Manual,125.0,coches.net,utilitario
OPEL,VIVARO,22990.0,2018.0,90000.0,Diésel,Manual,125.0,coches.net,utilitario
VOLKSWAGEN,GOLF,59990.0,2026.0,1000.0,Gasolina,Automatico,333.0,coches.net,berlina
VOLKSWAGEN,TOUAREG,39990.0,2022.0,138000.0,Diésel,Automatico,231.0,coches.net,utilitario
SKODA,FABIA,11900.0,2019.0,58153.0,Gasolina,Manual,75.0,coches.net,berlina
SEAT,LEÓN,10990.0,2014.0,79434.0,Diésel,Manual,105.0,coches.net,berlina
HYUNDAI,KONA,15990.0,2022.0,113535.0,Híbrido,Manual,120.0,coches.net,utilitario
VOLKSWAGEN,SCIROCCO,7900.0,2009.0,187000.0,Gasolina,Manual,160.0,coches.net,berlina
JEEP,RENEGADE,13990.0,2019.0,139000.0,Diésel,Automatico,120.0,coches.net,utilitario
TOYOTA,LAND CRUISER,47900.0,2022.0,58000.0,Diésel,Manual,204.0,coches.net,utilitario
MERCEDES-BENZ,CLASE GLC,40899.0,2021.0,74200.0,Diésel,Automatico,194.0,coches.net,utilitario
MERCEDES-BENZ,CLASE A,26599.0,2020.0,24789.0,Diésel,Automatico,150.0,coches.net,berlina
BMW,SERIE 1,18990.0,2021.0,138645.0,Diésel,Automatico,116.0,coches.net,berlina
MERCEDES-BENZ,CLASE E,44900.0,2022.0,62221.0,Diésel,Automatico,194.0,coches.net,berlina
MINI,MINI,16900.0,2020.0,82500.0,Eléctrico,Automatico,184.0,coches.net,berlina
VOLKSWAGEN,POLO,14599.0,2021.0,72880.0,Gasolina,Automatico,95.0,coches.net,berlina
OPEL,VIVARO,21990.0,2019.0,85000.0,Diésel,Manual,145.0,coches.net,utilitario
RENAULT,KANGOO COMBI,17999.0,2022.0,90000.0,Diésel,Manual,95.0,coches.net,utilitario
OPEL,VIVARO,21990.0,2019.0,85000.0,Diésel,Manual,145.0,coches.net,utilitario
MERCEDES-BENZ,CLASE T,24900.0,2023.0,20000.0,Diésel,Manual,95.0,coches.net,utilitario
FORD,FIESTA,7999.0,2017.0,118112.0,Gasolina,Manual,82.0,coches.net,berlina
BMW,X5,49990.0,2019.0,131000.0,Diésel,Automatico,400.0,coches.net,utilitario
OPEL,MERIVA,5490.0,2011.0,138083.0,Gasolina,Manual,100.0,coches.net,utilitario
MITSUBISHI,COLT,5990.0,2010.0,119958.0,Gasolina,Manual,75.0,coches.net,utilitario
NISSAN,JUKE,24290.0,2023.0,27074.0,Híbrido,Automatico,143.0,coches.net,utilitario
FIAT,500,12990.0,2022.0,44608.0,Híbrido,Manual,70.0,coches.net,berlina
FIAT,500,11590.0,2023.0,40614.0,Híbrido,Manual,70.0,coches.net,berlina
FIAT,500,10599.0,2021.0,39642.0,Híbrido,Manual,70.0,coches.net,berlina
BMW,SERIE 1,17350.0,2019.0,62341.0,Gasolina,Manual,109.0,coches.net,berlina
MERCEDES-BENZ,CLASE A,26740.0,2022.0,69969.0,Gasolina,Automatico,136.0,coches.net,berlina
FORD,FOCUS,18990.0,2024.0,58435.0,Híbrido,Automatico,155.0,coches.net,berlina
FORD,ECOSPORT,14490.0,2022.0,37280.0,Gasolina,Manual,125.0,coches.net,utilitario
PEUGEOT,308,11990.0,2021.0,67000.0,Diésel,Automatico,130.0,coches.net,berlina
AUDI,A3,18990.0,2021.0,87000.0,Gasolina,Manual,110.0,coches.net,berlina
FORD,PUMA,21990.0,2024.0,6327.0,Híbrido,Manual,125.0,coches.net,utilitario
VOLKSWAGEN,GOLF,20850.0,2020.0,75258.0,Gasolina,Automatico,150.0,coches.net,berlina
VOLKSWAGEN,PASSAT,7970.0,2015.0,426000.0,Diésel,Manual,150.0,coches.net,berlina
VOLKSWAGEN,GOLF,19499.0,2011.0,139800.0,Gasolina,Automatico,270.0,coches.net,berlina
SEAT,ARONA,18490.0,2022.0,75595.0,Gasolina,Automatico,110.0,coches.net,utilitario
VOLVO,XC60,25990.0,2020.0,135981.0,Híbrido,Automatico,197.0,coches.net,utilitario
SEAT,ARONA,18990.0,2021.0,44463.0,Gasolina,Manual,110.0,coches.net,utilitario
MERCEDES-BENZ,CLASE A,12890.0,2016.0,219000.0,Diésel,Automatico,109.0,coches.net,berlina
MINI,MINI,19900.0,2018.0,121200.0,Gasolina,Automatico,136.0,coches.net,berlina
KIA,SPORTAGE,28750.0,2024.0,24312.0,Gasolina,Manual,150.0,coches.net,utilitario
TOYOTA,YARIS,17900.0,2020.0,34000.0,Híbrido,Automatico,100.0,coches.net,berlina
OPEL,INSIGNIA,3800.0,2011.0,350000.0,Diésel,Manual,130.0,coches.net,berlina
VOLKSWAGEN,ARTEON,27990.0,2020.0,136970.0,Diésel,Automatico,190.0,coches.net,berlina
JEEP,WRANGLER,42900.0,2018.0,40548.0,Diésel,Automatico,200.0,coches.net,utilitario
HYUNDAI,BAYON,15990.0,2024.0,22000.0,Gasolina,Manual,84.0,coches.net,utilitario
TOYOTA,C-HR,21990.0,2023.0,88300.0,Híbrido,Automatico,122.0,coches.net,berlina
TOYOTA,C-HR,23990.0,2020.0,62908.0,Híbrido,Automatico,184.0,coches.net,berlina
TOYOTA,C-HR,24690.0,2023.0,73353.0,Híbrido,Automatico,184.0,coches.net,berlina
RENAULT,CAPTUR,13990.0,2019.0,58890.0,Gasolina,Manual,90.0,coches.net,berlina
MERCEDES-BENZ,CLASE GLC,32999.0,2021.0,79900.0,Diésel,Automatico,163.0,coches.net,utilitario
OPEL,ASTRA,8950.0,2014.0,98657.0,Diésel,Manual,130.0,coches.net,berlina
PEUGEOT,208,13900.0,2023.0,69000.0,Diésel,Manual,100.0,coches.net,berlina
HONDA,JAZZ,25500.0,2025.0,18204.0,Híbrido,Automatico,122.0,coches.net,berlina
DACIA,SANDERO,12650.0,2024.0,40000.0,Gas,Manual,101.0,coches.net,berlina
KIA,SPORTAGE,19000.0,2020.0,71518.0,Híbrido,Manual,136.0,coches.net,utilitario
SEAT,LEÓN,29475.0,2017.0,39000.0,Gasolina,Automatico,300.0,coches.net,berlina
KIA,SPORTAGE,15990.0,2018.0,141540.0,Diésel,Manual,115.0,coches.net,utilitario
KIA,SPORTAGE,39990.0,2025.0,31970.0,Híbrido enchufable,Automatico,252.0,coches.net,utilitario
KIA,SPORTAGE,36570.0,2024.0,26281.0,Híbrido enchufable,Automatico,265.0,coches.net,utilitario
NISSAN,MICRA,11790.0,2019.0,90498.0,Gasolina,Manual,100.0,coches.net,berlina
VOLKSWAGEN,GOLF,26490.0,2023.0,83705.0,Híbrido enchufable,Automatico,204.0,coches.net,berlina
AUDI,A1,23900.0,2021.0,46000.0,Gasolina,Automatico,110.0,coches.net,berlina
BMW,Z4,9990.0,2006.0,143000.0,Gasolina,Manual,150.0,coches.net,berlina
FORD,ECOSPORT,14990.0,2022.0,55055.0,Gasolina,Manual,125.0,coches.net,utilitario
MG,ZS,14990.0,2022.0,81908.0,Gasolina,Manual,106.0,coches.net,utilitario
VOLVO,XC60,34900.0,2023.0,141300.0,Híbrido,Automatico,197.0,coches.net,utilitario
VOLVO,S60,26850.0,2021.0,138000.0,Híbrido enchufable,Automatico,390.0,coches.net,berlina
CITROEN,C4 PICASSO,9990.0,2018.0,180000.0,Diésel,Manual,120.0,coches.net,utilitario
TOYOTA,YARIS CROSS,24300.0,2022.0,84121.0,Híbrido,Automatico,116.0,coches.net,utilitario
FORD,KUGA,22490.0,2023.0,90902.0,Gasolina,Manual,150.0,coches.net,utilitario
BMW,SERIE 2,81990.0,2023.0,4600.0,Gasolina,Automatico,460.0,coches.net,berlina
NISSAN,QASHQAI,26900.0,2024.0,9000.0,Híbrido,Manual,140.0,coches.net,utilitario
CUPRA,FORMENTOR,20500.0,2022.0,112262.0,Diésel,Manual,150.0,coches.net,utilitario
MERCEDES-BENZ,CLASE C,8990.0,2001.0,45000.0,Gasolina,Manual,197.0,coches.net,berlina
PEUGEOT,208,17500.0,2024.0,15135.0,Híbrido,Automatico,100.0,coches.net,berlina
PEUGEOT,208,17500.0,2024.0,15135.0,Híbrido,Automatico,100.0,coches.net,berlina
BMW,SERIE 3,15900.0,2013.0,145000.0,Diésel,Manual,184.0,coches.net,berlina
TOYOTA,LAND CRUISER,23990.0,2006.0,278000.0,Diésel,Automatico,173.0,coches.net,utilitario
PEUGEOT,5008 HYBRID,34900.0,2025.0,5832.0,Híbrido,Automatico,145.0,coches.net,utilitario
OPEL,INSIGNIA,15950.0,2018.0,14000.0,Gasolina,Manual,140.0,coches.net,berlina
MERCEDES-BENZ,CLASE GLA,23990.0,2018.0,127100.0,Diésel,Automatico,177.0,coches.net,utilitario
BMW,SERIE 2 GRAN TOURER,21990.0,2021.0,72000.0,Gasolina,Manual,136.0,coches.net,utilitario
SEAT,ARONA,20900.0,2024.0,10490.0,Gasolina,Manual,115.0,coches.net,utilitario
FORD,B-MAX,8490.0,2015.0,63818.0,Gasolina,Manual,125.0,coches.net,berlina
BMW,SERIE 3,12990.0,2008.0,169000.0,Diésel,Manual,177.0,coches.net,berlina
HYUNDAI,I20,18161.0,2025.0,18092.0,Gasolina,Manual,100.0,coches.net,berlina
KIA,STONIC,15490.0,2022.0,37800.0,Gasolina,Manual,84.0,coches.net,utilitario
NISSAN,QASHQAI,11490.0,2015.0,115000.0,Gasolina,Manual,115.0,coches.net,berlina
LYNK & CO,01,20750.0,2022.0,80345.0,Híbrido enchufable,Automatico,261.0,coches.net,utilitario
NISSAN,QASHQAI,15800.0,2020.0,171000.0,Diésel,Manual,115.0,coches.net,berlina
DS,DS 3,24880.0,2023.0,34610.0,Eléctrico,Automatico,156.0,coches.net,utilitario
VOLKSWAGEN,GOLF,39900.0,2025.0,22400.0,Gasolina,Automatico,265.0,coches.net,berlina
MINI,MINI,10990.0,2014.0,135626.0,Gasolina,Manual,120.0,coches.net,berlina
MINI,MINI,10990.0,2014.0,135626.0,Gasolina,Manual,120.0,coches.net,berlina
MERCEDES-BENZ,CLASE SLC,28490.0,2018.0,91500.0,Gasolina,Automatico,184.0,coches.net,berlina
VOLKSWAGEN,ARTEON,17990.0,2018.0,235000.0,Diésel,Automatico,150.0,coches.net,berlina
CITROEN,C5,12990.0,2017.0,149000.0,Diésel,Automatico,180.0,coches.net,berlina
PEUGEOT,408,27970.0,2023.0,17201.0,Gasolina,Automatico,130.0,coches.net,berlina
VOLKSWAGEN,T-CROSS,22850.0,2023.0,30000.0,Gasolina,Automatico,116.0,coches.net,utilitario
SKODA,KODIAQ,23990.0,2022.0,91830.0,Diésel,Automatico,150.0,coches.net,utilitario
OPEL,MOKKA,14990.0,2022.0,48473.0,Gasolina,Manual,130.0,coches.net,utilitario
OPEL,GRANDLAND X,13490.0,2021.0,123452.0,Gasolina,Automatico,130.0,coches.net,utilitario
FORD,FIESTA,13900.0,2019.0,47610.0,Gasolina,Manual,85.0,coches.net,berlina
FORD,FIESTA,12900.0,2019.0,40087.0,Gasolina,Manual,75.0,coches.net,berlina
FIAT,500,10290.0,2022.0,40738.0,Híbrido,Manual,70.0,coches.net,berlina
SEAT,ATECA,34490.0,2026.0,500.0,Gasolina,Automatico,150.0,coches.net,utilitario
TOYOTA,RAV4,12600.0,2012.0,229500.0,Diésel,Automatico,150.0,coches.net,utilitario
MERCEDES-BENZ,CLASE C,7990.0,2006.0,160000.0,Diésel,Manual,122.0,coches.net,berlina
JEEP,COMPASS,29900.0,2025.0,453.0,Híbrido,Automatico,130.0,coches.net,utilitario
VOLVO,XC40,33900.0,2025.0,17000.0,Híbrido,Automatico,163.0,coches.net,utilitario
VOLKSWAGEN,T-ROC,18590.0,2018.0,97000.0,Gasolina,Manual,150.0,coches.net,utilitario
BMW,X2,23500.0,2021.0,52000.0,Diésel,Automatico,150.0,coches.net,utilitario
RENAULT,CAPTUR,21199.0,2024.0,9493.0,Híbrido,Automatico,145.0,coches.net,utilitario
PEUGEOT,2008,13485.0,2019.0,59000.0,Gasolina,Manual,130.0,coches.net,utilitario
VOLKSWAGEN,POLO,21700.0,2023.0,15723.0,Gasolina,Automatico,110.0,coches.net,berlina
RENAULT,CAPTUR,17900.0,2021.0,52292.0,Gasolina,Automatico,140.0,coches.net,utilitario
NISSAN,MICRA,4499.0,2007.0,191000.0,Gasolina,Manual,88.0,coches.net,berlina
PEUGEOT,308,4999.0,2009.0,170000.0,Gasolina,Manual,150.0,coches.net,berlina
PEUGEOT,E-208,16900.0,2022.0,30130.0,Eléctrico,Automatico,136.0,coches.net,berlina
SEAT,IBIZA,19300.0,2025.0,12000.0,Gasolina,Manual,115.0,coches.net,berlina
MERCEDES-BENZ,CLASE A,31000.0,2021.0,16900.0,Diésel,Automatico,150.0,coches.net,berlina
PEUGEOT,3008,22490.0,2023.0,53955.0,Diésel,Automatico,130.0,coches.net,utilitario
AUDI,A3,42100.0,2025.0,12600.0,Híbrido enchufable,Automatico,204.0,coches.net,berlina
AUDI,Q5,15790.0,2015.0,203600.0,Diésel,Manual,150.0,coches.net,utilitario
FORD,RANGER,59990.0,2024.0,23000.0,Diésel,Automatico,210.0,coches.net,pick up
PEUGEOT,508,11990.0,2019.0,158927.0,Diésel,Manual,130.0,coches.net,berlina
CUPRA,LEÓN,28740.0,2025.0,13154.0,Híbrido,Automatico,150.0,coches.net,berlina
HYUNDAI,I20,15990.0,2022.0,44000.0,Híbrido,Manual,100.0,coches.net,berlina
TOYOTA,COROLLA,19590.0,2020.0,35428.0,Híbrido,Automatico,122.0,coches.net,berlina
BMW,SERIE 3,11490.0,2016.0,270000.0,Diésel,Automatico,190.0,coches.net,berlina
BMW,SERIE 1,12290.0,2016.0,139193.0,Diésel,Manual,116.0,coches.net,berlina
BMW,X1,26990.0,2022.0,62210.0,Diésel,Automatico,150.0,coches.net,utilitario
AUDI,A3,29000.0,2024.0,23.0,Diésel,Manual,116.0,coches.net,berlina
VOLKSWAGEN,PASSAT,17999.0,2020.0,119000.0,Diésel,Automatico,122.0,coches.net,berlina
JEEP,COMPASS,11900.0,2017.0,183286.0,Diésel,Automatico,140.0,coches.net,utilitario
VOLVO,XC40,24900.0,2021.0,63000.0,Híbrido enchufable,Automatico,262.0,coches.net,utilitario
AUDI,A4,16500.0,2015.0,178110.0,Diésel,Manual,150.0,coches.net,berlina
CITROEN,C-ELYSÉE,9900.0,2018.0,39000.0,Gasolina,Manual,82.0,coches.net,berlina
PEUGEOT,E-208,22900.0,2023.0,11000.0,Eléctrico,Automatico,136.0,coches.net,berlina
MINI,MINI,10990.0,2017.0,263000.0,Diésel,Manual,116.0,coches.net,berlina
MAZDA,CX-60,37990.0,2023.0,43402.0,Híbrido enchufable,Automatico,327.0,coches.net,utilitario
FIAT,500C,10990.0,2021.0,94019.0,Híbrido,Manual,70.0,coches.net,berlina
VOLVO,XC40,19999.0,2020.0,187000.0,Diésel,Automatico,150.0,coches.net,utilitario
SKODA,KAROQ,17490.0,2021.0,120183.0,Diésel,Automatico,150.0,coches.net,utilitario
SKODA,KAROQ,19890.0,2021.0,79507.0,Diésel,Automatico,150.0,coches.net,utilitario
TOYOTA,C-HR,38950.0,2025.0,8822.0,Híbrido enchufable,Automatico,223.0,coches.net,utilitario
KIA,STONIC,17990.0,2024.0,16699.0,Gasolina,Manual,84.0,coches.net,utilitario
MINI,MINI,4490.0,2007.0,224000.0,Gasolina,Manual,95.0,coches.net,berlina
LEXUS,UX,24990.0,2019.0,75129.0,Híbrido,Automatico,184.0,coches.net,utilitario
RENAULT,CAPTUR,26200.0,2024.0,14338.0,Híbrido,Automatico,145.0,coches.net,utilitario
KIA,STONIC,15900.0,2021.0,38800.0,Híbrido,Manual,100.0,coches.net,utilitario
RENAULT,CLIO,11750.0,2020.0,111999.0,Gasolina,Manual,100.0,coches.net,berlina
BMW,SERIE 1,12999.0,2016.0,140000.0,Diésel,Manual,116.0,coches.net,berlina
TOYOTA,COROLLA,30499.0,2025.0,11031.0,Híbrido,Automatico,196.0,coches.net,berlina
KIA,SPORTAGE,39990.0,2023.0,16546.0,Híbrido enchufable,Automatico,265.0,coches.net,utilitario
RENAULT,TRAFIC,15499.0,2020.0,260000.0,Diésel,Manual,120.0,coches.net,utilitario
MG,EHS,18490.0,2022.0,55975.0,Híbrido enchufable,Automatico,258.0,coches.net,utilitario
SEAT,IBIZA,13490.0,2022.0,115580.0,Gasolina,Manual,110.0,coches.net,berlina
JEEP,RENEGADE,13399.0,2017.0,83543.0,Diésel,Manual,120.0,coches.net,utilitario
SEAT,ARONA,18900.0,2025.0,14025.0,Gasolina,Manual,115.0,coches.net,utilitario
BMW,SERIE 4,29900.0,2022.0,133000.0,Híbrido,Automatico,190.0,coches.net,berlina
CITROEN,BERLINGO,11999.0,2016.0,170691.0,Diésel,Manual,100.0,coches.net,utilitario
TOYOTA,C-HR,17990.0,2019.0,112000.0,Híbrido,Automatico,122.0,coches.net,berlina
BMW,SERIE 3,24900.0,2021.0,34000.0,Diésel,Automatico,150.0,coches.net,berlina
CITROEN,C3,11950.0,2023.0,68561.0,Gasolina,Manual,110.0,coches.net,berlina
SEAT,IBIZA,11090.0,2017.0,76765.0,Gasolina,Manual,95.0,coches.net,berlina
VOLVO,XC60,43500.0,2025.0,16749.0,Híbrido,Automatico,250.0,coches.net,utilitario
BMW,SERIE 1,32399.0,2022.0,85000.0,Diésel,Automatico,190.0,coches.net,berlina
BMW,SERIE 6,12900.0,2017.0,295000.0,Diésel,Automatico,313.0,coches.net,berlina
HYUNDAI,I20,8990.0,2015.0,119000.0,Gasolina,Manual,84.0,coches.net,berlina
AUDI,Q5,54150.0,2024.0,33060.0,Híbrido,Automatico,204.0,coches.net,utilitario
DACIA,SANDERO,16499.0,2024.0,19862.0,Gasolina,Manual,110.0,coches.net,berlina
HYUNDAI,IONIQ,16490.0,2018.0,46248.0,Híbrido enchufable,Automatico,141.0,coches.net,berlina
BMW,X2,25990.0,2022.0,65911.0,Híbrido enchufable,Automatico,220.0,coches.net,utilitario
OPEL,INSIGNIA,15900.0,2021.0,44000.0,Diésel,Manual,122.0,coches.net,berlina
BMW,X6,17900.0,2008.0,266000.0,Diésel,Automatico,286.0,coches.net,utilitario
LAND-ROVER,RANGE ROVER SPORT,23990.0,2017.0,135000.0,Diésel,Automatico,258.0,coches.net,utilitario
PEUGEOT,5008,22990.0,2020.0,101892.0,Diésel,Automatico,180.0,coches.net,utilitario
SEAT,LEÓN,7490.0,2013.0,201994.0,Diésel,Manual,105.0,coches.net,berlina
PORSCHE,MACAN,24990.0,2015.0,270000.0,Diésel,Automatico,258.0,coches.net,utilitario
NISSAN,JUKE,21500.0,2023.0,26800.0,Gasolina,Manual,114.0,coches.net,utilitario
MERCEDES-BENZ,GLA,29990.0,2022.0,71278.0,Híbrido enchufable,Automatico,218.0,coches.net,utilitario
AUDI,A3,9990.0,2010.0,186608.0,Diésel,Manual,140.0,coches.net,berlina
DACIA,DUSTER,15990.0,2021.0,36500.0,Gasolina,Manual,90.0,coches.net,utilitario
PEUGEOT,308,17498.0,2023.0,19429.0,Gasolina,Automatico,130.0,coches.net,berlina
AUDI,A6,16499.0,2015.0,109650.0,Diésel,Automatico,190.0,coches.net,berlina
VOLKSWAGEN,GOLF,25300.0,2022.0,90000.0,Diésel,Automatico,150.0,coches.net,berlina
MERCEDES-BENZ,CLA,30990.0,2021.0,55000.0,Gasolina,Automatico,136.0,coches.net,berlina
MERCEDES-BENZ,CLA,30990.0,2020.0,55000.0,Gasolina,Automatico,136.0,coches.net,berlina
MERCEDES-BENZ,CLASE C,17290.0,2014.0,121528.0,Diésel,Manual,170.0,coches.net,berlina
AUDI,Q5,30990.0,2018.0,120000.0,Diésel,Automatico,190.0,coches.net,utilitario
SEAT,ARONA,18490.0,2024.0,18602.0,Gasolina,Manual,115.0,coches.net,utilitario
MERCEDES-BENZ,CLASE C,12990.0,2011.0,230000.0,Diésel,Manual,170.0,coches.net,berlina
HONDA,CR-V,29990.0,2023.0,53050.0,Híbrido,Automatico,184.0,coches.net,utilitario
KIA,PICANTO,16980.0,2026.0,9.0,Gasolina,Manual,68.0,coches.net,berlina
CITROEN,C4 PICASSO,9500.0,2015.0,102157.0,Gasolina,Manual,130.0,coches.net,utilitario
NISSAN,X-TRAIL,22990.0,2020.0,81849.0,Gasolina,Automatico,160.0,coches.net,utilitario
FIAT,PANDA,10500.0,2019.0,42000.0,Gasolina,Manual,69.0,coches.net,berlina
TOYOTA,COROLLA,25490.0,2023.0,75113.0,Híbrido,Automatico,140.0,coches.net,berlina
MERCEDES-BENZ,CLASE GLC,35850.0,2020.0,70715.0,Híbrido,Automatico,197.0,coches.net,utilitario
AUDI,Q2,23990.0,2023.0,79000.0,Diésel,Automatico,116.0,coches.net,utilitario
HYUNDAI,I20 ACTIVE,11990.0,2021.0,123617.0,Gasolina,Manual,100.0,coches.net,berlina
MERCEDES-BENZ,CLASE CLK,10980.0,2007.0,207000.0,Gasolina,Automatico,272.0,coches.net,berlina
KIA,STONIC,18990.0,2022.0,62887.0,Híbrido,Manual,100.0,coches.net,utilitario
FORD,PUMA,18200.0,2023.0,61558.0,Híbrido,Manual,125.0,coches.net,utilitario
LEXUS,LBX,33990.0,2025.0,5123.0,Híbrido,Automatico,136.0,coches.net,utilitario
MAZDA,CX-60,37990.0,2023.0,43402.0,Híbrido enchufable,Automatico,327.0,coches.net,utilitario
SEAT,LEÓN,24990.0,2024.0,11641.0,Híbrido,Automatico,150.0,coches.net,berlina
MERCEDES-BENZ,CLASE C,48900.0,2025.0,25927.0,Híbrido,Automatico,197.0,coches.net,berlina
SEAT,IBIZA,13999.0,2019.0,65626.0,Diésel,Manual,80.0,coches.net,berlina
OPEL,CORSA,18900.0,2025.0,8000.0,Híbrido,Automatico,110.0,coches.net,berlina
RENAULT,CLIO,19400.0,2024.0,12.0,Diésel,Manual,100.0,coches.net,berlina
MG,HS,26790.0,2026.0,2500.0,Gasolina,Manual,162.0,coches.net,utilitario
MERCEDES-BENZ,CLASE GLC,36990.0,2020.0,110000.0,Híbrido enchufable,Automatico,320.0,coches.net,utilitario
MERCEDES-BENZ,CLASE GLC,39500.0,2020.0,113766.0,Híbrido enchufable,Automatico,306.0,coches.net,utilitario
BMW,X6,66900.0,2022.0,109049.0,Híbrido,Automatico,340.0,coches.net,utilitario
NISSAN,QASHQAI,19800.0,2021.0,88000.0,Híbrido,Manual,140.0,coches.net,utilitario
SEAT,LEÓN,21500.0,2025.0,26461.0,Híbrido,Automatico,116.0,coches.net,berlina
BMW,X1,23900.0,2019.0,39219.0,Diésel,Automatico,150.0,coches.net,utilitario
AUDI,A3,14900.0,2012.0,68006.0,Diésel,Automatico,140.0,coches.net,berlina
VOLKSWAGEN,GRAND CALIFORNIA,67900.0,2023.0,69000.0,Diésel,Automatico,177.0,coches.net,utilitario
SEAT,IBIZA,17150.0,2025.0,34448.0,Gasolina,Manual,95.0,coches.net,berlina
CUPRA,FORMENTOR,29990.0,2024.0,18000.0,Híbrido,Automatico,150.0,coches.net,utilitario
CUPRA,FORMENTOR,30490.0,2024.0,32000.0,Híbrido enchufable,Automatico,204.0,coches.net,utilitario
NISSAN,JUKE,24676.0,2025.0,13000.0,Híbrido,Automatico,143.0,coches.net,utilitario
MERCEDES-BENZ,CLASE C,25490.0,2020.0,98453.0,Híbrido enchufable,Automatico,320.0,coches.net,berlina
RENAULT,ESPACE,14990.0,2016.0,170000.0,Diésel,Automatico,160.0,coches.net,utilitario
PORSCHE,MACAN,39900.0,2017.0,109000.0,Diésel,Automatico,258.0,coches.net,utilitario
PEUGEOT,208,10999.0,2020.0,45953.0,Gasolina,Manual,75.0,coches.net,berlina
OPEL,ADAM,7900.0,2016.0,56000.0,Gasolina,Manual,100.0,coches.net,berlina
LEXUS,NX,32500.0,2021.0,99247.0,Híbrido,Automatico,197.0,coches.net,utilitario
TOYOTA,YARIS CROSS,26400.0,2023.0,19298.0,Híbrido,Automatico,116.0,coches.net,utilitario
SKODA,OCTAVIA,16990.0,2021.0,123728.0,Híbrido,Automatico,110.0,coches.net,berlina
HYUNDAI,I30,18790.0,2024.0,24791.0,Gasolina,Manual,120.0,coches.net,berlina
AUDI,Q3,20990.0,2016.0,73967.0,Gasolina,Manual,150.0,coches.net,utilitario
CITROEN,C5 AIRCROSS,19990.0,2024.0,31913.0,Gasolina,Manual,131.0,coches.net,utilitario
TOYOTA,C-HR,34400.0,2024.0,13487.0,Híbrido enchufable,Automatico,223.0,coches.net,utilitario
KIA,XCEED,21610.0,2024.0,50532.0,Híbrido,Manual,136.0,coches.net,utilitario
LAND-ROVER,RANGE ROVER SPORT,35990.0,2015.0,139670.0,Gasolina,Automatico,510.0,coches.net,utilitario
MAZDA,CX-30,24390.0,2024.0,21627.0,Híbrido,Manual,140.0,coches.net,utilitario
BMW,IX1,38900.0,2024.0,20000.0,Eléctrico,Automatico,313.0,coches.net,utilitario
CUPRA,TERRAMAR,44490.0,2025.0,6600.0,Híbrido enchufable,Automatico,272.0,coches.net,utilitario
LAND-ROVER,RANGE ROVER SPORT,21999.0,2015.0,200000.0,Diésel,Automatico,339.0,coches.net,utilitario
CITROEN,C3 AIRCROSS,9099.0,2021.0,119076.0,Gasolina,Manual,110.0,coches.net,utilitario
SMART,FORFOUR,11950.0,2020.0,24608.0,Eléctrico,Automatico,82.0,coches.net,berlina
TOYOTA,YARIS,16300.0,2020.0,45618.0,Híbrido,Automatico,100.0,coches.net,berlina
HYUNDAI,I30,18690.0,2024.0,53216.0,Híbrido,Manual,120.0,coches.net,berlina
LEXUS,NX,46250.0,2022.0,49246.0,Híbrido,Automatico,242.0,coches.net,utilitario
MERCEDES-BENZ,GLC COUPÉ,68990.0,2025.0,14273.0,Híbrido,Automatico,269.0,coches.net,utilitario
KIA,CEED,13990.0,2021.0,80160.0,Gasolina,Manual,120.0,coches.net,berlina
MERCEDES-BENZ,CLASE V,94900.0,2025.0,13000.0,Diésel,Automatico,237.0,coches.net,utilitario
VOLKSWAGEN,MULTIVAN,58900.0,2023.0,29000.0,Diésel,Automatico,150.0,coches.net,utilitario
AUDI,Q3 SPORTBACK,31999.0,2021.0,81000.0,Diésel,Automatico,150.0,coches.net,utilitario
OPEL,COMBO LIFE,14900.0,2019.0,106000.0,Diésel,Manual,131.0,coches.net,utilitario
MITSUBISHI,OUTLANDER,8500.0,2007.0,170000.0,Diésel,Manual,140.0,coches.net,utilitario
AUDI,A3,39990.0,2025.0,14183.0,Híbrido enchufable,Automatico,204.0,coches.net,berlina
MERCEDES-BENZ,CLASE V,48970.0,2022.0,98101.0,Diésel,Automatico,163.0,coches.net,utilitario
KIA,CEED,18985.0,2024.0,19998.0,Gasolina,Manual,100.0,coches.net,berlina
KIA,CEED,18985.0,2024.0,19998.0,Gasolina,Manual,100.0,coches.net,berlina
SKODA,KAROQ,21490.0,2021.0,66834.0,Diésel,Automatico,150.0,coches.net,utilitario
SKODA,SCALA,15500.0,2022.0,74228.0,Gasolina,Manual,110.0,coches.net,berlina
FIAT,500,12900.0,2022.0,59999.0,Híbrido,Manual,70.0,coches.net,berlina
FORD,FOCUS,24990.0,2024.0,27213.0,Gasolina,Manual,125.0,coches.net,berlina
MERCEDES-BENZ,EQE SUV,61990.0,2025.0,31143.0,Eléctrico,Automatico,292.0,coches.net,utilitario
MERCEDES-BENZ,EQE SUV,62990.0,2025.0,22538.0,Eléctrico,Automatico,292.0,coches.net,utilitario
TOYOTA,YARIS,15990.0,2020.0,78379.0,Híbrido,Automatico,116.0,coches.net,berlina
VOLKSWAGEN,T-ROC,24900.0,2022.0,87514.0,Diésel,Automatico,150.0,coches.net,utilitario
SEAT,IBIZA,5999.0,2010.0,156000.0,Diésel,Manual,80.0,coches.net,berlina
VOLKSWAGEN,ARTEON,31790.0,2021.0,91477.0,Diésel,Automatico,200.0,coches.net,berlina
FORD,S-MAX,9450.0,2011.0,149000.0,Diésel,Manual,140.0,coches.net,utilitario
RENAULT,KADJAR,13399.0,2016.0,78977.0,Diésel,Manual,110.0,coches.net,berlina
VOLVO,V40,10399.0,2015.0,141009.0,Diésel,Manual,115.0,coches.net,berlina
OPEL,ADAM,7599.0,2015.0,92619.0,Gasolina,Manual,87.0,coches.net,berlina
KIA,SPORTAGE,21900.0,2021.0,53394.0,Gasolina,Manual,132.0,coches.net,utilitario
MAZDA,MAZDA3,34690.0,2025.0,4475.0,Híbrido,Automatico,186.0,coches.net,berlina
OPEL,CORSA,11600.0,2023.0,72577.0,Gasolina,Manual,100.0,coches.net,berlina
SEAT,IBIZA,16990.0,2025.0,16000.0,Gasolina,Manual,115.0,coches.net,berlina
OPEL,CORSA,13500.0,2024.0,37831.0,Gasolina,Manual,100.0,coches.net,berlina
JAGUAR,E-PACE,22890.0,2021.0,75372.0,Híbrido,Automatico,163.0,coches.net,utilitario
LEAPMOTOR,T03,16990.0,2025.0,9626.0,Eléctrico,Automatico,95.0,coches.net,berlina
AUDI,A3,12990.0,2014.0,116662.0,Diésel,Manual,105.0,coches.net,berlina
MERCEDES-BENZ,CLASE C,54900.0,2024.0,56181.0,Híbrido enchufable,Automatico,313.0,coches.net,berlina
SEAT,IBIZA,18880.0,2025.0,8900.0,Gasolina,Manual,115.0,coches.net,berlina
FORD,FOCUS,9599.0,2017.0,98150.0,Gasolina,Automatico,125.0,coches.net,berlina
SEAT,IBIZA,18890.0,2025.0,8599.0,Gasolina,Manual,115.0,coches.net,berlina
OPEL,ASTRA,11540.0,2021.0,101129.0,Gasolina,Manual,130.0,coches.net,berlina
DACIA,SANDERO,16850.0,2025.0,13829.0,Gas,Manual,101.0,coches.net,berlina
VOLKSWAGEN,GOLF,22900.0,2022.0,72248.0,Diésel,Manual,115.0,coches.net,berlina
AUDI,Q5,28500.0,2020.0,86306.0,Diésel,Automatico,163.0,coches.net,utilitario
VOLKSWAGEN,CARAVELLE,43900.0,2025.0,18.0,Diésel,Automatico,150.0,coches.net,utilitario
PEUGEOT,308,8697.0,2018.0,225000.0,Diésel,Manual,100.0,coches.net,berlina
JEEP,RENEGADE,18200.0,2021.0,54990.0,Gasolina,Automatico,150.0,coches.net,utilitario
TOYOTA,C-HR,21990.0,2019.0,82950.0,Híbrido,Automatico,122.0,coches.net,berlina
BMW,SERIE 1,18900.0,2020.0,78266.0,Gasolina,Manual,140.0,coches.net,berlina
KIA,SORENTO,37490.0,2023.0,93000.0,Híbrido,Automatico,230.0,coches.net,utilitario
VOLKSWAGEN,POLO,5500.0,2013.0,282000.0,Diésel,Manual,90.0,coches.net,berlina
VOLKSWAGEN,TIGUAN,29490.0,2023.0,42281.0,Gasolina,Manual,150.0,coches.net,utilitario
OPEL,CROSSLAND X,11890.0,2017.0,133000.0,Diésel,Manual,120.0,coches.net,utilitario
CITROEN,GRAND C4 PICASSO,10999.0,2016.0,80121.0,Diésel,Manual,120.0,coches.net,utilitario
AUDI,Q8,57890.0,2021.0,95332.0,Híbrido enchufable,Automatico,381.0,coches.net,utilitario
PEUGEOT,308,8700.0,2020.0,180000.0,Diésel,Manual,100.0,coches.net,berlina
KIA,NIRO,21399.0,2023.0,81791.0,Híbrido enchufable,Automatico,183.0,coches.net,berlina
VOLVO,XC60,35199.0,2022.0,115309.0,Híbrido enchufable,Automatico,350.0,coches.net,utilitario
MERCEDES-BENZ,CLASE GLC,36799.0,2020.0,49745.0,Híbrido enchufable,Automatico,306.0,coches.net,utilitario
RENAULT,GRAND SCÉNIC,3600.0,2007.0,230000.0,Diésel,Manual,130.0,coches.net,utilitario
PORSCHE,911,218900.0,2024.0,5000.0,Gasolina,Automatico,510.0,coches.net,berlina
AUDI,Q2,29900.0,2022.0,58900.0,Diésel,Automatico,150.0,coches.net,utilitario
ALFA ROMEO,MITO,6500.0,2014.0,152000.0,Diésel,Manual,85.0,coches.net,berlina
AUDI,A3,27990.0,2023.0,82010.0,Diésel,Automatico,150.0,coches.net,berlina
VOLKSWAGEN,GOLF,6800.0,2009.0,232389.0,Diésel,Manual,105.0,coches.net,berlina
SMART,FORFOUR,11985.0,2019.0,26187.0,Eléctrico,Automatico,82.0,coches.net,berlina
FORD,PUMA,26900.0,2025.0,1240.0,Híbrido,Manual,125.0,coches.net,utilitario
BMW,X4,23900.0,2015.0,155000.0,Diésel,Automatico,190.0,coches.net,utilitario
MERCEDES-BENZ,GLC COUPÉ,45990.0,2020.0,73888.0,Híbrido,Automatico,197.0,coches.net,utilitario
RENAULT,MÉGANE,10599.0,2021.0,153421.0,Diésel,Manual,115.0,coches.net,berlina
FERRARI,F8,459000.0,2023.0,8867.0,Gasolina,Automatico,,coches.net,berlina
FERRARI,F8,419900.0,2021.0,4340.0,Gasolina,Automatico,,coches.net,berlina
HYUNDAI,BAYON,16900.0,2023.0,18300.0,Gasolina,Manual,84.0,coches.net,utilitario
LAND-ROVER,RANGE ROVER EVOQUE,30990.0,2021.0,33000.0,Híbrido enchufable,Automatico,309.0,coches.net,utilitario
MERCEDES-BENZ,CLASE A,13990.0,2017.0,109000.0,Gasolina,Manual,122.0,coches.net,berlina
AUDI,A6,34900.0,2016.0,180000.0,Diésel,Automatico,326.0,coches.net,berlina
PEUGEOT,308,8999.0,2019.0,166829.0,Diésel,Manual,100.0,coches.net,berlina
VOLKSWAGEN,POLO,18850.0,2023.0,66426.0,Gasolina,Manual,95.0,coches.net,berlina
AUDI,TT,24990.0,2016.0,144800.0,Gasolina,Manual,230.0,coches.net,berlina
SEAT,ARONA,22210.0,2024.0,6194.0,Gasolina,Automatico,115.0,coches.net,utilitario
AUDI,Q5 SPORTBACK,35290.0,2022.0,93961.0,Híbrido,Automatico,204.0,coches.net,utilitario
VOLKSWAGEN,GOLF,39900.0,2025.0,15000.0,Diésel,Automatico,150.0,coches.net,berlina
PEUGEOT,2008,10200.0,2021.0,167000.0,Diésel,Manual,110.0,coches.net,utilitario
SMART,FORTWO,17490.0,2023.0,26175.0,Eléctrico,Automatico,82.0,coches.net,berlina
DACIA,SANDERO,13500.0,2022.0,50000.0,Gasolina,Manual,91.0,coches.net,berlina
VOLKSWAGEN,TIGUAN,37850.0,2025.0,12913.0,Híbrido,Automatico,130.0,coches.net,utilitario
LEXUS,UX,26900.0,2021.0,65500.0,Eléctrico,Automatico,204.0,coches.net,utilitario
AUDI,A4,27250.0,2021.0,68500.0,Híbrido,Automatico,136.0,coches.net,berlina
SSANGYONG,TIVOLI,9990.0,2017.0,155000.0,Diésel,Manual,115.0,coches.net,utilitario
SEAT,TOLEDO,7900.0,2013.0,167000.0,Diésel,Manual,105.0,coches.net,berlina
FORD,FOCUS,2990.0,2006.0,229000.0,Diésel,Manual,115.0,coches.net,berlina
BMW,SERIE 4,27899.0,2018.0,101253.0,Gasolina,Automatico,252.0,coches.net,berlina
NISSAN,QASHQAI,22985.0,2023.0,29999.0,Híbrido,Manual,140.0,coches.net,utilitario
MITSUBISHI,COLT,19900.0,2024.0,1956.0,Híbrido,Automatico,143.0,coches.net,berlina
SEAT,IBIZA,12500.0,2018.0,23180.0,Gasolina,Manual,80.0,coches.net,berlina
HYUNDAI,TUCSON,25390.0,2025.0,14842.0,Gasolina,Manual,150.0,coches.net,utilitario
AUDI,A3,43990.0,2021.0,75000.0,Gasolina,Automatico,310.0,coches.net,berlina
MERCEDES-BENZ,GLC,33490.0,2022.0,104765.0,Híbrido enchufable,Automatico,333.0,coches.net,utilitario
CITROEN,C4 SPACETOURER,9900.0,2019.0,115661.0,Gasolina,Manual,130.0,coches.net,utilitario
OPEL,MOKKA,17190.0,2023.0,34555.0,Gasolina,Automatico,130.0,coches.net,utilitario
FERRARI,488,249000.0,2016.0,24000.0,Gasolina,Automatico,670.0,coches.net,berlina
DACIA,LOGAN,6999.0,2016.0,134000.0,Gasolina,Manual,90.0,coches.net,berlina
DACIA,SANDERO,6500.0,2017.0,149000.0,Gasolina,Manual,73.0,coches.net,berlina
VOLKSWAGEN,TIGUAN,22850.0,2021.0,98251.0,Gasolina,Automatico,150.0,coches.net,utilitario
FIAT,500,11599.0,2021.0,45547.0,Híbrido,Manual,70.0,coches.net,berlina
OPEL,ASTRA,11490.0,2021.0,105707.0,Gasolina,Manual,130.0,coches.net,berlina
OPEL,ASTRA,13510.0,2021.0,47012.0,Gasolina,Manual,110.0,coches.net,berlina
AUDI,Q5 SPORTBACK,37000.0,2022.0,120462.0,Híbrido,Automatico,204.0,coches.net,utilitario
AUDI,Q5 SPORTBACK,39500.0,2022.0,17237.0,Híbrido,Automatico,163.0,coches.net,utilitario
BMW,X2,24790.0,2020.0,52745.0,Gasolina,Manual,140.0,coches.net,utilitario
TOYOTA,COROLLA,22500.0,2022.0,119714.0,Híbrido,Automatico,180.0,coches.net,berlina
PEUGEOT,2008,17700.0,2023.0,80484.0,Gasolina,Automatico,130.0,coches.net,utilitario
CUPRA,FORMENTOR,36990.0,2024.0,24283.0,Híbrido enchufable,Automatico,245.0,coches.net,utilitario
RENAULT,CLIO,10290.0,2018.0,93383.0,Gas,Manual,90.0,coches.net,berlina
RENAULT,CLIO,10290.0,2018.0,93383.0,Gas,Manual,90.0,coches.net,berlina
CITROEN,C4,3999.0,2007.0,175000.0,Diésel,Manual,110.0,coches.net,berlina
PEUGEOT,5008,15499.0,2019.0,149000.0,Diésel,Manual,130.0,coches.net,utilitario
AUDI,A1,25850.0,2025.0,20876.0,Gasolina,Manual,116.0,coches.net,berlina
MERCEDES-BENZ,CLASE GL,12900.0,2008.0,390000.0,Diésel,Automatico,224.0,coches.net,utilitario
FORD,FOCUS,16999.0,2023.0,64024.0,Híbrido,Manual,125.0,coches.net,berlina
NISSAN,JUKE,18550.0,2023.0,51396.0,Gasolina,Manual,114.0,coches.net,utilitario
RENAULT,SCENIC,9300.0,2016.0,244000.0,Diésel,Automatico,110.0,coches.net,utilitario
CITROEN,C4 SPACETOURER,15900.0,2020.0,70000.0,Diésel,Manual,130.0,coches.net,utilitario
LEXUS,GS450H,11990.0,2007.0,223000.0,Eléctrico,Automatico,345.0,coches.net,berlina
MAZDA,CX-30,23990.0,2022.0,69862.0,Híbrido,Manual,150.0,coches.net,utilitario
RENAULT,CAPTUR,18990.0,2023.0,40500.0,Híbrido,Automatico,145.0,coches.net,utilitario
NISSAN,JUKE,25990.0,2025.0,8349.0,Híbrido,Automatico,143.0,coches.net,utilitario
MAZDA,MAZDA2,15850.0,2023.0,78000.0,Híbrido,Automatico,116.0,coches.net,berlina
RENAULT,CLIO,19400.0,2024.0,10.0,Diésel,Manual,100.0,coches.net,berlina
SEAT,LEÓN,16990.0,2021.0,78033.0,Diésel,Manual,115.0,coches.net,berlina
BMW,XM,119900.0,2024.0,27000.0,Híbrido enchufable,Automatico,653.0,coches.net,utilitario
HYUNDAI,TUCSON,24990.0,2025.0,15761.0,Gasolina,Manual,160.0,coches.net,utilitario
HYUNDAI,TUCSON,24990.0,2025.0,19885.0,Gasolina,Manual,160.0,coches.net,utilitario
PORSCHE,PANAMERA,59990.0,2016.0,140000.0,Diésel,Automatico,422.0,coches.net,berlina
MINI,COUNTRYMAN,8950.0,2010.0,140000.0,Diésel,Manual,112.0,coches.net,berlina
CITROEN,C5 X,21900.0,2023.0,5500.0,Gasolina,Automatico,130.0,coches.net,berlina
KIA,STONIC,15000.0,2023.0,24906.0,Híbrido,Manual,100.0,coches.net,utilitario
HYUNDAI,KONA,18500.0,2020.0,37135.0,Eléctrico,Automatico,204.0,coches.net,utilitario
FORD,PUMA,18100.0,2021.0,40664.0,Híbrido,Manual,125.0,coches.net,utilitario
MERCEDES-BENZ,GLA,45900.0,2025.0,21140.0,Híbrido enchufable,Automatico,218.0,coches.net,utilitario
LAND-ROVER,RANGE ROVER VELAR,71900.0,2025.0,4956.0,Híbrido enchufable,Automatico,404.0,coches.net,utilitario
MERCEDES-BENZ,GLA,43500.0,2025.0,19348.0,Híbrido,Automatico,163.0,coches.net,utilitario
HYUNDAI,I20,20500.0,2025.0,9876.0,Híbrido,Automatico,100.0,coches.net,berlina
RENAULT,CAPTUR,13499.0,2021.0,113580.0,Diésel,Manual,115.0,coches.net,utilitario
AUDI,A3,22900.0,2020.0,93000.0,Diésel,Manual,116.0,coches.net,berlina
SKODA,KAMIQ,21490.0,2023.0,83720.0,Gasolina,Automatico,150.0,coches.net,utilitario
VOLKSWAGEN,POLO,13990.0,2021.0,90903.0,Gasolina,Manual,95.0,coches.net,berlina
MERCEDES-BENZ,CLASE B,26990.0,2019.0,56000.0,Gasolina,Automatico,163.0,coches.net,utilitario
KIA,CARNIVAL,3990.0,2007.0,199000.0,Diésel,Manual,185.0,coches.net,utilitario
NISSAN,JUKE,17990.0,2023.0,45613.0,Gasolina,Manual,114.0,coches.net,utilitario
BMW,SERIE 1,37900.0,2022.0,62784.0,Gasolina,Automatico,265.0,coches.net,berlina
NISSAN,QASHQAI,27900.0,2025.0,11290.0,Híbrido,Manual,140.0,coches.net,utilitario
CITROEN,C3,12900.0,2021.0,33000.0,Gasolina,Manual,110.0,coches.net,berlina
HYUNDAI,I30,8499.0,2015.0,180000.0,Diésel,Manual,90.0,coches.net,berlina
TOYOTA,YARIS,21690.0,2022.0,35379.0,Híbrido,Automatico,116.0,coches.net,berlina
NISSAN,QASHQAI,24290.0,2022.0,62765.0,Híbrido,Manual,140.0,coches.net,utilitario
PEUGEOT,3008,22490.0,2022.0,97831.0,Diésel,Automatico,130.0,coches.net,utilitario
HYUNDAI,I20,12990.0,2020.0,34564.0,Gasolina,Manual,100.0,coches.net,berlina
MERCEDES-BENZ,CLASE S,79990.0,2016.0,46651.0,Gasolina,Automatico,585.0,coches.net,berlina
HYUNDAI,I20,13690.0,2022.0,58562.0,Gasolina,Manual,84.0,coches.net,berlina
SEAT,IBIZA,3700.0,2002.0,134000.0,Gasolina,Manual,75.0,coches.net,berlina
FORD,FOCUS,8599.0,2018.0,114207.0,Gasolina,Manual,125.0,coches.net,berlina
CITROEN,BERLINGO,14990.0,2022.0,99000.0,Diésel,Manual,102.0,coches.net,utilitario
HYUNDAI,KONA,13399.0,2018.0,76575.0,Gasolina,Manual,120.0,coches.net,utilitario
OPEL,MOKKA X,9799.0,2017.0,110290.0,Gasolina,Manual,140.0,coches.net,utilitario
MERCEDES-BENZ,CLASE A,35790.0,2025.0,13748.0,Híbrido enchufable,Automatico,218.0,coches.net,berlina
PEUGEOT,5008,16410.0,2017.0,149580.0,Diésel,Manual,150.0,coches.net,utilitario
FORD,FOCUS,17990.0,2023.0,85896.0,Híbrido,Manual,155.0,coches.net,berlina
KIA,SORENTO,30799.0,2020.0,85606.0,Híbrido,Automatico,230.0,coches.net,utilitario
MITSUBISHI,ASX,12890.0,2015.0,136199.0,Diésel,Manual,116.0,coches.net,utilitario
LYNK & CO,01,20390.0,2022.0,87941.0,Híbrido enchufable,Automatico,261.0,coches.net,utilitario
SUZUKI,S-CROSS,20190.0,2023.0,44782.0,Híbrido,Manual,129.0,coches.net,utilitario
SUZUKI,SWIFT,17450.0,2025.0,30335.0,Híbrido,Manual,83.0,coches.net,berlina
BMW,SERIE 2,18990.0,2017.0,89746.0,Gasolina,Automatico,136.0,coches.net,berlina
MERCEDES-BENZ,CLASE B,6690.0,2007.0,213467.0,Diésel,Manual,140.0,coches.net,utilitario
AUDI,Q2,20500.0,2019.0,110000.0,Gasolina,Manual,116.0,coches.net,utilitario
TOYOTA,C-HR,25750.0,2021.0,89071.0,Híbrido,Automatico,184.0,coches.net,berlina
OPEL,MOKKA X,9999.0,2017.0,132174.0,Gasolina,Manual,140.0,coches.net,utilitario
VOLKSWAGEN,T-ROC,25900.0,2023.0,37000.0,Diésel,Manual,115.0,coches.net,utilitario
OPEL,CORSA,13650.0,2024.0,41106.0,Gasolina,Manual,100.0,coches.net,berlina
SKODA,FABIA,11499.0,2017.0,91067.0,Gasolina,Manual,75.0,coches.net,berlina
MAZDA,CX-30,21199.0,2022.0,73665.0,Híbrido,Manual,150.0,coches.net,utilitario
KIA,SPORTAGE,7900.0,2010.0,100000.0,Gasolina,Manual,142.0,coches.net,utilitario
RENAULT,CLIO CAMPUS,2299.0,2004.0,209900.0,Diésel,Manual,65.0,coches.net,berlina
AUDI,RS4,52500.0,2006.0,154400.0,Gasolina,Manual,420.0,coches.net,berlina
RENAULT,CLIO CAMPUS,1999.0,2004.0,171700.0,Diésel,Manual,85.0,coches.net,berlina
CITROEN,C3 AIRCROSS,14450.0,2021.0,51498.0,Gasolina,Automatico,131.0,coches.net,utilitario
VOLKSWAGEN,TOURAN,4950.0,2008.0,286587.0,Diésel,Automatico,105.0,coches.net,utilitario
VOLKSWAGEN,TOURAN,18500.0,2021.0,154380.0,Diésel,Manual,122.0,coches.net,utilitario
OPEL,INSIGNIA,9499.0,2017.0,182700.0,Diésel,Manual,136.0,coches.net,berlina
RENAULT,MÉGANE,14800.0,2018.0,119400.0,Gasolina,Manual,130.0,coches.net,berlina
SEAT,LEÓN,12500.0,2017.0,168000.0,Gasolina,Manual,125.0,coches.net,berlina
MERCEDES-BENZ,CLASE B,39900.0,2025.0,9535.0,Diésel,Automatico,150.0,coches.net,utilitario
MERCEDES-BENZ,CLASE A,23490.0,2020.0,130000.0,Diésel,Automatico,150.0,coches.net,berlina
MERCEDES-BENZ,CLASE A,23990.0,2020.0,114000.0,Diésel,Automatico,150.0,coches.net,berlina
AUDI,Q3,20699.0,2018.0,55854.0,Gasolina,Manual,150.0,coches.net,utilitario
TOYOTA,C-HR,29890.0,2024.0,11.0,Híbrido,Automatico,140.0,coches.net,utilitario
MERCEDES-BENZ,CLASE C,33900.0,2022.0,94000.0,Híbrido,Automatico,163.0,coches.net,berlina
JEEP,RENEGADE,19790.0,2023.0,69722.0,Híbrido,Automatico,130.0,coches.net,utilitario
RENAULT,MÉGANE,4197.0,2012.0,268500.0,Diésel,Manual,130.0,coches.net,berlina
KIA,CARENS,13498.0,2018.0,105638.0,Diésel,Manual,115.0,coches.net,utilitario
TOYOTA,YARIS,17995.0,2023.0,63000.0,Híbrido,Automatico,116.0,coches.net,berlina
RENAULT,MÉGANE,4990.0,2011.0,239000.0,Diésel,Manual,130.0,coches.net,berlina
MERCEDES-BENZ,CLASE E,28900.0,2018.0,199000.0,Diésel,Automatico,194.0,coches.net,berlina
OPEL,ASTRA,3499.0,2010.0,265700.0,Diésel,Manual,125.0,coches.net,berlina
OPEL,ASTRA,3000.0,2010.0,273400.0,Diésel,Manual,110.0,coches.net,berlina
VOLKSWAGEN,T-CROSS,18500.0,2021.0,60364.0,Gasolina,Automatico,110.0,coches.net,utilitario
SKODA,KODIAQ,26980.0,2022.0,63462.0,Diésel,Automatico,150.0,coches.net,utilitario
MERCEDES-BENZ,CLASE SLK,26900.0,2016.0,96000.0,Gasolina,Automatico,184.0,coches.net,berlina
AUDI,A1,19990.0,2019.0,119000.0,Gasolina,Automatico,116.0,coches.net,berlina
OPEL,CORSA,9299.0,2020.0,107308.0,Gasolina,Manual,75.0,coches.net,berlina
MINI,COUNTRYMAN,18799.0,2018.0,99092.0,Híbrido enchufable,Automatico,224.0,coches.net,berlina
FORD,PUMA,21900.0,2023.0,28.0,Híbrido,Manual,125.0,coches.net,utilitario
CITROEN,C3,10200.0,2021.0,89000.0,Diésel,Manual,102.0,coches.net,berlina
AUDI,A3,15799.0,2017.0,125537.0,Diésel,Automatico,116.0,coches.net,berlina
AUDI,A3,15599.0,2015.0,121260.0,Diésel,Manual,150.0,coches.net,berlina
RENAULT,ARKANA,20900.0,2022.0,97000.0,Híbrido,Automatico,140.0,coches.net,utilitario
MINI,CLUBMAN,25900.0,2022.0,49700.0,Gasolina,Automatico,136.0,coches.net,berlina
ALFA ROMEO,STELVIO,30990.0,2022.0,61963.0,Diésel,Automatico,190.0,coches.net,utilitario
VOLVO,XC40,25100.0,2021.0,61134.0,Híbrido enchufable,Automatico,262.0,coches.net,utilitario
AUDI,Q3 SPORTBACK,36100.0,2021.0,37987.0,Gasolina,Automatico,190.0,coches.net,utilitario
TOYOTA,YARIS,17300.0,2021.0,72342.0,Híbrido,Automatico,116.0,coches.net,berlina
TOYOTA,YARIS,17300.0,2021.0,72342.0,Híbrido,Automatico,116.0,coches.net,berlina
BMW,SERIE 3,29990.0,2022.0,159133.0,Híbrido enchufable,Automatico,292.0,coches.net,berlina
FORD,KUGA,26990.0,2024.0,34455.0,Híbrido,Automatico,190.0,coches.net,utilitario
BMW,SERIE 2,22990.0,2021.0,84678.0,Gasolina,Manual,140.0,coches.net,berlina
SEAT,IBIZA,14400.0,2018.0,74500.0,Gasolina,Manual,115.0,coches.net,berlina
CUPRA,LEÓN,24850.0,2023.0,86000.0,Híbrido enchufable,Automatico,245.0,coches.net,berlina
VOLVO,XC40,29500.0,2022.0,37000.0,Híbrido enchufable,Automatico,211.0,coches.net,utilitario
FIAT,500,19990.0,2026.0,5.0,Híbrido,Manual,65.0,coches.net,berlina
FORD,KUGA,7990.0,2016.0,225000.0,Diésel,Manual,120.0,coches.net,utilitario
KIA,CEE'D,6500.0,2011.0,231045.0,Diésel,Manual,128.0,coches.net,berlina
KIA,NIRO,15799.0,2020.0,105224.0,Híbrido,Automatico,141.0,coches.net,berlina
RENAULT,KADJAR,13290.0,2018.0,63413.0,Gasolina,Manual,130.0,coches.net,berlina
MERCEDES-BENZ,CLASE GLC,28900.0,2018.0,187000.0,Diésel,Automatico,258.0,coches.net,utilitario
FORD,FOCUS,17799.0,2023.0,80307.0,Híbrido,Manual,155.0,coches.net,berlina
FORD,FOCUS,12999.0,2019.0,105000.0,Gasolina,Automatico,125.0,coches.net,berlina
LEXUS,UX,19399.0,2019.0,100026.0,Híbrido,Automatico,184.0,coches.net,utilitario
AUDI,Q2,24900.0,2024.0,34235.0,Diésel,Manual,116.0,coches.net,utilitario
CITROEN,BERLINGO,17200.0,2023.0,33648.0,Diésel,Manual,102.0,coches.net,utilitario
FIAT,500,7490.0,2012.0,107292.0,Gasolina,Manual,69.0,coches.net,berlina
BMW,I4,47300.0,2024.0,22500.0,Eléctrico,Automatico,340.0,coches.net,berlina
VOLKSWAGEN,MULTIVAN,46890.0,2025.0,20861.0,Diésel,Automatico,150.0,coches.net,utilitario
HONDA,CR-V,25399.0,2021.0,112029.0,Híbrido,Automatico,184.0,coches.net,utilitario
MAZDA,CX-5,29799.0,2023.0,38830.0,Híbrido,Automatico,165.0,coches.net,utilitario
MAZDA,CX-3,18999.0,2022.0,74783.0,Gasolina,Automatico,121.0,coches.net,utilitario
KIA,SPORTAGE,30340.0,2023.0,23590.0,Híbrido,Automatico,230.0,coches.net,utilitario
KIA,SPORTAGE,28090.0,2023.0,15419.0,Híbrido,Manual,136.0,coches.net,utilitario
VOLVO,V90,25990.0,2021.0,107445.0,Híbrido,Automatico,197.0,coches.net,berlina
MERCEDES-BENZ,CLA,29799.0,2023.0,45918.0,Gasolina,Automatico,163.0,coches.net,berlina
BMW,SERIE 4,22990.0,2016.0,129983.0,Gasolina,Manual,184.0,coches.net,berlina
MERCEDES-BENZ,CLASE S,6800.0,2000.0,257000.0,Gasolina,Automatico,367.0,coches.net,berlina
KIA,SPORTAGE,30700.0,2025.0,8000.0,Híbrido,Manual,160.0,coches.net,utilitario
PEUGEOT,5008,16399.0,2020.0,92129.0,Gasolina,Automatico,130.0,coches.net,utilitario
TOYOTA,COROLLA,19990.0,2022.0,58000.0,Híbrido,Automatico,122.0,coches.net,berlina
ABARTH,500,17970.0,2018.0,72901.0,Gasolina,Manual,160.0,coches.net,berlina
MERCEDES-BENZ,CLASE E,55900.0,2022.0,14900.0,Híbrido,Automatico,200.0,coches.net,berlina
CUPRA,LEÓN,28750.0,2025.0,10611.0,Híbrido,Automatico,150.0,coches.net,berlina
HYUNDAI,IONIQ,15490.0,2019.0,110596.0,Híbrido,Automatico,141.0,coches.net,berlina
OPEL,ZAFIRA TOURER,10690.0,2015.0,100600.0,Diésel,Manual,136.0,coches.net,utilitario
FORD,FOCUS,7600.0,2016.0,210000.0,Diésel,Manual,120.0,coches.net,berlina
RENAULT,MÉGANE,2330.0,2003.0,155597.0,Gasolina,Manual,98.0,coches.net,berlina
CITROEN,C4,19990.0,2025.0,10375.0,Híbrido,Automatico,136.0,coches.net,berlina
OPEL,ASTRA,16480.0,2023.0,23105.0,Gasolina,Manual,130.0,coches.net,berlina
OPEL,ASTRA,16480.0,2023.0,23105.0,Gasolina,Manual,130.0,coches.net,berlina
OPEL,ASTRA,15490.0,2023.0,41692.0,Gasolina,Manual,130.0,coches.net,berlina
MINI,MINI,23500.0,2022.0,12485.0,Eléctrico,Automatico,184.0,coches.net,berlina
PEUGEOT,3008,21399.0,2022.0,57999.0,Diésel,Automatico,130.0,coches.net,utilitario
DACIA,LODGY,12890.0,2019.0,116296.0,Diésel,Automatico,115.0,coches.net,utilitario
VOLKSWAGEN,BEETLE,12990.0,2018.0,124000.0,Gasolina,Manual,105.0,coches.net,berlina
RENAULT,KANGOO COMBI,11990.0,2017.0,92000.0,Diésel,Manual,90.0,coches.net,utilitario
VOLKSWAGEN,T-CROSS,17890.0,2023.0,58541.0,Gasolina,Manual,95.0,coches.net,utilitario
RENAULT,KANGOO COMBI,11990.0,2016.0,92000.0,Diésel,Manual,75.0,coches.net,utilitario
RENAULT,KOLEOS,10690.0,2014.0,132740.0,Diésel,Manual,150.0,coches.net,utilitario
SKODA,OCTAVIA,12990.0,2020.0,205000.0,Diésel,Manual,115.0,coches.net,berlina
MERCEDES-BENZ,CLASE A,25490.0,2021.0,61032.0,Híbrido enchufable,Automatico,218.0,coches.net,berlina
DACIA,DUSTER,12990.0,2018.0,87091.0,Gasolina,Manual,115.0,coches.net,utilitario
DACIA,DUSTER,12990.0,2018.0,87091.0,Gasolina,Manual,115.0,coches.net,utilitario
NISSAN,QASHQAI,16999.0,2018.0,59000.0,Diésel,Automatico,130.0,coches.net,berlina
KIA,SPORTAGE,31990.0,2024.0,14739.0,Híbrido,Automatico,215.0,coches.net,utilitario
TESLA,MODEL 3,20290.0,2019.0,163000.0,Eléctrico,Automatico,476.0,coches.net,berlina
VOLVO,XC60,27985.0,2021.0,132891.0,Híbrido enchufable,Automatico,340.0,coches.net,utilitario
VOLVO,XC60,27985.0,2021.0,132891.0,Híbrido enchufable,Automatico,340.0,coches.net,utilitario
CITROEN,C2,3000.0,2009.0,152700.0,Gasolina,Manual,61.0,coches.net,berlina
VOLKSWAGEN,CADDY,22990.0,2021.0,62500.0,Diésel,Manual,102.0,coches.net,utilitario
PEUGEOT,2008,20490.0,2025.0,25636.0,Híbrido,Automatico,136.0,coches.net,utilitario
MERCEDES-BENZ,GLA,33990.0,2022.0,91944.0,Híbrido enchufable,Automatico,218.0,coches.net,utilitario
FORD,PUMA,22500.0,2024.0,28000.0,Híbrido,Manual,125.0,coches.net,utilitario
MERCEDES-BENZ,GLA,33490.0,2022.0,58000.0,Híbrido enchufable,Automatico,218.0,coches.net,utilitario
MERCEDES-BENZ,CLASE GLC,38900.0,2021.0,61960.0,Diésel,Automatico,194.0,coches.net,utilitario
VOLKSWAGEN,GOLF,16990.0,2022.0,128636.0,Gasolina,Manual,110.0,coches.net,berlina
HYUNDAI,I30,26990.0,2018.0,72000.0,Gasolina,Manual,275.0,coches.net,berlina
EBRO,S800,38900.0,2026.0,24.0,Híbrido enchufable,Automatico,279.0,coches.net,utilitario
BMW,X3,30399.0,2020.0,138257.0,Diésel,Automatico,190.0,coches.net,utilitario
RENAULT,CLIO,6750.0,2014.0,100432.0,Diésel,Manual,75.0,coches.net,berlina
PEUGEOT,3008 HYBRID,23400.0,2023.0,33594.0,Híbrido enchufable,Automatico,180.0,coches.net,utilitario
MERCEDES-BENZ,CLASE A,27500.0,2019.0,67000.0,Gasolina,Automatico,190.0,coches.net,berlina
PEUGEOT,308,15990.0,2022.0,47645.0,Gasolina,Manual,130.0,coches.net,berlina
BMW,SERIE 3,27900.0,2020.0,62400.0,Diésel,Automatico,150.0,coches.net,berlina
LAND-ROVER,RANGE ROVER EVOQUE,15990.0,2019.0,158634.0,Diésel,Manual,150.0,coches.net,utilitario
BMW,SERIE 2,147900.0,2026.0,1.0,Gasolina,Automatico,530.0,coches.net,berlina
BMW,SERIE 2,144900.0,2026.0,1.0,Gasolina,Automatico,530.0,coches.net,berlina
RENAULT,CLIO,16200.0,2025.0,35350.0,Gasolina,Manual,90.0,coches.net,berlina
SEAT,LEÓN,24990.0,2024.0,6120.0,Híbrido,Automatico,150.0,coches.net,berlina
VOLKSWAGEN,GOLF,20850.0,2022.0,117162.0,Diésel,Manual,115.0,coches.net,berlina
SEAT,LEÓN,23500.0,2024.0,13159.0,Híbrido,Automatico,150.0,coches.net,berlina
VOLVO,S60,14799.0,2018.0,75407.0,Diésel,Automatico,150.0,coches.net,berlina
MINI,COUNTRYMAN,16999.0,2017.0,184500.0,Diésel,Automatico,190.0,coches.net,berlina
DACIA,SANDERO,10490.0,2016.0,72516.0,Diésel,Manual,90.0,coches.net,berlina
NISSAN,X-TRAIL,32990.0,2022.0,87582.0,Híbrido,Automatico,213.0,coches.net,utilitario
FIAT,500L,9990.0,2014.0,130000.0,Diésel,Manual,85.0,coches.net,utilitario
FORD,KUGA,15990.0,2022.0,195000.0,Diésel,Automatico,120.0,coches.net,utilitario
FORD,FOCUS,18890.0,2018.0,72822.0,Gasolina,Manual,250.0,coches.net,berlina
TOYOTA,YARIS CROSS,23990.0,2022.0,58618.0,Híbrido,Automatico,116.0,coches.net,utilitario
AUDI,Q5,33900.0,2020.0,59900.0,Diésel,Automatico,163.0,coches.net,utilitario
VOLKSWAGEN,ID.4,27890.0,2023.0,98817.0,Eléctrico,Automatico,299.0,coches.net,utilitario
KIA,SPORTAGE,23990.0,2024.0,44580.0,Híbrido,Manual,150.0,coches.net,utilitario
PEUGEOT,408,23690.0,2025.0,25534.0,Híbrido,Automatico,136.0,coches.net,berlina
AUDI,Q3,36500.0,2023.0,44995.0,Diésel,Automatico,150.0,coches.net,utilitario
PEUGEOT,308,19481.0,2019.0,39864.0,Gasolina,Manual,130.0,coches.net,berlina
SEAT,TARRACO,32199.0,2022.0,62389.0,Diésel,Automatico,150.0,coches.net,utilitario
OPEL,GRANDLAND X,16500.0,2019.0,38391.0,Diésel,Manual,130.0,coches.net,utilitario
BMW,X4,45990.0,2023.0,76176.0,Híbrido,Automatico,190.0,coches.net,utilitario
AUDI,Q7,48990.0,2021.0,84615.0,Híbrido,Automatico,231.0,coches.net,utilitario
KIA,CARENS,11450.0,2016.0,96114.0,Gasolina,Manual,135.0,coches.net,utilitario
