marca,modelo,precio,año,kilometros,combustible,transmision,potencia,fuente,carroceria
ford,transit,18600.0,2023,49800.0,hibrido,manual,175,coches.net,furgoneta
renault,master,37000.0,2022,65400.0,electrico,manual,105,coches.net,furgoneta
toyota,proace city,17200.0,2021,100200.0,diesel,automatica,100,coches.net,furgoneta
mercedes-benz,sprinter,16700.0,2021,126100.0,diesel,manual,150,coches.net,furgoneta
fiat,ducato,40200.0,2023,51900.0,electrico,automatica,165,coches.net,furgoneta
renault,trafic,29500.0,2023,34700.0,diesel,manual,125,coches.net,furgoneta
citroën,berlingo,21100.0,2018,169500.0,diesel,manual,100,coches.net,furgoneta
volkswagen,transporter,31800.0,2023,35100.0,diesel,manual,102,coches.net,furgoneta
peugeot,boxer,12000.0,2019,153300.0,gasolina,manual,145,coches.net,furgoneta
iveco,daily,18000.0,2019,150600.0,diesel,manual,100,coches.net,furgoneta
ford,transit,18300.0,2022,57200.0,diesel,manual,130,coches.net,furgoneta
peugeot,boxer,23900.0,2021,66800.0,diesel,manual,165,coches.net,furgoneta
peugeot,partner,24600.0,2021,84500.0,electrico,manual,136,coches.net,furgoneta
opel,vivaro,24600.0,2020,106000.0,diesel,manual,175,coches.net,furgoneta
iveco,daily,10400.0,2016,273500.0,gasolina,manual,100,coches.net,furgoneta
peugeot,partner,14700.0,2018,164300.0,gasolina,manual,110,coches.net,furgoneta
opel,combo,15600.0,2021,85200.0,diesel,manual,110,coches.net,furgoneta
volkswagen,crafter,31200.0,2023,50900.0,diesel,automatica,97,coches.net,furgoneta
volkswagen,transporter,13800.0,2018,145600.0,diesel,manual,199,coches.net,furgoneta
volkswagen,transporter,10700.0,2015,328600.0,diesel,manual,110,coches.net,furgoneta
fiat,scudo,21400.0,2018,154100.0,diesel,automatica,115,coches.net,furgoneta
fiat,scudo,19500.0,2020,139600.0,diesel,automatica,145,coches.net,furgoneta
renault,trafic,29900.0,2021,85300.0,diesel,manual,155,coches.net,furgoneta
volkswagen,transporter,15600.0,2022,58900.0,diesel,manual,110,coches.net,furgoneta
mercedes-benz,sprinter,35000.0,2021,92000.0,electrico,manual,120,coches.net,furgoneta
volkswagen,crafter,28200.0,2022,48600.0,diesel,manual,182,coches.net,furgoneta
toyota,proace city,18900.0,2018,185100.0,diesel,automatica,110,coches.net,furgoneta
iveco,daily,27200.0,2022,67800.0,diesel,manual,75,coches.net,furgoneta
volkswagen,caddy,30900.0,2020,109900.0,gasolina,manual,114,coches.net,furgoneta
fiat,doblo cargo,25500.0,2023,36000.0,diesel,manual,90,coches.net,furgoneta
peugeot,partner,17400.0,2020,122500.0,diesel,manual,100,coches.net,furgoneta
ford,transit connect,23200.0,2020,165600.0,electrico,manual,125,coches.net,furgoneta
hyundai,h350,14300.0,2018,220500.0,diesel,automatica,141,coches.net,furgoneta
mercedes-benz,citan,30400.0,2024,25800.0,gasolina,manual,140,coches.net,furgoneta
opel,combo,30900.0,2024,23500.0,electrico,manual,95,coches.net,furgoneta
citroën,berlingo,24300.0,2024,16800.0,gasolina,manual,110,coches.net,furgoneta
toyota,proace city,33500.0,2024,22900.0,diesel,automatica,100,coches.net,furgoneta
iveco,daily,31600.0,2024,17100.0,diesel,manual,130,coches.net,furgoneta
opel,movano,29800.0,2020,163200.0,diesel,manual,110,coches.net,furgoneta
opel,vivaro,21900.0,2024,28000.0,diesel,manual,95,coches.net,furgoneta
fiat,scudo,26700.0,2022,73200.0,diesel,manual,145,coches.net,furgoneta
peugeot,partner,29200.0,2022,70000.0,electrico,manual,136,coches.net,furgoneta
opel,vivaro,13500.0,2019,105300.0,diesel,manual,180,coches.net,furgoneta
volkswagen,transporter,15000.0,2017,193800.0,diesel,manual,150,coches.net,furgoneta
volkswagen,transporter,3450000.0,2022,68700.0,diesel,manual,155,coches.net,furgoneta
mercedes-benz,citan,34700.0,2021,94600.0,diesel,automatica,75,coches.net,furgoneta
opel,vivaro,18800.0,2023,51800.0,diesel,automatica,105,coches.net,furgoneta
iveco,daily,29200.0,2024,20300.0,diesel,manual,150,coches.net,furgoneta
volkswagen,transporter,29100.0,2020,136100.0,gasolina,manual,150,coches.net,furgoneta
mercedes-benz,sprinter,27100.0,2019,136700.0,gasolina,manual,102,coches.net,furgoneta
hyundai,h350,22300.0,2018,142500.0,gas,manual,136,coches.net,furgoneta
volkswagen,caddy,19600.0,2017,203600.0,gasolina,manual,119,coches.net,furgoneta
volkswagen,caddy,19300.0,2019,185100.0,diesel,manual,102,coches.net,furgoneta
peugeot,partner,9300.0,2015,254100.0,gasolina,manual,105,coches.net,furgoneta
nissan,nv400,19500.0,2018,236600.0,diesel,manual,145,coches.net,furgoneta
opel,combo,29000.0,2022,84700.0,gas,manual,110,coches.net,furgoneta
renault,trafic,27300.0,2024,25100.0,diesel,manual,90,coches.net,furgoneta
citroën,jumpy,28200.0,2022,73700.0,diesel,manual,125,coches.net,furgoneta
volkswagen,transporter,42800.0,2024,15300.0,electrico,automatica,97,coches.net,furgoneta
fiat,doblo cargo,17400.0,2021,101700.0,diesel,manual,105,coches.net,furgoneta
opel,combo,22200.0,2020,102500.0,diesel,manual,100,coches.net,furgoneta
nissan,nv200,25600.0,2022,61300.0,diesel,manual,110,coches.net,furgoneta
volkswagen,caddy,18500.0,2017,292100.0,gasolina,manual,114,coches.net,furgoneta
iveco,daily,22400.0,2021,139800.0,diesel,manual,100,coches.net,furgoneta
peugeot,partner,30600.0,2021,97400.0,electrico,manual,136,coches.net,furgoneta
renault,trafic,9200.0,2020,122200.0,diesel,manual,120,coches.net,furgoneta
hyundai,h350,27600.0,2022,76900.0,diesel,manual,175,coches.net,furgoneta
renault,master,7500.0,2017,227300.0,diesel,manual,145,coches.net,furgoneta
fiat,ducato,27000.0,2023,55100.0,diesel,manual,130,coches.net,furgoneta
opel,combo,15700.0,2019,137500.0,gasolina,automatica,110,coches.net,furgoneta
nissan,nv400,19300.0,2022,96100.0,electrico,manual,140,coches.net,furgoneta
peugeot,boxer,16300.0,2022,70500.0,diesel,manual,135,coches.net,furgoneta
ford,transit courier,23900.0,2023,52800.0,gasolina,manual,95,coches.net,furgoneta
opel,vivaro,24100.0,2021,98600.0,diesel,manual,125,coches.net,furgoneta
mercedes-benz,sprinter,24400.0,2023,33600.0,gasolina,manual,140,coches.net,furgoneta
toyota,proace,14100.0,2018,169400.0,hibrido,manual,150,coches.net,furgoneta
mercedes-benz,vito,20700.0,2018,196200.0,diesel,manual,100,coches.net,furgoneta
ford,transit connect,18000.0,2019,140900.0,diesel,manual,105,coches.net,furgoneta
citroën,jumpy,9600.0,2017,244500.0,diesel,manual,120,coches.net,furgoneta
mercedes-benz,vito,18300.0,2022,79800.0,diesel,manual,102,coches.net,furgoneta
hyundai,staria,10700.0,2017,167600.0,gasolina,manual,182,coches.net,furgoneta
fiat,doblo cargo,12500.0,2019,142200.0,diesel,automatica,85,coches.net,furgoneta
ford,transit courier,17600.0,2023,37400.0,gasolina,manual,75,coches.net,furgoneta
maxus,ev80,14300.0,2017,293100.0,electrico,automatica,115,coches.net,furgoneta
citroën,berlingo,28800.0,2022,71500.0,gasolina,manual,115,coches.net,furgoneta
mercedes-benz,sprinter,43900.0,2023,38300.0,electrico,manual,130,coches.net,furgoneta
opel,combo,38800.0,2022,81700.0,electrico,manual,105,coches.net,furgoneta
citroën,berlingo,26500.0,2021,97500.0,diesel,manual,100,coches.net,furgoneta
volkswagen,transporter,29200.0,2024,26400.0,gas,manual,110,coches.net,furgoneta
nissan,nv400,18500.0,2022,67400.0,diesel,manual,140,coches.net,furgoneta
peugeot,expert,30700.0,2023,54700.0,electrico,manual,100,coches.net,furgoneta
citroën,jumper,8500.0,2016,308800.0,diesel,automatica,165,coches.net,furgoneta
volkswagen,crafter,30500.0,2024,27600.0,diesel,automatica,140,coches.net,furgoneta
toyota,proace city,17800.0,2023,45900.0,diesel,automatica,100,coches.net,furgoneta
fiat,scudo,22600.0,2022,56600.0,diesel,manual,115,coches.net,furgoneta
ford,transit courier,13800.0,2017,229900.0,gasolina,automatica,100,coches.net,furgoneta
fiat,ducato,28800.0,2023,38800.0,diesel,manual,125,coches.net,furgoneta
ford,transit connect,21000.0,2022,68600.0,hibrido,manual,75,coches.net,furgoneta
ford,transit courier,23300.0,2021,118100.0,gasolina,manual,80,coches.net,furgoneta
ford,transit,23100.0,2022,80600.0,diesel,manual,165,coches.net,furgoneta
mercedes-benz,sprinter,29900.0,2023,60000.0,diesel,manual,102,coches.net,furgoneta
iveco,daily,16800.0,2022,92700.0,diesel,automatica,102,coches.net,furgoneta
nissan,nv400,27800.0,2023,65600.0,diesel,manual,105,coches.net,furgoneta
maxus,deliver 9,13700.0,2016,250200.0,diesel,manual,150,coches.net,furgoneta
volkswagen,caddy,30300.0,2024,17300.0,gasolina,manual,114,coches.net,furgoneta
renault,trafic,20600.0,2021,83100.0,gasolina,manual,95,coches.net,furgoneta
toyota,proace city,23100.0,2021,100800.0,diesel,manual,110,coches.net,furgoneta
nissan,nv400,14800.0,2022,58400.0,diesel,automatica,145,coches.net,furgoneta
mercedes-benz,vito,17000.0,2021,91400.0,diesel,manual,100,coches.net,furgoneta
renault,master,17500.0,2021,65700.0,diesel,manual,180,coches.net,furgoneta
peugeot,boxer,22800.0,2023,42400.0,diesel,manual,165,coches.net,furgoneta
mercedes-benz,vito,31500.0,2022,77600.0,diesel,automatica,90,coches.net,furgoneta
mercedes-benz,sprinter,28100.0,2021,99300.0,diesel,automatica,90,coches.net,furgoneta
iveco,daily,19200.0,2018,102700.0,electrico,manual,100,coches.net,furgoneta
iveco,daily,11900.0,2020,96000.0,diesel,manual,140,coches.net,furgoneta
nissan,nv300,21300.0,2021,89300.0,diesel,manual,115,coches.net,furgoneta
renault,master,22500.0,2021,78700.0,electrico,manual,130,coches.net,furgoneta
renault,kangoo,29600.0,2023,36900.0,gas,manual,80,coches.net,furgoneta
citroën,berlingo,24200.0,2021,105500.0,diesel,automatica,105,coches.net,furgoneta
citroën,berlingo,17700.0,2019,146000.0,electrico,manual,131,coches.net,furgoneta
fiat,scudo,30500.0,2022,59300.0,diesel,manual,150,coches.net,furgoneta
citroën,jumper,26200.0,2021,108300.0,diesel,manual,125,coches.net,furgoneta
mercedes-benz,sprinter,46300.0,2024,26000.0,electrico,manual,110,coches.net,furgoneta
toyota,proace,18100.0,2021,104700.0,diesel,manual,120,coches.net,furgoneta
iveco,daily,24000.0,2023,42500.0,diesel,automatica,120,coches.net,furgoneta
iveco,daily,22700.0,2020,107700.0,diesel,manual,140,coches.net,furgoneta
iveco,daily,17900.0,2015,380000.0,electrico,manual,75,coches.net,furgoneta
opel,vivaro,20600.0,2021,79600.0,diesel,manual,175,coches.net,furgoneta
peugeot,expert,16000.0,2019,150200.0,diesel,manual,100,coches.net,furgoneta
renault,trafic,15400.0,2019,120300.0,diesel,manual,125,coches.net,furgoneta
volkswagen,crafter,25500.0,2023,37800.0,gasolina,manual,140,coches.net,furgoneta
man,tge,25600.0,2022,61500.0,diesel,automatica,140,coches.net,furgoneta
ford,transit connect,17300.0,2020,135700.0,diesel,manual,105,coches.net,furgoneta
opel,movano,1980000.0,2020,100000.0,diesel,manual,145,coches.net,furgoneta
peugeot,expert,24700.0,2023,56700.0,diesel,manual,120,coches.net,furgoneta
fiat,scudo,17900.0,2024,23400.0,diesel,manual,125,coches.net,furgoneta
citroën,berlingo,36600.0,2023,40900.0,electrico,manual,141,coches.net,furgoneta
citroën,jumper,22300.0,2021,82100.0,diesel,manual,130,coches.net,furgoneta
renault,master,21700.0,2022,96000.0,diesel,automatica,110,coches.net,furgoneta
peugeot,boxer,14200.0,2021,111300.0,diesel,manual,125,coches.net,furgoneta
opel,movano,12700.0,2015,235800.0,hibrido,manual,140,coches.net,furgoneta
renault,kangoo,27200.0,2020,98500.0,electrico,manual,90,coches.net,furgoneta
volkswagen,caddy,16700.0,2023,36900.0,gasolina,manual,109,coches.net,furgoneta
volkswagen,crafter,35300.0,2024,23300.0,hibrido,manual,102,coches.net,furgoneta
toyota,proace,16800.0,2023,40600.0,diesel,manual,115,coches.net,furgoneta
opel,vivaro,19900.0,2024,19200.0,gasolina,manual,180,coches.net,furgoneta
peugeot,boxer,26400.0,2017,128300.0,electrico,manual,160,coches.net,furgoneta
iveco,daily,23700.0,2021,108700.0,diesel,manual,100,coches.net,furgoneta
iveco,daily,32000.0,2024,30100.0,diesel,automatica,90,coches.net,furgoneta
fiat,doblo cargo,22700.0,2023,57800.0,diesel,manual,95,coches.net,furgoneta
ford,transit,31900.0,2024,17200.0,gasolina,automatica,170,coches.net,furgoneta
citroën,jumpy,9700.0,2018,190400.0,diesel,automatica,100,coches.net,furgoneta
nissan,nv200,32600.0,2023,56600.0,diesel,manual,85,coches.net,furgoneta
mercedes-benz,citan,31000.0,2022,78800.0,hibrido,manual,100,coches.net,furgoneta
renault,master,11800.0,2017,197100.0,diesel,manual,150,coches.net,furgoneta
volkswagen,crafter,21200.0,2019,108900.0,diesel,manual,177,coches.net,furgoneta
mercedes-benz,citan,28200.0,2023,56300.0,diesel,automatica,130,coches.net,furgoneta
opel,vivaro,21800.0,2020,100400.0,hibrido,automatica,180,coches.net,furgoneta
opel,vivaro,20800.0,2019,166400.0,diesel,manual,175,coches.net,furgoneta
nissan,nv400,18100.0,2019,180500.0,diesel,manual,115,coches.net,furgoneta
mercedes-benz,sprinter,27900.0,2023,41100.0,diesel,automatica,140,coches.net,furgoneta
volkswagen,crafter,30100.0,2022,59100.0,diesel,automatica,140,coches.net,furgoneta
mercedes-benz,sprinter,34100.0,2024,26000.0,diesel,manual,90,coches.net,furgoneta
iveco,daily,33600.0,2023,55000.0,diesel,manual,150,coches.net,furgoneta
toyota,proace,28300.0,2022,87200.0,gas,manual,120,coches.net,furgoneta
man,tge,24600.0,2018,145000.0,diesel,manual,140,coches.net,furgoneta
man,tge,16000.0,2016,307700.0,diesel,manual,107,coches.net,furgoneta
iveco,daily,21500.0,2021,133000.0,diesel,manual,100,coches.net,furgoneta
toyota,proace,17400.0,2023,53200.0,diesel,manual,150,coches.net,furgoneta
mercedes-benz,sprinter,20800.0,2020,97100.0,electrico,manual,140,coches.net,furgoneta
renault,master,23900.0,2022,76900.0,hibrido,automatica,180,coches.net,furgoneta
citroën,jumpy,15500.0,2019,131200.0,electrico,manual,115,coches.net,furgoneta
iveco,daily,31600.0,2023,38800.0,diesel,manual,130,coches.net,furgoneta
opel,combo,32100.0,2022,98300.0,electrico,manual,105,coches.net,furgoneta
toyota,proace,30700.0,2022,75200.0,electrico,manual,115,coches.net,furgoneta
ford,transit,26700.0,2023,61900.0,diesel,manual,125,coches.net,furgoneta
fiat,doblo cargo,24000.0,2023,49000.0,gasolina,manual,90,coches.net,furgoneta
toyota,proace,33600.0,2022,54200.0,diesel,manual,150,coches.net,furgoneta
toyota,proace city,30900.0,2024,20100.0,diesel,automatica,110,coches.net,furgoneta
volkswagen,caddy,26400.0,2019,180400.0,diesel,manual,75,coches.net,furgoneta
renault,trafic,17300.0,2017,239700.0,diesel,automatica,95,coches.net,furgoneta
fiat,ducato,7500.0,2015,271000.0,diesel,manual,117,coches.net,furgoneta
mercedes-benz,citan,2630000.0,2021,98200.0,diesel,manual,140,coches.net,furgoneta
citroën,jumpy,20400.0,2022,43500.0,diesel,manual,100,coches.net,furgoneta
fiat,ducato,26000.0,2024,31200.0,diesel,manual,122,coches.net,furgoneta
ford,transit,21800.0,2020,110400.0,diesel,automatica,155,coches.net,furgoneta
ford,transit connect,19100.0,2020,63600.0,diesel,manual,120,coches.net,furgoneta
ford,transit,28900.0,2022,59800.0,diesel,manual,100,coches.net,furgoneta
iveco,daily,21500.0,2015,182300.0,electrico,manual,130,coches.net,furgoneta
ford,transit connect,19900.0,2021,94500.0,diesel,manual,125,coches.net,furgoneta
hyundai,staria,24300.0,2021,123800.0,diesel,manual,177,coches.net,furgoneta
mercedes-benz,vito,31100.0,2021,77200.0,diesel,manual,150,coches.net,furgoneta
volkswagen,crafter,34600.0,2024,14900.0,diesel,automatica,102,coches.net,furgoneta
mercedes-benz,citan,28800.0,2023,31600.0,diesel,manual,110,coches.net,furgoneta
opel,movano,26300.0,2024,21100.0,diesel,automatica,105,coches.net,furgoneta
man,tge,31100.0,2024,23800.0,diesel,manual,107,coches.net,furgoneta
nissan,nv300,20500.0,2020,141400.0,diesel,manual,90,coches.net,furgoneta
fiat,scudo,13900.0,2020,123000.0,diesel,manual,145,coches.net,furgoneta
volkswagen,transporter,13400.0,2015,257300.0,diesel,manual,145,coches.net,furgoneta
volkswagen,caddy,22100.0,2024,25300.0,gasolina,manual,114,coches.net,furgoneta
volkswagen,caddy,31400.0,2023,61600.0,gasolina,manual,102,coches.net,furgoneta
ford,transit,22100.0,2020,156600.0,diesel,manual,130,coches.net,furgoneta
ford,transit,29400.0,2023,54800.0,hibrido,manual,135,coches.net,furgoneta
ford,transit connect,32400.0,2024,28900.0,diesel,manual,105,coches.net,furgoneta
toyota,proace,22300.0,2016,247200.0,electrico,manual,136,coches.net,furgoneta
volkswagen,transporter,13200.0,2022,69600.0,diesel,manual,107,coches.net,furgoneta
nissan,nv400,19100.0,2022,70200.0,hibrido,manual,140,coches.net,furgoneta
ford,transit,36100.0,2023,36600.0,diesel,manual,160,coches.net,furgoneta
renault,kangoo,26900.0,2022,82000.0,electrico,manual,90,coches.net,furgoneta
mercedes-benz,citan,10100.0,2015,277800.0,diesel,automatica,90,coches.net,furgoneta
maxus,ev80,27000.0,2019,140400.0,electrico,manual,120,coches.net,furgoneta
volkswagen,crafter,24400.0,2021,120800.0,diesel,manual,102,coches.net,furgoneta
volkswagen,transporter,29100.0,2023,41100.0,hibrido,manual,204,coches.net,furgoneta
peugeot,boxer,32800.0,2022,58600.0,electrico,automatica,165,coches.net,furgoneta
volkswagen,caddy,34200.0,2024,23700.0,diesel,automatica,102,coches.net,furgoneta
toyota,proace,47400.0,2024,12700.0,electrico,manual,150,coches.net,furgoneta
citroën,berlingo,24700.0,2022,83600.0,diesel,manual,100,coches.net,furgoneta
fiat,scudo,18500.0,2021,92800.0,diesel,manual,145,coches.net,furgoneta
renault,kangoo,20900.0,2020,137900.0,hibrido,manual,75,coches.net,furgoneta
mercedes-benz,citan,37400.0,2024,22000.0,diesel,manual,90,coches.net,furgoneta
fiat,scudo,9300.0,2015,249600.0,diesel,manual,125,coches.net,furgoneta
ford,transit,22300.0,2018,203500.0,diesel,automatica,135,coches.net,furgoneta
hyundai,h350,23800.0,2020,162400.0,diesel,manual,165,coches.net,furgoneta
renault,master,22500.0,2023,55000.0,diesel,manual,185,coches.net,furgoneta
renault,kangoo,14300.0,2019,175200.0,diesel,manual,70,coches.net,furgoneta
hyundai,h350,30000.0,2024,26200.0,diesel,automatica,170,coches.net,furgoneta
citroën,jumper,15100.0,2021,91800.0,diesel,manual,165,coches.net,furgoneta
renault,master,17000.0,2019,146700.0,diesel,manual,135,coches.net,furgoneta
mercedes-benz,citan,42600.0,2023,45000.0,electrico,manual,120,coches.net,furgoneta
volkswagen,transporter,20400.0,2021,113600.0,diesel,manual,115,coches.net,furgoneta
opel,combo,30100.0,2024,17300.0,diesel,manual,95,coches.net,furgoneta
peugeot,partner,9700.0,2015,243800.0,electrico,manual,136,coches.net,furgoneta
mercedes-benz,sprinter,15800.0,2018,120100.0,electrico,manual,150,coches.net,furgoneta
opel,vivaro,15900.0,2022,69800.0,diesel,manual,100,coches.net,furgoneta
toyota,proace city,28000.0,2020,180000.0,diesel,automatica,110,coches.net,furgoneta
renault,master,12900.0,2020,126400.0,diesel,manual,135,coches.net,furgoneta
man,tge,29700.0,2022,53400.0,gas,manual,140,coches.net,furgoneta
volkswagen,crafter,10500.0,2016,308200.0,gas,manual,140,coches.net,furgoneta
hyundai,h350,23600.0,2020,98800.0,diesel,manual,131,coches.net,furgoneta
ford,transit connect,14600.0,2020,104900.0,diesel,manual,120,coches.net,furgoneta
volkswagen,crafter,24800.0,2021,123000.0,diesel,manual,145,coches.net,furgoneta
maxus,deliver 9,13800.0,2018,238000.0,diesel,manual,150,coches.net,furgoneta
mercedes-benz,sprinter,19100.0,2020,133000.0,diesel,automatica,140,coches.net,furgoneta
iveco,daily,19400.0,2020,135900.0,diesel,manual,102,coches.net,furgoneta
mercedes-benz,citan,29500.0,2021,135700.0,gasolina,manual,150,coches.net,furgoneta
renault,trafic,15000.0,2020,102600.0,diesel,manual,90,coches.net,furgoneta
iveco,daily,14700.0,2019,173500.0,diesel,manual,120,coches.net,furgoneta
opel,movano,13600.0,2019,146600.0,diesel,manual,110,coches.net,furgoneta
fiat,scudo,13200.0,2022,72500.0,diesel,manual,150,coches.net,furgoneta
citroën,jumpy,21200.0,2022,74400.0,hibrido,automatica,150,coches.net,furgoneta
maxus,ev80,13100.0,2017,290200.0,electrico,manual,120,coches.net,furgoneta
hyundai,h350,17200.0,2019,186500.0,gas,manual,136,coches.net,furgoneta
mercedes-benz,sprinter,7500.0,2019,120300.0,diesel,manual,120,coches.net,furgoneta
ford,transit,21000.0,2021,120000.0,diesel,automatica,170,coches.net,furgoneta
hyundai,h350,2780000.0,2023,60000.0,diesel,manual,170,coches.net,furgoneta
nissan,nv400,17400.0,2020,111900.0,electrico,manual,115,coches.net,furgoneta
mercedes-benz,sprinter,26500.0,2018,84700.0,diesel,automatica,120,coches.net,furgoneta
peugeot,partner,26900.0,2024,21100.0,gasolina,manual,105,coches.net,furgoneta
citroën,berlingo,25200.0,2021,110900.0,hibrido,automatica,100,coches.net,furgoneta
iveco,daily,25000.0,2023,42700.0,diesel,manual,100,coches.net,furgoneta
citroën,berlingo,29500.0,2023,52900.0,gasolina,automatica,110,coches.net,furgoneta
nissan,nv400,24500.0,2024,20200.0,gas,manual,110,coches.net,furgoneta
citroën,berlingo,9900.0,2018,170300.0,gasolina,automatica,115,coches.net,furgoneta
citroën,berlingo,21300.0,2022,61100.0,hibrido,manual,100,coches.net,furgoneta
mercedes-benz,citan,22400.0,2019,149800.0,diesel,manual,110,coches.net,furgoneta
fiat,doblo cargo,20500.0,2021,101600.0,gas,manual,90,coches.net,furgoneta
mercedes-benz,vito,22000.0,2020,117600.0,diesel,manual,100,coches.net,furgoneta
mercedes-benz,vito,25600.0,2021,130700.0,diesel,manual,110,coches.net,furgoneta
maxus,deliver 9,14000.0,2021,94000.0,electrico,automatica,150,coches.net,furgoneta
opel,vivaro,2250000.0,2022,85700.0,hibrido,manual,105,coches.net,furgoneta
peugeot,boxer,11300.0,2020,130100.0,diesel,manual,130,coches.net,furgoneta
fiat,ducato,23500.0,2022,70600.0,diesel,manual,127,coches.net,furgoneta
man,tge,35400.0,2024,18300.0,hibrido,automatica,140,coches.net,furgoneta
mercedes-benz,sprinter,33200.0,2021,110200.0,gasolina,automatica,102,coches.net,furgoneta
mercedes-benz,vito,5080000.0,2024,24600.0,electrico,automatica,75,coches.net,furgoneta
ford,transit,28400.0,2022,58400.0,diesel,manual,175,coches.net,furgoneta
volkswagen,caddy,16800.0,2015,209400.0,electrico,automatica,75,coches.net,furgoneta
volkswagen,caddy,15800.0,2018,137400.0,diesel,manual,97,coches.net,furgoneta
ford,transit courier,29400.0,2022,70000.0,electrico,manual,75,coches.net,furgoneta
volkswagen,transporter,20100.0,2023,31400.0,diesel,automatica,97,coches.net,furgoneta
nissan,nv400,21400.0,2020,131000.0,diesel,manual,110,coches.net,furgoneta
citroën,berlingo,8400.0,2016,248200.0,gas,manual,100,coches.net,furgoneta
peugeot,expert,27700.0,2024,19600.0,diesel,manual,105,coches.net,furgoneta
ford,transit,14800.0,2020,113300.0,diesel,automatica,135,coches.net,furgoneta
renault,trafic,21600.0,2019,144000.0,diesel,manual,120,coches.net,furgoneta
ford,transit connect,35200.0,2023,51900.0,diesel,automatica,75,coches.net,furgoneta
renault,master,28400.0,2024,28300.0,diesel,manual,135,coches.net,furgoneta
toyota,proace,39100.0,2022,38400.0,electrico,automatica,136,coches.net,furgoneta
ford,transit,32600.0,2024,15000.0,diesel,manual,125,coches.net,furgoneta
volkswagen,caddy,9700.0,2017,200200.0,diesel,manual,97,coches.net,furgoneta
mercedes-benz,citan,31800.0,2021,112100.0,diesel,manual,102,coches.net,furgoneta
volkswagen,crafter,19900.0,2020,162800.0,diesel,automatica,182,coches.net,furgoneta
renault,master,25700.0,2024,34100.0,diesel,manual,145,coches.net,furgoneta
nissan,nv300,21700.0,2020,92800.0,hibrido,manual,120,coches.net,furgoneta
opel,movano,17200.0,2019,194900.0,diesel,manual,163,coches.net,furgoneta
iveco,daily,14500.0,2016,302500.0,diesel,manual,100,coches.net,furgoneta
fiat,doblo cargo,20600.0,2020,144200.0,gas,automatica,105,coches.net,furgoneta
volkswagen,crafter,17800.0,2018,149800.0,diesel,manual,140,coches.net,furgoneta
hyundai,staria,17700.0,2020,128600.0,diesel,manual,177,coches.net,furgoneta
volkswagen,crafter,31100.0,2022,71900.0,diesel,manual,97,coches.net,furgoneta
mercedes-benz,vito,22600.0,2022,55700.0,diesel,manual,90,coches.net,furgoneta
mercedes-benz,citan,29000.0,2021,108400.0,diesel,manual,90,coches.net,furgoneta
volkswagen,transporter,35700.0,2022,88500.0,diesel,manual,97,coches.net,furgoneta
toyota,proace city,30100.0,2021,94500.0,diesel,manual,100,coches.net,furgoneta
renault,master,14000.0,2021,83900.0,diesel,manual,145,coches.net,furgoneta
fiat,scudo,14400.0,2017,152400.0,electrico,manual,120,coches.net,furgoneta
volkswagen,caddy,11300.0,2018,162100.0,gasolina,manual,119,coches.net,furgoneta
fiat,scudo,25400.0,2022,69700.0,electrico,automatica,120,coches.net,furgoneta
ford,transit courier,26700.0,2021,57800.0,gasolina,manual,100,coches.net,furgoneta
fiat,ducato,21000.0,2022,87800.0,diesel,manual,160,coches.net,furgoneta
ford,transit,23300.0,2022,80800.0,gasolina,manual,105,coches.net,furgoneta
opel,vivaro,34600.0,2024,16900.0,hibrido,manual,120,coches.net,furgoneta
toyota,proace city,25800.0,2019,135000.0,diesel,manual,105,coches.net,furgoneta
nissan,nv400,16800.0,2018,146700.0,hibrido,manual,105,coches.net,furgoneta
toyota,proace,14500.0,2017,231600.0,electrico,manual,120,coches.net,furgoneta
peugeot,boxer,12300.0,2018,184400.0,diesel,manual,160,coches.net,furgoneta
renault,trafic,21300.0,2017,186300.0,diesel,manual,115,coches.net,furgoneta
man,tge,18000.0,2022,89700.0,diesel,manual,135,coches.net,furgoneta
peugeot,partner,25400.0,2022,71800.0,gasolina,manual,105,coches.net,furgoneta
citroën,jumpy,22500.0,2024,17100.0,diesel,manual,100,coches.net,furgoneta
volkswagen,caddy,26600.0,2022,76500.0,gasolina,automatica,114,coches.net,furgoneta
iveco,daily,25500.0,2020,108300.0,diesel,manual,110,coches.net,furgoneta
iveco,daily,26800.0,2023,49100.0,diesel,automatica,90,coches.net,furgoneta
citroën,jumper,14400.0,2019,131300.0,diesel,automatica,155,coches.net,furgoneta
nissan,primastar,16900.0,2019,181100.0,diesel,manual,119,coches.net,furgoneta
nissan,nv200,24900.0,2022,64600.0,diesel,manual,105,coches.net,furgoneta
mercedes-benz,vito,29900.0,2023,45600.0,electrico,manual,102,coches.net,furgoneta
citroën,jumper,14900.0,2023,54800.0,diesel,manual,140,coches.net,furgoneta
mercedes-benz,citan,19300.0,2017,300000.0,diesel,manual,140,coches.net,furgoneta
opel,vivaro,13200.0,2017,282400.0,diesel,automatica,120,coches.net,furgoneta
volkswagen,transporter,23400.0,2021,105800.0,diesel,manual,110,coches.net,furgoneta
toyota,proace city,23700.0,2023,67300.0,diesel,manual,110,coches.net,furgoneta
renault,kangoo,27400.0,2023,52800.0,diesel,manual,90,coches.net,furgoneta
iveco,daily,15500.0,2018,247700.0,diesel,manual,110,coches.net,furgoneta
mercedes-benz,citan,8800.0,2017,213700.0,diesel,manual,100,coches.net,furgoneta
fiat,scudo,24500.0,2020,153500.0,diesel,manual,150,coches.net,furgoneta
fiat,doblo cargo,26400.0,2022,67200.0,hibrido,manual,105,coches.net,furgoneta
hyundai,staria,14500.0,2021,80100.0,diesel,manual,182,coches.net,furgoneta
ford,transit,24700.0,2024,20300.0,diesel,manual,170,coches.net,furgoneta
hyundai,h350,24000.0,2021,110500.0,diesel,manual,131,coches.net,furgoneta
iveco,daily,16800.0,2020,132600.0,gasolina,manual,102,coches.net,furgoneta
mercedes-benz,sprinter,19300.0,2020,132600.0,diesel,manual,75,coches.net,furgoneta
mercedes-benz,vito,38800.0,2021,108000.0,electrico,manual,150,coches.net,furgoneta
toyota,proace city,14100.0,2016,310000.0,diesel,manual,95,coches.net,furgoneta
opel,vivaro,20000.0,2023,57600.0,diesel,automatica,185,coches.net,furgoneta
citroën,jumper,11800.0,2020,118800.0,diesel,manual,155,coches.net,furgoneta
nissan,nv400,21100.0,2020,138700.0,diesel,manual,150,coches.net,furgoneta
peugeot,boxer,23400.0,2023,57200.0,diesel,manual,140,coches.net,furgoneta
peugeot,boxer,18300.0,2023,40000.0,diesel,manual,140,coches.net,furgoneta
iveco,daily,29300.0,2024,26400.0,diesel,manual,140,coches.net,furgoneta
fiat,scudo,7500.0,2015,247400.0,diesel,manual,145,coches.net,furgoneta
toyota,proace city,23500.0,2019,154500.0,hibrido,manual,110,coches.net,furgoneta
opel,vivaro,29100.0,2024,23700.0,diesel,manual,180,coches.net,furgoneta
volkswagen,transporter,18800.0,2017,195000.0,diesel,automatica,204,coches.net,furgoneta
renault,trafic,26900.0,2021,102000.0,diesel,manual,90,coches.net,furgoneta
toyota,proace city,36900.0,2024,23000.0,diesel,manual,110,coches.net,furgoneta
renault,master,22200.0,2024,20800.0,gasolina,manual,175,coches.net,furgoneta
fiat,ducato,26000.0,2022,73900.0,diesel,automatica,125,coches.net,furgoneta
mercedes-benz,vito,25400.0,2023,36500.0,diesel,manual,120,coches.net,furgoneta
ford,transit connect,21000.0,2020,101100.0,diesel,automatica,75,coches.net,furgoneta
ford,transit connect,27400.0,2022,63700.0,diesel,manual,120,coches.net,furgoneta
fiat,doblo cargo,21600.0,2020,156200.0,diesel,manual,85,coches.net,furgoneta
hyundai,h350,19800.0,2020,111500.0,diesel,manual,136,coches.net,furgoneta
volkswagen,crafter,22600.0,2017,199400.0,diesel,automatica,140,coches.net,furgoneta
peugeot,expert,1340000.0,2022,88100.0,diesel,automatica,100,coches.net,furgoneta
renault,master,22500.0,2023,38700.0,diesel,manual,180,coches.net,furgoneta
renault,trafic,11300.0,2020,115900.0,diesel,manual,95,coches.net,furgoneta
mercedes-benz,citan,30800.0,2022,76400.0,diesel,manual,75,coches.net,furgoneta
fiat,doblo cargo,7500.0,2017,192300.0,electrico,automatica,95,coches.net,furgoneta
volkswagen,transporter,38500.0,2023,38000.0,diesel,manual,110,coches.net,furgoneta
renault,master,13000.0,2015,170100.0,diesel,manual,110,coches.net,furgoneta
nissan,nv200,21800.0,2023,50100.0,diesel,manual,110,coches.net,furgoneta
peugeot,boxer,28900.0,2023,41100.0,diesel,automatica,130,coches.net,furgoneta
nissan,nv200,32900.0,2023,35000.0,gasolina,automatica,110,coches.net,furgoneta
fiat,ducato,26200.0,2022,99300.0,electrico,manual,122,coches.net,furgoneta
citroën,jumpy,23600.0,2022,77400.0,electrico,manual,95,coches.net,furgoneta
citroën,jumper,27400.0,2023,42600.0,electrico,manual,160,coches.net,furgoneta
ford,transit,27200.0,2024,14600.0,gasolina,manual,170,coches.net,furgoneta
ford,transit courier,36900.0,2023,45200.0,gasolina,manual,100,coches.net,furgoneta
citroën,jumpy,39100.0,2023,46300.0,electrico,automatica,120,coches.net,furgoneta
iveco,daily,14100.0,2017,190000.0,diesel,manual,75,coches.net,furgoneta
mercedes-benz,sprinter,17000.0,2020,54600.0,diesel,manual,150,coches.net,furgoneta
citroën,berlingo,32700.0,2023,42500.0,electrico,manual,131,coches.net,furgoneta
hyundai,h350,9400.0,2018,220700.0,diesel,manual,170,coches.net,furgoneta
nissan,primastar,16700.0,2019,213500.0,diesel,manual,114,coches.net,furgoneta
renault,kangoo,16900.0,2021,88000.0,electrico,manual,90,coches.net,furgoneta
opel,combo,18900.0,2023,49100.0,diesel,manual,95,coches.net,furgoneta
ford,transit connect,15600.0,2021,100600.0,diesel,manual,75,coches.net,furgoneta
nissan,nv200,28100.0,2022,81000.0,electrico,manual,110,coches.net,furgoneta
toyota,proace city,8500.0,2022,64800.0,diesel,manual,100,coches.net,furgoneta
mercedes-benz,vito,22800.0,2018,183800.0,diesel,manual,110,coches.net,furgoneta
ford,transit courier,34200.0,2024,28200.0,diesel,manual,75,coches.net,furgoneta
ford,transit,1610000.0,2022,91700.0,gasolina,automatica,155,coches.net,furgoneta
ford,transit,22800.0,2024,20400.0,diesel,manual,155,coches.net,furgoneta
iveco,daily,29100.0,2021,118100.0,electrico,automatica,100,coches.net,furgoneta
opel,vivaro,18800.0,2020,104500.0,diesel,manual,185,coches.net,furgoneta
mercedes-benz,sprinter,12500.0,2017,231600.0,diesel,manual,90,coches.net,furgoneta
renault,kangoo,24000.0,2024,26200.0,diesel,manual,75,coches.net,furgoneta
peugeot,partner,18600.0,2023,58500.0,gasolina,manual,105,coches.net,furgoneta
mercedes-benz,vito,23400.0,2022,54700.0,hibrido,manual,100,coches.net,furgoneta
iveco,daily,19500.0,2022,59600.0,diesel,manual,130,coches.net,furgoneta
citroën,jumpy,25400.0,2023,34200.0,electrico,manual,155,coches.net,furgoneta
volkswagen,crafter,36000.0,2024,20400.0,diesel,automatica,102,coches.net,furgoneta
hyundai,staria,25700.0,2024,19900.0,diesel,manual,177,coches.net,furgoneta
renault,kangoo,9900.0,2019,71100.0,diesel,automatica,90,coches.net,furgoneta
peugeot,expert,27200.0,2021,101600.0,diesel,manual,95,coches.net,furgoneta
ford,transit connect,17200.0,2020,173500.0,gasolina,automatica,75,coches.net,furgoneta
peugeot,partner,18600.0,2017,224300.0,electrico,automatica,136,coches.net,furgoneta
fiat,ducato,24000.0,2021,113300.0,diesel,automatica,160,coches.net,furgoneta
mercedes-benz,vito,24500.0,2021,97500.0,diesel,manual,102,coches.net,furgoneta
ford,transit connect,28200.0,2024,23600.0,diesel,automatica,115,coches.net,furgoneta
volkswagen,caddy,31600.0,2023,50600.0,diesel,manual,75,coches.net,furgoneta
renault,trafic,19500.0,2021,91100.0,gasolina,manual,150,coches.net,furgoneta
opel,vivaro,22300.0,2022,63000.0,diesel,manual,95,coches.net,furgoneta
volkswagen,caddy,21400.0,2020,128100.0,diesel,manual,97,coches.net,furgoneta
fiat,ducato,28700.0,2023,44500.0,diesel,manual,160,coches.net,furgoneta
citroën,berlingo,25400.0,2024,14200.0,gasolina,manual,110,coches.net,furgoneta
ford,transit courier,16900.0,2022,75000.0,gasolina,manual,100,coches.net,furgoneta
peugeot,partner,15700.0,2023,27100.0,gasolina,automatica,110,coches.net,furgoneta
toyota,proace city,36000.0,2024,22000.0,gas,automatica,95,coches.net,furgoneta
renault,trafic,13300.0,2019,140400.0,diesel,manual,115,coches.net,furgoneta
volkswagen,transporter,18900.0,2023,38100.0,diesel,manual,110,coches.net,furgoneta
citroën,jumpy,19300.0,2021,103400.0,diesel,manual,115,coches.net,furgoneta
volkswagen,crafter,23100.0,2019,182500.0,diesel,manual,182,coches.net,furgoneta
volkswagen,crafter,28100.0,2024,22300.0,diesel,manual,107,coches.net,furgoneta
opel,combo,23000.0,2023,50200.0,diesel,manual,100,coches.net,furgoneta
volkswagen,caddy,14400.0,2019,149000.0,diesel,manual,80,coches.net,furgoneta
ford,transit,19500.0,2022,76800.0,diesel,manual,130,coches.net,furgoneta
nissan,nv200,22000.0,2019,155000.0,gasolina,manual,85,coches.net,furgoneta
hyundai,h350,24500.0,2023,48900.0,diesel,automatica,170,coches.net,furgoneta
nissan,nv400,20500.0,2023,37500.0,electrico,manual,110,coches.net,furgoneta
mercedes-benz,sprinter,31500.0,2023,34400.0,hibrido,automatica,102,coches.net,furgoneta
mercedes-benz,vito,25500.0,2018,200900.0,diesel,manual,100,coches.net,furgoneta
citroën,jumpy,14000.0,2021,84500.0,diesel,manual,145,coches.net,furgoneta
toyota,proace city,26500.0,2023,38900.0,hibrido,manual,105,coches.net,furgoneta
citroën,berlingo,19400.0,2023,40200.0,gasolina,manual,110,coches.net,furgoneta
mercedes-benz,citan,23600.0,2020,150800.0,diesel,manual,75,coches.net,furgoneta
peugeot,partner,17100.0,2021,113900.0,gasolina,manual,110,coches.net,furgoneta
hyundai,h350,16400.0,2023,49000.0,gasolina,manual,170,coches.net,furgoneta
volkswagen,transporter,24700.0,2021,103400.0,diesel,manual,110,coches.net,furgoneta
toyota,proace city,29000.0,2023,47800.0,diesel,manual,105,coches.net,furgoneta
mercedes-benz,vito,32300.0,2023,40500.0,diesel,automatica,75,coches.net,furgoneta
maxus,ev80,34700.0,2022,70800.0,electrico,automatica,125,coches.net,furgoneta
hyundai,staria,19400.0,2021,109300.0,diesel,automatica,177,coches.net,furgoneta
renault,kangoo,34900.0,2021,76500.0,electrico,automatica,75,coches.net,furgoneta
nissan,nv200,24800.0,2022,72600.0,diesel,manual,95,coches.net,furgoneta
mercedes-benz,vito,27900.0,2024,21400.0,diesel,manual,75,coches.net,furgoneta
hyundai,h350,29400.0,2021,108600.0,electrico,manual,170,coches.net,furgoneta
ford,transit,17800.0,2020,91300.0,diesel,manual,105,coches.net,furgoneta
volkswagen,transporter,21000.0,2018,221500.0,diesel,manual,102,coches.net,furgoneta
opel,combo,24500.0,2022,78700.0,diesel,manual,115,coches.net,furgoneta
fiat,scudo,19500.0,2021,115600.0,diesel,manual,120,coches.net,furgoneta
peugeot,boxer,1730000.0,2018,207400.0,gasolina,manual,140,coches.net,furgoneta
fiat,scudo,8400.0,2016,233600.0,diesel,manual,120,coches.net,furgoneta
volkswagen,crafter,34400.0,2023,34400.0,diesel,manual,107,coches.net,furgoneta
volkswagen,crafter,38300.0,2024,20800.0,diesel,manual,182,coches.net,furgoneta
mercedes-benz,sprinter,47200.0,2024,27900.0,hibrido,manual,130,coches.net,furgoneta
hyundai,h350,28000.0,2023,58600.0,diesel,manual,136,coches.net,furgoneta
mercedes-benz,sprinter,29200.0,2023,37800.0,diesel,manual,75,coches.net,furgoneta
fiat,doblo cargo,27500.0,2024,23300.0,diesel,manual,85,coches.net,furgoneta
mercedes-benz,citan,14000.0,2019,145700.0,hibrido,automatica,120,coches.net,furgoneta
opel,combo,23600.0,2021,89400.0,diesel,manual,100,coches.net,furgoneta
ford,transit connect,18400.0,2018,189300.0,gasolina,manual,115,coches.net,furgoneta
man,tge,32000.0,2023,53200.0,electrico,automatica,140,coches.net,furgoneta
iveco,daily,16200.0,2018,198100.0,diesel,manual,102,coches.net,furgoneta
opel,movano,21900.0,2022,54600.0,diesel,manual,168,coches.net,furgoneta
mercedes-benz,vito,30300.0,2022,73700.0,diesel,manual,75,coches.net,furgoneta
nissan,primastar,31.0,2024,26200.0,electrico,manual,119,coches.net,furgoneta
renault,kangoo,32400.0,2024,21000.0,electrico,automatica,90,coches.net,furgoneta
fiat,ducato,18800.0,2021,106500.0,diesel,manual,160,coches.net,furgoneta
volkswagen,caddy,32700.0,2020,140600.0,diesel,manual,80,coches.net,furgoneta
opel,vivaro,28100.0,2024,24600.0,diesel,manual,120,coches.net,furgoneta
mercedes-benz,citan,14100.0,2017,262600.0,diesel,manual,150,coches.net,furgoneta
peugeot,expert,16800.0,2016,202500.0,diesel,manual,95,coches.net,furgoneta
citroën,berlingo,22200.0,2023,55400.0,gasolina,manual,110,coches.net,furgoneta
ford,transit courier,23700.0,2023,51600.0,gasolina,manual,100,coches.net,furgoneta
mercedes-benz,citan,16900.0,2021,122800.0,diesel,manual,110,coches.net,furgoneta
hyundai,h350,30100.0,2023,38200.0,diesel,manual,170,coches.net,furgoneta
volkswagen,caddy,25600.0,2024,21700.0,gasolina,manual,114,coches.net,furgoneta
mercedes-benz,sprinter,10600.0,2018,116900.0,diesel,manual,75,coches.net,furgoneta
renault,kangoo,27600.0,2024,22700.0,diesel,automatica,80,coches.net,furgoneta
opel,combo,17400.0,2019,166700.0,diesel,manual,110,coches.net,furgoneta
iveco,daily,35500.0,2024,22900.0,diesel,manual,130,coches.net,furgoneta
opel,vivaro,31500.0,2024,25700.0,diesel,automatica,125,coches.net,furgoneta
fiat,ducato,17400.0,2023,40300.0,hibrido,manual,122,coches.net,furgoneta
renault,master,18700.0,2019,214700.0,diesel,automatica,175,coches.net,furgoneta
peugeot,expert,21600.0,2021,97000.0,diesel,manual,100,coches.net,furgoneta
nissan,nv400,23100.0,2021,88100.0,diesel,manual,145,coches.net,furgoneta
renault,master,21900.0,2021,112600.0,diesel,manual,130,coches.net,furgoneta
peugeot,boxer,23800.0,2021,125900.0,diesel,manual,130,coches.net,furgoneta
fiat,doblo cargo,24100.0,2024,18900.0,diesel,manual,105,coches.net,furgoneta
mercedes-benz,sprinter,23600.0,2017,197500.0,diesel,manual,140,coches.net,furgoneta
ford,transit,26700.0,2024,11600.0,diesel,automatica,170,coches.net,furgoneta
nissan,nv300,18000.0,2019,113900.0,diesel,manual,120,coches.net,furgoneta
citroën,jumpy,7500.0,2015,263200.0,diesel,manual,105,coches.net,furgoneta
fiat,doblo cargo,21000.0,2023,32600.0,diesel,manual,105,coches.net,furgoneta
volkswagen,caddy,24200.0,2021,114500.0,diesel,manual,102,coches.net,furgoneta
volkswagen,transporter,15300.0,2017,214700.0,diesel,manual,110,coches.net,furgoneta
renault,master,22400.0,2021,102700.0,diesel,manual,145,coches.net,furgoneta
volkswagen,crafter,27000.0,2021,82800.0,diesel,automatica,177,coches.net,furgoneta
mercedes-benz,citan,13200.0,2015,180200.0,diesel,manual,100,coches.net,furgoneta
toyota,proace city,17800.0,2021,83800.0,diesel,manual,105,coches.net,furgoneta
ford,transit connect,17200.0,2020,114600.0,diesel,automatica,125,coches.net,furgoneta
toyota,proace,19600.0,2020,116300.0,gasolina,manual,120,coches.net,furgoneta
peugeot,expert,17800.0,2020,133200.0,diesel,manual,105,coches.net,furgoneta
renault,master,20400.0,2019,164000.0,diesel,manual,110,coches.net,furgoneta
opel,vivaro,14100.0,2019,191800.0,diesel,manual,180,coches.net,furgoneta
iveco,daily,25500.0,2024,19700.0,gasolina,automatica,150,coches.net,furgoneta
renault,kangoo,26100.0,2020,55300.0,electrico,manual,90,coches.net,furgoneta
volkswagen,transporter,36700.0,2023,35400.0,diesel,automatica,107,coches.net,furgoneta
volkswagen,transporter,17800.0,2017,252200.0,diesel,manual,110,coches.net,furgoneta
ford,transit connect,29100.0,2023,56600.0,diesel,manual,125,coches.net,furgoneta
fiat,ducato,26600.0,2023,47500.0,diesel,manual,155,coches.net,furgoneta
renault,kangoo,15300.0,2021,128900.0,diesel,manual,95,coches.net,furgoneta
peugeot,expert,23200.0,2021,92400.0,diesel,manual,155,coches.net,furgoneta
renault,trafic,17900.0,2023,53200.0,diesel,automatica,150,coches.net,furgoneta
mercedes-benz,vito,36600.0,2023,48000.0,diesel,manual,75,coches.net,furgoneta
peugeot,expert,23200.0,2021,89500.0,electrico,manual,150,coches.net,furgoneta
ford,transit courier,22100.0,2023,38700.0,gasolina,automatica,100,coches.net,furgoneta
nissan,nv400,13200.0,2018,201000.0,hibrido,manual,145,coches.net,furgoneta
mercedes-benz,citan,37700.0,2023,49500.0,diesel,manual,140,coches.net,furgoneta
renault,kangoo,21600.0,2020,174900.0,diesel,automatica,80,coches.net,furgoneta
citroën,berlingo,19800.0,2022,55600.0,gasolina,manual,105,coches.net,furgoneta
hyundai,h350,11600.0,2016,219800.0,hibrido,manual,170,coches.net,furgoneta
ford,transit connect,16700.0,2019,172000.0,electrico,manual,120,coches.net,furgoneta
iveco,daily,34100.0,2022,90600.0,diesel,automatica,140,coches.net,furgoneta
toyota,proace city,32200.0,2022,79200.0,diesel,manual,105,coches.net,furgoneta
fiat,ducato,30400.0,2023,46100.0,gasolina,automatica,127,coches.net,furgoneta
hyundai,h350,15400.0,2020,125600.0,diesel,manual,175,coches.net,furgoneta
man,tge,39300.0,2022,41900.0,diesel,manual,102,coches.net,furgoneta
toyota,proace city,15700.0,2019,167200.0,diesel,manual,115,coches.net,furgoneta
fiat,scudo,27700.0,2022,66200.0,diesel,manual,140,coches.net,furgoneta
nissan,nv200,22000.0,2023,36300.0,diesel,automatica,90,coches.net,furgoneta
nissan,nv200,21100.0,2022,83100.0,diesel,manual,90,coches.net,furgoneta
citroën,jumper,26100.0,2022,89800.0,diesel,manual,130,coches.net,furgoneta
man,tge,32300.0,2023,47900.0,gas,automatica,107,coches.net,furgoneta
ford,transit courier,11100.0,2017,214900.0,gasolina,manual,105,coches.net,furgoneta
volkswagen,caddy,39300.0,2023,63400.0,electrico,manual,70,coches.net,furgoneta
opel,combo,19200.0,2022,62100.0,hibrido,manual,110,coches.net,furgoneta
citroën,jumpy,15400.0,2016,277600.0,diesel,manual,100,coches.net,furgoneta
volkswagen,caddy,23400.0,2018,234900.0,gasolina,automatica,114,coches.net,furgoneta
volkswagen,transporter,23800.0,2021,83000.0,gasolina,manual,97,coches.net,furgoneta
fiat,scudo,12000.0,2020,111700.0,diesel,manual,145,coches.net,furgoneta
nissan,nv200,20800.0,2024,21500.0,diesel,automatica,110,coches.net,furgoneta
volkswagen,crafter,23600.0,2020,115000.0,electrico,automatica,145,coches.net,furgoneta
ford,transit courier,19500.0,2023,44800.0,gasolina,manual,100,coches.net,furgoneta
volkswagen,transporter,42300.0,2023,43600.0,electrico,manual,150,coches.net,furgoneta
mercedes-benz,sprinter,28500.0,2024,11200.0,diesel,manual,150,coches.net,furgoneta
nissan,nv300,26400.0,2020,61800.0,electrico,manual,95,coches.net,furgoneta
fiat,ducato,36300.0,2024,21100.0,electrico,automatica,125,coches.net,furgoneta
peugeot,partner,26700.0,2022,47600.0,diesel,automatica,105,coches.net,furgoneta
fiat,scudo,20400.0,2021,66900.0,diesel,manual,140,coches.net,furgoneta
renault,trafic,17200.0,2017,235700.0,gasolina,manual,115,coches.net,furgoneta
iveco,daily,12500.0,2015,380000.0,diesel,manual,102,coches.net,furgoneta
ford,transit connect,14300.0,2017,239700.0,diesel,manual,100,coches.net,furgoneta
iveco,daily,27900.0,2023,44100.0,diesel,manual,100,coches.net,furgoneta
fiat,ducato,19000.0,2020,105800.0,diesel,manual,160,coches.net,furgoneta
ford,transit,34000.0,2024,13400.0,diesel,automatica,160,coches.net,furgoneta
citroën,jumpy,20500.0,2022,62400.0,diesel,automatica,100,coches.net,furgoneta
renault,master,2380000.0,2020,121200.0,diesel,automatica,145,coches.net,furgoneta
opel,combo,9600.0,2019,138500.0,gas,manual,110,coches.net,furgoneta
citroën,jumpy,20000.0,2022,79400.0,gas,manual,125,coches.net,furgoneta
renault,master,28900.0,2023,48200.0,electrico,manual,180,coches.net,furgoneta
renault,trafic,26200.0,2020,126000.0,diesel,manual,125,coches.net,furgoneta
ford,transit courier,16500.0,2023,41100.0,gasolina,manual,105,coches.net,furgoneta
fiat,ducato,13500.0,2019,111800.0,diesel,manual,135,coches.net,furgoneta
peugeot,partner,11100.0,2020,73500.0,diesel,manual,100,coches.net,furgoneta
fiat,doblo cargo,21300.0,2022,81500.0,diesel,manual,90,coches.net,furgoneta
iveco,daily,29400.0,2022,82800.0,electrico,automatica,75,coches.net,furgoneta
toyota,proace,33500.0,2020,126000.0,electrico,manual,136,coches.net,furgoneta
toyota,proace,30900.0,2023,42400.0,electrico,manual,141,coches.net,furgoneta
mercedes-benz,citan,25600.0,2023,53400.0,gasolina,manual,102,coches.net,furgoneta
mercedes-benz,vito,19800.0,2019,159900.0,diesel,manual,100,coches.net,furgoneta
citroën,jumpy,17700.0,2020,125100.0,diesel,manual,150,coches.net,furgoneta
renault,kangoo,23700.0,2023,55800.0,electrico,manual,90,coches.net,furgoneta
ford,transit,22300.0,2020,140100.0,electrico,manual,105,coches.net,furgoneta
nissan,primastar,13700.0,2023,49200.0,diesel,automatica,114,coches.net,furgoneta
renault,master,23700.0,2022,106200.0,diesel,manual,145,coches.net,furgoneta
peugeot,partner,20000.0,2022,73100.0,electrico,manual,136,coches.net,furgoneta
renault,trafic,2170000.0,2022,102100.0,diesel,manual,120,coches.net,furgoneta
mercedes-benz,citan,1650000.0,2019,156900.0,diesel,manual,75,coches.net,furgoneta
peugeot,boxer,30300.0,2021,122500.0,diesel,manual,160,coches.net,furgoneta
mercedes-benz,vito,38100.0,2023,60200.0,gas,manual,75,coches.net,furgoneta
renault,trafic,17200.0,2021,103900.0,diesel,manual,95,coches.net,furgoneta
man,tge,12300.0,2021,116100.0,diesel,manual,145,coches.net,furgoneta
maxus,deliver 9,12000.0,2019,170800.0,electrico,manual,120,coches.net,furgoneta
peugeot,boxer,31300.0,2024,29600.0,diesel,manual,140,coches.net,furgoneta
fiat,scudo,7500.0,2018,174600.0,diesel,manual,115,coches.net,furgoneta
peugeot,boxer,10800.0,2018,218200.0,diesel,manual,125,coches.net,furgoneta
ford,transit connect,26800.0,2022,56500.0,diesel,manual,120,coches.net,furgoneta
renault,trafic,15100.0,2023,43900.0,diesel,manual,115,coches.net,furgoneta
citroën,jumpy,25000.0,2022,78000.0,diesel,manual,100,coches.net,furgoneta
citroën,jumpy,26600.0,2023,55700.0,diesel,automatica,95,coches.net,furgoneta
citroën,berlingo,16100.0,2023,44000.0,electrico,automatica,136,coches.net,furgoneta
nissan,nv300,13700.0,2018,168300.0,diesel,manual,95,coches.net,furgoneta
nissan,nv200,18500.0,2019,146600.0,diesel,manual,105,coches.net,furgoneta
volkswagen,transporter,19200.0,2020,142600.0,diesel,manual,107,coches.net,furgoneta
peugeot,expert,29100.0,2023,56900.0,electrico,manual,120,coches.net,furgoneta
nissan,primastar,13300.0,2019,104200.0,electrico,manual,119,coches.net,furgoneta
citroën,jumper,23500.0,2022,67100.0,diesel,manual,155,coches.net,furgoneta
volkswagen,transporter,24900.0,2020,136300.0,diesel,automatica,204,coches.net,furgoneta
citroën,jumpy,31000.0,2024,26200.0,diesel,manual,100,coches.net,furgoneta
fiat,ducato,18500.0,2019,119900.0,electrico,manual,165,coches.net,furgoneta
iveco,daily,32400.0,2020,128300.0,diesel,manual,90,coches.net,furgoneta
mercedes-benz,vito,18600.0,2022,93600.0,diesel,manual,100,coches.net,furgoneta
volkswagen,caddy,11800.0,2016,289300.0,diesel,manual,75,coches.net,furgoneta
peugeot,expert,24700.0,2023,38100.0,diesel,automatica,100,coches.net,furgoneta
ford,transit connect,21700.0,2023,60200.0,diesel,automatica,75,coches.net,furgoneta
maxus,ev80,27500.0,2020,134300.0,electrico,manual,125,coches.net,furgoneta
peugeot,boxer,18200.0,2020,101100.0,diesel,manual,160,coches.net,furgoneta
citroën,jumpy,23000.0,2021,86000.0,diesel,automatica,145,coches.net,furgoneta
renault,master,15300.0,2020,129300.0,diesel,automatica,115,coches.net,furgoneta
volkswagen,transporter,27800.0,2022,74900.0,gas,automatica,150,coches.net,furgoneta
volkswagen,caddy,22200.0,2020,108000.0,diesel,manual,107,coches.net,furgoneta
ford,transit,29700.0,2023,43500.0,electrico,automatica,130,coches.net,furgoneta
volkswagen,transporter,24100.0,2023,55600.0,diesel,manual,204,coches.net,furgoneta
nissan,nv300,17300.0,2020,93600.0,diesel,manual,90,coches.net,furgoneta
fiat,scudo,23900.0,2020,90400.0,diesel,manual,140,coches.net,furgoneta
peugeot,boxer,24100.0,2024,15200.0,gas,manual,130,coches.net,furgoneta
opel,movano,20300.0,2020,145700.0,diesel,manual,150,coches.net,furgoneta
hyundai,staria,35600.0,2024,16300.0,electrico,automatica,177,coches.net,furgoneta
volkswagen,caddy,2900000.0,2023,32800.0,diesel,manual,102,coches.net,furgoneta
citroën,jumpy,12600.0,2021,81800.0,diesel,manual,100,coches.net,furgoneta
nissan,nv200,31900.0,2024,17000.0,hibrido,manual,90,coches.net,furgoneta
renault,master,38600.0,2024,12400.0,electrico,manual,110,coches.net,furgoneta
nissan,primastar,28800.0,2024,25700.0,diesel,automatica,119,coches.net,furgoneta
mercedes-benz,citan,32000.0,2024,19500.0,diesel,manual,150,coches.net,furgoneta
mercedes-benz,vito,11200.0,2019,185500.0,electrico,manual,75,coches.net,furgoneta
fiat,scudo,7500.0,2018,176800.0,diesel,manual,115,coches.net,furgoneta
toyota,proace city,33100.0,2024,27500.0,diesel,automatica,100,coches.net,furgoneta
mercedes-benz,sprinter,40200.0,2023,49500.0,diesel,manual,75,coches.net,furgoneta
peugeot,expert,10600.0,2017,192100.0,diesel,automatica,155,coches.net,furgoneta
ford,transit,25.0,2022,64900.0,gasolina,manual,105,coches.net,furgoneta
volkswagen,transporter,18900.0,2016,214700.0,electrico,manual,204,coches.net,furgoneta
maxus,deliver 9,16200.0,2022,78000.0,electrico,manual,120,coches.net,furgoneta
nissan,primastar,31400.0,2023,38900.0,electrico,manual,114,coches.net,furgoneta
ford,transit,26900.0,2022,86300.0,diesel,manual,160,coches.net,furgoneta
opel,movano,7500.0,2019,170300.0,diesel,manual,168,coches.net,furgoneta
peugeot,partner,26000.0,2022,78500.0,electrico,manual,141,coches.net,furgoneta
mercedes-benz,sprinter,23000.0,2021,136700.0,diesel,automatica,90,coches.net,furgoneta
mercedes-benz,sprinter,17300.0,2017,217900.0,diesel,manual,90,coches.net,furgoneta
mercedes-benz,vito,29200.0,2019,120400.0,diesel,manual,102,coches.net,furgoneta
fiat,scudo,23900.0,2023,47600.0,diesel,manual,120,coches.net,furgoneta
renault,kangoo,17000.0,2024,13900.0,diesel,manual,80,coches.net,furgoneta
fiat,scudo,25600.0,2023,54000.0,diesel,manual,150,coches.net,furgoneta
toyota,proace city,28900.0,2023,25000.0,diesel,manual,110,coches.net,furgoneta
maxus,ev80,31100.0,2022,52400.0,electrico,manual,120,coches.net,furgoneta
mercedes-benz,citan,35600.0,2024,14600.0,diesel,manual,150,coches.net,furgoneta
renault,kangoo,29700.0,2021,112700.0,electrico,manual,90,coches.net,furgoneta
iveco,daily,25400.0,2020,95600.0,diesel,automatica,150,coches.net,furgoneta
iveco,daily,18300.0,2019,165600.0,diesel,manual,110,coches.net,furgoneta
fiat,scudo,12300.0,2019,125400.0,hibrido,manual,120,coches.net,furgoneta
volkswagen,transporter,41200.0,2024,19500.0,gas,manual,204,coches.net,furgoneta
renault,kangoo,22100.0,2020,150100.0,gasolina,automatica,100,coches.net,furgoneta
citroën,jumpy,24100.0,2021,119600.0,hibrido,manual,100,coches.net,furgoneta
volkswagen,crafter,8200.0,2020,173700.0,diesel,manual,140,coches.net,furgoneta
man,tge,27600.0,2021,83400.0,gas,manual,107,coches.net,furgoneta
toyota,proace,21100.0,2021,106400.0,electrico,automatica,141,coches.net,furgoneta
volkswagen,caddy,31300.0,2023,52900.0,gasolina,manual,102,coches.net,furgoneta
maxus,ev80,33000.0,2024,24700.0,electrico,manual,120,coches.net,furgoneta
volkswagen,transporter,28700.0,2022,89100.0,gas,manual,204,coches.net,furgoneta
maxus,ev80,24700.0,2022,56400.0,electrico,manual,120,coches.net,furgoneta
peugeot,partner,16700.0,2016,230400.0,diesel,automatica,95,coches.net,furgoneta
mercedes-benz,vito,33100.0,2024,22500.0,diesel,manual,110,coches.net,furgoneta
renault,master,20000.0,2020,87800.0,diesel,manual,180,coches.net,furgoneta
volkswagen,transporter,1450000.0,2018,181800.0,diesel,manual,102,coches.net,furgoneta
renault,master,13900.0,2021,67800.0,diesel,manual,180,coches.net,furgoneta
nissan,nv200,20500.0,2021,98600.0,diesel,manual,85,coches.net,furgoneta
iveco,daily,21900.0,2022,62000.0,hibrido,manual,120,coches.net,furgoneta
mercedes-benz,citan,25600.0,2020,130000.0,electrico,manual,150,coches.net,furgoneta
peugeot,expert,14700.0,2021,108400.0,gasolina,manual,120,coches.net,furgoneta
ford,transit courier,27000.0,2024,23800.0,diesel,manual,70,coches.net,furgoneta
opel,vivaro,13900.0,2018,92900.0,diesel,manual,95,coches.net,furgoneta
fiat,doblo cargo,28100.0,2022,73800.0,gas,automatica,85,coches.net,furgoneta
volkswagen,crafter,18500.0,2022,50200.0,diesel,automatica,177,coches.net,furgoneta
iveco,daily,12200.0,2022,87100.0,gasolina,manual,102,coches.net,furgoneta
renault,trafic,24100.0,2023,34800.0,diesel,manual,85,coches.net,furgoneta
fiat,scudo,29300.0,2023,40600.0,diesel,manual,120,coches.net,furgoneta
ford,transit,20300.0,2022,69500.0,diesel,manual,170,coches.net,furgoneta
fiat,scudo,17600.0,2021,119500.0,electrico,manual,115,coches.net,furgoneta
citroën,jumpy,27900.0,2023,46300.0,diesel,manual,105,coches.net,furgoneta
volkswagen,caddy,31400.0,2021,99100.0,diesel,manual,102,coches.net,furgoneta
ford,transit connect,26800.0,2023,57200.0,electrico,automatica,120,coches.net,furgoneta
nissan,nv300,19300.0,2019,185200.0,hibrido,automatica,95,coches.net,furgoneta
opel,vivaro,27100.0,2021,93500.0,diesel,manual,100,coches.net,furgoneta
ford,transit,15800.0,2018,225900.0,diesel,manual,170,coches.net,furgoneta
volkswagen,transporter,30100.0,2021,119000.0,diesel,manual,110,coches.net,furgoneta
opel,movano,26800.0,2023,40800.0,gasolina,manual,150,coches.net,furgoneta
nissan,nv200,29000.0,2022,53900.0,diesel,manual,90,coches.net,furgoneta
maxus,deliver 9,31200.0,2024,25100.0,electrico,manual,120,coches.net,furgoneta
mercedes-benz,citan,35200.0,2024,21700.0,diesel,manual,110,coches.net,furgoneta
nissan,nv400,26700.0,2020,123200.0,electrico,manual,145,coches.net,furgoneta
citroën,jumper,23400.0,2023,47200.0,diesel,manual,130,coches.net,furgoneta
volkswagen,crafter,27600.0,2020,106900.0,gasolina,manual,140,coches.net,furgoneta
toyota,proace city,28500.0,2023,45800.0,diesel,manual,110,coches.net,furgoneta
citroën,berlingo,27200.0,2023,55100.0,diesel,manual,100,coches.net,furgoneta
renault,master,17300.0,2020,163300.0,electrico,manual,145,coches.net,furgoneta
peugeot,expert,7500.0,2017,188900.0,diesel,manual,120,coches.net,furgoneta
renault,trafic,15400.0,2021,119600.0,diesel,manual,120,coches.net,furgoneta
ford,transit courier,7500.0,2016,340000.0,gasolina,manual,100,coches.net,furgoneta
mercedes-benz,sprinter,43900.0,2024,26900.0,diesel,manual,130,coches.net,furgoneta
opel,movano,20500.0,2022,81200.0,diesel,manual,145,coches.net,furgoneta
toyota,proace,21700.0,2020,146600.0,diesel,automatica,155,coches.net,furgoneta
citroën,jumpy,8600.0,2020,144200.0,hibrido,manual,100,coches.net,furgoneta
peugeot,partner,26200.0,2021,74100.0,electrico,manual,136,coches.net,furgoneta
mercedes-benz,vito,13100.0,2018,168200.0,diesel,manual,102,coches.net,furgoneta
fiat,doblo cargo,36400.0,2024,22600.0,hibrido,manual,110,coches.net,furgoneta
nissan,nv300,23300.0,2022,71200.0,gas,manual,100,coches.net,furgoneta
peugeot,partner,24500.0,2024,26200.0,gasolina,automatica,100,coches.net,furgoneta
opel,movano,20700.0,2020,149000.0,diesel,manual,163,coches.net,furgoneta
volkswagen,transporter,31600.0,2021,87400.0,gas,automatica,110,coches.net,furgoneta
ford,transit courier,29500.0,2024,21700.0,hibrido,manual,70,coches.net,furgoneta
hyundai,h350,16300.0,2021,98200.0,diesel,manual,136,coches.net,furgoneta
renault,kangoo,25800.0,2024,20600.0,electrico,manual,85,coches.net,furgoneta
ford,transit courier,24900.0,2024,24300.0,gas,manual,80,coches.net,furgoneta
volkswagen,crafter,23100.0,2023,45000.0,hibrido,manual,140,coches.net,furgoneta
nissan,nv200,20200.0,2021,100600.0,diesel,manual,90,coches.net,furgoneta
ford,transit courier,10800.0,2020,130500.0,gasolina,manual,95,coches.net,furgoneta
volkswagen,transporter,17100.0,2020,140200.0,diesel,automatica,204,coches.net,furgoneta
mercedes-benz,sprinter,36000.0,2024,19000.0,diesel,manual,90,coches.net,furgoneta
ford,transit,15900.0,2024,23800.0,diesel,manual,130,coches.net,furgoneta
iveco,daily,16900.0,2019,184300.0,diesel,manual,120,coches.net,furgoneta
peugeot,expert,7500.0,2016,243200.0,diesel,manual,145,coches.net,furgoneta
renault,master,11400.0,2020,138000.0,diesel,manual,140,coches.net,furgoneta
opel,movano,13900.0,2019,181400.0,diesel,automatica,110,coches.net,furgoneta
citroën,berlingo,23100.0,2022,64200.0,diesel,automatica,100,coches.net,furgoneta
ford,transit courier,26100.0,2022,74700.0,gasolina,automatica,75,coches.net,furgoneta
opel,combo,20900.0,2022,58400.0,diesel,manual,110,coches.net,furgoneta
nissan,nv200,22900.0,2024,23100.0,diesel,manual,85,coches.net,furgoneta
fiat,ducato,34100.0,2024,16200.0,diesel,manual,155,coches.net,furgoneta
peugeot,expert,14700.0,2021,107700.0,diesel,manual,150,coches.net,furgoneta
mercedes-benz,sprinter,32200.0,2020,140400.0,diesel,manual,100,coches.net,furgoneta
ford,transit connect,24900.0,2022,53400.0,diesel,manual,120,coches.net,furgoneta
toyota,proace,36300.0,2024,25400.0,diesel,manual,150,coches.net,furgoneta
toyota,proace city,21300.0,2024,22500.0,diesel,manual,100,coches.net,furgoneta
iveco,daily,23000.0,2022,73300.0,hibrido,manual,102,coches.net,furgoneta
ford,transit connect,18700.0,2020,142200.0,diesel,manual,100,coches.net,furgoneta
ford,transit connect,16200.0,2019,169500.0,diesel,automatica,80,coches.net,furgoneta
ford,transit connect,17500.0,2021,93100.0,diesel,manual,125,coches.net,furgoneta
ford,transit,30500.0,2023,50100.0,diesel,manual,160,coches.net,furgoneta
iveco,daily,23700.0,2021,105600.0,diesel,manual,120,coches.net,furgoneta
citroën,berlingo,10600.0,2016,296300.0,electrico,manual,131,coches.net,furgoneta
nissan,nv300,19100.0,2022,63100.0,diesel,manual,95,coches.net,furgoneta
peugeot,partner,27500.0,2023,58700.0,gasolina,manual,110,coches.net,furgoneta
renault,master,19900.0,2022,71100.0,gasolina,manual,130,coches.net,furgoneta
mercedes-benz,citan,15400.0,2019,142600.0,diesel,automatica,130,coches.net,furgoneta
ford,transit connect,39500.0,2024,27000.0,diesel,manual,100,coches.net,furgoneta
volkswagen,crafter,24800.0,2021,119000.0,diesel,manual,102,coches.net,furgoneta
volkswagen,crafter,32200.0,2022,54800.0,diesel,automatica,145,coches.net,furgoneta
peugeot,expert,19700.0,2020,87900.0,diesel,manual,100,coches.net,furgoneta
volkswagen,caddy,25900.0,2019,193800.0,gasolina,automatica,114,coches.net,furgoneta
mercedes-benz,vito,19800.0,2019,171800.0,diesel,manual,102,coches.net,furgoneta
hyundai,h350,17700.0,2022,64400.0,diesel,manual,131,coches.net,furgoneta
renault,trafic,34100.0,2024,21400.0,diesel,manual,90,coches.net,furgoneta
peugeot,expert,14800.0,2016,173100.0,gas,manual,115,coches.net,furgoneta
fiat,doblo cargo,1590000.0,2022,94300.0,diesel,automatica,95,coches.net,furgoneta
citroën,berlingo,14500.0,2023,48100.0,electrico,automatica,136,coches.net,furgoneta
ford,transit connect,17900.0,2019,162200.0,hibrido,manual,95,coches.net,furgoneta
renault,master,19600.0,2019,177400.0,electrico,automatica,150,coches.net,furgoneta
ford,transit,19100.0,2023,51900.0,diesel,automatica,175,coches.net,furgoneta
renault,master,13900.0,2023,56400.0,diesel,manual,110,coches.net,furgoneta
fiat,ducato,27600.0,2023,45700.0,gas,automatica,165,coches.net,furgoneta
renault,master,21000.0,2019,164100.0,diesel,automatica,145,coches.net,furgoneta
volkswagen,crafter,38900.0,2023,34700.0,diesel,manual,140,coches.net,furgoneta
renault,master,23500.0,2023,53200.0,gas,manual,135,coches.net,furgoneta
volkswagen,caddy,8400.0,2017,271700.0,gasolina,manual,114,coches.net,furgoneta
toyota,proace,12500.0,2016,191500.0,electrico,manual,136,coches.net,furgoneta
man,tge,32100.0,2019,162900.0,diesel,manual,107,coches.net,furgoneta
opel,combo,22100.0,2020,133900.0,diesel,manual,100,coches.net,furgoneta
renault,master,19300.0,2022,92500.0,diesel,manual,115,coches.net,furgoneta
renault,kangoo,16300.0,2021,111000.0,electrico,manual,85,coches.net,furgoneta
iveco,daily,21500.0,2023,46500.0,diesel,manual,140,coches.net,furgoneta
peugeot,partner,27900.0,2023,39900.0,gasolina,manual,110,coches.net,furgoneta
ford,transit,7500.0,2015,313300.0,diesel,manual,135,coches.net,furgoneta
maxus,ev80,21500.0,2024,32800.0,electrico,automatica,125,coches.net,furgoneta
nissan,nv300,12000.0,2018,200400.0,diesel,manual,115,coches.net,furgoneta
toyota,proace,24400.0,2019,129400.0,diesel,manual,150,coches.net,furgoneta
iveco,daily,18100.0,2017,214400.0,hibrido,manual,90,coches.net,furgoneta
renault,trafic,18700.0,2023,50500.0,diesel,automatica,150,coches.net,furgoneta
opel,vivaro,17400.0,2020,62800.0,diesel,automatica,120,coches.net,furgoneta
peugeot,partner,21900.0,2021,91200.0,diesel,manual,95,coches.net,furgoneta
ford,transit,24900.0,2022,85100.0,gasolina,manual,150,coches.net,furgoneta
peugeot,expert,16300.0,2020,102400.0,gas,manual,120,coches.net,furgoneta
mercedes-benz,citan,30600.0,2022,55100.0,diesel,manual,110,coches.net,furgoneta
toyota,proace city,11500.0,2016,261900.0,diesel,manual,110,coches.net,furgoneta
citroën,berlingo,32000.0,2024,23100.0,electrico,automatica,136,coches.net,furgoneta
opel,movano,14200.0,2021,109300.0,diesel,manual,163,coches.net,furgoneta
toyota,proace city,29100.0,2024,21400.0,diesel,automatica,110,coches.net,furgoneta
ford,transit,30100.0,2021,92800.0,hibrido,manual,175,coches.net,furgoneta
maxus,deliver 9,23900.0,2023,42400.0,electrico,manual,115,coches.net,furgoneta
peugeot,partner,30600.0,2023,53200.0,diesel,manual,105,coches.net,furgoneta
volkswagen,caddy,18700.0,2018,158900.0,gasolina,manual,109,coches.net,furgoneta
fiat,scudo,21000.0,2019,153200.0,electrico,manual,140,coches.net,furgoneta
fiat,ducato,28100.0,2022,52500.0,electrico,automatica,130,coches.net,furgoneta
toyota,proace,22900.0,2024,28600.0,gasolina,manual,120,coches.net,furgoneta
opel,combo,29000.0,2024,18600.0,electrico,manual,100,coches.net,furgoneta
hyundai,h350,18900.0,2020,94900.0,diesel,automatica,141,coches.net,furgoneta
mercedes-benz,sprinter,32600.0,2023,48700.0,diesel,manual,100,coches.net,furgoneta
toyota,proace,44200.0,2023,44600.0,electrico,automatica,120,coches.net,furgoneta
citroën,berlingo,19400.0,2020,134400.0,gasolina,manual,110,coches.net,furgoneta
renault,trafic,19000.0,2021,96500.0,diesel,manual,155,coches.net,furgoneta
ford,transit connect,23600.0,2022,78100.0,hibrido,manual,75,coches.net,furgoneta
fiat,ducato,22700.0,2023,47700.0,diesel,automatica,165,coches.net,furgoneta
iveco,daily,15000.0,2022,86200.0,diesel,manual,140,coches.net,furgoneta
volkswagen,crafter,28100.0,2024,27400.0,diesel,manual,107,coches.net,furgoneta
peugeot,partner,13300.0,2018,193200.0,gasolina,automatica,105,coches.net,furgoneta
volkswagen,crafter,22700.0,2021,129300.0,diesel,automatica,102,coches.net,furgoneta
ford,transit connect,30700.0,2024,29300.0,diesel,automatica,70,coches.net,furgoneta
volkswagen,crafter,36700.0,2023,54500.0,diesel,automatica,97,coches.net,furgoneta
nissan,nv200,23800.0,2020,125300.0,gasolina,automatica,85,coches.net,furgoneta
man,tge,24400.0,2022,74200.0,diesel,manual,140,coches.net,furgoneta
citroën,berlingo,21100.0,2022,76300.0,diesel,manual,95,coches.net,furgoneta
citroën,jumpy,17800.0,2021,92200.0,hibrido,manual,95,coches.net,furgoneta
citroën,berlingo,27700.0,2022,82700.0,electrico,manual,141,coches.net,furgoneta
ford,transit courier,16300.0,2019,142900.0,gasolina,manual,100,coches.net,furgoneta
volkswagen,transporter,10500.0,2020,118500.0,gas,manual,209,coches.net,furgoneta
ford,transit,25500.0,2020,117300.0,diesel,manual,160,coches.net,furgoneta
renault,master,28300.0,2024,20900.0,electrico,manual,130,coches.net,furgoneta
mercedes-benz,citan,17100.0,2018,233200.0,diesel,manual,130,coches.net,furgoneta
renault,trafic,22900.0,2022,74000.0,diesel,automatica,115,coches.net,furgoneta
peugeot,partner,25700.0,2022,62800.0,diesel,automatica,95,coches.net,furgoneta
opel,vivaro,16700.0,2020,103200.0,hibrido,manual,180,coches.net,furgoneta
peugeot,expert,22500.0,2021,103700.0,diesel,automatica,105,coches.net,furgoneta
citroën,jumpy,18200.0,2017,300000.0,diesel,manual,115,coches.net,furgoneta
hyundai,staria,18800.0,2020,129100.0,electrico,manual,172,coches.net,furgoneta
citroën,berlingo,31700.0,2022,59800.0,electrico,manual,136,coches.net,furgoneta
fiat,doblo cargo,17200.0,2021,126800.0,diesel,manual,90,coches.net,furgoneta
volkswagen,transporter,19500.0,2024,27000.0,diesel,manual,110,coches.net,furgoneta
citroën,jumpy,21300.0,2021,92800.0,gas,automatica,115,coches.net,furgoneta
citroën,jumper,27100.0,2023,51700.0,diesel,automatica,160,coches.net,furgoneta
ford,transit connect,24200.0,2022,54600.0,diesel,manual,105,coches.net,furgoneta
opel,vivaro,23100.0,2022,67200.0,diesel,manual,115,coches.net,furgoneta
renault,trafic,20600.0,2022,53000.0,diesel,manual,150,coches.net,furgoneta
opel,movano,24300.0,2024,18900.0,diesel,manual,163,coches.net,furgoneta
nissan,nv400,25200.0,2022,67200.0,diesel,manual,150,coches.net,furgoneta
maxus,deliver 9,30000.0,2022,55900.0,electrico,manual,120,coches.net,furgoneta
peugeot,expert,20300.0,2022,74500.0,diesel,manual,120,coches.net,furgoneta
peugeot,partner,19400.0,2023,39300.0,gas,automatica,100,coches.net,furgoneta
iveco,daily,26400.0,2022,73700.0,gasolina,manual,75,coches.net,furgoneta
toyota,proace city,14700.0,2020,132300.0,diesel,manual,105,coches.net,furgoneta
fiat,scudo,24700.0,2021,107100.0,gasolina,manual,150,coches.net,furgoneta
nissan,primastar,19500.0,2022,49900.0,diesel,automatica,109,coches.net,furgoneta
peugeot,partner,30700.0,2023,52700.0,electrico,manual,136,coches.net,furgoneta
ford,transit,10100.0,2015,244600.0,diesel,manual,135,coches.net,furgoneta
peugeot,expert,15300.0,2021,81600.0,diesel,manual,100,coches.net,furgoneta
opel,combo,17300.0,2019,135800.0,diesel,manual,110,coches.net,furgoneta
volkswagen,crafter,18700.0,2018,260000.0,diesel,automatica,145,coches.net,furgoneta
citroën,jumper,26200.0,2023,55900.0,diesel,automatica,155,coches.net,furgoneta
mercedes-benz,sprinter,37400.0,2023,44400.0,diesel,manual,102,coches.net,furgoneta
toyota,proace city,34300.0,2024,31400.0,diesel,manual,105,coches.net,furgoneta
ford,transit connect,30300.0,2023,37900.0,gasolina,manual,120,coches.net,furgoneta
toyota,proace city,32800.0,2024,32700.0,electrico,manual,100,coches.net,furgoneta
fiat,scudo,26500.0,2021,95600.0,diesel,manual,120,coches.net,furgoneta
volkswagen,crafter,40700.0,2023,48600.0,electrico,manual,97,coches.net,furgoneta
citroën,berlingo,19900.0,2020,167300.0,electrico,manual,131,coches.net,furgoneta
citroën,jumper,17500.0,2020,87600.0,diesel,manual,135,coches.net,furgoneta
volkswagen,transporter,12700.0,2018,153200.0,diesel,manual,102,coches.net,furgoneta
nissan,nv300,15600.0,2021,90300.0,gas,automatica,120,coches.net,furgoneta
renault,master,24500.0,2021,109500.0,diesel,manual,110,coches.net,furgoneta
peugeot,partner,19300.0,2019,146800.0,electrico,manual,136,coches.net,furgoneta
nissan,nv400,10500.0,2021,121500.0,diesel,manual,145,coches.net,furgoneta
fiat,scudo,20300.0,2021,73200.0,diesel,manual,125,coches.net,furgoneta
volkswagen,crafter,31700.0,2023,48700.0,diesel,manual,102,coches.net,furgoneta
volkswagen,transporter,20000.0,2021,100400.0,diesel,manual,150,coches.net,furgoneta
citroën,jumper,18300.0,2021,95800.0,diesel,automatica,125,coches.net,furgoneta
nissan,nv200,20000.0,2020,152800.0,diesel,manual,105,coches.net,furgoneta
fiat,ducato,16500.0,2020,136400.0,gasolina,manual,130,coches.net,furgoneta
citroën,jumper,17900.0,2021,87000.0,electrico,manual,160,coches.net,furgoneta
peugeot,expert,24900.0,2021,110700.0,diesel,automatica,150,coches.net,furgoneta
peugeot,expert,17300.0,2015,277500.0,diesel,manual,120,coches.net,furgoneta
fiat,doblo cargo,22400.0,2024,20700.0,diesel,manual,85,coches.net,furgoneta
citroën,jumper,18900.0,2021,68500.0,electrico,manual,165,coches.net,furgoneta
renault,kangoo,28500.0,2022,69500.0,diesel,automatica,100,coches.net,furgoneta
mercedes-benz,citan,30800.0,2023,29200.0,gas,automatica,140,coches.net,furgoneta
citroën,berlingo,18000.0,2022,76800.0,gasolina,manual,110,coches.net,furgoneta
renault,master,16500.0,2022,80000.0,diesel,manual,185,coches.net,furgoneta
iveco,daily,32800.0,2024,20900.0,diesel,automatica,150,coches.net,furgoneta
hyundai,h350,33600.0,2023,57600.0,gasolina,manual,131,coches.net,furgoneta
opel,movano,30700.0,2023,63000.0,gas,manual,145,coches.net,furgoneta
hyundai,h350,14800.0,2018,234200.0,diesel,manual,141,coches.net,furgoneta
hyundai,staria,17900.0,2017,224500.0,gasolina,manual,177,coches.net,furgoneta
mercedes-benz,citan,23300.0,2021,85700.0,diesel,manual,140,coches.net,furgoneta
fiat,scudo,25100.0,2022,78700.0,gas,manual,145,coches.net,furgoneta
man,tge,7500.0,2017,277900.0,diesel,manual,102,coches.net,furgoneta
renault,kangoo,22700.0,2018,143800.0,electrico,manual,90,coches.net,furgoneta
peugeot,partner,38100.0,2024,19700.0,electrico,automatica,131,coches.net,furgoneta
toyota,proace city,20100.0,2020,97800.0,diesel,automatica,110,coches.net,furgoneta
fiat,scudo,24700.0,2023,27400.0,diesel,manual,140,coches.net,furgoneta
maxus,ev80,25900.0,2024,27500.0,electrico,manual,120,coches.net,furgoneta
man,tge,24600.0,2019,136600.0,diesel,manual,102,coches.net,furgoneta
opel,vivaro,22900.0,2022,55600.0,gasolina,manual,120,coches.net,furgoneta
ford,transit,11700.0,2023,46100.0,gas,manual,105,coches.net,furgoneta
iveco,daily,15100.0,2019,181400.0,diesel,manual,90,coches.net,furgoneta
man,tge,31300.0,2021,90600.0,diesel,automatica,97,coches.net,furgoneta
volkswagen,crafter,19300.0,2021,93700.0,diesel,manual,177,coches.net,furgoneta
peugeot,boxer,25300.0,2023,37400.0,gas,manual,140,coches.net,furgoneta
nissan,nv200,13100.0,2018,242600.0,diesel,manual,110,coches.net,furgoneta
citroën,berlingo,25200.0,2019,111900.0,electrico,manual,100,coches.net,furgoneta
iveco,daily,28300.0,2024,11500.0,hibrido,manual,102,coches.net,furgoneta
opel,movano,31100.0,2021,104300.0,electrico,manual,110,coches.net,furgoneta
peugeot,expert,18200.0,2017,167800.0,diesel,manual,125,coches.net,furgoneta
nissan,nv200,19700.0,2020,130200.0,diesel,manual,90,coches.net,furgoneta
iveco,daily,13500.0,2015,380000.0,diesel,manual,130,coches.net,furgoneta
fiat,scudo,17700.0,2020,180000.0,gas,manual,145,coches.net,furgoneta
peugeot,expert,13000.0,2022,99000.0,diesel,manual,150,coches.net,furgoneta
hyundai,h350,31200.0,2023,35700.0,diesel,manual,175,coches.net,furgoneta
opel,movano,32400.0,2023,29100.0,electrico,manual,105,coches.net,furgoneta
man,tge,36500.0,2022,63900.0,gasolina,manual,107,coches.net,furgoneta
ford,transit,29800.0,2021,106900.0,electrico,automatica,130,coches.net,furgoneta
peugeot,boxer,13500.0,2019,139400.0,diesel,automatica,160,coches.net,furgoneta
hyundai,h350,30300.0,2023,41400.0,electrico,manual,136,coches.net,furgoneta
fiat,doblo cargo,20100.0,2022,62900.0,gas,manual,110,coches.net,furgoneta
renault,kangoo,14800.0,2018,210000.0,diesel,manual,95,coches.net,furgoneta
citroën,jumper,20500.0,2020,102800.0,diesel,manual,160,coches.net,furgoneta
ford,transit courier,13700.0,2020,135400.0,gasolina,manual,100,coches.net,furgoneta
renault,trafic,23000.0,2023,52900.0,diesel,manual,120,coches.net,furgoneta
peugeot,boxer,12100.0,2021,98300.0,diesel,automatica,155,coches.net,furgoneta
ford,transit courier,15900.0,2021,92000.0,diesel,manual,75,coches.net,furgoneta
renault,trafic,17100.0,2022,54800.0,diesel,automatica,125,coches.net,furgoneta
nissan,nv200,22500.0,2020,138900.0,hibrido,manual,90,coches.net,furgoneta
mercedes-benz,citan,26800.0,2023,46800.0,diesel,manual,100,coches.net,furgoneta
mercedes-benz,sprinter,37000.0,2023,46200.0,diesel,automatica,150,coches.net,furgoneta
fiat,ducato,22200.0,2020,123000.0,diesel,manual,122,coches.net,furgoneta
man,tge,25700.0,2022,59700.0,diesel,automatica,140,coches.net,furgoneta
mercedes-benz,sprinter,34400.0,2022,56500.0,diesel,manual,150,coches.net,furgoneta
volkswagen,caddy,12600.0,2015,380000.0,gas,manual,80,coches.net,furgoneta
man,tge,23500.0,2017,233300.0,diesel,automatica,102,coches.net,furgoneta
citroën,jumpy,16700.0,2022,60100.0,gas,manual,155,coches.net,furgoneta
toyota,proace,19000.0,2021,100900.0,gasolina,manual,150,coches.net,furgoneta
nissan,nv200,20700.0,2021,111900.0,diesel,manual,90,coches.net,furgoneta
maxus,deliver 9,7500.0,2020,88800.0,diesel,automatica,150,coches.net,furgoneta
peugeot,expert,20800.0,2021,91000.0,diesel,manual,150,coches.net,furgoneta
volkswagen,transporter,30100.0,2023,43900.0,electrico,manual,110,coches.net,furgoneta
volkswagen,crafter,25700.0,2023,53600.0,diesel,manual,182,coches.net,furgoneta
peugeot,boxer,31100.0,2024,27200.0,diesel,manual,130,coches.net,furgoneta
fiat,doblo cargo,25300.0,2023,46200.0,diesel,manual,110,coches.net,furgoneta
fiat,scudo,24600.0,2022,93800.0,gasolina,automatica,125,coches.net,furgoneta
opel,combo,10200.0,2017,176800.0,diesel,automatica,110,coches.net,furgoneta
ford,transit connect,2140000.0,2022,82800.0,diesel,manual,95,coches.net,furgoneta
mercedes-benz,vito,29600.0,2019,85000.0,diesel,manual,102,coches.net,furgoneta
opel,movano,21300.0,2022,71700.0,diesel,manual,115,coches.net,furgoneta
ford,transit,25300.0,2018,200700.0,electrico,automatica,130,coches.net,furgoneta
peugeot,boxer,20200.0,2024,25600.0,gasolina,manual,160,coches.net,furgoneta
maxus,deliver 9,23200.0,2021,99200.0,electrico,manual,115,coches.net,furgoneta
toyota,proace,37800.0,2023,55400.0,electrico,manual,131,coches.net,furgoneta
iveco,daily,40300.0,2023,39200.0,electrico,manual,90,coches.net,furgoneta
volkswagen,transporter,15800.0,2016,285600.0,diesel,automatica,204,coches.net,furgoneta
citroën,berlingo,25100.0,2024,22100.0,electrico,manual,141,coches.net,furgoneta
opel,movano,16500.0,2017,190600.0,electrico,manual,145,coches.net,furgoneta
renault,trafic,2190000.0,2021,88200.0,diesel,automatica,90,coches.net,furgoneta
fiat,scudo,18200.0,2017,144400.0,diesel,manual,125,coches.net,furgoneta
mercedes-benz,sprinter,17200.0,2021,109300.0,electrico,manual,120,coches.net,furgoneta
maxus,deliver 9,23500.0,2024,18700.0,diesel,automatica,150,coches.net,furgoneta
fiat,ducato,17400.0,2020,126700.0,diesel,manual,160,coches.net,furgoneta
iveco,daily,28700.0,2023,44400.0,diesel,manual,150,coches.net,furgoneta
iveco,daily,20200.0,2022,87100.0,diesel,manual,100,coches.net,furgoneta
ford,transit connect,19600.0,2020,93800.0,electrico,manual,80,coches.net,furgoneta
renault,trafic,27000.0,2022,85200.0,diesel,manual,120,coches.net,furgoneta
hyundai,staria,24000.0,2021,85400.0,diesel,manual,177,coches.net,furgoneta
citroën,berlingo,17800.0,2019,128300.0,gasolina,manual,110,coches.net,furgoneta
iveco,daily,19800.0,2020,117200.0,gas,manual,90,coches.net,furgoneta
fiat,doblo cargo,24800.0,2024,24300.0,diesel,manual,90,coches.net,furgoneta
mercedes-benz,sprinter,38000.0,2023,34400.0,diesel,manual,150,coches.net,furgoneta
volkswagen,caddy,20700.0,2021,99400.0,gasolina,manual,102,coches.net,furgoneta
volkswagen,transporter,32000.0,2021,95100.0,diesel,manual,155,coches.net,furgoneta
mercedes-benz,citan,21000.0,2020,166600.0,diesel,manual,110,coches.net,furgoneta
peugeot,boxer,21700.0,2022,80700.0,diesel,manual,160,coches.net,furgoneta
citroën,berlingo,11300.0,2017,205000.0,gasolina,manual,110,coches.net,furgoneta
mercedes-benz,sprinter,25500.0,2020,141300.0,diesel,manual,110,coches.net,furgoneta
volkswagen,crafter,28000.0,2022,73500.0,hibrido,automatica,102,coches.net,furgoneta
citroën,jumper,30600.0,2024,21100.0,electrico,manual,135,coches.net,furgoneta
mercedes-benz,citan,38400.0,2024,19200.0,diesel,manual,75,coches.net,furgoneta
renault,master,24900.0,2024,16400.0,gasolina,manual,110,coches.net,furgoneta
citroën,berlingo,31300.0,2021,125200.0,electrico,manual,136,coches.net,furgoneta
opel,combo,26600.0,2024,29000.0,diesel,manual,100,coches.net,furgoneta
opel,vivaro,23000.0,2019,220000.0,diesel,manual,95,coches.net,furgoneta
citroën,berlingo,24900.0,2023,39800.0,gasolina,manual,100,coches.net,furgoneta
iveco,daily,34600.0,2024,20800.0,diesel,manual,120,coches.net,furgoneta
iveco,daily,24300.0,2024,23400.0,diesel,manual,110,coches.net,furgoneta
peugeot,partner,30600.0,2024,22100.0,electrico,automatica,141,coches.net,furgoneta
volkswagen,caddy,34700.0,2024,14000.0,diesel,manual,75,coches.net,furgoneta
renault,master,26800.0,2024,22400.0,diesel,automatica,145,coches.net,furgoneta
citroën,jumpy,24400.0,2023,37800.0,diesel,manual,145,coches.net,furgoneta
ford,transit connect,16700.0,2023,51700.0,electrico,automatica,95,coches.net,furgoneta
toyota,proace city,34200.0,2022,64400.0,diesel,automatica,100,coches.net,furgoneta
volkswagen,caddy,23800.0,2022,43300.0,diesel,manual,97,coches.net,furgoneta
volkswagen,transporter,19500.0,2018,125000.0,diesel,manual,110,coches.net,furgoneta
fiat,ducato,15700.0,2018,122800.0,hibrido,automatica,130,coches.net,furgoneta
citroën,jumpy,13800.0,2023,61400.0,diesel,manual,120,coches.net,furgoneta
peugeot,expert,18300.0,2024,13000.0,gas,manual,115,coches.net,furgoneta
hyundai,staria,25100.0,2024,17400.0,gas,manual,172,coches.net,furgoneta
mercedes-benz,citan,1710000.0,2021,81300.0,diesel,manual,130,coches.net,furgoneta
nissan,nv300,8600.0,2015,290200.0,diesel,manual,95,coches.net,furgoneta
ford,transit connect,14400.0,2018,236100.0,hibrido,manual,100,coches.net,furgoneta
mercedes-benz,vito,26700.0,2023,53500.0,diesel,automatica,140,coches.net,furgoneta
renault,trafic,8600.0,2016,202700.0,diesel,manual,150,coches.net,furgoneta
citroën,jumper,19600.0,2022,53700.0,diesel,manual,160,coches.net,furgoneta
toyota,proace city,27200.0,2023,57300.0,diesel,manual,100,coches.net,furgoneta
maxus,ev80,21800.0,2018,245300.0,electrico,automatica,125,coches.net,furgoneta
renault,kangoo,27200.0,2021,104400.0,diesel,manual,75,coches.net,furgoneta
mercedes-benz,vito,23000.0,2022,62300.0,diesel,manual,130,coches.net,furgoneta
ford,transit,33500.0,2024,32200.0,diesel,manual,125,coches.net,furgoneta
hyundai,h350,29800.0,2024,20800.0,diesel,manual,170,coches.net,furgoneta
nissan,nv300,15600.0,2019,136400.0,diesel,manual,95,coches.net,furgoneta
renault,trafic,23200.0,2020,111100.0,diesel,manual,90,coches.net,furgoneta
toyota,proace city,37000.0,2024,17000.0,diesel,manual,95,coches.net,furgoneta
maxus,deliver 9,22000.0,2018,180700.0,electrico,automatica,115,coches.net,furgoneta
peugeot,expert,17800.0,2021,110800.0,hibrido,manual,125,coches.net,furgoneta
mercedes-benz,citan,42000.0,2024,27100.0,diesel,manual,120,coches.net,furgoneta
volkswagen,transporter,25000.0,2021,93700.0,diesel,automatica,204,coches.net,furgoneta
peugeot,partner,35300.0,2022,79100.0,electrico,manual,136,coches.net,furgoneta
renault,master,35000.0,2024,31200.0,diesel,manual,180,coches.net,furgoneta
fiat,ducato,27400.0,2023,60500.0,diesel,manual,165,coches.net,furgoneta
peugeot,partner,17100.0,2020,176800.0,gasolina,automatica,110,coches.net,furgoneta
ford,transit,19900.0,2019,167700.0,diesel,manual,155,coches.net,furgoneta
toyota,proace,25800.0,2022,95400.0,diesel,manual,150,coches.net,furgoneta
renault,kangoo,21300.0,2018,202600.0,electrico,manual,90,coches.net,furgoneta
citroën,jumpy,13600.0,2017,197800.0,gasolina,manual,125,coches.net,furgoneta
opel,vivaro,26900.0,2022,49900.0,electrico,manual,185,coches.net,furgoneta
opel,vivaro,14200.0,2020,133700.0,gas,manual,95,coches.net,furgoneta
mercedes-benz,citan,18700.0,2023,36100.0,gas,automatica,130,coches.net,furgoneta
mercedes-benz,vito,3780000.0,2023,31000.0,gasolina,manual,75,coches.net,furgoneta
ford,transit connect,20000.0,2017,294400.0,electrico,automatica,70,coches.net,furgoneta
peugeot,expert,19900.0,2024,23100.0,diesel,manual,120,coches.net,furgoneta
mercedes-benz,vito,30300.0,2024,20500.0,diesel,manual,130,coches.net,furgoneta
citroën,berlingo,19700.0,2021,83200.0,gasolina,manual,110,coches.net,furgoneta
volkswagen,crafter,27300.0,2023,27200.0,diesel,manual,107,coches.net,furgoneta
citroën,jumper,18700.0,2021,103400.0,diesel,manual,130,coches.net,furgoneta
ford,transit connect,33100.0,2023,53100.0,diesel,manual,70,coches.net,furgoneta
nissan,nv400,11700.0,2017,265100.0,diesel,manual,110,coches.net,furgoneta
iveco,daily,8900.0,2017,164400.0,gasolina,automatica,150,coches.net,furgoneta
iveco,daily,23500.0,2021,95500.0,diesel,manual,140,coches.net,furgoneta
opel,combo,25900.0,2022,52400.0,diesel,automatica,100,coches.net,furgoneta
renault,trafic,26400.0,2022,82200.0,diesel,manual,120,coches.net,furgoneta
volkswagen,caddy,14400.0,2017,259900.0,gasolina,manual,119,coches.net,furgoneta
man,tge,29900.0,2023,51100.0,diesel,manual,102,coches.net,furgoneta
toyota,proace,13400.0,2018,222800.0,electrico,manual,136,coches.net,furgoneta
iveco,daily,22500.0,2022,62900.0,diesel,manual,90,coches.net,furgoneta
volkswagen,crafter,15100.0,2020,101900.0,diesel,manual,145,coches.net,furgoneta
ford,transit connect,36400.0,2024,18800.0,diesel,manual,105,coches.net,furgoneta
volkswagen,caddy,34600.0,2022,70400.0,electrico,manual,75,coches.net,furgoneta
ford,transit,9100.0,2017,178400.0,diesel,automatica,155,coches.net,furgoneta
toyota,proace city,24700.0,2020,156800.0,hibrido,manual,105,coches.net,furgoneta
fiat,doblo cargo,17700.0,2021,81700.0,diesel,manual,90,coches.net,furgoneta
fiat,scudo,24900.0,2021,97800.0,gasolina,automatica,120,coches.net,furgoneta
mercedes-benz,citan,15300.0,2016,286900.0,gasolina,automatica,100,coches.net,furgoneta
peugeot,boxer,35200.0,2023,43000.0,electrico,manual,155,coches.net,furgoneta
renault,master,25000.0,2023,44200.0,diesel,automatica,110,coches.net,furgoneta
toyota,proace,37000.0,2022,59400.0,electrico,manual,136,coches.net,furgoneta
man,tge,35400.0,2022,59800.0,diesel,manual,140,coches.net,furgoneta
volkswagen,caddy,39700.0,2020,90000.0,electrico,manual,107,coches.net,furgoneta
renault,trafic,29800.0,2022,74000.0,diesel,manual,150,coches.net,furgoneta
nissan,primastar,17900.0,2020,141300.0,diesel,manual,114,coches.net,furgoneta
renault,trafic,24000.0,2022,78300.0,gas,manual,125,coches.net,furgoneta
citroën,jumper,9700.0,2017,182900.0,diesel,manual,135,coches.net,furgoneta
maxus,deliver 9,15900.0,2021,131800.0,diesel,automatica,150,coches.net,furgoneta
renault,trafic,24700.0,2022,73900.0,diesel,automatica,120,coches.net,furgoneta
citroën,berlingo,15400.0,2020,128000.0,gasolina,manual,115,coches.net,furgoneta
citroën,berlingo,19000.0,2021,101900.0,gasolina,automatica,115,coches.net,furgoneta
mercedes-benz,citan,8300.0,2016,156500.0,diesel,manual,102,coches.net,furgoneta
nissan,nv300,27900.0,2023,44900.0,diesel,manual,95,coches.net,furgoneta
mercedes-benz,vito,26700.0,2022,54200.0,gasolina,manual,100,coches.net,furgoneta
mercedes-benz,sprinter,27300.0,2021,80100.0,gasolina,manual,150,coches.net,furgoneta
volkswagen,caddy,25700.0,2022,72000.0,diesel,manual,97,coches.net,furgoneta
peugeot,expert,20800.0,2020,106700.0,electrico,automatica,145,coches.net,furgoneta
mercedes-benz,sprinter,17500.0,2022,63800.0,diesel,manual,150,coches.net,furgoneta
opel,movano,13900.0,2022,75300.0,gas,automatica,145,coches.net,furgoneta
peugeot,expert,14000.0,2019,141600.0,gasolina,manual,120,coches.net,furgoneta
toyota,proace city,22800.0,2022,101800.0,diesel,manual,110,coches.net,furgoneta
ford,transit courier,26200.0,2024,19100.0,gasolina,manual,100,coches.net,furgoneta
peugeot,boxer,16000.0,2021,111300.0,diesel,automatica,135,coches.net,furgoneta
citroën,jumper,11100.0,2021,128200.0,diesel,automatica,155,coches.net,furgoneta
peugeot,boxer,22700.0,2022,43300.0,diesel,manual,135,coches.net,furgoneta
renault,kangoo,35900.0,2024,18900.0,electrico,automatica,85,coches.net,furgoneta
volkswagen,crafter,21400.0,2023,63500.0,diesel,manual,107,coches.net,furgoneta
nissan,primastar,24300.0,2021,103300.0,diesel,manual,119,coches.net,furgoneta
volkswagen,caddy,30200.0,2024,20400.0,gasolina,automatica,114,coches.net,furgoneta
citroën,jumpy,21200.0,2024,20500.0,diesel,manual,95,coches.net,furgoneta
renault,kangoo,19300.0,2022,58800.0,diesel,manual,75,coches.net,furgoneta
nissan,nv300,19200.0,2023,52300.0,gas,manual,100,coches.net,furgoneta
citroën,jumpy,24800.0,2023,46900.0,diesel,manual,120,coches.net,furgoneta
ford,transit connect,31200.0,2024,19100.0,diesel,manual,95,coches.net,furgoneta
fiat,ducato,24300.0,2024,30500.0,gasolina,manual,122,coches.net,furgoneta
volkswagen,transporter,1820000.0,2018,157500.0,diesel,automatica,102,coches.net,furgoneta
fiat,doblo cargo,27400.0,2023,57000.0,diesel,automatica,100,coches.net,furgoneta
mercedes-benz,vito,35100.0,2023,44400.0,diesel,manual,120,coches.net,furgoneta
volkswagen,crafter,23300.0,2022,85000.0,diesel,automatica,182,coches.net,furgoneta
fiat,scudo,12400.0,2015,291400.0,diesel,manual,140,coches.net,furgoneta
hyundai,h350,16900.0,2018,260000.0,diesel,automatica,131,coches.net,furgoneta
peugeot,partner,26300.0,2023,29300.0,gasolina,manual,110,coches.net,furgoneta
mercedes-benz,sprinter,2960000.0,2021,68600.0,diesel,automatica,150,coches.net,furgoneta
ford,transit connect,11900.0,2018,131200.0,gasolina,manual,120,coches.net,furgoneta
renault,kangoo,13200.0,2018,130500.0,gasolina,automatica,75,coches.net,furgoneta
ford,transit courier,1710000.0,2019,182400.0,diesel,manual,75,coches.net,furgoneta
renault,master,10800.0,2016,252500.0,diesel,manual,130,coches.net,furgoneta
iveco,daily,3570000.0,2023,23300.0,gas,manual,90,coches.net,furgoneta
mercedes-benz,sprinter,42600.0,2024,20500.0,diesel,automatica,130,coches.net,furgoneta
mercedes-benz,citan,30600.0,2023,38000.0,diesel,automatica,130,coches.net,furgoneta
opel,vivaro,10900.0,2018,155400.0,diesel,manual,120,coches.net,furgoneta
hyundai,staria,18600.0,2024,24700.0,diesel,manual,177,coches.net,furgoneta
ford,transit connect,26500.0,2024,24900.0,hibrido,manual,95,coches.net,furgoneta
opel,vivaro,22600.0,2021,103700.0,diesel,manual,95,coches.net,furgoneta
opel,vivaro,17300.0,2018,202000.0,diesel,manual,125,coches.net,furgoneta
renault,master,40000.0,2020,128900.0,electrico,manual,135,coches.net,furgoneta
volkswagen,transporter,27200.0,2023,54300.0,diesel,manual,204,coches.net,furgoneta
toyota,proace city,30900.0,2023,29700.0,electrico,manual,100,coches.net,furgoneta
renault,master,17400.0,2023,47300.0,diesel,manual,180,coches.net,furgoneta
peugeot,partner,25700.0,2023,27900.0,diesel,automatica,100,coches.net,furgoneta
hyundai,h350,19600.0,2018,199800.0,gas,manual,136,coches.net,furgoneta
ford,transit,7500.0,2016,278900.0,diesel,automatica,105,coches.net,furgoneta
mercedes-benz,citan,28900.0,2019,178700.0,diesel,manual,75,coches.net,furgoneta
mercedes-benz,sprinter,29100.0,2024,16400.0,diesel,automatica,140,coches.net,furgoneta
renault,trafic,14000.0,2018,258000.0,gasolina,manual,90,coches.net,furgoneta
volkswagen,transporter,28500.0,2024,20500.0,diesel,automatica,199,coches.net,furgoneta
volkswagen,transporter,29800.0,2022,77200.0,diesel,manual,115,coches.net,furgoneta
ford,transit,22800.0,2023,31600.0,diesel,manual,170,coches.net,furgoneta
volkswagen,crafter,16700.0,2023,46800.0,diesel,manual,135,coches.net,furgoneta
fiat,ducato,18200.0,2019,152800.0,diesel,manual,155,coches.net,furgoneta
renault,trafic,15100.0,2019,139700.0,diesel,manual,90,coches.net,furgoneta
peugeot,expert,43000.0,2024,20700.0,electrico,manual,120,coches.net,furgoneta
ford,transit,10300.0,2016,240200.0,diesel,manual,165,coches.net,furgoneta
renault,master,17900.0,2019,163600.0,gasolina,manual,185,coches.net,furgoneta
fiat,doblo cargo,8700.0,2020,106700.0,diesel,manual,105,coches.net,furgoneta
iveco,daily,17500.0,2022,112200.0,diesel,manual,150,coches.net,furgoneta
ford,transit connect,9000.0,2018,231300.0,diesel,manual,75,coches.net,furgoneta
renault,trafic,22800.0,2020,125900.0,diesel,manual,85,coches.net,furgoneta
ford,transit,18700.0,2022,68400.0,hibrido,manual,175,coches.net,furgoneta
mercedes-benz,sprinter,35900.0,2024,24600.0,diesel,manual,75,coches.net,furgoneta
opel,vivaro,25900.0,2022,60400.0,gas,manual,125,coches.net,furgoneta
mercedes-benz,citan,33600.0,2022,80500.0,gasolina,manual,150,coches.net,furgoneta
renault,kangoo,14500.0,2022,50400.0,diesel,manual,75,coches.net,furgoneta
iveco,daily,19500.0,2021,114800.0,hibrido,manual,90,coches.net,furgoneta
renault,trafic,17700.0,2020,112400.0,diesel,manual,125,coches.net,furgoneta
citroën,berlingo,10000.0,2019,212600.0,diesel,manual,100,coches.net,furgoneta
nissan,primastar,22900.0,2021,116700.0,hibrido,manual,119,coches.net,furgoneta
citroën,jumpy,29600.0,2023,36900.0,gas,manual,150,coches.net,furgoneta
peugeot,partner,20200.0,2019,136400.0,diesel,automatica,100,coches.net,furgoneta
volkswagen,caddy,17200.0,2018,208700.0,diesel,manual,107,coches.net,furgoneta
hyundai,h350,23800.0,2024,19700.0,diesel,manual,131,coches.net,furgoneta
volkswagen,transporter,32000.0,2020,120200.0,gasolina,manual,145,coches.net,furgoneta
volkswagen,transporter,30800.0,2019,121800.0,diesel,automatica,209,coches.net,furgoneta
iveco,daily,20800.0,2023,44000.0,diesel,manual,140,coches.net,furgoneta
fiat,scudo,26600.0,2024,13600.0,hibrido,manual,115,coches.net,furgoneta
ford,transit,38600.0,2024,27400.0,diesel,manual,155,coches.net,furgoneta
peugeot,boxer,18600.0,2022,89600.0,diesel,manual,160,coches.net,furgoneta
ford,transit connect,14000.0,2022,83400.0,diesel,automatica,120,coches.net,furgoneta
opel,vivaro,16900.0,2020,92900.0,gasolina,manual,120,coches.net,furgoneta
hyundai,staria,26400.0,2023,37000.0,diesel,manual,172,coches.net,furgoneta
ford,transit courier,12300.0,2020,140400.0,diesel,automatica,70,coches.net,furgoneta
renault,kangoo,12900.0,2021,89300.0,diesel,automatica,95,coches.net,furgoneta
toyota,proace city,27200.0,2022,99800.0,diesel,manual,95,coches.net,furgoneta
iveco,daily,26800.0,2022,73600.0,diesel,manual,120,coches.net,furgoneta
opel,combo,24500.0,2021,86400.0,gasolina,manual,110,coches.net,furgoneta
nissan,nv400,21900.0,2023,35100.0,diesel,automatica,110,coches.net,furgoneta
volkswagen,transporter,23500.0,2022,70800.0,gas,automatica,105,coches.net,furgoneta
volkswagen,caddy,30600.0,2024,17900.0,diesel,manual,102,coches.net,furgoneta
fiat,ducato,19300.0,2020,130700.0,diesel,automatica,160,coches.net,furgoneta
peugeot,partner,22600.0,2023,43300.0,gasolina,manual,110,coches.net,furgoneta
mercedes-benz,citan,19400.0,2020,108500.0,diesel,manual,90,coches.net,furgoneta
citroën,jumpy,8000.0,2017,239000.0,diesel,manual,100,coches.net,furgoneta
iveco,daily,25600.0,2019,162600.0,hibrido,manual,110,coches.net,furgoneta
ford,transit connect,41200.0,2024,19400.0,electrico,manual,100,coches.net,furgoneta
volkswagen,caddy,27400.0,2023,37800.0,diesel,manual,75,coches.net,furgoneta
volkswagen,transporter,12900.0,2019,185800.0,hibrido,manual,110,coches.net,furgoneta
peugeot,boxer,27100.0,2023,49500.0,diesel,manual,160,coches.net,furgoneta
volkswagen,caddy,24900.0,2020,158600.0,electrico,manual,75,coches.net,furgoneta
citroën,jumper,24500.0,2022,66300.0,diesel,automatica,130,coches.net,furgoneta
ford,transit courier,22400.0,2023,56200.0,diesel,manual,80,coches.net,furgoneta
renault,kangoo,28800.0,2023,66300.0,diesel,manual,80,coches.net,furgoneta
nissan,nv200,29900.0,2024,17300.0,diesel,automatica,110,coches.net,furgoneta
ford,transit,29600.0,2024,15100.0,diesel,manual,130,coches.net,furgoneta
renault,master,30700.0,2023,53100.0,diesel,manual,140,coches.net,furgoneta
volkswagen,crafter,29300.0,2024,11100.0,diesel,manual,182,coches.net,furgoneta
fiat,scudo,25500.0,2020,117500.0,gasolina,manual,140,coches.net,furgoneta
peugeot,boxer,12700.0,2018,99100.0,gas,manual,130,coches.net,furgoneta
nissan,primastar,26200.0,2022,63000.0,diesel,manual,114,coches.net,furgoneta
ford,transit connect,19300.0,2018,170900.0,hibrido,manual,70,coches.net,furgoneta
fiat,doblo cargo,14800.0,2022,57100.0,diesel,manual,95,coches.net,furgoneta
opel,combo,29000.0,2023,40300.0,diesel,manual,105,coches.net,furgoneta
citroën,berlingo,28700.0,2023,46100.0,electrico,manual,136,coches.net,furgoneta
volkswagen,crafter,29400.0,2020,139400.0,diesel,manual,140,coches.net,furgoneta
nissan,nv400,15700.0,2023,34900.0,diesel,manual,105,coches.net,furgoneta
volkswagen,caddy,1080000.0,2020,125400.0,diesel,manual,75,coches.net,furgoneta
citroën,berlingo,7500.0,2016,157300.0,gasolina,manual,115,coches.net,furgoneta
renault,master,22200.0,2020,158100.0,diesel,manual,180,coches.net,furgoneta
volkswagen,transporter,31800.0,2021,141100.0,diesel,manual,105,coches.net,furgoneta
mercedes-benz,citan,25900.0,2020,110100.0,gasolina,manual,110,coches.net,furgoneta
nissan,primastar,24000.0,2023,41600.0,diesel,automatica,114,coches.net,furgoneta
volkswagen,caddy,21300.0,2021,96200.0,gas,manual,102,coches.net,furgoneta
hyundai,h350,23600.0,2022,71300.0,gasolina,automatica,141,coches.net,furgoneta
ford,transit connect,27700.0,2024,21100.0,hibrido,manual,75,coches.net,furgoneta
nissan,nv200,21800.0,2024,23400.0,diesel,manual,85,coches.net,furgoneta
volkswagen,crafter,10200.0,2017,215300.0,diesel,automatica,177,coches.net,furgoneta
nissan,nv400,20800.0,2022,64100.0,hibrido,automatica,145,coches.net,furgoneta
mercedes-benz,sprinter,40300.0,2024,25400.0,diesel,manual,140,coches.net,furgoneta
mercedes-benz,sprinter,25400.0,2022,85000.0,diesel,manual,120,coches.net,furgoneta
citroën,jumper,19800.0,2020,101700.0,diesel,automatica,160,coches.net,furgoneta
man,tge,10700.0,2017,251400.0,diesel,manual,145,coches.net,furgoneta
citroën,jumper,22200.0,2021,99500.0,diesel,manual,140,coches.net,furgoneta
fiat,doblo cargo,17300.0,2020,115200.0,hibrido,manual,100,coches.net,furgoneta
volkswagen,crafter,16900.0,2020,160500.0,diesel,manual,102,coches.net,furgoneta
mercedes-benz,vito,18200.0,2018,217300.0,diesel,manual,140,coches.net,furgoneta
iveco,daily,19200.0,2023,56900.0,diesel,manual,140,coches.net,furgoneta
renault,trafic,27200.0,2023,41900.0,diesel,manual,150,coches.net,furgoneta
mercedes-benz,sprinter,20500.0,2017,173500.0,diesel,manual,102,coches.net,furgoneta
ford,transit courier,28000.0,2019,176300.0,electrico,manual,80,coches.net,furgoneta
ford,transit,14600.0,2016,228200.0,diesel,automatica,105,coches.net,furgoneta
toyota,proace,21100.0,2021,98200.0,diesel,automatica,120,coches.net,furgoneta
opel,vivaro,16900.0,2023,42100.0,diesel,manual,105,coches.net,furgoneta
fiat,doblo cargo,13300.0,2019,186000.0,diesel,manual,105,coches.net,furgoneta
nissan,primastar,28000.0,2024,32400.0,hibrido,manual,109,coches.net,furgoneta
ford,transit connect,16300.0,2020,152400.0,diesel,manual,120,coches.net,furgoneta
opel,vivaro,11100.0,2019,141400.0,electrico,manual,115,coches.net,furgoneta
hyundai,h350,12300.0,2021,95100.0,diesel,manual,170,coches.net,furgoneta
hyundai,h350,26400.0,2023,49800.0,diesel,automatica,170,coches.net,furgoneta
hyundai,staria,20500.0,2022,66600.0,gas,manual,177,coches.net,furgoneta
ford,transit,19700.0,2021,102600.0,diesel,manual,130,coches.net,furgoneta
peugeot,expert,26300.0,2022,69900.0,hibrido,automatica,100,coches.net,furgoneta
peugeot,expert,29400.0,2024,19600.0,diesel,manual,145,coches.net,furgoneta
ford,transit,11000.0,2019,157300.0,diesel,manual,125,coches.net,furgoneta
mercedes-benz,sprinter,17700.0,2019,169400.0,hibrido,manual,150,coches.net,furgoneta
renault,trafic,22900.0,2023,46600.0,diesel,manual,150,coches.net,furgoneta
peugeot,boxer,10300.0,2021,105000.0,hibrido,manual,140,coches.net,furgoneta
maxus,ev80,30400.0,2022,58400.0,electrico,automatica,125,coches.net,furgoneta
citroën,jumper,11100.0,2020,180000.0,diesel,manual,130,coches.net,furgoneta
renault,kangoo,22200.0,2021,85800.0,electrico,automatica,85,coches.net,furgoneta
citroën,jumpy,23800.0,2023,50700.0,diesel,manual,120,coches.net,furgoneta
peugeot,expert,28600.0,2022,63300.0,diesel,manual,120,coches.net,furgoneta
volkswagen,transporter,26500.0,2023,51900.0,diesel,manual,150,coches.net,furgoneta
toyota,proace,26800.0,2023,46400.0,gas,manual,120,coches.net,furgoneta
mercedes-benz,vito,15400.0,2017,176900.0,diesel,automatica,110,coches.net,furgoneta
volkswagen,transporter,28300.0,2019,174700.0,diesel,manual,110,coches.net,furgoneta
volkswagen,crafter,20400.0,2018,166200.0,diesel,automatica,140,coches.net,furgoneta
toyota,proace,28800.0,2024,19400.0,diesel,manual,115,coches.net,furgoneta
nissan,primastar,21400.0,2023,36200.0,diesel,manual,109,coches.net,furgoneta
renault,trafic,21800.0,2021,59600.0,hibrido,automatica,85,coches.net,furgoneta
ford,transit,2410000.0,2022,50000.0,diesel,manual,165,coches.net,furgoneta
hyundai,h350,21000.0,2022,89500.0,gas,manual,175,coches.net,furgoneta
opel,movano,11100.0,2016,232200.0,diesel,manual,145,coches.net,furgoneta
opel,movano,24300.0,2022,67200.0,diesel,manual,115,coches.net,furgoneta
peugeot,expert,24200.0,2022,81100.0,gas,manual,120,coches.net,furgoneta
mercedes-benz,vito,7500.0,2017,190100.0,diesel,manual,130,coches.net,furgoneta
iveco,daily,17900.0,2020,93200.0,diesel,manual,130,coches.net,furgoneta
peugeot,boxer,32000.0,2024,25000.0,hibrido,manual,140,coches.net,furgoneta
citroën,jumpy,13300.0,2018,175900.0,diesel,manual,120,coches.net,furgoneta
mercedes-benz,citan,26500.0,2020,128300.0,gasolina,manual,150,coches.net,furgoneta
toyota,proace,29100.0,2024,17800.0,diesel,manual,115,coches.net,furgoneta
mercedes-benz,sprinter,22800.0,2023,50300.0,gas,manual,90,coches.net,furgoneta
opel,vivaro,24400.0,2022,76200.0,gas,manual,180,coches.net,furgoneta
ford,transit connect,30700.0,2022,81200.0,diesel,manual,125,coches.net,furgoneta
renault,trafic,25900.0,2024,21800.0,gasolina,manual,150,coches.net,furgoneta
hyundai,h350,9900.0,2015,250200.0,gasolina,manual,136,coches.net,furgoneta
volkswagen,caddy,19700.0,2022,90900.0,gas,manual,107,coches.net,furgoneta
citroën,jumper,19900.0,2023,24100.0,diesel,manual,145,coches.net,furgoneta
peugeot,expert,25200.0,2023,50700.0,diesel,manual,145,coches.net,furgoneta
citroën,berlingo,14600.0,2021,104900.0,diesel,manual,100,coches.net,furgoneta
renault,master,15400.0,2021,129200.0,diesel,manual,135,coches.net,furgoneta
mercedes-benz,sprinter,18700.0,2018,91400.0,diesel,automatica,110,coches.net,furgoneta
iveco,daily,12200.0,2016,271400.0,diesel,manual,130,coches.net,furgoneta
iveco,daily,13900.0,2019,142800.0,diesel,manual,110,coches.net,furgoneta
volkswagen,crafter,25600.0,2024,19500.0,diesel,manual,145,coches.net,furgoneta
citroën,jumper,12900.0,2019,146300.0,diesel,automatica,155,coches.net,furgoneta
iveco,daily,22900.0,2024,15100.0,gasolina,manual,100,coches.net,furgoneta
mercedes-benz,sprinter,29100.0,2019,102500.0,diesel,manual,90,coches.net,furgoneta
nissan,nv300,12000.0,2018,162500.0,diesel,automatica,90,coches.net,furgoneta
peugeot,boxer,28300.0,2024,25100.0,diesel,manual,165,coches.net,furgoneta
citroën,jumper,18300.0,2021,86600.0,diesel,manual,140,coches.net,furgoneta
peugeot,partner,31200.0,2024,22000.0,diesel,manual,100,coches.net,furgoneta
ford,transit,28300.0,2022,63100.0,electrico,manual,170,coches.net,furgoneta
renault,trafic,16600.0,2020,97000.0,hibrido,manual,85,coches.net,furgoneta
mercedes-benz,citan,34200.0,2024,21500.0,diesel,manual,102,coches.net,furgoneta
ford,transit connect,13100.0,2016,146700.0,diesel,automatica,115,coches.net,furgoneta
ford,transit courier,32900.0,2023,65400.0,gasolina,manual,105,coches.net,furgoneta
iveco,daily,14300.0,2021,134400.0,diesel,manual,75,coches.net,furgoneta
ford,transit,11300.0,2017,201800.0,diesel,manual,105,coches.net,furgoneta
renault,kangoo,26700.0,2020,98300.0,electrico,manual,90,coches.net,furgoneta
iveco,daily,11300.0,2015,240200.0,diesel,automatica,110,coches.net,furgoneta
opel,movano,15100.0,2021,80700.0,diesel,automatica,110,coches.net,furgoneta
volkswagen,crafter,18700.0,2019,157200.0,gasolina,automatica,140,coches.net,furgoneta
iveco,daily,22200.0,2022,57700.0,diesel,manual,140,coches.net,furgoneta
mercedes-benz,vito,19300.0,2018,168100.0,diesel,manual,110,coches.net,furgoneta
renault,master,20100.0,2022,68000.0,diesel,automatica,135,coches.net,furgoneta
man,tge,29500.0,2019,183500.0,diesel,manual,140,coches.net,furgoneta
renault,kangoo,24200.0,2023,56400.0,gasolina,manual,75,coches.net,furgoneta
hyundai,staria,24700.0,2023,39000.0,electrico,manual,177,coches.net,furgoneta
volkswagen,transporter,24100.0,2018,242700.0,hibrido,manual,102,coches.net,furgoneta
citroën,berlingo,16500.0,2022,70400.0,diesel,manual,100,coches.net,furgoneta
ford,transit connect,29700.0,2021,116600.0,hibrido,manual,100,coches.net,furgoneta
fiat,ducato,11600.0,2017,228600.0,gasolina,automatica,122,coches.net,furgoneta
mercedes-benz,vito,34200.0,2021,117100.0,hibrido,manual,75,coches.net,furgoneta
ford,transit connect,12800.0,2020,166100.0,diesel,manual,100,coches.net,furgoneta
iveco,daily,3110000.0,2024,20100.0,diesel,automatica,75,coches.net,furgoneta
fiat,doblo cargo,11200.0,2016,278900.0,diesel,automatica,85,coches.net,furgoneta
citroën,jumpy,25900.0,2022,75700.0,diesel,automatica,120,coches.net,furgoneta
volkswagen,crafter,35200.0,2024,20100.0,diesel,automatica,107,coches.net,furgoneta
ford,transit,17100.0,2022,57100.0,diesel,manual,155,coches.net,furgoneta
opel,vivaro,20100.0,2023,48300.0,diesel,manual,180,coches.net,furgoneta
peugeot,partner,24000.0,2021,95500.0,gasolina,automatica,95,coches.net,furgoneta
fiat,doblo cargo,22300.0,2024,19800.0,gas,automatica,105,coches.net,furgoneta
maxus,deliver 9,20600.0,2023,36000.0,electrico,manual,115,coches.net,furgoneta
iveco,daily,29700.0,2023,36500.0,diesel,manual,120,coches.net,furgoneta
renault,master,21300.0,2021,109800.0,diesel,automatica,115,coches.net,furgoneta
citroën,jumpy,19600.0,2021,68600.0,diesel,automatica,150,coches.net,furgoneta
ford,transit,11400.0,2019,103800.0,diesel,manual,130,coches.net,furgoneta
mercedes-benz,sprinter,30700.0,2020,109900.0,diesel,manual,110,coches.net,furgoneta
citroën,jumper,19600.0,2023,46700.0,diesel,manual,145,coches.net,furgoneta
opel,movano,20100.0,2022,64600.0,diesel,manual,145,coches.net,furgoneta
ford,transit courier,9800.0,2018,225700.0,gasolina,manual,95,coches.net,furgoneta
maxus,ev80,8900.0,2016,270400.0,electrico,automatica,120,coches.net,furgoneta
opel,movano,7500.0,2018,146400.0,diesel,manual,115,coches.net,furgoneta
renault,trafic,33200.0,2023,51300.0,diesel,manual,90,coches.net,furgoneta
fiat,ducato,30600.0,2024,26400.0,diesel,manual,122,coches.net,furgoneta
peugeot,boxer,17400.0,2020,138300.0,gasolina,manual,165,coches.net,furgoneta
mercedes-benz,sprinter,19700.0,2020,108200.0,diesel,manual,140,coches.net,furgoneta
iveco,daily,28200.0,2022,79400.0,diesel,manual,140,coches.net,furgoneta
mercedes-benz,citan,26000.0,2023,30300.0,diesel,manual,130,coches.net,furgoneta
renault,master,29700.0,2022,36800.0,diesel,manual,180,coches.net,furgoneta
renault,trafic,22100.0,2021,115300.0,diesel,automatica,115,coches.net,furgoneta
volkswagen,crafter,25800.0,2018,170800.0,diesel,manual,182,coches.net,furgoneta
nissan,nv200,30300.0,2022,84700.0,electrico,manual,90,coches.net,furgoneta
ford,transit connect,18800.0,2020,140800.0,diesel,manual,100,coches.net,furgoneta
nissan,nv400,21200.0,2022,81000.0,diesel,manual,145,coches.net,furgoneta
renault,trafic,22600.0,2022,85000.0,diesel,automatica,150,coches.net,furgoneta
ford,transit,20800.0,2022,69100.0,diesel,manual,155,coches.net,furgoneta
peugeot,partner,30900.0,2024,30300.0,electrico,manual,131,coches.net,furgoneta
fiat,ducato,26500.0,2024,28800.0,diesel,manual,160,coches.net,furgoneta
maxus,ev80,25500.0,2020,94600.0,electrico,manual,125,coches.net,furgoneta
renault,trafic,18300.0,2023,59400.0,diesel,manual,115,coches.net,furgoneta
opel,combo,32700.0,2024,25900.0,diesel,manual,100,coches.net,furgoneta
fiat,ducato,10300.0,2020,101300.0,diesel,manual,135,coches.net,furgoneta
maxus,deliver 9,23400.0,2021,98100.0,electrico,automatica,120,coches.net,furgoneta
volkswagen,caddy,26400.0,2022,73000.0,diesel,manual,75,coches.net,furgoneta
opel,movano,13900.0,2018,196700.0,diesel,automatica,163,coches.net,furgoneta
mercedes-benz,vito,24000.0,2021,85300.0,diesel,automatica,120,coches.net,furgoneta
hyundai,staria,14500.0,2018,189200.0,diesel,manual,172,coches.net,furgoneta
ford,transit,25700.0,2023,54000.0,diesel,manual,130,coches.net,furgoneta
volkswagen,transporter,33000.0,2023,48300.0,diesel,manual,110,coches.net,furgoneta
renault,trafic,25500.0,2022,58700.0,gasolina,manual,145,coches.net,furgoneta
opel,movano,19500.0,2019,167200.0,diesel,manual,110,coches.net,furgoneta
fiat,scudo,30600.0,2024,21500.0,electrico,manual,145,coches.net,furgoneta
ford,transit connect,28900.0,2022,63600.0,diesel,automatica,75,coches.net,furgoneta
renault,trafic,31000.0,2020,140300.0,diesel,manual,90,coches.net,furgoneta
peugeot,expert,8100.0,2019,170300.0,diesel,manual,145,coches.net,furgoneta
peugeot,expert,15900.0,2018,243500.0,gas,manual,155,coches.net,furgoneta
toyota,proace city,13900.0,2022,95100.0,diesel,manual,100,coches.net,furgoneta
nissan,primastar,13600.0,2020,134400.0,diesel,manual,119,coches.net,furgoneta
opel,movano,24200.0,2023,38400.0,diesel,manual,168,coches.net,furgoneta
citroën,berlingo,24700.0,2023,42800.0,electrico,manual,136,coches.net,furgoneta
toyota,proace,19500.0,2023,34500.0,electrico,manual,131,coches.net,furgoneta
mercedes-benz,vito,31700.0,2022,61300.0,diesel,manual,120,coches.net,furgoneta
hyundai,staria,24200.0,2023,53100.0,gas,manual,177,coches.net,furgoneta
volkswagen,crafter,16100.0,2020,121600.0,diesel,manual,102,coches.net,furgoneta
mercedes-benz,citan,29700.0,2019,163800.0,diesel,manual,130,coches.net,furgoneta
ford,transit connect,19900.0,2020,170300.0,diesel,manual,105,coches.net,furgoneta
iveco,daily,36100.0,2024,25100.0,diesel,manual,150,coches.net,furgoneta
renault,kangoo,23200.0,2019,91600.0,electrico,manual,90,coches.net,furgoneta
man,tge,26400.0,2020,122300.0,diesel,manual,102,coches.net,furgoneta
nissan,nv400,18600.0,2020,121100.0,diesel,manual,115,coches.net,furgoneta
ford,transit courier,27300.0,2021,96800.0,gasolina,manual,100,coches.net,furgoneta
nissan,primastar,22500.0,2020,110700.0,electrico,manual,119,coches.net,furgoneta
mercedes-benz,vito,28400.0,2023,59600.0,diesel,manual,102,coches.net,furgoneta
volkswagen,crafter,27200.0,2023,47400.0,gasolina,manual,172,coches.net,furgoneta
mercedes-benz,vito,45800.0,2023,57200.0,diesel,manual,75,coches.net,furgoneta
opel,vivaro,20200.0,2019,184600.0,diesel,manual,100,coches.net,furgoneta
iveco,daily,27900.0,2021,121300.0,diesel,manual,110,coches.net,furgoneta
mercedes-benz,vito,25300.0,2023,33500.0,gasolina,manual,100,coches.net,furgoneta
iveco,daily,24200.0,2020,165800.0,diesel,manual,120,coches.net,furgoneta
renault,kangoo,38700.0,2024,17700.0,diesel,automatica,95,coches.net,furgoneta
ford,transit,10200.0,2016,269800.0,gasolina,manual,155,coches.net,furgoneta
ford,transit,11700.0,2018,162800.0,diesel,manual,170,coches.net,furgoneta
peugeot,partner,29400.0,2023,26500.0,electrico,automatica,141,coches.net,furgoneta
peugeot,partner,20000.0,2023,47900.0,gasolina,manual,110,coches.net,furgoneta
renault,kangoo,33500.0,2021,97500.0,electrico,manual,70,coches.net,furgoneta
iveco,daily,25000.0,2024,19800.0,diesel,manual,102,coches.net,furgoneta
peugeot,expert,22300.0,2020,101100.0,diesel,manual,120,coches.net,furgoneta
toyota,proace,17200.0,2018,188500.0,diesel,manual,115,coches.net,furgoneta
citroën,jumper,19700.0,2022,34900.0,diesel,manual,130,coches.net,furgoneta
peugeot,partner,14100.0,2017,269100.0,gas,manual,100,coches.net,furgoneta
peugeot,partner,32600.0,2021,92200.0,electrico,manual,136,coches.net,furgoneta
mercedes-benz,sprinter,28100.0,2022,35600.0,diesel,automatica,100,coches.net,furgoneta
fiat,doblo cargo,20200.0,2019,172500.0,diesel,automatica,90,coches.net,furgoneta
mercedes-benz,vito,42300.0,2023,36700.0,electrico,manual,102,coches.net,furgoneta
opel,combo,33600.0,2024,16900.0,diesel,manual,100,coches.net,furgoneta
volkswagen,crafter,15800.0,2019,202800.0,diesel,manual,140,coches.net,furgoneta
ford,transit courier,17500.0,2015,278900.0,hibrido,manual,80,coches.net,furgoneta
renault,master,26400.0,2022,47200.0,diesel,manual,115,coches.net,furgoneta
iveco,daily,18400.0,2023,38400.0,diesel,manual,140,coches.net,furgoneta
renault,trafic,21500.0,2024,16900.0,diesel,manual,120,coches.net,furgoneta
renault,master,38900.0,2024,17200.0,diesel,manual,175,coches.net,furgoneta
peugeot,expert,23800.0,2023,51300.0,hibrido,automatica,120,coches.net,furgoneta
maxus,deliver 9,23700.0,2023,61100.0,diesel,automatica,155,coches.net,furgoneta
hyundai,h350,34300.0,2022,64000.0,diesel,manual,165,coches.net,furgoneta
toyota,proace,14200.0,2019,184000.0,diesel,automatica,120,coches.net,furgoneta
renault,trafic,24600.0,2024,17500.0,diesel,manual,150,coches.net,furgoneta
ford,transit courier,14400.0,2016,243700.0,diesel,manual,70,coches.net,furgoneta
opel,vivaro,14600.0,2022,67100.0,diesel,manual,100,coches.net,furgoneta
ford,transit courier,34300.0,2023,38200.0,gasolina,manual,100,coches.net,furgoneta
nissan,nv400,20800.0,2021,112900.0,diesel,manual,110,coches.net,furgoneta
fiat,ducato,7500.0,2016,336400.0,diesel,manual,117,coches.net,furgoneta
peugeot,expert,30200.0,2023,56400.0,electrico,manual,150,coches.net,furgoneta
volkswagen,transporter,28300.0,2023,54100.0,diesel,manual,102,coches.net,furgoneta
volkswagen,crafter,18900.0,2022,87000.0,diesel,manual,177,coches.net,furgoneta
opel,vivaro,14500.0,2021,72800.0,diesel,manual,115,coches.net,furgoneta
volkswagen,transporter,16600.0,2021,93800.0,diesel,manual,204,coches.net,furgoneta
renault,kangoo,21800.0,2023,49600.0,hibrido,manual,95,coches.net,furgoneta
ford,transit connect,21400.0,2020,167300.0,diesel,manual,120,coches.net,furgoneta
iveco,daily,33100.0,2022,84200.0,electrico,manual,130,coches.net,furgoneta
renault,master,13200.0,2018,169900.0,diesel,manual,105,coches.net,furgoneta
man,tge,11500.0,2016,272300.0,diesel,automatica,140,coches.net,furgoneta
toyota,proace,18800.0,2020,157500.0,electrico,manual,136,coches.net,furgoneta
nissan,nv400,34400.0,2024,20000.0,electrico,manual,115,coches.net,furgoneta
volkswagen,caddy,44500.0,2023,48800.0,electrico,manual,75,coches.net,furgoneta
mercedes-benz,sprinter,41100.0,2022,76300.0,electrico,manual,110,coches.net,furgoneta
iveco,daily,9100.0,2017,197800.0,diesel,manual,102,coches.net,furgoneta
volkswagen,transporter,27300.0,2021,79500.0,diesel,manual,150,coches.net,furgoneta
peugeot,boxer,20600.0,2020,115400.0,diesel,manual,135,coches.net,furgoneta
mercedes-benz,vito,32200.0,2021,68200.0,diesel,manual,110,coches.net,furgoneta
fiat,scudo,28300.0,2024,28600.0,diesel,manual,115,coches.net,furgoneta
ford,transit courier,30500.0,2023,43800.0,gasolina,automatica,100,coches.net,furgoneta
volkswagen,crafter,25400.0,2019,134200.0,hibrido,manual,182,coches.net,furgoneta
fiat,scudo,25600.0,2024,27900.0,diesel,manual,120,coches.net,furgoneta
volkswagen,transporter,15900.0,2022,67800.0,diesel,automatica,115,coches.net,furgoneta
peugeot,expert,7500.0,2019,122200.0,diesel,manual,150,coches.net,furgoneta
nissan,nv300,26600.0,2023,46400.0,gas,manual,100,coches.net,furgoneta
ford,transit,27000.0,2023,66200.0,diesel,automatica,130,coches.net,furgoneta
volkswagen,caddy,30100.0,2022,81400.0,gasolina,automatica,114,coches.net,furgoneta
volkswagen,caddy,28000.0,2024,21000.0,hibrido,automatica,80,coches.net,furgoneta
ford,transit,20800.0,2021,116800.0,diesel,manual,125,coches.net,furgoneta
toyota,proace,21900.0,2021,88100.0,diesel,manual,145,coches.net,furgoneta
renault,kangoo,16100.0,2020,162600.0,diesel,manual,80,coches.net,furgoneta
mercedes-benz,citan,9700.0,2016,266600.0,diesel,manual,140,coches.net,furgoneta
volkswagen,crafter,19800.0,2015,208100.0,diesel,manual,177,coches.net,furgoneta
fiat,ducato,30700.0,2020,109400.0,electrico,manual,165,coches.net,furgoneta
hyundai,staria,22700.0,2022,61500.0,diesel,manual,177,coches.net,furgoneta
ford,transit connect,8700.0,2016,272500.0,electrico,manual,100,coches.net,furgoneta
fiat,doblo cargo,24300.0,2021,111700.0,diesel,automatica,85,coches.net,furgoneta
ford,transit connect,17700.0,2019,101600.0,hibrido,manual,80,coches.net,furgoneta
ford,transit,15900.0,2021,126200.0,diesel,manual,130,coches.net,furgoneta
man,tge,16500.0,2017,194400.0,diesel,manual,145,coches.net,furgoneta
peugeot,partner,24200.0,2023,50000.0,electrico,manual,131,coches.net,furgoneta
toyota,proace city,21500.0,2024,13500.0,diesel,manual,100,coches.net,furgoneta
renault,master,18000.0,2020,104600.0,gasolina,manual,110,coches.net,furgoneta
renault,kangoo,10700.0,2019,169600.0,electrico,manual,75,coches.net,furgoneta
renault,kangoo,22500.0,2023,45000.0,diesel,manual,75,coches.net,furgoneta
opel,combo,12400.0,2020,175100.0,diesel,manual,115,coches.net,furgoneta
volkswagen,transporter,23900.0,2021,68500.0,diesel,manual,102,coches.net,furgoneta
renault,kangoo,19600.0,2017,285700.0,diesel,manual,90,coches.net,furgoneta
renault,kangoo,17000.0,2020,78600.0,diesel,manual,75,coches.net,furgoneta
fiat,doblo cargo,19700.0,2020,116700.0,gasolina,manual,95,coches.net,furgoneta
ford,transit courier,16800.0,2020,101900.0,gasolina,automatica,105,coches.net,furgoneta
mercedes-benz,sprinter,17200.0,2022,77300.0,diesel,manual,140,coches.net,furgoneta
mercedes-benz,sprinter,19700.0,2020,142900.0,diesel,manual,75,coches.net,furgoneta
volkswagen,transporter,32600.0,2021,87900.0,diesel,manual,199,coches.net,furgoneta
renault,kangoo,26900.0,2021,136300.0,electrico,manual,90,coches.net,furgoneta
fiat,scudo,2760000.0,2023,40900.0,diesel,manual,120,coches.net,furgoneta
renault,kangoo,18100.0,2022,88400.0,diesel,manual,75,coches.net,furgoneta
ford,transit,24200.0,2021,88300.0,gasolina,manual,155,coches.net,furgoneta
volkswagen,transporter,26100.0,2020,140500.0,diesel,manual,110,coches.net,furgoneta
ford,transit,15200.0,2018,126800.0,hibrido,manual,150,coches.net,furgoneta
ford,transit courier,17500.0,2022,80100.0,diesel,manual,70,coches.net,furgoneta
maxus,ev80,26300.0,2023,42000.0,electrico,automatica,115,coches.net,furgoneta
volkswagen,transporter,23300.0,2019,163700.0,diesel,manual,150,coches.net,furgoneta
mercedes-benz,citan,30600.0,2024,18400.0,electrico,manual,140,coches.net,furgoneta
fiat,scudo,20100.0,2024,22800.0,diesel,automatica,125,coches.net,furgoneta
renault,master,9800.0,2015,194700.0,diesel,manual,110,coches.net,furgoneta
nissan,primastar,19200.0,2022,68500.0,diesel,automatica,109,coches.net,furgoneta
fiat,ducato,23100.0,2023,34000.0,diesel,manual,155,coches.net,furgoneta
citroën,jumper,13700.0,2019,138900.0,diesel,manual,160,coches.net,furgoneta
fiat,doblo cargo,21500.0,2023,37200.0,gasolina,manual,85,coches.net,furgoneta
toyota,proace,8500.0,2015,365000.0,diesel,manual,145,coches.net,furgoneta
opel,combo,21400.0,2023,53800.0,gas,manual,95,coches.net,furgoneta
ford,transit,14900.0,2017,227000.0,diesel,manual,125,coches.net,furgoneta
iveco,daily,24500.0,2021,106000.0,electrico,manual,100,coches.net,furgoneta
toyota,proace city,32500.0,2020,93300.0,electrico,manual,110,coches.net,furgoneta
nissan,nv400,11000.0,2018,226300.0,diesel,manual,145,coches.net,furgoneta
volkswagen,transporter,29800.0,2022,66100.0,diesel,manual,102,coches.net,furgoneta
renault,trafic,31700.0,2024,24600.0,electrico,manual,155,coches.net,furgoneta
ford,transit,24100.0,2024,18200.0,gasolina,manual,135,coches.net,furgoneta
peugeot,partner,19100.0,2022,41400.0,gasolina,manual,110,coches.net,furgoneta
renault,trafic,26000.0,2023,39100.0,diesel,manual,90,coches.net,furgoneta
ford,transit connect,28200.0,2022,81600.0,diesel,manual,120,coches.net,furgoneta
citroën,jumpy,17800.0,2017,203600.0,diesel,manual,145,coches.net,furgoneta
mercedes-benz,citan,23500.0,2017,209400.0,electrico,manual,100,coches.net,furgoneta
peugeot,partner,32900.0,2024,17600.0,gasolina,manual,105,coches.net,furgoneta
toyota,proace,8400.0,2017,149300.0,diesel,automatica,120,coches.net,furgoneta
mercedes-benz,vito,26100.0,2021,77300.0,diesel,automatica,140,coches.net,furgoneta
renault,trafic,13400.0,2021,96300.0,gasolina,manual,90,coches.net,furgoneta
mercedes-benz,citan,30900.0,2021,98300.0,diesel,manual,90,coches.net,furgoneta
peugeot,boxer,17400.0,2020,170700.0,gasolina,manual,160,coches.net,furgoneta
peugeot,expert,11900.0,2017,186900.0,diesel,automatica,155,coches.net,furgoneta
volkswagen,caddy,19100.0,2016,206900.0,electrico,automatica,75,coches.net,furgoneta
volkswagen,transporter,29600.0,2023,53400.0,diesel,manual,105,coches.net,furgoneta
toyota,proace city,17000.0,2022,55400.0,diesel,automatica,100,coches.net,furgoneta
ford,transit courier,22800.0,2023,48200.0,gasolina,manual,100,coches.net,furgoneta
fiat,doblo cargo,30500.0,2022,69300.0,electrico,automatica,90,coches.net,furgoneta
renault,trafic,28500.0,2021,92500.0,diesel,manual,115,coches.net,furgoneta
renault,master,31100.0,2022,80000.0,diesel,manual,135,coches.net,furgoneta
iveco,daily,13200.0,2018,229100.0,diesel,manual,140,coches.net,furgoneta
fiat,ducato,17400.0,2023,48000.0,diesel,manual,122,coches.net,furgoneta
mercedes-benz,vito,19800.0,2019,185500.0,diesel,manual,120,coches.net,furgoneta
fiat,doblo cargo,29100.0,2023,39800.0,gas,manual,110,coches.net,furgoneta
opel,vivaro,29400.0,2022,80400.0,diesel,manual,180,coches.net,furgoneta
man,tge,29000.0,2019,200600.0,diesel,automatica,97,coches.net,furgoneta
renault,master,19900.0,2022,81300.0,diesel,manual,150,coches.net,furgoneta
hyundai,staria,14000.0,2018,176800.0,diesel,manual,177,coches.net,furgoneta
renault,master,13800.0,2022,60300.0,gasolina,manual,105,coches.net,furgoneta
peugeot,boxer,20700.0,2020,89100.0,gas,manual,130,coches.net,furgoneta
ford,transit connect,34300.0,2024,18100.0,electrico,automatica,80,coches.net,furgoneta
nissan,nv400,24200.0,2024,28100.0,diesel,automatica,110,coches.net,furgoneta
opel,combo,13900.0,2021,134400.0,diesel,manual,110,coches.net,furgoneta
opel,vivaro,18300.0,2022,45700.0,gasolina,manual,95,coches.net,furgoneta
renault,kangoo,28000.0,2023,31700.0,electrico,manual,90,coches.net,furgoneta
volkswagen,transporter,23700.0,2018,203600.0,hibrido,manual,110,coches.net,furgoneta
iveco,daily,35000.0,2023,36000.0,electrico,manual,150,coches.net,furgoneta
ford,transit connect,18300.0,2019,116000.0,diesel,manual,100,coches.net,furgoneta
ford,transit courier,18900.0,2019,194500.0,diesel,automatica,75,coches.net,furgoneta
volkswagen,caddy,21500.0,2022,58200.0,gasolina,manual,119,coches.net,furgoneta
ford,transit courier,18900.0,2020,143400.0,gas,manual,75,coches.net,furgoneta
fiat,scudo,13600.0,2020,99400.0,diesel,manual,140,coches.net,furgoneta
ford,transit connect,18800.0,2019,158200.0,diesel,automatica,105,coches.net,furgoneta
opel,vivaro,23100.0,2023,42400.0,diesel,manual,95,coches.net,furgoneta
citroën,berlingo,20000.0,2016,241600.0,electrico,automatica,131,coches.net,furgoneta
peugeot,boxer,22200.0,2022,106200.0,diesel,automatica,125,coches.net,furgoneta
ford,transit connect,20800.0,2020,96000.0,diesel,manual,75,coches.net,furgoneta
nissan,nv400,23100.0,2021,124400.0,diesel,manual,150,coches.net,furgoneta
iveco,daily,19900.0,2021,87400.0,diesel,automatica,102,coches.net,furgoneta
mercedes-benz,vito,16500.0,2015,278400.0,electrico,manual,90,coches.net,furgoneta
volkswagen,transporter,15400.0,2023,44900.0,diesel,automatica,110,coches.net,furgoneta
toyota,proace,17800.0,2022,65500.0,hibrido,manual,115,coches.net,furgoneta
toyota,proace city,20300.0,2021,122100.0,diesel,automatica,110,coches.net,furgoneta
citroën,jumper,14900.0,2021,91000.0,diesel,automatica,160,coches.net,furgoneta
peugeot,boxer,25900.0,2022,71300.0,electrico,manual,135,coches.net,furgoneta
ford,transit connect,18300.0,2020,122200.0,diesel,manual,100,coches.net,furgoneta
hyundai,h350,28900.0,2023,38600.0,diesel,manual,141,coches.net,furgoneta
peugeot,expert,17800.0,2021,124000.0,diesel,manual,155,coches.net,furgoneta
mercedes-benz,citan,11900.0,2016,229200.0,diesel,manual,140,coches.net,furgoneta
nissan,nv300,17800.0,2019,155700.0,diesel,manual,125,coches.net,furgoneta
iveco,daily,26000.0,2022,80300.0,diesel,manual,130,coches.net,furgoneta
citroën,jumper,22900.0,2022,73200.0,diesel,manual,160,coches.net,furgoneta
man,tge,27600.0,2023,40100.0,diesel,automatica,107,coches.net,furgoneta
volkswagen,transporter,32800.0,2023,27700.0,diesel,automatica,107,coches.net,furgoneta
fiat,doblo cargo,22500.0,2024,16000.0,diesel,manual,100,coches.net,furgoneta
mercedes-benz,citan,33700.0,2023,43200.0,diesel,automatica,150,coches.net,furgoneta
volkswagen,transporter,31700.0,2021,92200.0,diesel,manual,115,coches.net,furgoneta
opel,combo,16400.0,2020,131900.0,electrico,automatica,105,coches.net,furgoneta
renault,master,25500.0,2022,73200.0,diesel,manual,150,coches.net,furgoneta
renault,trafic,25000.0,2022,82500.0,diesel,manual,90,coches.net,furgoneta
ford,transit,14400.0,2020,125600.0,diesel,manual,130,coches.net,furgoneta
nissan,nv300,22600.0,2021,99600.0,diesel,automatica,95,coches.net,furgoneta
iveco,daily,21800.0,2021,93500.0,diesel,manual,120,coches.net,furgoneta
volkswagen,crafter,39700.0,2021,89900.0,electrico,manual,182,coches.net,furgoneta
volkswagen,transporter,30700.0,2023,51500.0,diesel,manual,105,coches.net,furgoneta
peugeot,expert,21600.0,2020,135900.0,diesel,manual,115,coches.net,furgoneta
ford,transit courier,23100.0,2022,97800.0,diesel,automatica,75,coches.net,furgoneta
iveco,daily,15900.0,2017,218100.0,gas,manual,150,coches.net,furgoneta
ford,transit,23500.0,2020,99100.0,gasolina,automatica,150,coches.net,furgoneta
fiat,scudo,32900.0,2024,20100.0,electrico,manual,120,coches.net,furgoneta
hyundai,h350,19600.0,2017,300000.0,electrico,manual,175,coches.net,furgoneta
ford,transit connect,21700.0,2019,131000.0,diesel,manual,80,coches.net,furgoneta
peugeot,boxer,26600.0,2024,28400.0,gasolina,manual,135,coches.net,furgoneta
man,tge,25400.0,2023,47200.0,diesel,manual,135,coches.net,furgoneta
ford,transit,30800.0,2023,43300.0,diesel,manual,130,coches.net,furgoneta
ford,transit courier,28900.0,2023,42400.0,diesel,manual,75,coches.net,furgoneta
mercedes-benz,citan,13600.0,2015,258100.0,hibrido,manual,110,coches.net,furgoneta
iveco,daily,29000.0,2022,70500.0,diesel,manual,130,coches.net,furgoneta
volkswagen,caddy,17300.0,2019,169600.0,gasolina,manual,114,coches.net,furgoneta
ford,transit courier,19900.0,2021,64800.0,diesel,manual,80,coches.net,furgoneta
citroën,berlingo,28300.0,2024,13000.0,gasolina,manual,110,coches.net,furgoneta
peugeot,partner,19700.0,2021,106700.0,gasolina,manual,110,coches.net,furgoneta
volkswagen,crafter,18000.0,2018,185300.0,gas,automatica,177,coches.net,furgoneta
mercedes-benz,sprinter,24100.0,2020,123900.0,diesel,manual,75,coches.net,furgoneta
mercedes-benz,sprinter,31400.0,2023,47000.0,diesel,manual,100,coches.net,furgoneta
ford,transit courier,31400.0,2023,57100.0,electrico,manual,75,coches.net,furgoneta
mercedes-benz,sprinter,28600.0,2020,120900.0,gas,automatica,150,coches.net,furgoneta
ford,transit connect,15700.0,2021,117600.0,diesel,manual,100,coches.net,furgoneta
peugeot,partner,12500.0,2018,136000.0,gasolina,automatica,105,coches.net,furgoneta
citroën,jumpy,26300.0,2023,40400.0,electrico,manual,145,coches.net,furgoneta
citroën,berlingo,28800.0,2023,49100.0,electrico,manual,136,coches.net,furgoneta
opel,vivaro,28000.0,2023,48200.0,diesel,manual,180,coches.net,furgoneta
man,tge,34500.0,2020,110600.0,diesel,manual,140,coches.net,furgoneta
nissan,nv300,16100.0,2021,105600.0,gas,automatica,120,coches.net,furgoneta
mercedes-benz,citan,25100.0,2021,117300.0,gasolina,manual,100,coches.net,furgoneta
nissan,nv300,30600.0,2024,21600.0,diesel,manual,115,coches.net,furgoneta
opel,vivaro,13500.0,2023,48000.0,gas,manual,100,coches.net,furgoneta
opel,combo,7500.0,2015,322900.0,diesel,automatica,115,coches.net,furgoneta
renault,trafic,25300.0,2022,68000.0,diesel,manual,150,coches.net,furgoneta
maxus,deliver 9,17300.0,2019,160900.0,electrico,manual,150,coches.net,furgoneta
mercedes-benz,citan,19400.0,2015,164800.0,electrico,manual,130,coches.net,furgoneta
fiat,ducato,19900.0,2022,84400.0,diesel,automatica,135,coches.net,furgoneta
volkswagen,crafter,37700.0,2023,61100.0,electrico,manual,102,coches.net,furgoneta
renault,kangoo,28700.0,2023,50600.0,electrico,automatica,90,coches.net,furgoneta
opel,vivaro,27900.0,2023,46200.0,diesel,manual,125,coches.net,furgoneta
ford,transit connect,22100.0,2022,58300.0,gasolina,manual,115,coches.net,furgoneta
peugeot,expert,11100.0,2016,196500.0,diesel,manual,150,coches.net,furgoneta
opel,vivaro,14500.0,2018,187300.0,electrico,manual,180,coches.net,furgoneta
volkswagen,crafter,28000.0,2020,101100.0,diesel,manual,177,coches.net,furgoneta
fiat,doblo cargo,25100.0,2021,100800.0,gasolina,manual,105,coches.net,furgoneta
renault,trafic,15900.0,2019,137500.0,diesel,manual,90,coches.net,furgoneta
citroën,jumper,17000.0,2018,204600.0,diesel,manual,160,coches.net,furgoneta
ford,transit,20500.0,2021,97000.0,diesel,manual,150,coches.net,furgoneta
hyundai,staria,19000.0,2022,59100.0,electrico,manual,177,coches.net,furgoneta
renault,trafic,10500.0,2018,172100.0,hibrido,manual,150,coches.net,furgoneta
ford,transit connect,11900.0,2019,127800.0,gasolina,manual,70,coches.net,furgoneta
nissan,nv400,22500.0,2022,61400.0,diesel,manual,110,coches.net,furgoneta
maxus,ev80,8400.0,2015,282900.0,electrico,manual,120,coches.net,furgoneta
peugeot,partner,19800.0,2023,59000.0,diesel,manual,100,coches.net,furgoneta
maxus,ev80,19200.0,2022,81800.0,electrico,manual,120,coches.net,furgoneta
maxus,ev80,29300.0,2022,89400.0,electrico,manual,125,coches.net,furgoneta
hyundai,h350,24300.0,2021,117100.0,diesel,manual,136,coches.net,furgoneta
renault,kangoo,14500.0,2016,297800.0,electrico,manual,90,coches.net,furgoneta
mercedes-benz,vito,41600.0,2024,23700.0,electrico,automatica,100,coches.net,furgoneta
citroën,berlingo,22000.0,2022,76200.0,electrico,manual,131,coches.net,furgoneta
ford,transit,28100.0,2022,75800.0,diesel,automatica,105,coches.net,furgoneta
opel,vivaro,29600.0,2024,19400.0,diesel,automatica,105,coches.net,furgoneta
nissan,primastar,8100.0,2015,332300.0,diesel,automatica,109,coches.net,furgoneta
volkswagen,transporter,24700.0,2022,62500.0,diesel,manual,199,coches.net,furgoneta
peugeot,partner,16400.0,2021,101200.0,gasolina,manual,110,coches.net,furgoneta
renault,kangoo,26300.0,2021,94500.0,electrico,automatica,90,coches.net,furgoneta
ford,transit connect,21300.0,2019,136100.0,hibrido,manual,100,coches.net,furgoneta
renault,master,15800.0,2020,107000.0,gasolina,automatica,115,coches.net,furgoneta
toyota,proace,33700.0,2024,21700.0,diesel,manual,120,coches.net,furgoneta
ford,transit connect,7500.0,2015,273000.0,diesel,manual,95,coches.net,furgoneta
fiat,doblo cargo,8000.0,2016,319100.0,gas,manual,100,coches.net,furgoneta
fiat,ducato,16300.0,2022,79100.0,diesel,automatica,160,coches.net,furgoneta
volkswagen,crafter,21400.0,2017,300000.0,electrico,manual,107,coches.net,furgoneta
iveco,daily,25100.0,2022,77700.0,hibrido,manual,100,coches.net,furgoneta
mercedes-benz,vito,11900.0,2017,207200.0,diesel,manual,120,coches.net,furgoneta
ford,transit connect,17700.0,2019,153800.0,diesel,manual,100,coches.net,furgoneta
fiat,doblo cargo,14200.0,2020,128400.0,diesel,manual,105,coches.net,furgoneta
mercedes-benz,citan,23800.0,2019,116900.0,diesel,manual,140,coches.net,furgoneta
ford,transit connect,28400.0,2024,19800.0,gas,automatica,115,coches.net,furgoneta
citroën,jumpy,30200.0,2022,86100.0,diesel,manual,125,coches.net,furgoneta
renault,master,27300.0,2023,50500.0,diesel,manual,110,coches.net,furgoneta
mercedes-benz,vito,14300.0,2016,319800.0,diesel,manual,130,coches.net,furgoneta
fiat,ducato,24300.0,2023,35600.0,diesel,manual,122,coches.net,furgoneta
iveco,daily,26800.0,2022,80000.0,gasolina,automatica,110,coches.net,furgoneta
renault,kangoo,27500.0,2020,129100.0,diesel,manual,80,coches.net,furgoneta
fiat,doblo cargo,7500.0,2015,264600.0,diesel,manual,90,coches.net,furgoneta
fiat,doblo cargo,22000.0,2021,98800.0,hibrido,manual,95,coches.net,furgoneta
peugeot,expert,25500.0,2024,22500.0,diesel,automatica,145,coches.net,furgoneta
hyundai,staria,31200.0,2023,41200.0,diesel,manual,177,coches.net,furgoneta
opel,movano,9000.0,2015,313400.0,electrico,manual,168,coches.net,furgoneta
mercedes-benz,vito,29500.0,2022,67900.0,diesel,manual,130,coches.net,furgoneta
ford,transit connect,29800.0,2021,67100.0,electrico,manual,100,coches.net,furgoneta
ford,transit,28800.0,2024,19700.0,electrico,manual,155,coches.net,furgoneta
renault,master,21900.0,2023,42800.0,diesel,manual,115,coches.net,furgoneta
ford,transit,24300.0,2022,81000.0,diesel,automatica,110,coches.net,furgoneta
citroën,berlingo,17100.0,2018,123100.0,electrico,manual,136,coches.net,furgoneta
iveco,daily,22800.0,2019,169500.0,diesel,manual,110,coches.net,furgoneta
volkswagen,crafter,20900.0,2020,106500.0,diesel,manual,140,coches.net,furgoneta
citroën,berlingo,28700.0,2023,48400.0,electrico,manual,141,coches.net,furgoneta
fiat,scudo,17400.0,2021,70300.0,diesel,automatica,120,coches.net,furgoneta
peugeot,expert,27300.0,2024,18200.0,electrico,manual,95,coches.net,furgoneta
ford,transit,18600.0,2024,18700.0,diesel,automatica,130,coches.net,furgoneta
fiat,ducato,20700.0,2023,49900.0,gas,automatica,165,coches.net,furgoneta
ford,transit courier,25000.0,2023,32400.0,gasolina,manual,95,coches.net,furgoneta
peugeot,expert,27700.0,2022,92000.0,diesel,manual,120,coches.net,furgoneta
renault,trafic,18700.0,2023,44700.0,diesel,automatica,120,coches.net,furgoneta
ford,transit,30000.0,2023,59300.0,electrico,manual,175,coches.net,furgoneta
volkswagen,transporter,13700.0,2016,307000.0,hibrido,manual,204,coches.net,furgoneta
ford,transit connect,10600.0,2020,165300.0,diesel,manual,100,coches.net,furgoneta
mercedes-benz,vito,22600.0,2023,41500.0,diesel,manual,90,coches.net,furgoneta
ford,transit connect,22100.0,2022,79700.0,diesel,manual,75,coches.net,furgoneta
peugeot,boxer,27600.0,2022,101700.0,diesel,automatica,160,coches.net,furgoneta
nissan,nv300,18900.0,2019,165100.0,diesel,manual,90,coches.net,furgoneta
volkswagen,crafter,16300.0,2022,89300.0,diesel,manual,140,coches.net,furgoneta
renault,kangoo,28800.0,2020,92400.0,electrico,manual,90,coches.net,furgoneta
hyundai,staria,29500.0,2024,23500.0,diesel,manual,177,coches.net,furgoneta
citroën,jumper,24900.0,2024,20800.0,hibrido,manual,140,coches.net,furgoneta
citroën,berlingo,25500.0,2022,75200.0,gasolina,manual,115,coches.net,furgoneta
ford,transit,22000.0,2021,150000.0,electrico,manual,125,coches.net,furgoneta
hyundai,h350,22500.0,2021,133200.0,diesel,manual,170,coches.net,furgoneta
mercedes-benz,citan,24900.0,2020,125100.0,diesel,automatica,75,coches.net,furgoneta
peugeot,boxer,29700.0,2023,50700.0,diesel,automatica,145,coches.net,furgoneta
ford,transit courier,29100.0,2024,9300.0,gasolina,manual,100,coches.net,furgoneta
volkswagen,caddy,32600.0,2022,66900.0,diesel,automatica,75,coches.net,furgoneta
nissan,nv200,15500.0,2018,207500.0,gasolina,manual,90,coches.net,furgoneta
opel,combo,15700.0,2021,94000.0,diesel,manual,100,coches.net,furgoneta
fiat,scudo,21700.0,2022,62000.0,gasolina,manual,145,coches.net,furgoneta
mercedes-benz,vito,26400.0,2024,20700.0,diesel,manual,140,coches.net,furgoneta
volkswagen,caddy,23900.0,2019,165200.0,gasolina,manual,109,coches.net,furgoneta
maxus,deliver 9,20400.0,2018,252800.0,diesel,manual,145,coches.net,furgoneta
peugeot,boxer,25700.0,2024,23500.0,gas,manual,160,coches.net,furgoneta
ford,transit connect,22500.0,2019,211900.0,electrico,manual,100,coches.net,furgoneta
hyundai,staria,3350000.0,2024,27800.0,diesel,manual,172,coches.net,furgoneta
toyota,proace,26500.0,2023,35400.0,gasolina,manual,145,coches.net,furgoneta
ford,transit courier,15200.0,2016,303300.0,gasolina,manual,70,coches.net,furgoneta
mercedes-benz,sprinter,15500.0,2020,144200.0,gas,automatica,110,coches.net,furgoneta
ford,transit,17700.0,2018,133500.0,gasolina,manual,130,coches.net,furgoneta
hyundai,staria,17800.0,2020,134900.0,diesel,manual,177,coches.net,furgoneta
peugeot,boxer,2050000.0,2023,46100.0,gasolina,manual,140,coches.net,furgoneta
renault,master,7700.0,2015,250800.0,diesel,manual,110,coches.net,furgoneta
volkswagen,transporter,26000.0,2023,44100.0,gasolina,manual,204,coches.net,furgoneta
volkswagen,crafter,36300.0,2023,39500.0,electrico,manual,172,coches.net,furgoneta
maxus,deliver 9,14000.0,2017,180700.0,diesel,manual,150,coches.net,furgoneta
opel,movano,18500.0,2021,107000.0,diesel,manual,163,coches.net,furgoneta
iveco,daily,42800.0,2024,23000.0,electrico,manual,140,coches.net,furgoneta
ford,transit,19500.0,2023,50800.0,diesel,manual,155,coches.net,furgoneta
toyota,proace city,25500.0,2018,137900.0,gasolina,manual,110,coches.net,furgoneta
nissan,primastar,27200.0,2021,106300.0,diesel,automatica,114,coches.net,furgoneta
nissan,nv400,16700.0,2018,221900.0,diesel,manual,145,coches.net,furgoneta
mercedes-benz,vito,36400.0,2023,46000.0,electrico,manual,110,coches.net,furgoneta
volkswagen,transporter,24200.0,2020,117800.0,gasolina,automatica,102,coches.net,furgoneta
ford,transit courier,24500.0,2023,47000.0,gasolina,manual,95,coches.net,furgoneta
fiat,doblo cargo,26300.0,2023,50200.0,diesel,manual,105,coches.net,furgoneta
renault,kangoo,25600.0,2022,63000.0,electrico,manual,95,coches.net,furgoneta
peugeot,partner,20400.0,2022,45500.0,gasolina,manual,105,coches.net,furgoneta
mercedes-benz,sprinter,15200.0,2022,78100.0,diesel,manual,120,coches.net,furgoneta
fiat,doblo cargo,27800.0,2022,95200.0,diesel,manual,90,coches.net,furgoneta
ford,transit connect,28400.0,2024,17400.0,diesel,manual,100,coches.net,furgoneta
peugeot,boxer,14000.0,2019,108400.0,diesel,manual,160,coches.net,furgoneta
volkswagen,crafter,20000.0,2021,100000.0,diesel,manual,102,coches.net,furgoneta
peugeot,boxer,22900.0,2022,63100.0,diesel,manual,160,coches.net,furgoneta
hyundai,staria,28900.0,2021,93200.0,gas,automatica,182,coches.net,furgoneta
opel,movano,18000.0,2020,126600.0,diesel,manual,110,coches.net,furgoneta
iveco,daily,24300.0,2022,70200.0,gasolina,automatica,102,coches.net,furgoneta
opel,movano,26000.0,2020,98100.0,electrico,manual,168,coches.net,furgoneta
mercedes-benz,sprinter,31500.0,2022,52600.0,hibrido,manual,110,coches.net,furgoneta
peugeot,boxer,20500.0,2019,119400.0,diesel,manual,145,coches.net,furgoneta
renault,kangoo,34200.0,2024,19000.0,diesel,automatica,75,coches.net,furgoneta
peugeot,partner,11800.0,2022,110100.0,diesel,automatica,95,coches.net,furgoneta
mercedes-benz,citan,14200.0,2021,101000.0,diesel,manual,75,coches.net,furgoneta
peugeot,boxer,20900.0,2021,107700.0,diesel,manual,135,coches.net,furgoneta
nissan,nv200,18900.0,2022,65800.0,hibrido,manual,90,coches.net,furgoneta
volkswagen,crafter,22300.0,2018,135600.0,diesel,manual,172,coches.net,furgoneta
opel,movano,26200.0,2024,26300.0,hibrido,automatica,110,coches.net,furgoneta
hyundai,staria,20700.0,2022,93100.0,hibrido,manual,182,coches.net,furgoneta
nissan,nv300,7500.0,2016,150000.0,diesel,automatica,95,coches.net,furgoneta
iveco,daily,7500.0,2020,89100.0,diesel,manual,120,coches.net,furgoneta
citroën,jumper,11900.0,2020,140800.0,diesel,manual,145,coches.net,furgoneta
ford,transit courier,22500.0,2023,41200.0,gasolina,automatica,100,coches.net,furgoneta
iveco,daily,18200.0,2020,109300.0,gasolina,manual,150,coches.net,furgoneta
iveco,daily,17900.0,2019,173200.0,diesel,manual,100,coches.net,furgoneta
toyota,proace,34000.0,2022,53300.0,diesel,manual,150,coches.net,furgoneta
ford,transit,28600.0,2022,70300.0,gas,manual,170,coches.net,furgoneta
hyundai,h350,17100.0,2019,162400.0,gasolina,manual,141,coches.net,furgoneta
ford,transit courier,24300.0,2023,47900.0,diesel,automatica,75,coches.net,furgoneta
volkswagen,crafter,32500.0,2021,130100.0,diesel,automatica,177,coches.net,furgoneta
mercedes-benz,vito,17500.0,2019,169800.0,diesel,manual,90,coches.net,furgoneta
fiat,doblo cargo,18100.0,2022,84600.0,hibrido,manual,90,coches.net,furgoneta
iveco,daily,26500.0,2022,65700.0,diesel,automatica,75,coches.net,furgoneta
citroën,jumper,23700.0,2023,55500.0,diesel,manual,135,coches.net,furgoneta
peugeot,boxer,27900.0,2022,81300.0,diesel,manual,160,coches.net,furgoneta
citroën,jumpy,27300.0,2023,32100.0,electrico,automatica,150,coches.net,furgoneta
ford,transit,18500.0,2018,173500.0,diesel,automatica,125,coches.net,furgoneta
man,tge,19700.0,2019,117600.0,diesel,manual,145,coches.net,furgoneta
peugeot,boxer,11900.0,2015,266100.0,hibrido,manual,165,coches.net,furgoneta
renault,master,20200.0,2024,29000.0,diesel,manual,145,coches.net,furgoneta
mercedes-benz,sprinter,28300.0,2021,53300.0,diesel,manual,90,coches.net,furgoneta
volkswagen,transporter,32900.0,2023,54000.0,diesel,manual,110,coches.net,furgoneta
volkswagen,transporter,33400.0,2023,64100.0,diesel,manual,107,coches.net,furgoneta
citroën,jumper,7500.0,2018,183500.0,electrico,manual,140,coches.net,furgoneta
ford,transit connect,7500.0,2020,168200.0,diesel,manual,75,coches.net,furgoneta
renault,master,22200.0,2024,22400.0,diesel,manual,175,coches.net,furgoneta
hyundai,h350,27800.0,2021,99500.0,diesel,manual,136,coches.net,furgoneta
iveco,daily,23600.0,2022,66900.0,diesel,automatica,90,coches.net,furgoneta
mercedes-benz,vito,11600.0,2016,282300.0,gasolina,manual,140,coches.net,furgoneta
ford,transit courier,37000.0,2024,30200.0,diesel,manual,75,coches.net,furgoneta
iveco,daily,20700.0,2023,38400.0,electrico,manual,90,coches.net,furgoneta
volkswagen,transporter,18300.0,2018,224100.0,diesel,manual,204,coches.net,furgoneta
iveco,daily,30600.0,2024,24900.0,diesel,manual,75,coches.net,furgoneta
toyota,proace city,31600.0,2021,106200.0,diesel,manual,110,coches.net,furgoneta
mercedes-benz,vito,33600.0,2021,100500.0,diesel,automatica,150,coches.net,furgoneta
peugeot,expert,27800.0,2023,51700.0,diesel,automatica,100,coches.net,furgoneta
ford,transit,12400.0,2019,120400.0,hibrido,manual,130,coches.net,furgoneta
ford,transit,25300.0,2020,98600.0,hibrido,manual,170,coches.net,furgoneta
mercedes-benz,citan,45500.0,2021,94100.0,electrico,manual,140,coches.net,furgoneta
maxus,ev80,2510000.0,2021,73800.0,electrico,manual,120,coches.net,furgoneta
opel,combo,13200.0,2017,186600.0,diesel,manual,105,coches.net,furgoneta
citroën,berlingo,23000.0,2020,112300.0,electrico,automatica,136,coches.net,furgoneta
volkswagen,crafter,31900.0,2022,65800.0,diesel,automatica,102,coches.net,furgoneta
volkswagen,transporter,21400.0,2021,118200.0,diesel,manual,107,coches.net,furgoneta
ford,transit connect,19400.0,2019,109900.0,gasolina,automatica,80,coches.net,furgoneta
peugeot,expert,11200.0,2017,242500.0,diesel,manual,95,coches.net,furgoneta
iveco,daily,20300.0,2021,115800.0,diesel,manual,110,coches.net,furgoneta
nissan,nv200,15200.0,2021,90600.0,diesel,automatica,115,coches.net,furgoneta
iveco,daily,9000.0,2015,354500.0,diesel,automatica,110,coches.net,furgoneta
peugeot,partner,21000.0,2023,53600.0,electrico,automatica,136,coches.net,furgoneta
peugeot,boxer,30300.0,2023,41500.0,diesel,manual,140,coches.net,furgoneta
mercedes-benz,vito,24400.0,2024,24400.0,diesel,manual,150,coches.net,furgoneta
renault,trafic,11100.0,2019,167200.0,diesel,automatica,150,coches.net,furgoneta
volkswagen,transporter,20200.0,2017,219700.0,diesel,automatica,115,coches.net,furgoneta
mercedes-benz,sprinter,26200.0,2021,123400.0,diesel,manual,90,coches.net,furgoneta
renault,master,17100.0,2018,157500.0,diesel,manual,145,coches.net,furgoneta
iveco,daily,25500.0,2023,46900.0,diesel,manual,110,coches.net,furgoneta
fiat,scudo,12500.0,2022,76200.0,diesel,manual,145,coches.net,furgoneta
opel,vivaro,28900.0,2024,30000.0,diesel,manual,100,coches.net,furgoneta
maxus,ev80,16500.0,2018,213200.0,electrico,manual,120,coches.net,furgoneta
man,tge,2540000.0,2023,45600.0,diesel,automatica,145,coches.net,furgoneta
volkswagen,caddy,24800.0,2017,230900.0,diesel,automatica,80,coches.net,furgoneta
renault,kangoo,12100.0,2017,252300.0,diesel,manual,95,coches.net,furgoneta
ford,transit connect,23800.0,2023,45900.0,diesel,manual,75,coches.net,furgoneta
peugeot,expert,21900.0,2024,21100.0,diesel,automatica,120,coches.net,furgoneta
ford,transit connect,18500.0,2019,188400.0,diesel,automatica,100,coches.net,furgoneta
hyundai,h350,15600.0,2018,185600.0,diesel,manual,175,coches.net,furgoneta
citroën,jumpy,29700.0,2023,54500.0,diesel,manual,100,coches.net,furgoneta
mercedes-benz,sprinter,24500.0,2021,108000.0,diesel,manual,130,coches.net,furgoneta
nissan,nv400,22500.0,2017,264600.0,electrico,automatica,145,coches.net,furgoneta
iveco,daily,35000.0,2022,54100.0,electrico,manual,90,coches.net,furgoneta
maxus,deliver 9,16200.0,2018,169000.0,electrico,manual,150,coches.net,furgoneta
hyundai,h350,20400.0,2023,41900.0,hibrido,manual,131,coches.net,furgoneta
mercedes-benz,vito,16300.0,2019,118400.0,diesel,manual,120,coches.net,furgoneta
ford,transit connect,13900.0,2020,124700.0,diesel,manual,120,coches.net,furgoneta
peugeot,partner,25700.0,2020,137800.0,gasolina,manual,110,coches.net,furgoneta
fiat,doblo cargo,27700.0,2023,46300.0,diesel,manual,95,coches.net,furgoneta
opel,vivaro,23800.0,2022,70200.0,diesel,manual,185,coches.net,furgoneta
ford,transit,27600.0,2024,28800.0,diesel,manual,105,coches.net,furgoneta
citroën,jumper,18700.0,2022,60700.0,diesel,automatica,140,coches.net,furgoneta
hyundai,h350,17400.0,2022,70100.0,diesel,automatica,136,coches.net,furgoneta
volkswagen,transporter,31100.0,2022,70600.0,diesel,manual,150,coches.net,furgoneta
renault,master,24300.0,2023,49700.0,gasolina,manual,140,coches.net,furgoneta
volkswagen,crafter,25600.0,2021,100400.0,diesel,automatica,140,coches.net,furgoneta
toyota,proace,19500.0,2019,146100.0,diesel,manual,120,coches.net,furgoneta
citroën,jumper,17100.0,2021,106400.0,diesel,manual,145,coches.net,furgoneta
opel,vivaro,18600.0,2018,250900.0,hibrido,manual,180,coches.net,furgoneta
renault,master,20900.0,2024,24100.0,diesel,automatica,185,coches.net,furgoneta
volkswagen,crafter,17400.0,2019,134100.0,diesel,manual,135,coches.net,furgoneta
mercedes-benz,sprinter,24300.0,2023,43400.0,diesel,automatica,90,coches.net,furgoneta
ford,transit,27900.0,2022,83700.0,diesel,manual,155,coches.net,furgoneta
opel,vivaro,28800.0,2023,43800.0,diesel,manual,115,coches.net,furgoneta
ford,transit,30000.0,2023,28000.0,diesel,manual,135,coches.net,furgoneta
volkswagen,crafter,28000.0,2024,32400.0,diesel,automatica,140,coches.net,furgoneta
mercedes-benz,vito,23800.0,2022,55400.0,diesel,automatica,75,coches.net,furgoneta
renault,master,27300.0,2023,42800.0,diesel,manual,145,coches.net,furgoneta
renault,kangoo,17800.0,2016,264100.0,electrico,manual,80,coches.net,furgoneta
fiat,scudo,15600.0,2018,213500.0,diesel,manual,120,coches.net,furgoneta
nissan,primastar,2580000.0,2023,35600.0,diesel,manual,109,coches.net,furgoneta
man,tge,18100.0,2018,185600.0,diesel,automatica,145,coches.net,furgoneta
iveco,daily,24200.0,2018,240400.0,diesel,manual,110,coches.net,furgoneta
peugeot,partner,11700.0,2022,50500.0,diesel,manual,105,coches.net,furgoneta
renault,trafic,19100.0,2022,84700.0,diesel,manual,145,coches.net,furgoneta
opel,movano,25600.0,2023,39800.0,gasolina,manual,110,coches.net,furgoneta
volkswagen,transporter,27300.0,2020,146000.0,gas,automatica,150,coches.net,furgoneta
opel,vivaro,14300.0,2020,90800.0,diesel,manual,115,coches.net,furgoneta
opel,combo,16900.0,2022,70200.0,diesel,automatica,110,coches.net,furgoneta
ford,transit courier,34600.0,2024,26800.0,gasolina,manual,100,coches.net,furgoneta
ford,transit connect,13200.0,2018,219700.0,diesel,manual,125,coches.net,furgoneta
volkswagen,crafter,37200.0,2024,19700.0,gasolina,manual,177,coches.net,furgoneta
opel,vivaro,1810000.0,2021,90500.0,gasolina,manual,175,coches.net,furgoneta
opel,combo,32000.0,2024,21600.0,diesel,manual,100,coches.net,furgoneta
maxus,ev80,16100.0,2021,86200.0,electrico,manual,120,coches.net,furgoneta
citroën,jumpy,24500.0,2018,149800.0,electrico,manual,100,coches.net,furgoneta
peugeot,expert,11500.0,2022,66500.0,diesel,manual,115,coches.net,furgoneta
iveco,daily,21800.0,2020,155500.0,diesel,manual,110,coches.net,furgoneta
iveco,daily,20200.0,2020,103700.0,diesel,manual,130,coches.net,furgoneta
fiat,scudo,14600.0,2019,220000.0,diesel,manual,150,coches.net,furgoneta
man,tge,31400.0,2022,75000.0,diesel,manual,102,coches.net,furgoneta
mercedes-benz,sprinter,39500.0,2023,68200.0,diesel,manual,102,coches.net,furgoneta
ford,transit courier,29100.0,2021,78700.0,gasolina,manual,95,coches.net,furgoneta
peugeot,boxer,32300.0,2023,53800.0,diesel,manual,135,coches.net,furgoneta
renault,trafic,21800.0,2023,32800.0,hibrido,manual,90,coches.net,furgoneta
iveco,daily,18700.0,2020,155800.0,diesel,manual,100,coches.net,furgoneta
opel,combo,28300.0,2024,21000.0,diesel,manual,100,coches.net,furgoneta
volkswagen,transporter,31500.0,2023,39600.0,diesel,manual,107,coches.net,furgoneta
peugeot,boxer,26400.0,2024,23700.0,diesel,manual,165,coches.net,furgoneta
mercedes-benz,vito,30700.0,2021,100300.0,diesel,manual,150,coches.net,furgoneta
volkswagen,caddy,17400.0,2017,171400.0,diesel,manual,75,coches.net,furgoneta
peugeot,boxer,20200.0,2022,82000.0,diesel,manual,145,coches.net,furgoneta
ford,transit,32700.0,2024,22200.0,electrico,manual,105,coches.net,furgoneta
ford,transit courier,27400.0,2024,21700.0,gasolina,manual,100,coches.net,furgoneta
ford,transit connect,7500.0,2016,272000.0,diesel,manual,120,coches.net,furgoneta
ford,transit courier,11200.0,2016,242000.0,electrico,manual,80,coches.net,furgoneta
citroën,berlingo,21500.0,2024,29600.0,diesel,manual,95,coches.net,furgoneta
ford,transit connect,20800.0,2022,65000.0,gas,manual,95,coches.net,furgoneta
peugeot,partner,26200.0,2019,152200.0,electrico,manual,131,coches.net,furgoneta
toyota,proace,29900.0,2022,76900.0,electrico,manual,131,coches.net,furgoneta
peugeot,expert,12900.0,2020,136900.0,hibrido,manual,100,coches.net,furgoneta
ford,transit connect,29400.0,2021,96000.0,diesel,manual,80,coches.net,furgoneta
renault,master,34900.0,2024,17700.0,electrico,manual,110,coches.net,furgoneta
peugeot,boxer,24700.0,2023,46700.0,diesel,manual,160,coches.net,furgoneta
ford,transit connect,15800.0,2015,302700.0,diesel,manual,125,coches.net,furgoneta
volkswagen,caddy,20300.0,2022,92700.0,gasolina,manual,119,coches.net,furgoneta
man,tge,32000.0,2023,49400.0,diesel,manual,140,coches.net,furgoneta
toyota,proace city,22800.0,2024,18900.0,diesel,manual,110,coches.net,furgoneta
toyota,proace,22900.0,2022,45900.0,diesel,manual,120,coches.net,furgoneta
iveco,daily,24000.0,2020,84600.0,diesel,automatica,102,coches.net,furgoneta
volkswagen,caddy,29100.0,2023,56000.0,diesel,manual,75,coches.net,furgoneta
renault,kangoo,8000.0,2018,195300.0,electrico,manual,95,coches.net,furgoneta
man,tge,14900.0,2019,153400.0,diesel,manual,97,coches.net,furgoneta
nissan,nv200,19000.0,2021,93400.0,diesel,automatica,115,coches.net,furgoneta
ford,transit connect,28900.0,2023,47000.0,diesel,manual,80,coches.net,furgoneta
nissan,nv300,8000.0,2019,191600.0,diesel,manual,100,coches.net,furgoneta
ford,transit connect,17700.0,2018,142700.0,diesel,manual,75,coches.net,furgoneta
fiat,doblo cargo,13500.0,2019,146000.0,diesel,manual,105,coches.net,furgoneta
toyota,proace,11500.0,2017,174100.0,diesel,manual,150,coches.net,furgoneta
ford,transit,23100.0,2021,128100.0,diesel,manual,170,coches.net,furgoneta
citroën,berlingo,11900.0,2016,258700.0,diesel,manual,100,coches.net,furgoneta
opel,combo,9300.0,2018,130300.0,diesel,automatica,110,coches.net,furgoneta
nissan,primastar,20800.0,2019,206200.0,diesel,manual,114,coches.net,furgoneta
volkswagen,caddy,25700.0,2021,90800.0,diesel,manual,75,coches.net,furgoneta
citroën,jumper,18200.0,2020,137500.0,diesel,manual,130,coches.net,furgoneta
iveco,daily,38200.0,2024,23700.0,diesel,manual,90,coches.net,furgoneta
man,tge,15000.0,2016,206800.0,diesel,manual,140,coches.net,furgoneta
opel,combo,18600.0,2022,66100.0,gas,manual,110,coches.net,furgoneta
toyota,proace,1070000.0,2015,302100.0,electrico,manual,136,coches.net,furgoneta
iveco,daily,27100.0,2020,119700.0,diesel,manual,140,coches.net,furgoneta
ford,transit courier,16900.0,2021,97700.0,diesel,automatica,75,coches.net,furgoneta
mercedes-benz,sprinter,32100.0,2020,136200.0,diesel,manual,150,coches.net,furgoneta
peugeot,expert,26000.0,2023,37300.0,diesel,manual,145,coches.net,furgoneta
ford,transit,23200.0,2022,62800.0,diesel,manual,170,coches.net,furgoneta
mercedes-benz,citan,24800.0,2022,60300.0,gasolina,manual,120,coches.net,furgoneta
opel,vivaro,29600.0,2024,12000.0,diesel,automatica,120,coches.net,furgoneta
renault,master,12500.0,2017,240300.0,diesel,manual,180,coches.net,furgoneta
renault,kangoo,26800.0,2024,24300.0,diesel,manual,75,coches.net,furgoneta
fiat,doblo cargo,21300.0,2023,48600.0,diesel,manual,90,coches.net,furgoneta
iveco,daily,27900.0,2021,86400.0,diesel,manual,100,coches.net,furgoneta
man,tge,10900.0,2018,137600.0,diesel,manual,140,coches.net,furgoneta
ford,transit connect,20600.0,2023,30000.0,diesel,manual,75,coches.net,furgoneta
mercedes-benz,citan,21400.0,2022,74200.0,diesel,manual,110,coches.net,furgoneta
ford,transit courier,23200.0,2023,55200.0,gas,manual,80,coches.net,furgoneta
mercedes-benz,sprinter,21600.0,2018,190600.0,diesel,manual,110,coches.net,furgoneta
nissan,primastar,37000.0,2024,19700.0,electrico,manual,114,coches.net,furgoneta
renault,kangoo,21300.0,2020,121200.0,electrico,automatica,95,coches.net,furgoneta
opel,movano,19500.0,2020,100700.0,diesel,automatica,110,coches.net,furgoneta
volkswagen,caddy,16400.0,2020,131200.0,diesel,manual,102,coches.net,furgoneta
mercedes-benz,sprinter,10500.0,2016,235800.0,diesel,automatica,130,coches.net,furgoneta
citroën,jumper,21400.0,2023,61000.0,diesel,manual,145,coches.net,furgoneta
mercedes-benz,citan,27800.0,2022,70500.0,diesel,manual,110,coches.net,furgoneta
peugeot,partner,12900.0,2017,151200.0,diesel,manual,95,coches.net,furgoneta
man,tge,21800.0,2022,73300.0,diesel,manual,102,coches.net,furgoneta
mercedes-benz,citan,26300.0,2020,103500.0,diesel,manual,75,coches.net,furgoneta
peugeot,expert,17900.0,2021,103800.0,diesel,manual,115,coches.net,furgoneta
mercedes-benz,vito,42800.0,2024,18800.0,electrico,manual,102,coches.net,furgoneta
volkswagen,transporter,28400.0,2024,31100.0,diesel,manual,97,coches.net,furgoneta
renault,master,21000.0,2021,94200.0,gasolina,manual,130,coches.net,furgoneta
ford,transit courier,16700.0,2018,183100.0,gasolina,automatica,100,coches.net,furgoneta
volkswagen,transporter,27200.0,2024,16900.0,diesel,manual,199,coches.net,furgoneta
mercedes-benz,sprinter,36300.0,2024,20700.0,diesel,manual,130,coches.net,furgoneta
peugeot,partner,24900.0,2021,79200.0,electrico,manual,136,coches.net,furgoneta
renault,kangoo,30600.0,2021,82600.0,electrico,manual,85,coches.net,furgoneta
opel,combo,11700.0,2017,213000.0,diesel,manual,110,coches.net,furgoneta
ford,transit connect,29300.0,2023,54900.0,diesel,automatica,125,coches.net,furgoneta
mercedes-benz,citan,12900.0,2017,231000.0,diesel,manual,140,coches.net,furgoneta
ford,transit courier,26100.0,2022,59000.0,electrico,manual,70,coches.net,furgoneta
opel,vivaro,10400.0,2015,238800.0,electrico,manual,180,coches.net,furgoneta
citroën,jumpy,24300.0,2024,28500.0,gas,manual,100,coches.net,furgoneta
nissan,primastar,29200.0,2022,81000.0,diesel,manual,109,coches.net,furgoneta
fiat,doblo cargo,27600.0,2020,158100.0,diesel,manual,90,coches.net,furgoneta
ford,transit,19100.0,2021,97000.0,diesel,automatica,125,coches.net,furgoneta
fiat,scudo,20300.0,2019,197400.0,electrico,manual,120,coches.net,furgoneta
citroën,berlingo,21900.0,2024,17800.0,gasolina,manual,105,coches.net,furgoneta
iveco,daily,30400.0,2024,18600.0,diesel,manual,120,coches.net,furgoneta
hyundai,h350,12700.0,2019,135200.0,hibrido,manual,170,coches.net,furgoneta
volkswagen,caddy,27900.0,2023,51900.0,diesel,manual,80,coches.net,furgoneta
opel,combo,9400.0,2019,178700.0,diesel,manual,105,coches.net,furgoneta
ford,transit connect,28900.0,2018,211700.0,electrico,manual,115,coches.net,furgoneta
renault,trafic,30200.0,2023,35400.0,diesel,manual,155,coches.net,furgoneta
mercedes-benz,sprinter,39900.0,2024,16500.0,diesel,manual,100,coches.net,furgoneta
renault,master,23200.0,2021,84400.0,diesel,automatica,135,coches.net,furgoneta
renault,kangoo,20700.0,2018,206900.0,gas,automatica,80,coches.net,furgoneta
hyundai,h350,36000.0,2024,22200.0,gas,manual,136,coches.net,furgoneta
iveco,daily,23500.0,2019,174700.0,gas,automatica,110,coches.net,furgoneta
volkswagen,caddy,24800.0,2022,64500.0,gasolina,automatica,75,coches.net,furgoneta
nissan,nv400,29900.0,2024,21900.0,diesel,manual,115,coches.net,furgoneta
opel,movano,14100.0,2022,81100.0,diesel,manual,163,coches.net,furgoneta
fiat,scudo,26600.0,2024,18100.0,gasolina,manual,140,coches.net,furgoneta
opel,vivaro,27800.0,2023,38600.0,diesel,manual,125,coches.net,furgoneta
ford,transit,21500.0,2022,84500.0,diesel,manual,105,coches.net,furgoneta
opel,vivaro,29100.0,2023,45800.0,electrico,manual,180,coches.net,furgoneta
iveco,daily,22500.0,2024,20700.0,diesel,manual,120,coches.net,furgoneta
opel,combo,24800.0,2024,17900.0,gasolina,automatica,100,coches.net,furgoneta
hyundai,staria,13600.0,2018,163600.0,diesel,manual,182,coches.net,furgoneta
peugeot,partner,7500.0,2016,244900.0,gasolina,manual,110,coches.net,furgoneta
renault,trafic,30300.0,2022,72000.0,diesel,manual,85,coches.net,furgoneta
volkswagen,transporter,28600.0,2022,57500.0,diesel,automatica,110,coches.net,furgoneta
peugeot,expert,10800.0,2020,132100.0,diesel,automatica,150,coches.net,furgoneta
renault,master,15200.0,2021,107800.0,diesel,automatica,110,coches.net,furgoneta
renault,master,19700.0,2021,91700.0,diesel,automatica,135,coches.net,furgoneta
man,tge,12800.0,2022,82400.0,diesel,automatica,140,coches.net,furgoneta
ford,transit connect,14600.0,2023,54500.0,diesel,manual,105,coches.net,furgoneta
renault,master,24800.0,2023,50200.0,gasolina,automatica,110,coches.net,furgoneta
toyota,proace city,19800.0,2017,198700.0,diesel,manual,105,coches.net,furgoneta
citroën,berlingo,27000.0,2022,72400.0,gasolina,manual,105,coches.net,furgoneta
peugeot,boxer,22500.0,2019,107200.0,diesel,manual,130,coches.net,furgoneta
peugeot,partner,16900.0,2020,122200.0,electrico,manual,141,coches.net,furgoneta
citroën,jumper,33700.0,2024,22900.0,electrico,manual,130,coches.net,furgoneta
peugeot,boxer,7500.0,2017,277900.0,diesel,automatica,135,coches.net,furgoneta
renault,kangoo,16600.0,2020,174700.0,gasolina,automatica,75,coches.net,furgoneta
mercedes-benz,sprinter,16900.0,2020,138600.0,diesel,manual,100,coches.net,furgoneta
hyundai,staria,31500.0,2023,45400.0,diesel,automatica,182,coches.net,furgoneta
volkswagen,transporter,13800.0,2021,73500.0,gasolina,automatica,150,coches.net,furgoneta
peugeot,boxer,21100.0,2022,64500.0,hibrido,automatica,160,coches.net,furgoneta
ford,transit,31800.0,2024,19600.0,diesel,manual,170,coches.net,furgoneta
iveco,daily,24500.0,2020,115200.0,gas,manual,100,coches.net,furgoneta
mercedes-benz,sprinter,32400.0,2022,77200.0,diesel,manual,120,coches.net,furgoneta
mercedes-benz,sprinter,29100.0,2022,67600.0,hibrido,manual,75,coches.net,furgoneta
toyota,proace,51200.0,2023,45000.0,electrico,manual,136,coches.net,furgoneta
peugeot,expert,22000.0,2023,32300.0,diesel,manual,105,coches.net,furgoneta
citroën,berlingo,21000.0,2021,108500.0,diesel,manual,100,coches.net,furgoneta
maxus,ev80,12300.0,2016,258300.0,electrico,manual,125,coches.net,furgoneta
volkswagen,caddy,16600.0,2017,215500.0,gasolina,manual,114,coches.net,furgoneta
citroën,berlingo,30200.0,2023,47500.0,electrico,manual,141,coches.net,furgoneta
citroën,jumpy,22800.0,2022,69500.0,diesel,manual,120,coches.net,furgoneta
peugeot,boxer,19100.0,2024,23200.0,diesel,manual,140,coches.net,furgoneta
toyota,proace,31300.0,2022,64200.0,diesel,manual,155,coches.net,furgoneta
iveco,daily,22400.0,2018,183800.0,diesel,manual,110,coches.net,furgoneta
hyundai,h350,28300.0,2023,40100.0,gas,manual,131,coches.net,furgoneta
volkswagen,caddy,24800.0,2021,104900.0,electrico,manual,70,coches.net,furgoneta
fiat,doblo cargo,11100.0,2019,138200.0,diesel,manual,110,coches.net,furgoneta
nissan,nv400,19000.0,2023,72200.0,diesel,automatica,150,coches.net,furgoneta
renault,master,24400.0,2021,68800.0,gas,automatica,145,coches.net,furgoneta
renault,master,14600.0,2022,70600.0,gas,manual,135,coches.net,furgoneta
peugeot,boxer,24100.0,2021,75900.0,gas,manual,155,coches.net,furgoneta
opel,vivaro,23500.0,2023,40100.0,hibrido,manual,100,coches.net,furgoneta
ford,transit connect,14600.0,2020,108600.0,diesel,manual,75,coches.net,furgoneta
peugeot,expert,31800.0,2023,61300.0,diesel,manual,100,coches.net,furgoneta
ford,transit,13100.0,2018,198100.0,diesel,automatica,155,coches.net,furgoneta
nissan,nv200,17300.0,2018,196500.0,diesel,manual,110,coches.net,furgoneta
renault,master,13200.0,2020,113700.0,diesel,manual,150,coches.net,furgoneta
nissan,primastar,12300.0,2015,380000.0,gasolina,manual,119,coches.net,furgoneta
volkswagen,transporter,31500.0,2023,38100.0,diesel,automatica,97,coches.net,furgoneta
peugeot,boxer,10000.0,2018,196800.0,diesel,manual,130,coches.net,furgoneta
nissan,primastar,12600.0,2022,73300.0,diesel,manual,119,coches.net,furgoneta
peugeot,expert,17400.0,2020,135800.0,hibrido,manual,95,coches.net,furgoneta
volkswagen,crafter,23100.0,2019,169100.0,diesel,manual,177,coches.net,furgoneta
citroën,jumpy,26200.0,2021,85800.0,gas,manual,150,coches.net,furgoneta
fiat,doblo cargo,26.0,2020,126200.0,diesel,manual,105,coches.net,furgoneta
renault,trafic,21700.0,2020,128500.0,diesel,manual,90,coches.net,furgoneta
ford,transit,15800.0,2016,233700.0,diesel,automatica,105,coches.net,furgoneta
mercedes-benz,citan,29900.0,2020,122200.0,diesel,manual,110,coches.net,furgoneta
iveco,daily,27400.0,2020,133800.0,diesel,manual,130,coches.net,furgoneta
volkswagen,crafter,24800.0,2022,78400.0,diesel,manual,97,coches.net,furgoneta
iveco,daily,32700.0,2024,18500.0,diesel,manual,110,coches.net,furgoneta
iveco,daily,23800.0,2021,109200.0,diesel,manual,130,coches.net,furgoneta
renault,trafic,22500.0,2022,46400.0,hibrido,manual,150,coches.net,furgoneta
mercedes-benz,citan,29900.0,2021,86300.0,gas,manual,130,coches.net,furgoneta
ford,transit connect,20300.0,2020,109300.0,diesel,automatica,120,coches.net,furgoneta
citroën,jumper,15500.0,2023,41300.0,diesel,manual,130,coches.net,furgoneta
opel,combo,23600.0,2023,47300.0,hibrido,manual,100,coches.net,furgoneta
ford,transit connect,17200.0,2021,74700.0,hibrido,automatica,105,coches.net,furgoneta
opel,combo,23100.0,2023,37600.0,diesel,manual,100,coches.net,furgoneta
mercedes-benz,vito,42700.0,2023,39200.0,diesel,manual,140,coches.net,furgoneta
iveco,daily,24800.0,2024,21200.0,gasolina,manual,110,coches.net,furgoneta
renault,kangoo,22900.0,2021,91100.0,diesel,manual,75,coches.net,furgoneta
renault,kangoo,19500.0,2021,101300.0,gasolina,manual,75,coches.net,furgoneta
renault,kangoo,13100.0,2021,72600.0,electrico,manual,90,coches.net,furgoneta
iveco,daily,11400.0,2015,278600.0,diesel,automatica,75,coches.net,furgoneta
citroën,jumper,20600.0,2024,19600.0,diesel,automatica,130,coches.net,furgoneta
renault,kangoo,20500.0,2019,167400.0,diesel,manual,100,coches.net,furgoneta
peugeot,expert,16100.0,2017,148200.0,diesel,automatica,150,coches.net,furgoneta
citroën,berlingo,17600.0,2018,216700.0,electrico,manual,131,coches.net,furgoneta
renault,trafic,11900.0,2023,51700.0,hibrido,manual,120,coches.net,furgoneta
hyundai,staria,11000.0,2023,47700.0,diesel,manual,177,coches.net,furgoneta
iveco,daily,23200.0,2024,17400.0,gas,manual,75,coches.net,furgoneta
renault,master,21800.0,2023,40500.0,diesel,automatica,145,coches.net,furgoneta
maxus,deliver 9,26400.0,2024,26100.0,electrico,manual,120,coches.net,furgoneta
renault,trafic,7500.0,2015,281700.0,gasolina,manual,150,coches.net,furgoneta
iveco,daily,29800.0,2024,19600.0,diesel,manual,120,coches.net,furgoneta
mercedes-benz,sprinter,30700.0,2023,43600.0,electrico,manual,102,coches.net,furgoneta
opel,movano,18500.0,2020,180000.0,diesel,automatica,145,coches.net,furgoneta
citroën,jumpy,23700.0,2021,110500.0,diesel,manual,150,coches.net,furgoneta
volkswagen,caddy,10600.0,2021,99000.0,diesel,manual,102,coches.net,furgoneta
citroën,jumpy,23600.0,2021,125900.0,hibrido,manual,150,coches.net,furgoneta
volkswagen,transporter,18600.0,2019,112000.0,diesel,manual,105,coches.net,furgoneta
volkswagen,crafter,18500.0,2016,231700.0,diesel,manual,102,coches.net,furgoneta
mercedes-benz,sprinter,13100.0,2020,134300.0,gasolina,automatica,102,coches.net,furgoneta
volkswagen,transporter,31000.0,2020,132600.0,hibrido,automatica,110,coches.net,furgoneta
citroën,jumper,12500.0,2018,200600.0,gasolina,manual,130,coches.net,furgoneta
renault,trafic,25200.0,2024,13600.0,diesel,manual,155,coches.net,furgoneta
renault,trafic,7500.0,2016,241500.0,diesel,manual,120,coches.net,furgoneta
iveco,daily,23800.0,2021,97800.0,diesel,manual,75,coches.net,furgoneta
fiat,doblo cargo,22300.0,2022,65300.0,diesel,manual,105,coches.net,furgoneta
nissan,nv200,16900.0,2019,199700.0,diesel,manual,110,coches.net,furgoneta
fiat,ducato,28400.0,2023,36700.0,diesel,manual,160,coches.net,furgoneta
iveco,daily,26400.0,2022,69500.0,diesel,manual,102,coches.net,furgoneta
opel,movano,19000.0,2021,84500.0,diesel,automatica,140,coches.net,furgoneta
toyota,proace,42700.0,2024,21000.0,electrico,manual,131,coches.net,furgoneta
ford,transit connect,26500.0,2021,89600.0,diesel,manual,120,coches.net,furgoneta
renault,trafic,13300.0,2019,191700.0,diesel,manual,120,coches.net,furgoneta
man,tge,51100.0,2024,16400.0,electrico,manual,140,coches.net,furgoneta
mercedes-benz,vito,27200.0,2022,65900.0,diesel,automatica,150,coches.net,furgoneta
peugeot,boxer,27300.0,2024,20900.0,gasolina,manual,130,coches.net,furgoneta
peugeot,partner,23000.0,2021,134600.0,electrico,manual,131,coches.net,furgoneta
citroën,jumper,11700.0,2017,211800.0,gasolina,manual,135,coches.net,furgoneta
nissan,primastar,24600.0,2022,52800.0,diesel,manual,119,coches.net,furgoneta
toyota,proace city,40000.0,2021,94600.0,electrico,automatica,100,coches.net,furgoneta
fiat,doblo cargo,25500.0,2023,54000.0,diesel,manual,85,coches.net,furgoneta
citroën,jumpy,31600.0,2023,46100.0,diesel,manual,105,coches.net,furgoneta
volkswagen,transporter,22700.0,2022,76000.0,gasolina,manual,97,coches.net,furgoneta
opel,movano,22000.0,2021,104200.0,diesel,automatica,145,coches.net,furgoneta
volkswagen,crafter,3270000.0,2020,144400.0,diesel,manual,102,coches.net,furgoneta
man,tge,31400.0,2024,24700.0,diesel,manual,135,coches.net,furgoneta
mercedes-benz,vito,30900.0,2020,129900.0,diesel,manual,100,coches.net,furgoneta
renault,trafic,19200.0,2019,190000.0,diesel,manual,150,coches.net,furgoneta
fiat,scudo,28700.0,2024,19900.0,diesel,manual,150,coches.net,furgoneta
peugeot,boxer,26800.0,2022,85500.0,diesel,automatica,140,coches.net,furgoneta
renault,kangoo,24000.0,2023,26300.0,diesel,manual,95,coches.net,furgoneta
renault,kangoo,24900.0,2023,55600.0,diesel,manual,100,coches.net,furgoneta
mercedes-benz,sprinter,27900.0,2021,97100.0,diesel,automatica,75,coches.net,furgoneta
mercedes-benz,vito,24100.0,2023,54600.0,diesel,manual,140,coches.net,furgoneta
man,tge,31100.0,2022,91900.0,hibrido,manual,102,coches.net,furgoneta
peugeot,boxer,16900.0,2022,34800.0,diesel,manual,125,coches.net,furgoneta
opel,movano,11700.0,2016,147500.0,diesel,manual,105,coches.net,furgoneta
renault,kangoo,22300.0,2022,52300.0,gasolina,manual,95,coches.net,furgoneta
opel,vivaro,22900.0,2020,105000.0,diesel,manual,95,coches.net,furgoneta
renault,master,14800.0,2023,54700.0,diesel,manual,180,coches.net,furgoneta
toyota,proace city,20300.0,2018,205400.0,gasolina,manual,110,coches.net,furgoneta
ford,transit,35300.0,2023,49200.0,electrico,manual,105,coches.net,furgoneta
mercedes-benz,citan,38700.0,2021,108600.0,diesel,automatica,100,coches.net,furgoneta
renault,kangoo,27800.0,2024,9600.0,hibrido,manual,90,coches.net,furgoneta
peugeot,partner,33500.0,2024,11700.0,gasolina,manual,105,coches.net,furgoneta
ford,transit,24200.0,2021,91300.0,electrico,manual,125,coches.net,furgoneta
mercedes-benz,vito,28500.0,2021,101600.0,diesel,automatica,75,coches.net,furgoneta
opel,combo,21500.0,2022,79800.0,diesel,automatica,110,coches.net,furgoneta
peugeot,expert,30400.0,2023,53400.0,hibrido,manual,145,coches.net,furgoneta
peugeot,expert,11800.0,2016,210200.0,diesel,manual,120,coches.net,furgoneta
hyundai,h350,26800.0,2023,49200.0,diesel,manual,136,coches.net,furgoneta
renault,kangoo,17200.0,2021,90500.0,hibrido,automatica,100,coches.net,furgoneta
man,tge,31100.0,2022,40400.0,diesel,manual,97,coches.net,furgoneta
volkswagen,caddy,22000.0,2020,131300.0,diesel,manual,102,coches.net,furgoneta
ford,transit connect,22200.0,2022,70500.0,gasolina,manual,100,coches.net,furgoneta
mercedes-benz,vito,27100.0,2019,212800.0,diesel,manual,120,coches.net,furgoneta
ford,transit courier,33800.0,2024,25400.0,gasolina,manual,100,coches.net,furgoneta
toyota,proace city,22900.0,2021,116400.0,gasolina,manual,110,coches.net,furgoneta
mercedes-benz,sprinter,37600.0,2023,33500.0,hibrido,manual,120,coches.net,furgoneta
ford,transit courier,32500.0,2024,19200.0,gasolina,manual,95,coches.net,furgoneta
ford,transit courier,15200.0,2020,157000.0,diesel,manual,75,coches.net,furgoneta
peugeot,expert,24600.0,2024,28000.0,diesel,manual,105,coches.net,furgoneta
mercedes-benz,citan,29700.0,2023,42000.0,diesel,automatica,90,coches.net,furgoneta
citroën,berlingo,17700.0,2022,63400.0,gasolina,automatica,110,coches.net,furgoneta
renault,kangoo,23900.0,2023,51300.0,diesel,manual,95,coches.net,furgoneta
fiat,doblo cargo,17700.0,2020,72600.0,gas,manual,105,coches.net,furgoneta
citroën,jumpy,20200.0,2024,22300.0,gasolina,manual,125,coches.net,furgoneta
man,tge,28900.0,2021,74600.0,diesel,manual,140,coches.net,furgoneta
citroën,berlingo,16700.0,2023,47700.0,gasolina,manual,110,coches.net,furgoneta
toyota,proace city,19000.0,2019,147700.0,diesel,manual,110,coches.net,furgoneta
volkswagen,crafter,14800.0,2020,142200.0,diesel,manual,97,coches.net,furgoneta
renault,trafic,15400.0,2022,77700.0,diesel,manual,150,coches.net,furgoneta
renault,trafic,16500.0,2021,95100.0,gas,manual,150,coches.net,furgoneta
ford,transit connect,25800.0,2023,55500.0,diesel,automatica,95,coches.net,furgoneta
volkswagen,caddy,23800.0,2023,46500.0,diesel,manual,107,coches.net,furgoneta
fiat,scudo,8200.0,2015,288100.0,gas,manual,120,coches.net,furgoneta
nissan,nv300,18700.0,2022,90700.0,diesel,manual,120,coches.net,furgoneta
renault,kangoo,27600.0,2021,73300.0,diesel,manual,95,coches.net,furgoneta
ford,transit,23900.0,2019,215900.0,electrico,automatica,135,coches.net,furgoneta
hyundai,h350,30500.0,2024,19800.0,diesel,manual,170,coches.net,furgoneta
ford,transit,23800.0,2021,86600.0,hibrido,manual,130,coches.net,furgoneta
peugeot,partner,24000.0,2023,55200.0,diesel,manual,100,coches.net,furgoneta
renault,master,27400.0,2024,21900.0,electrico,manual,130,coches.net,furgoneta
fiat,doblo cargo,27000.0,2023,44400.0,diesel,automatica,90,coches.net,furgoneta
peugeot,expert,17400.0,2017,217200.0,diesel,manual,150,coches.net,furgoneta
renault,master,22900.0,2023,41100.0,diesel,manual,135,coches.net,furgoneta
mercedes-benz,vito,21700.0,2021,105200.0,diesel,manual,150,coches.net,furgoneta
mercedes-benz,citan,29800.0,2022,80400.0,electrico,manual,110,coches.net,furgoneta
ford,transit,15000.0,2019,160000.0,diesel,manual,105,coches.net,furgoneta
citroën,jumper,11500.0,2016,296300.0,diesel,automatica,140,coches.net,furgoneta
citroën,jumper,22800.0,2020,123500.0,diesel,manual,140,coches.net,furgoneta
ford,transit connect,22300.0,2016,174600.0,diesel,manual,105,coches.net,furgoneta
man,tge,20600.0,2019,141600.0,diesel,manual,135,coches.net,furgoneta
volkswagen,transporter,21600.0,2022,88700.0,diesel,manual,105,coches.net,furgoneta
mercedes-benz,sprinter,30200.0,2023,44100.0,gas,manual,110,coches.net,furgoneta
man,tge,25900.0,2023,39900.0,diesel,manual,102,coches.net,furgoneta
citroën,jumper,14700.0,2017,300000.0,diesel,manual,160,coches.net,furgoneta
renault,kangoo,18900.0,2023,52900.0,diesel,manual,100,coches.net,furgoneta
maxus,ev80,35900.0,2024,24600.0,electrico,manual,115,coches.net,furgoneta
fiat,ducato,12300.0,2018,150400.0,diesel,manual,130,coches.net,furgoneta
citroën,jumper,11000.0,2018,198200.0,electrico,manual,140,coches.net,furgoneta
hyundai,staria,29600.0,2023,51100.0,hibrido,manual,177,coches.net,furgoneta
iveco,daily,22000.0,2022,84800.0,diesel,manual,120,coches.net,furgoneta
volkswagen,transporter,27200.0,2021,73600.0,diesel,manual,209,coches.net,furgoneta
renault,trafic,16700.0,2020,108300.0,diesel,manual,150,coches.net,furgoneta
opel,combo,18400.0,2021,88800.0,diesel,manual,100,coches.net,furgoneta
nissan,nv400,21500.0,2022,64900.0,diesel,manual,145,coches.net,furgoneta
volkswagen,transporter,17400.0,2016,226800.0,diesel,manual,199,coches.net,furgoneta
toyota,proace,10900.0,2020,91300.0,diesel,manual,145,coches.net,furgoneta
peugeot,expert,25700.0,2022,58800.0,hibrido,automatica,150,coches.net,furgoneta
hyundai,h350,7600.0,2017,276000.0,gas,manual,141,coches.net,furgoneta
nissan,nv400,27200.0,2022,80800.0,diesel,manual,140,coches.net,furgoneta
volkswagen,transporter,30000.0,2022,81600.0,gasolina,manual,150,coches.net,furgoneta
ford,transit,27400.0,2023,34400.0,diesel,manual,130,coches.net,furgoneta
nissan,primastar,1310000.0,2020,116200.0,diesel,manual,119,coches.net,furgoneta
mercedes-benz,citan,3060000.0,2024,12700.0,hibrido,manual,75,coches.net,furgoneta
fiat,ducato,23000.0,2021,143200.0,hibrido,manual,155,coches.net,furgoneta
ford,transit courier,1270000.0,2020,112200.0,gasolina,automatica,95,coches.net,furgoneta
iveco,daily,25000.0,2022,59500.0,diesel,manual,102,coches.net,furgoneta
opel,movano,22400.0,2023,40000.0,diesel,manual,150,coches.net,furgoneta
opel,vivaro,2570000.0,2021,90000.0,electrico,manual,100,coches.net,furgoneta
mercedes-benz,vito,11800.0,2018,175900.0,diesel,automatica,100,coches.net,furgoneta
citroën,berlingo,24200.0,2023,62200.0,electrico,manual,100,coches.net,furgoneta
renault,master,26900.0,2021,90500.0,electrico,manual,185,coches.net,furgoneta
fiat,ducato,11200.0,2017,210800.0,diesel,manual,130,coches.net,furgoneta
ford,transit connect,23700.0,2021,82200.0,diesel,manual,120,coches.net,furgoneta
citroën,jumper,32000.0,2024,8900.0,hibrido,manual,140,coches.net,furgoneta
opel,combo,17300.0,2021,120700.0,diesel,manual,100,coches.net,furgoneta
peugeot,expert,20000.0,2023,53600.0,diesel,manual,100,coches.net,furgoneta
citroën,jumpy,27400.0,2023,37700.0,electrico,manual,150,coches.net,furgoneta
peugeot,expert,19500.0,2020,146400.0,diesel,automatica,95,coches.net,furgoneta
renault,kangoo,22200.0,2019,187300.0,diesel,manual,95,coches.net,furgoneta
renault,trafic,28500.0,2024,21200.0,diesel,manual,120,coches.net,furgoneta
fiat,scudo,27400.0,2024,27000.0,diesel,automatica,145,coches.net,furgoneta
hyundai,h350,19400.0,2021,106500.0,diesel,manual,175,coches.net,furgoneta
mercedes-benz,vito,27900.0,2019,146600.0,electrico,manual,130,coches.net,furgoneta
nissan,nv200,13300.0,2019,204900.0,gas,manual,110,coches.net,furgoneta
mercedes-benz,sprinter,26100.0,2018,148700.0,diesel,manual,150,coches.net,furgoneta
citroën,jumpy,13000.0,2022,68800.0,diesel,manual,120,coches.net,furgoneta
peugeot,boxer,16100.0,2021,94200.0,diesel,manual,140,coches.net,furgoneta
opel,vivaro,26500.0,2022,53800.0,gasolina,manual,95,coches.net,furgoneta
ford,transit courier,7500.0,2017,211700.0,diesel,manual,75,coches.net,furgoneta
hyundai,h350,34900.0,2024,33600.0,gasolina,manual,136,coches.net,furgoneta
renault,kangoo,32400.0,2024,24200.0,diesel,automatica,100,coches.net,furgoneta
citroën,jumper,32600.0,2023,40700.0,electrico,manual,155,coches.net,furgoneta
toyota,proace city,33500.0,2023,41700.0,diesel,manual,110,coches.net,furgoneta
volkswagen,transporter,30800.0,2021,61900.0,hibrido,manual,110,coches.net,furgoneta
iveco,daily,30000.0,2024,15000.0,diesel,manual,140,coches.net,furgoneta
toyota,proace city,24300.0,2022,78000.0,diesel,manual,105,coches.net,furgoneta
toyota,proace,25800.0,2023,47900.0,diesel,automatica,145,coches.net,furgoneta
mercedes-benz,vito,13500.0,2020,95500.0,gas,manual,130,coches.net,furgoneta
volkswagen,crafter,25600.0,2023,54500.0,diesel,manual,145,coches.net,furgoneta
peugeot,boxer,20900.0,2024,24500.0,diesel,manual,160,coches.net,furgoneta
peugeot,boxer,7500.0,2021,103700.0,electrico,manual,160,coches.net,furgoneta
renault,trafic,14600.0,2018,148800.0,diesel,manual,95,coches.net,furgoneta
volkswagen,caddy,27900.0,2024,21500.0,gasolina,manual,80,coches.net,furgoneta
renault,trafic,29600.0,2022,80500.0,hibrido,manual,120,coches.net,furgoneta
opel,combo,18800.0,2020,110400.0,diesel,manual,100,coches.net,furgoneta
fiat,ducato,25200.0,2022,94300.0,electrico,manual,127,coches.net,furgoneta
nissan,nv400,17500.0,2016,223700.0,electrico,manual,110,coches.net,furgoneta
ford,transit,23600.0,2021,121400.0,diesel,manual,170,coches.net,furgoneta
toyota,proace city,19600.0,2020,77100.0,hibrido,manual,110,coches.net,furgoneta
iveco,daily,31900.0,2022,94700.0,diesel,automatica,75,coches.net,furgoneta
mercedes-benz,citan,29500.0,2021,76300.0,diesel,manual,102,coches.net,furgoneta
citroën,berlingo,13900.0,2021,89100.0,diesel,manual,105,coches.net,furgoneta
man,tge,24500.0,2021,102600.0,hibrido,manual,102,coches.net,furgoneta
iveco,daily,25400.0,2017,203900.0,diesel,manual,130,coches.net,furgoneta
ford,transit connect,18700.0,2022,67900.0,diesel,manual,100,coches.net,furgoneta
ford,transit connect,7500.0,2016,296000.0,diesel,manual,105,coches.net,furgoneta
man,tge,35400.0,2023,36000.0,diesel,manual,97,coches.net,furgoneta
opel,combo,15800.0,2018,219400.0,hibrido,manual,95,coches.net,furgoneta
volkswagen,caddy,24800.0,2023,54400.0,diesel,manual,75,coches.net,furgoneta
ford,transit connect,23500.0,2021,113600.0,diesel,manual,80,coches.net,furgoneta
citroën,jumper,18200.0,2022,63800.0,diesel,manual,125,coches.net,furgoneta
peugeot,partner,17500.0,2019,197400.0,gasolina,manual,110,coches.net,furgoneta
mercedes-benz,sprinter,33300.0,2023,55700.0,hibrido,manual,102,coches.net,furgoneta
peugeot,expert,15100.0,2019,99700.0,diesel,manual,150,coches.net,furgoneta
ford,transit connect,25700.0,2023,46100.0,diesel,manual,75,coches.net,furgoneta
citroën,jumpy,30100.0,2024,27900.0,diesel,automatica,105,coches.net,furgoneta
mercedes-benz,vito,29600.0,2021,95300.0,diesel,manual,110,coches.net,furgoneta
renault,trafic,26400.0,2022,70600.0,diesel,manual,90,coches.net,furgoneta
man,tge,33400.0,2021,74100.0,diesel,manual,102,coches.net,furgoneta
volkswagen,crafter,28100.0,2022,59700.0,gas,manual,102,coches.net,furgoneta
mercedes-benz,citan,36400.0,2023,27800.0,diesel,manual,120,coches.net,furgoneta
opel,movano,17300.0,2020,147000.0,diesel,manual,140,coches.net,furgoneta
fiat,ducato,24700.0,2022,87600.0,diesel,manual,122,coches.net,furgoneta
ford,transit,31900.0,2020,90600.0,hibrido,manual,170,coches.net,furgoneta
citroën,jumpy,19800.0,2023,58100.0,diesel,manual,115,coches.net,furgoneta
ford,transit connect,33500.0,2023,51500.0,diesel,automatica,75,coches.net,furgoneta
fiat,doblo cargo,14200.0,2019,132800.0,hibrido,manual,105,coches.net,furgoneta
fiat,doblo cargo,28500.0,2024,15200.0,diesel,manual,110,coches.net,furgoneta
citroën,jumper,20200.0,2021,105900.0,diesel,manual,160,coches.net,furgoneta
toyota,proace,20500.0,2022,63300.0,diesel,manual,115,coches.net,furgoneta
volkswagen,crafter,25000.0,2022,77200.0,diesel,manual,177,coches.net,furgoneta
mercedes-benz,vito,28500.0,2023,64400.0,diesel,manual,100,coches.net,furgoneta
volkswagen,crafter,15700.0,2017,240300.0,diesel,manual,145,coches.net,furgoneta
volkswagen,transporter,16100.0,2019,141100.0,diesel,manual,110,coches.net,furgoneta
peugeot,expert,20600.0,2023,66500.0,diesel,automatica,150,coches.net,furgoneta
renault,trafic,19800.0,2023,45300.0,diesel,automatica,90,coches.net,furgoneta
fiat,scudo,21800.0,2024,27400.0,diesel,automatica,120,coches.net,furgoneta
man,tge,45800.0,2024,21400.0,electrico,manual,135,coches.net,furgoneta
volkswagen,caddy,19200.0,2018,179400.0,electrico,manual,75,coches.net,furgoneta
citroën,jumper,9200.0,2020,60000.0,diesel,manual,160,coches.net,furgoneta
mercedes-benz,citan,12700.0,2016,322100.0,gasolina,manual,102,coches.net,furgoneta
renault,trafic,22000.0,2019,133500.0,diesel,automatica,90,coches.net,furgoneta
opel,combo,31500.0,2021,103300.0,diesel,automatica,105,coches.net,furgoneta
volkswagen,transporter,21100.0,2023,42900.0,diesel,manual,155,coches.net,furgoneta
renault,trafic,11800.0,2017,300000.0,diesel,automatica,150,coches.net,furgoneta
peugeot,boxer,30100.0,2024,17200.0,diesel,manual,125,coches.net,furgoneta
man,tge,17400.0,2021,103800.0,diesel,automatica,135,coches.net,furgoneta
iveco,daily,38200.0,2024,16400.0,diesel,manual,130,coches.net,furgoneta
renault,trafic,7500.0,2021,107600.0,gas,automatica,85,coches.net,furgoneta
citroën,berlingo,12800.0,2019,153100.0,diesel,automatica,100,coches.net,furgoneta
ford,transit courier,12100.0,2016,227200.0,electrico,manual,75,coches.net,furgoneta
citroën,jumpy,19700.0,2018,164200.0,diesel,manual,120,coches.net,furgoneta
opel,movano,26100.0,2023,48900.0,diesel,manual,110,coches.net,furgoneta
volkswagen,caddy,20500.0,2019,154300.0,diesel,manual,75,coches.net,furgoneta
man,tge,17700.0,2020,106400.0,diesel,manual,102,coches.net,furgoneta
renault,kangoo,30300.0,2024,23400.0,diesel,manual,80,coches.net,furgoneta
fiat,doblo cargo,20600.0,2021,101900.0,diesel,manual,90,coches.net,furgoneta
nissan,nv200,20600.0,2022,45000.0,diesel,manual,90,coches.net,furgoneta
toyota,proace,16800.0,2020,171700.0,hibrido,manual,155,coches.net,furgoneta
volkswagen,crafter,35700.0,2024,19300.0,diesel,automatica,102,coches.net,furgoneta
fiat,ducato,13000.0,2021,143300.0,diesel,automatica,135,coches.net,furgoneta
volkswagen,transporter,14300.0,2017,151900.0,diesel,automatica,110,coches.net,furgoneta
ford,transit connect,17300.0,2017,194500.0,hibrido,manual,120,coches.net,furgoneta
peugeot,boxer,20400.0,2022,56700.0,diesel,manual,135,coches.net,furgoneta
fiat,ducato,26600.0,2023,44000.0,gasolina,manual,130,coches.net,furgoneta
iveco,daily,12500.0,2018,141400.0,gas,automatica,100,coches.net,furgoneta
ford,transit,21300.0,2019,183000.0,electrico,automatica,130,coches.net,furgoneta
ford,transit courier,19000.0,2023,43300.0,diesel,manual,75,coches.net,furgoneta
fiat,scudo,18000.0,2022,65200.0,diesel,manual,125,coches.net,furgoneta
iveco,daily,24400.0,2023,40100.0,diesel,automatica,100,coches.net,furgoneta
toyota,proace,30400.0,2021,91400.0,electrico,manual,141,coches.net,furgoneta
man,tge,28200.0,2022,91900.0,diesel,manual,102,coches.net,furgoneta
nissan,primastar,20200.0,2021,90300.0,diesel,automatica,119,coches.net,furgoneta
fiat,doblo cargo,14500.0,2022,80400.0,diesel,manual,85,coches.net,furgoneta
hyundai,h350,2000000.0,2020,137100.0,diesel,manual,136,coches.net,furgoneta
mercedes-benz,vito,20500.0,2018,193900.0,diesel,manual,90,coches.net,furgoneta
opel,movano,7500.0,2018,156200.0,gas,manual,163,coches.net,furgoneta
maxus,ev80,19300.0,2023,52800.0,electrico,manual,120,coches.net,furgoneta
volkswagen,crafter,21400.0,2022,89000.0,diesel,manual,177,coches.net,furgoneta
renault,kangoo,19400.0,2021,84600.0,diesel,manual,75,coches.net,furgoneta
renault,trafic,10200.0,2018,228500.0,gasolina,manual,150,coches.net,furgoneta
fiat,scudo,23600.0,2021,86100.0,diesel,manual,120,coches.net,furgoneta
ford,transit,7800.0,2018,260000.0,diesel,manual,155,coches.net,furgoneta
volkswagen,caddy,35900.0,2022,59400.0,diesel,automatica,97,coches.net,furgoneta
ford,transit,24700.0,2021,88700.0,diesel,manual,155,coches.net,furgoneta
iveco,daily,19800.0,2020,136700.0,diesel,manual,90,coches.net,furgoneta
fiat,scudo,22600.0,2023,40000.0,gas,manual,150,coches.net,furgoneta
toyota,proace,32900.0,2024,20800.0,diesel,manual,155,coches.net,furgoneta
renault,trafic,12800.0,2016,332200.0,electrico,manual,150,coches.net,furgoneta
citroën,jumpy,31400.0,2024,27900.0,gasolina,manual,120,coches.net,furgoneta
renault,master,37300.0,2023,42400.0,diesel,manual,115,coches.net,furgoneta
volkswagen,crafter,24800.0,2022,64200.0,gasolina,manual,182,coches.net,furgoneta
citroën,jumper,32200.0,2024,23100.0,gas,manual,135,coches.net,furgoneta
renault,trafic,22400.0,2021,83100.0,diesel,manual,120,coches.net,furgoneta
mercedes-benz,vito,35600.0,2020,90600.0,diesel,manual,102,coches.net,furgoneta
mercedes-benz,sprinter,26400.0,2022,45300.0,diesel,manual,130,coches.net,furgoneta
peugeot,boxer,22400.0,2022,61000.0,diesel,manual,145,coches.net,furgoneta
ford,transit,25300.0,2021,101700.0,hibrido,manual,105,coches.net,furgoneta
peugeot,partner,14200.0,2018,229100.0,gas,automatica,100,coches.net,furgoneta
toyota,proace,27800.0,2023,61300.0,electrico,manual,136,coches.net,furgoneta
nissan,nv200,28700.0,2023,48000.0,electrico,manual,105,coches.net,furgoneta
mercedes-benz,citan,25900.0,2020,136000.0,gasolina,manual,120,coches.net,furgoneta
volkswagen,caddy,12600.0,2019,144500.0,diesel,manual,75,coches.net,furgoneta
iveco,daily,28300.0,2023,44700.0,gas,automatica,120,coches.net,furgoneta
ford,transit,10100.0,2020,121200.0,diesel,manual,155,coches.net,furgoneta
ford,transit connect,37300.0,2024,24300.0,diesel,manual,100,coches.net,furgoneta
mercedes-benz,sprinter,29900.0,2020,115800.0,diesel,manual,75,coches.net,furgoneta
iveco,daily,25000.0,2020,122600.0,electrico,manual,100,coches.net,furgoneta
nissan,nv200,17200.0,2021,94500.0,diesel,manual,90,coches.net,furgoneta
citroën,berlingo,22700.0,2024,29400.0,gasolina,manual,105,coches.net,furgoneta
volkswagen,transporter,22200.0,2023,45000.0,diesel,manual,110,coches.net,furgoneta
citroën,jumpy,29500.0,2023,37600.0,electrico,manual,155,coches.net,furgoneta
renault,trafic,21400.0,2021,89500.0,diesel,manual,150,coches.net,furgoneta
ford,transit,13300.0,2016,292900.0,diesel,manual,155,coches.net,furgoneta
toyota,proace city,32100.0,2022,84900.0,diesel,manual,105,coches.net,furgoneta
volkswagen,crafter,21900.0,2021,83400.0,diesel,manual,102,coches.net,furgoneta
hyundai,staria,29800.0,2024,27300.0,diesel,manual,177,coches.net,furgoneta
iveco,daily,23800.0,2019,86600.0,electrico,automatica,140,coches.net,furgoneta
renault,master,21400.0,2021,92400.0,electrico,automatica,135,coches.net,furgoneta
volkswagen,caddy,35800.0,2024,24900.0,diesel,manual,75,coches.net,furgoneta
ford,transit,29800.0,2022,50900.0,diesel,manual,100,coches.net,furgoneta
citroën,jumper,16600.0,2023,45200.0,hibrido,manual,140,coches.net,furgoneta
toyota,proace,40400.0,2021,96500.0,electrico,manual,141,coches.net,furgoneta
toyota,proace,30900.0,2022,64200.0,electrico,manual,131,coches.net,furgoneta
man,tge,33000.0,2022,77500.0,diesel,manual,140,coches.net,furgoneta
nissan,nv300,25200.0,2023,33800.0,diesel,manual,115,coches.net,furgoneta
volkswagen,caddy,16200.0,2016,227300.0,diesel,manual,102,coches.net,furgoneta
mercedes-benz,citan,25800.0,2024,16700.0,diesel,manual,90,coches.net,furgoneta
peugeot,boxer,23200.0,2021,96900.0,diesel,manual,160,coches.net,furgoneta
renault,master,22900.0,2023,45300.0,diesel,manual,110,coches.net,furgoneta
iveco,daily,25900.0,2021,100900.0,gas,manual,120,coches.net,furgoneta
ford,transit,24600.0,2022,90100.0,diesel,manual,135,coches.net,furgoneta
volkswagen,transporter,29200.0,2020,155700.0,diesel,manual,209,coches.net,furgoneta
hyundai,staria,26100.0,2024,19600.0,diesel,manual,172,coches.net,furgoneta
mercedes-benz,sprinter,41900.0,2023,50500.0,diesel,manual,75,coches.net,furgoneta
volkswagen,caddy,22900.0,2023,57700.0,diesel,manual,75,coches.net,furgoneta
ford,transit connect,34900.0,2024,21500.0,hibrido,manual,95,coches.net,furgoneta
iveco,daily,22700.0,2023,41800.0,diesel,manual,130,coches.net,furgoneta
citroën,jumpy,26300.0,2019,160900.0,hibrido,manual,105,coches.net,furgoneta
ford,transit,12200.0,2021,93900.0,diesel,manual,125,coches.net,furgoneta
ford,transit connect,12200.0,2016,296100.0,diesel,manual,75,coches.net,furgoneta
citroën,jumper,18200.0,2021,115000.0,diesel,automatica,130,coches.net,furgoneta
mercedes-benz,vito,20800.0,2019,119600.0,diesel,manual,75,coches.net,furgoneta
fiat,scudo,18300.0,2017,216000.0,diesel,manual,125,coches.net,furgoneta
citroën,jumper,23500.0,2024,18800.0,diesel,automatica,130,coches.net,furgoneta
maxus,deliver 9,16200.0,2021,94900.0,diesel,manual,150,coches.net,furgoneta
opel,vivaro,25000.0,2022,76700.0,electrico,manual,120,coches.net,furgoneta
ford,transit courier,29300.0,2024,23200.0,diesel,manual,75,coches.net,furgoneta
peugeot,expert,16300.0,2023,44400.0,diesel,manual,145,coches.net,furgoneta
opel,vivaro,9400.0,2016,308400.0,diesel,manual,175,coches.net,furgoneta
ford,transit courier,31000.0,2023,40600.0,hibrido,manual,70,coches.net,furgoneta
peugeot,expert,21400.0,2021,103600.0,diesel,manual,100,coches.net,furgoneta
iveco,daily,33700.0,2023,44800.0,diesel,automatica,90,coches.net,furgoneta
mercedes-benz,citan,24900.0,2021,112300.0,electrico,manual,150,coches.net,furgoneta
volkswagen,caddy,16500.0,2017,174900.0,gasolina,manual,119,coches.net,furgoneta
fiat,scudo,21400.0,2024,26000.0,gasolina,automatica,145,coches.net,furgoneta
citroën,berlingo,13400.0,2022,72000.0,gasolina,automatica,110,coches.net,furgoneta
iveco,daily,12200.0,2018,159200.0,diesel,manual,120,coches.net,furgoneta
volkswagen,transporter,27800.0,2020,130200.0,hibrido,automatica,115,coches.net,furgoneta
citroën,jumpy,17200.0,2020,97300.0,diesel,automatica,105,coches.net,furgoneta
peugeot,partner,27000.0,2022,52200.0,gasolina,automatica,115,coches.net,furgoneta
peugeot,expert,26900.0,2021,86900.0,hibrido,manual,100,coches.net,furgoneta
hyundai,staria,32000.0,2023,55100.0,diesel,manual,177,coches.net,furgoneta
ford,transit connect,28800.0,2024,25200.0,diesel,manual,95,coches.net,furgoneta
nissan,primastar,17800.0,2022,50900.0,diesel,manual,119,coches.net,furgoneta
ford,transit courier,29100.0,2024,22800.0,gas,manual,70,coches.net,furgoneta
renault,trafic,17900.0,2019,149300.0,gasolina,manual,125,coches.net,furgoneta
citroën,berlingo,11400.0,2020,139800.0,diesel,manual,100,coches.net,furgoneta
citroën,jumpy,14800.0,2021,61200.0,diesel,manual,125,coches.net,furgoneta
citroën,berlingo,7500.0,2016,214200.0,gas,automatica,100,coches.net,furgoneta
iveco,daily,12500.0,2017,252000.0,diesel,manual,140,coches.net,furgoneta
peugeot,partner,39500.0,2022,79900.0,electrico,manual,136,coches.net,furgoneta
opel,combo,19900.0,2019,149800.0,diesel,manual,105,coches.net,furgoneta
nissan,primastar,28500.0,2024,21000.0,gas,manual,109,coches.net,furgoneta
mercedes-benz,sprinter,24300.0,2023,50600.0,diesel,manual,110,coches.net,furgoneta
volkswagen,crafter,24300.0,2017,239900.0,electrico,manual,97,coches.net,furgoneta
mercedes-benz,vito,45000.0,2023,52200.0,electrico,automatica,150,coches.net,furgoneta
citroën,berlingo,19400.0,2022,79500.0,electrico,manual,136,coches.net,furgoneta
renault,kangoo,25400.0,2021,76900.0,electrico,manual,90,coches.net,furgoneta
mercedes-benz,sprinter,25300.0,2021,99400.0,diesel,manual,102,coches.net,furgoneta
ford,transit connect,12500.0,2016,311200.0,diesel,manual,115,coches.net,furgoneta
toyota,proace,31900.0,2024,16700.0,diesel,automatica,150,coches.net,furgoneta
renault,kangoo,15400.0,2019,137400.0,diesel,manual,75,coches.net,furgoneta
renault,trafic,24400.0,2023,44700.0,diesel,manual,150,coches.net,furgoneta
man,tge,24400.0,2019,121000.0,diesel,manual,145,coches.net,furgoneta
opel,movano,3700000.0,2024,13100.0,diesel,manual,163,coches.net,furgoneta
nissan,primastar,28600.0,2023,39600.0,diesel,automatica,119,coches.net,furgoneta
toyota,proace city,17900.0,2023,38100.0,gasolina,manual,95,coches.net,furgoneta
man,tge,18200.0,2020,98400.0,diesel,automatica,140,coches.net,furgoneta
iveco,daily,24400.0,2022,62000.0,diesel,manual,130,coches.net,furgoneta
citroën,jumper,26200.0,2024,10200.0,diesel,manual,160,coches.net,furgoneta
nissan,primastar,35900.0,2024,15500.0,electrico,automatica,114,coches.net,furgoneta
renault,master,31000.0,2024,16600.0,hibrido,manual,110,coches.net,furgoneta
volkswagen,crafter,14300.0,2017,233600.0,diesel,manual,140,coches.net,furgoneta
ford,transit,21400.0,2021,92000.0,diesel,manual,105,coches.net,furgoneta
mercedes-benz,sprinter,37000.0,2023,40800.0,diesel,manual,100,coches.net,furgoneta
peugeot,expert,15000.0,2019,123900.0,gas,manual,115,coches.net,furgoneta
mercedes-benz,vito,25100.0,2018,151000.0,diesel,manual,90,coches.net,furgoneta
fiat,scudo,20600.0,2023,35500.0,gasolina,manual,115,coches.net,furgoneta
iveco,daily,33400.0,2022,77400.0,diesel,manual,140,coches.net,furgoneta
toyota,proace,23600.0,2019,206600.0,diesel,manual,115,coches.net,furgoneta
renault,trafic,7500.0,2019,148500.0,diesel,manual,120,coches.net,furgoneta
ford,transit connect,21500.0,2023,46700.0,diesel,automatica,120,coches.net,furgoneta
ford,transit,14900.0,2019,94000.0,diesel,manual,170,coches.net,furgoneta
peugeot,boxer,17500.0,2021,77900.0,diesel,automatica,140,coches.net,furgoneta
mercedes-benz,citan,27500.0,2021,89000.0,diesel,manual,150,coches.net,furgoneta
renault,kangoo,28900.0,2024,16700.0,gas,manual,80,coches.net,furgoneta
nissan,primastar,21200.0,2023,48000.0,diesel,manual,114,coches.net,furgoneta
mercedes-benz,sprinter,35400.0,2024,25300.0,gas,manual,150,coches.net,furgoneta
fiat,scudo,23500.0,2022,74000.0,diesel,manual,120,coches.net,furgoneta
volkswagen,caddy,3470000.0,2023,38400.0,gasolina,automatica,119,coches.net,furgoneta
iveco,daily,22300.0,2019,196200.0,diesel,manual,140,coches.net,furgoneta
citroën,berlingo,25200.0,2019,172700.0,electrico,automatica,136,coches.net,furgoneta
ford,transit connect,28500.0,2023,45500.0,diesel,manual,75,coches.net,furgoneta
peugeot,expert,11100.0,2017,238100.0,diesel,manual,95,coches.net,furgoneta
nissan,nv200,31300.0,2023,41300.0,diesel,manual,85,coches.net,furgoneta
fiat,scudo,25100.0,2023,42400.0,diesel,manual,120,coches.net,furgoneta
opel,movano,14700.0,2020,129000.0,diesel,manual,158,coches.net,furgoneta
mercedes-benz,vito,29000.0,2023,51000.0,hibrido,manual,150,coches.net,furgoneta
fiat,ducato,26000.0,2024,18300.0,diesel,automatica,130,coches.net,furgoneta
opel,vivaro,27800.0,2020,146000.0,electrico,manual,100,coches.net,furgoneta
toyota,proace,27000.0,2023,49200.0,diesel,manual,145,coches.net,furgoneta
opel,combo,18800.0,2019,151700.0,diesel,manual,100,coches.net,furgoneta
volkswagen,caddy,18400.0,2019,175200.0,diesel,manual,102,coches.net,furgoneta
iveco,daily,16000.0,2020,135600.0,diesel,automatica,90,coches.net,furgoneta
citroën,jumpy,19200.0,2020,130500.0,diesel,manual,120,coches.net,furgoneta
opel,movano,24800.0,2024,25700.0,gasolina,automatica,163,coches.net,furgoneta
renault,trafic,26800.0,2023,46500.0,diesel,manual,90,coches.net,furgoneta
renault,trafic,19500.0,2023,38400.0,hibrido,manual,150,coches.net,furgoneta
peugeot,partner,22600.0,2023,52900.0,gas,automatica,100,coches.net,furgoneta
renault,trafic,24900.0,2024,18200.0,gasolina,manual,90,coches.net,furgoneta
volkswagen,transporter,14700.0,2016,281700.0,electrico,manual,199,coches.net,furgoneta
hyundai,staria,15300.0,2021,97600.0,electrico,automatica,172,coches.net,furgoneta
renault,master,32200.0,2024,17700.0,gasolina,automatica,140,coches.net,furgoneta
volkswagen,crafter,18300.0,2022,74200.0,electrico,manual,172,coches.net,furgoneta
toyota,proace city,22600.0,2020,128100.0,hibrido,manual,100,coches.net,furgoneta
opel,combo,28100.0,2021,133400.0,diesel,manual,110,coches.net,furgoneta
ford,transit connect,22500.0,2020,134200.0,diesel,manual,100,coches.net,furgoneta
nissan,nv200,35600.0,2024,16200.0,diesel,manual,95,coches.net,furgoneta
ford,transit courier,20400.0,2019,175200.0,diesel,manual,75,coches.net,furgoneta
man,tge,22800.0,2022,62300.0,diesel,manual,102,coches.net,furgoneta
iveco,daily,2540000.0,2020,118400.0,diesel,manual,150,coches.net,furgoneta
maxus,deliver 9,2770000.0,2022,88700.0,electrico,manual,120,coches.net,furgoneta
renault,kangoo,25700.0,2023,34600.0,diesel,manual,95,coches.net,furgoneta
mercedes-benz,vito,27700.0,2023,51600.0,diesel,manual,130,coches.net,furgoneta
ford,transit courier,18200.0,2017,208400.0,gasolina,manual,95,coches.net,furgoneta
renault,kangoo,14600.0,2023,64800.0,diesel,manual,95,coches.net,furgoneta
volkswagen,caddy,24400.0,2023,47200.0,gasolina,manual,114,coches.net,furgoneta
ford,transit,26600.0,2024,23300.0,diesel,manual,155,coches.net,furgoneta
fiat,doblo cargo,1680000.0,2022,63500.0,diesel,automatica,85,coches.net,furgoneta
mercedes-benz,citan,35500.0,2024,28400.0,diesel,manual,120,coches.net,furgoneta
volkswagen,caddy,28700.0,2024,22300.0,gasolina,manual,109,coches.net,furgoneta
fiat,ducato,22000.0,2020,131000.0,electrico,manual,130,coches.net,furgoneta
citroën,jumper,20100.0,2019,151500.0,diesel,manual,135,coches.net,furgoneta
opel,combo,24900.0,2021,83800.0,diesel,manual,110,coches.net,furgoneta
man,tge,30100.0,2020,178200.0,electrico,automatica,102,coches.net,furgoneta
mercedes-benz,sprinter,35000.0,2020,180000.0,diesel,manual,102,coches.net,furgoneta
fiat,scudo,22700.0,2021,98900.0,diesel,automatica,115,coches.net,furgoneta
man,tge,28200.0,2022,79400.0,diesel,manual,102,coches.net,furgoneta
ford,transit connect,20100.0,2022,59300.0,diesel,manual,125,coches.net,furgoneta
mercedes-benz,sprinter,31700.0,2024,26500.0,diesel,manual,100,coches.net,furgoneta
toyota,proace,31700.0,2023,43800.0,diesel,manual,115,coches.net,furgoneta
renault,trafic,14700.0,2019,189500.0,diesel,manual,145,coches.net,furgoneta
nissan,nv200,14500.0,2020,88800.0,diesel,automatica,95,coches.net,furgoneta
citroën,jumper,15800.0,2021,74800.0,diesel,manual,160,coches.net,furgoneta
opel,movano,29500.0,2024,30900.0,diesel,manual,158,coches.net,furgoneta
mercedes-benz,vito,38400.0,2023,46600.0,diesel,manual,110,coches.net,furgoneta
hyundai,staria,12500.0,2022,90500.0,gasolina,manual,182,coches.net,furgoneta
nissan,nv400,22700.0,2021,109400.0,diesel,manual,140,coches.net,furgoneta
hyundai,h350,10200.0,2018,202800.0,diesel,manual,136,coches.net,furgoneta
peugeot,expert,31800.0,2024,15900.0,diesel,manual,100,coches.net,furgoneta
nissan,nv300,22600.0,2023,64500.0,gas,manual,95,coches.net,furgoneta
peugeot,partner,31500.0,2023,35900.0,diesel,manual,95,coches.net,furgoneta
opel,movano,30600.0,2023,47100.0,gas,manual,115,coches.net,furgoneta
iveco,daily,43700.0,2022,55900.0,electrico,manual,100,coches.net,furgoneta
volkswagen,caddy,19700.0,2021,99600.0,gasolina,manual,102,coches.net,furgoneta
toyota,proace city,13600.0,2017,98400.0,diesel,manual,100,coches.net,furgoneta
opel,combo,20200.0,2020,119200.0,diesel,automatica,115,coches.net,furgoneta
volkswagen,transporter,19400.0,2020,160000.0,diesel,manual,105,coches.net,furgoneta
hyundai,h350,21600.0,2024,14900.0,diesel,manual,136,coches.net,furgoneta
mercedes-benz,sprinter,20300.0,2021,99800.0,diesel,manual,90,coches.net,furgoneta
citroën,berlingo,25800.0,2021,111700.0,electrico,automatica,136,coches.net,furgoneta
citroën,jumper,16300.0,2020,106600.0,hibrido,manual,135,coches.net,furgoneta
ford,transit courier,23900.0,2023,37700.0,diesel,manual,70,coches.net,furgoneta
ford,transit connect,21000.0,2019,194400.0,diesel,manual,75,coches.net,furgoneta
renault,trafic,34100.0,2024,24800.0,gasolina,manual,125,coches.net,furgoneta
citroën,berlingo,25600.0,2023,40500.0,electrico,automatica,131,coches.net,furgoneta
peugeot,partner,25800.0,2024,20400.0,hibrido,manual,95,coches.net,furgoneta
hyundai,staria,18300.0,2022,69300.0,diesel,automatica,177,coches.net,furgoneta
toyota,proace,30700.0,2023,62400.0,electrico,manual,136,coches.net,furgoneta
fiat,doblo cargo,1260000.0,2016,321600.0,diesel,manual,90,coches.net,furgoneta
renault,kangoo,23600.0,2023,47500.0,diesel,manual,75,coches.net,furgoneta
nissan,primastar,16700.0,2022,67900.0,diesel,automatica,114,coches.net,furgoneta
opel,vivaro,17000.0,2022,77100.0,hibrido,manual,100,coches.net,furgoneta
fiat,doblo cargo,8300.0,2016,251800.0,diesel,manual,90,coches.net,furgoneta
citroën,jumper,34300.0,2023,28200.0,diesel,manual,160,coches.net,furgoneta
ford,transit courier,20400.0,2022,68700.0,gasolina,manual,100,coches.net,furgoneta
renault,master,12200.0,2021,75500.0,hibrido,manual,115,coches.net,furgoneta
ford,transit,29800.0,2024,30500.0,diesel,automatica,135,coches.net,furgoneta
man,tge,22000.0,2020,144600.0,diesel,automatica,102,coches.net,furgoneta
mercedes-benz,citan,35500.0,2023,44600.0,electrico,manual,110,coches.net,furgoneta
opel,vivaro,34500.0,2023,40400.0,diesel,manual,175,coches.net,furgoneta
hyundai,h350,24900.0,2018,143000.0,diesel,manual,136,coches.net,furgoneta
ford,transit courier,29200.0,2023,38400.0,gasolina,automatica,105,coches.net,furgoneta
fiat,doblo cargo,19100.0,2022,59700.0,gasolina,manual,105,coches.net,furgoneta
hyundai,staria,26000.0,2022,73800.0,diesel,manual,182,coches.net,furgoneta
volkswagen,crafter,28100.0,2022,61200.0,diesel,manual,177,coches.net,furgoneta
man,tge,32600.0,2022,59200.0,diesel,automatica,135,coches.net,furgoneta
citroën,jumper,15500.0,2021,78900.0,diesel,automatica,160,coches.net,furgoneta
renault,trafic,26200.0,2022,71100.0,electrico,manual,120,coches.net,furgoneta
ford,transit,23200.0,2020,110100.0,gasolina,manual,150,coches.net,furgoneta
ford,transit courier,20800.0,2023,64500.0,gasolina,manual,100,coches.net,furgoneta
toyota,proace,31300.0,2021,71100.0,diesel,automatica,120,coches.net,furgoneta
mercedes-benz,sprinter,13300.0,2018,190700.0,diesel,manual,110,coches.net,furgoneta
nissan,nv200,21000.0,2020,148200.0,diesel,manual,90,coches.net,furgoneta
citroën,jumper,15900.0,2021,74400.0,diesel,manual,135,coches.net,furgoneta
volkswagen,crafter,30700.0,2021,91500.0,diesel,manual,177,coches.net,furgoneta
citroën,jumper,14600.0,2021,83300.0,diesel,manual,160,coches.net,furgoneta
nissan,nv300,21300.0,2024,20400.0,diesel,manual,120,coches.net,furgoneta
ford,transit connect,28000.0,2024,20700.0,diesel,manual,125,coches.net,furgoneta
volkswagen,caddy,22400.0,2018,241100.0,diesel,manual,70,coches.net,furgoneta
volkswagen,caddy,2.0,2023,51700.0,diesel,manual,107,coches.net,furgoneta
peugeot,partner,29700.0,2021,75900.0,electrico,manual,141,coches.net,furgoneta
iveco,daily,18700.0,2018,222200.0,diesel,automatica,75,coches.net,furgoneta
ford,transit connect,20800.0,2021,104300.0,gasolina,automatica,75,coches.net,furgoneta
toyota,proace,24700.0,2020,155900.0,diesel,manual,115,coches.net,furgoneta
peugeot,boxer,14600.0,2017,210800.0,diesel,manual,135,coches.net,furgoneta
ford,transit,11400.0,2020,144700.0,diesel,manual,105,coches.net,furgoneta
iveco,daily,20400.0,2023,58000.0,diesel,manual,75,coches.net,furgoneta
nissan,nv300,27000.0,2024,16100.0,diesel,automatica,100,coches.net,furgoneta
toyota,proace,18700.0,2019,156400.0,diesel,manual,145,coches.net,furgoneta
iveco,daily,23400.0,2024,27100.0,gas,manual,140,coches.net,furgoneta
mercedes-benz,vito,22400.0,2015,332800.0,diesel,manual,150,coches.net,furgoneta
nissan,primastar,22700.0,2019,156400.0,diesel,manual,114,coches.net,furgoneta
volkswagen,transporter,15900.0,2020,112600.0,diesel,manual,107,coches.net,furgoneta
ford,transit connect,19700.0,2021,81400.0,diesel,manual,100,coches.net,furgoneta
renault,kangoo,23600.0,2024,26700.0,gasolina,automatica,100,coches.net,furgoneta
maxus,ev80,15200.0,2023,51800.0,electrico,manual,120,coches.net,furgoneta
peugeot,expert,15800.0,2021,131000.0,diesel,manual,150,coches.net,furgoneta
opel,movano,23100.0,2024,24900.0,gas,manual,140,coches.net,furgoneta
mercedes-benz,citan,19700.0,2018,260000.0,diesel,automatica,120,coches.net,furgoneta
citroën,berlingo,21800.0,2024,33800.0,diesel,automatica,100,coches.net,furgoneta
mercedes-benz,vito,32700.0,2023,52700.0,diesel,manual,100,coches.net,furgoneta
fiat,scudo,14100.0,2019,157700.0,diesel,manual,120,coches.net,furgoneta
volkswagen,caddy,34000.0,2024,15300.0,gasolina,manual,114,coches.net,furgoneta
iveco,daily,21000.0,2020,180000.0,diesel,automatica,130,coches.net,furgoneta
opel,combo,19200.0,2020,140800.0,diesel,manual,95,coches.net,furgoneta
hyundai,h350,29000.0,2023,32000.0,diesel,automatica,141,coches.net,furgoneta
mercedes-benz,sprinter,8200.0,2017,205400.0,diesel,automatica,130,coches.net,furgoneta
toyota,proace,25400.0,2021,79800.0,gasolina,manual,150,coches.net,furgoneta
mercedes-benz,citan,36800.0,2023,46200.0,electrico,manual,130,coches.net,furgoneta
peugeot,partner,28500.0,2024,32200.0,diesel,manual,100,coches.net,furgoneta
maxus,deliver 9,23700.0,2022,63600.0,diesel,manual,150,coches.net,furgoneta
ford,transit,34800.0,2023,38200.0,hibrido,manual,110,coches.net,furgoneta
peugeot,expert,27500.0,2022,79700.0,diesel,manual,100,coches.net,furgoneta
peugeot,partner,26100.0,2022,95900.0,electrico,automatica,136,coches.net,furgoneta
citroën,jumpy,24500.0,2022,58100.0,diesel,manual,120,coches.net,furgoneta
citroën,jumpy,17400.0,2022,88900.0,diesel,manual,100,coches.net,furgoneta
opel,combo,23500.0,2023,44700.0,diesel,automatica,105,coches.net,furgoneta
citroën,jumpy,19800.0,2023,50300.0,diesel,manual,100,coches.net,furgoneta
opel,combo,23200.0,2021,134400.0,hibrido,manual,105,coches.net,furgoneta
nissan,nv200,29900.0,2021,121300.0,electrico,manual,90,coches.net,furgoneta
volkswagen,transporter,20900.0,2019,111700.0,diesel,manual,97,coches.net,furgoneta
nissan,nv400,19200.0,2023,39400.0,diesel,manual,145,coches.net,furgoneta
ford,transit connect,18700.0,2018,156000.0,diesel,automatica,70,coches.net,furgoneta
fiat,doblo cargo,22800.0,2023,29400.0,diesel,manual,90,coches.net,furgoneta
volkswagen,transporter,25200.0,2021,110600.0,diesel,manual,150,coches.net,furgoneta
renault,kangoo,24300.0,2022,82900.0,diesel,manual,100,coches.net,furgoneta
toyota,proace,30700.0,2023,56000.0,diesel,manual,145,coches.net,furgoneta
mercedes-benz,sprinter,31500.0,2022,59800.0,gasolina,manual,90,coches.net,furgoneta
iveco,daily,24700.0,2023,45000.0,diesel,automatica,90,coches.net,furgoneta
renault,trafic,15800.0,2020,102100.0,diesel,manual,90,coches.net,furgoneta
fiat,doblo cargo,19900.0,2023,43100.0,diesel,manual,90,coches.net,furgoneta
iveco,daily,7900.0,2018,182800.0,diesel,automatica,90,coches.net,furgoneta
fiat,ducato,16000.0,2020,59200.0,diesel,manual,160,coches.net,furgoneta
iveco,daily,23500.0,2021,69000.0,diesel,manual,150,coches.net,furgoneta
volkswagen,crafter,18100.0,2022,79200.0,diesel,manual,140,coches.net,furgoneta
peugeot,expert,8100.0,2015,311900.0,diesel,manual,100,coches.net,furgoneta
volkswagen,transporter,24700.0,2023,39700.0,diesel,manual,150,coches.net,furgoneta
toyota,proace city,29200.0,2023,33000.0,diesel,automatica,100,coches.net,furgoneta
renault,kangoo,32200.0,2021,91800.0,electrico,manual,90,coches.net,furgoneta
citroën,jumper,24700.0,2022,82600.0,diesel,manual,135,coches.net,furgoneta
toyota,proace city,19000.0,2022,67700.0,diesel,manual,110,coches.net,furgoneta
renault,kangoo,24500.0,2020,122400.0,electrico,manual,95,coches.net,furgoneta
fiat,scudo,7500.0,2015,285500.0,gasolina,manual,145,coches.net,furgoneta
ford,transit connect,12300.0,2015,305800.0,electrico,automatica,105,coches.net,furgoneta
iveco,daily,27900.0,2021,61400.0,diesel,manual,100,coches.net,furgoneta
renault,master,24900.0,2023,43500.0,diesel,manual,185,coches.net,furgoneta
nissan,nv400,15800.0,2019,157400.0,gasolina,manual,145,coches.net,furgoneta
ford,transit,15700.0,2020,96200.0,diesel,automatica,155,coches.net,furgoneta
renault,master,19900.0,2019,183500.0,gasolina,manual,110,coches.net,furgoneta
peugeot,partner,13400.0,2019,141600.0,gasolina,manual,115,coches.net,furgoneta
mercedes-benz,citan,38200.0,2024,19600.0,diesel,manual,90,coches.net,furgoneta
toyota,proace city,32200.0,2024,21600.0,diesel,automatica,110,coches.net,furgoneta
renault,kangoo,17200.0,2016,257400.0,electrico,manual,95,coches.net,furgoneta
ford,transit courier,27500.0,2023,21800.0,diesel,manual,75,coches.net,furgoneta
opel,movano,16800.0,2018,110200.0,diesel,manual,163,coches.net,furgoneta
ford,transit courier,11400.0,2016,308900.0,diesel,manual,75,coches.net,furgoneta
toyota,proace,45000.0,2024,20800.0,electrico,manual,141,coches.net,furgoneta
nissan,nv400,19100.0,2022,62100.0,diesel,manual,110,coches.net,furgoneta
peugeot,partner,31400.0,2024,17000.0,gasolina,manual,110,coches.net,furgoneta
peugeot,expert,30300.0,2024,24200.0,electrico,manual,150,coches.net,furgoneta
mercedes-benz,sprinter,22700.0,2021,69700.0,diesel,automatica,120,coches.net,furgoneta
peugeot,boxer,17000.0,2018,240700.0,diesel,manual,160,coches.net,furgoneta
citroën,jumper,24500.0,2021,135400.0,hibrido,automatica,160,coches.net,furgoneta
maxus,ev80,7500.0,2019,159400.0,electrico,manual,115,coches.net,furgoneta
opel,vivaro,27600.0,2023,45200.0,diesel,automatica,100,coches.net,furgoneta
nissan,nv400,17100.0,2023,55600.0,hibrido,manual,145,coches.net,furgoneta
nissan,primastar,20400.0,2022,63100.0,diesel,manual,114,coches.net,furgoneta
volkswagen,transporter,27100.0,2021,127300.0,gas,manual,110,coches.net,furgoneta
volkswagen,transporter,15600.0,2021,105500.0,gas,manual,97,coches.net,furgoneta
nissan,nv300,26400.0,2024,24900.0,diesel,manual,100,coches.net,furgoneta
nissan,primastar,19800.0,2023,26800.0,diesel,manual,119,coches.net,furgoneta
fiat,scudo,17100.0,2022,62300.0,diesel,automatica,120,coches.net,furgoneta
nissan,primastar,18500.0,2024,23600.0,diesel,manual,114,coches.net,furgoneta
mercedes-benz,citan,28100.0,2024,24000.0,diesel,automatica,100,coches.net,furgoneta
toyota,proace,28200.0,2020,150900.0,electrico,automatica,136,coches.net,furgoneta
opel,combo,25800.0,2024,29000.0,gasolina,automatica,100,coches.net,furgoneta
opel,movano,1130000.0,2021,120200.0,diesel,automatica,110,coches.net,furgoneta
mercedes-benz,sprinter,17200.0,2019,192300.0,diesel,manual,130,coches.net,furgoneta
fiat,doblo cargo,21800.0,2023,44200.0,diesel,manual,105,coches.net,furgoneta
mercedes-benz,citan,16100.0,2020,93500.0,diesel,automatica,120,coches.net,furgoneta
ford,transit connect,19800.0,2019,84000.0,diesel,manual,75,coches.net,furgoneta
citroën,jumpy,22700.0,2024,26500.0,diesel,manual,125,coches.net,furgoneta
volkswagen,transporter,16400.0,2021,83500.0,gasolina,manual,105,coches.net,furgoneta
renault,master,8600.0,2021,113900.0,electrico,automatica,135,coches.net,furgoneta
renault,kangoo,20900.0,2019,165100.0,electrico,manual,85,coches.net,furgoneta
peugeot,partner,19800.0,2021,128000.0,gasolina,manual,105,coches.net,furgoneta
volkswagen,caddy,21100.0,2018,147300.0,diesel,manual,102,coches.net,furgoneta
renault,kangoo,23400.0,2021,94600.0,diesel,manual,95,coches.net,furgoneta
mercedes-benz,vito,23800.0,2022,98400.0,diesel,manual,140,coches.net,furgoneta
nissan,nv400,21900.0,2023,41300.0,diesel,automatica,110,coches.net,furgoneta
ford,transit connect,35600.0,2023,60200.0,electrico,manual,120,coches.net,furgoneta
peugeot,expert,27900.0,2022,59400.0,diesel,automatica,100,coches.net,furgoneta
volkswagen,caddy,27700.0,2024,25900.0,hibrido,automatica,102,coches.net,furgoneta
maxus,deliver 9,13300.0,2020,143900.0,diesel,manual,150,coches.net,furgoneta
ford,transit courier,19900.0,2023,34700.0,gasolina,automatica,100,coches.net,furgoneta
renault,master,17800.0,2024,24900.0,diesel,manual,105,coches.net,furgoneta
peugeot,expert,16500.0,2019,173900.0,diesel,manual,95,coches.net,furgoneta
nissan,nv400,8700.0,2021,93900.0,diesel,manual,140,coches.net,furgoneta
nissan,nv200,29700.0,2021,90800.0,diesel,manual,110,coches.net,furgoneta
ford,transit connect,24200.0,2023,36000.0,diesel,automatica,120,coches.net,furgoneta
opel,combo,25300.0,2024,18900.0,diesel,manual,100,coches.net,furgoneta
renault,trafic,12500.0,2017,242700.0,diesel,manual,90,coches.net,furgoneta
iveco,daily,25800.0,2020,90200.0,diesel,manual,130,coches.net,furgoneta
opel,movano,12100.0,2020,139200.0,diesel,manual,105,coches.net,furgoneta
volkswagen,transporter,34400.0,2023,44200.0,gasolina,manual,110,coches.net,furgoneta
renault,trafic,26100.0,2021,87500.0,hibrido,manual,85,coches.net,furgoneta
nissan,primastar,21000.0,2020,161300.0,diesel,manual,114,coches.net,furgoneta
renault,trafic,26500.0,2021,90200.0,diesel,manual,145,coches.net,furgoneta
man,tge,16000.0,2016,322000.0,hibrido,manual,140,coches.net,furgoneta
mercedes-benz,sprinter,30700.0,2022,63800.0,hibrido,automatica,100,coches.net,furgoneta
fiat,scudo,9100.0,2016,247400.0,diesel,manual,145,coches.net,furgoneta
volkswagen,crafter,23100.0,2023,57700.0,diesel,manual,177,coches.net,furgoneta
peugeot,boxer,14800.0,2021,144400.0,diesel,manual,135,coches.net,furgoneta
volkswagen,transporter,17700.0,2020,116300.0,diesel,manual,102,coches.net,furgoneta
fiat,ducato,22500.0,2021,99100.0,diesel,manual,117,coches.net,furgoneta
renault,master,22600.0,2023,33800.0,diesel,manual,145,coches.net,furgoneta
ford,transit,39800.0,2024,19900.0,gasolina,manual,165,coches.net,furgoneta
volkswagen,crafter,2230000.0,2020,133100.0,diesel,manual,102,coches.net,furgoneta
mercedes-benz,vito,24600.0,2022,87300.0,diesel,automatica,150,coches.net,furgoneta
volkswagen,caddy,42100.0,2024,23900.0,diesel,manual,75,coches.net,furgoneta
nissan,nv300,22200.0,2022,58400.0,diesel,manual,125,coches.net,furgoneta
man,tge,14100.0,2020,138700.0,diesel,manual,140,coches.net,furgoneta
peugeot,boxer,23700.0,2024,14500.0,hibrido,manual,135,coches.net,furgoneta
fiat,scudo,12700.0,2017,218000.0,diesel,manual,145,coches.net,furgoneta
peugeot,expert,12900.0,2018,210500.0,diesel,manual,95,coches.net,furgoneta
peugeot,expert,27800.0,2024,21100.0,diesel,manual,150,coches.net,furgoneta
maxus,deliver 9,19200.0,2021,122100.0,diesel,manual,155,coches.net,furgoneta
peugeot,partner,23000.0,2022,94800.0,electrico,manual,131,coches.net,furgoneta
ford,transit,24400.0,2019,136500.0,diesel,automatica,170,coches.net,furgoneta
renault,trafic,24300.0,2024,23300.0,diesel,manual,125,coches.net,furgoneta
nissan,nv300,20600.0,2023,43800.0,diesel,manual,120,coches.net,furgoneta
fiat,doblo cargo,20200.0,2024,16700.0,diesel,manual,85,coches.net,furgoneta
opel,movano,24900.0,2023,59200.0,gasolina,manual,168,coches.net,furgoneta
opel,movano,11600.0,2019,150400.0,diesel,manual,110,coches.net,furgoneta
citroën,jumpy,23100.0,2023,53500.0,diesel,manual,125,coches.net,furgoneta
man,tge,33200.0,2023,25100.0,diesel,automatica,140,coches.net,furgoneta
citroën,jumpy,21000.0,2023,28200.0,diesel,manual,150,coches.net,furgoneta
man,tge,31700.0,2023,52100.0,diesel,manual,107,coches.net,furgoneta
hyundai,staria,23200.0,2022,51000.0,diesel,automatica,182,coches.net,furgoneta
nissan,nv200,17700.0,2017,295200.0,diesel,manual,115,coches.net,furgoneta
ford,transit,15600.0,2022,65000.0,gas,manual,175,coches.net,furgoneta
citroën,jumpy,15500.0,2019,132100.0,diesel,automatica,125,coches.net,furgoneta
citroën,jumper,12200.0,2019,206700.0,diesel,manual,145,coches.net,furgoneta
mercedes-benz,citan,18800.0,2022,69400.0,diesel,manual,102,coches.net,furgoneta
ford,transit connect,25200.0,2023,39400.0,diesel,manual,120,coches.net,furgoneta
hyundai,staria,13700.0,2020,122300.0,hibrido,manual,182,coches.net,furgoneta
mercedes-benz,vito,40000.0,2024,30000.0,gas,manual,102,coches.net,furgoneta
peugeot,expert,17800.0,2021,90300.0,diesel,automatica,120,coches.net,furgoneta
renault,trafic,15100.0,2018,244800.0,diesel,manual,90,coches.net,furgoneta
iveco,daily,37600.0,2023,44900.0,electrico,manual,100,coches.net,furgoneta
citroën,berlingo,17900.0,2021,106100.0,electrico,manual,141,coches.net,furgoneta
mercedes-benz,vito,28600.0,2021,119200.0,electrico,manual,130,coches.net,furgoneta
peugeot,boxer,27200.0,2022,76800.0,hibrido,automatica,140,coches.net,furgoneta
ford,transit,18200.0,2019,161400.0,diesel,manual,165,coches.net,furgoneta
mercedes-benz,sprinter,42200.0,2024,26200.0,diesel,automatica,75,coches.net,furgoneta
volkswagen,caddy,25500.0,2022,65500.0,gasolina,automatica,119,coches.net,furgoneta
renault,trafic,20200.0,2020,142100.0,diesel,automatica,90,coches.net,furgoneta
iveco,daily,32800.0,2021,101600.0,diesel,manual,102,coches.net,furgoneta
peugeot,boxer,22800.0,2022,73300.0,diesel,automatica,125,coches.net,furgoneta
renault,kangoo,20600.0,2019,139600.0,diesel,manual,75,coches.net,furgoneta
mercedes-benz,citan,29500.0,2024,24700.0,diesel,manual,102,coches.net,furgoneta
hyundai,h350,29700.0,2023,33400.0,diesel,manual,141,coches.net,furgoneta
volkswagen,transporter,7700.0,2017,201500.0,diesel,manual,110,coches.net,furgoneta
fiat,doblo cargo,14500.0,2022,64500.0,diesel,manual,105,coches.net,furgoneta
fiat,scudo,25700.0,2022,50200.0,hibrido,manual,145,coches.net,furgoneta
nissan,nv300,13200.0,2017,298100.0,diesel,manual,120,coches.net,furgoneta
opel,movano,13000.0,2018,207800.0,diesel,manual,110,coches.net,furgoneta
iveco,daily,20900.0,2022,72400.0,diesel,manual,75,coches.net,furgoneta
mercedes-benz,vito,25000.0,2023,49300.0,diesel,manual,150,coches.net,furgoneta
volkswagen,caddy,26400.0,2020,109500.0,diesel,automatica,102,coches.net,furgoneta
man,tge,30300.0,2023,38100.0,diesel,manual,140,coches.net,furgoneta
renault,kangoo,2090000.0,2023,21000.0,diesel,automatica,75,coches.net,furgoneta
iveco,daily,39500.0,2024,24000.0,electrico,manual,102,coches.net,furgoneta
fiat,ducato,9800.0,2019,161700.0,diesel,manual,160,coches.net,furgoneta
volkswagen,transporter,19400.0,2020,107400.0,electrico,manual,204,coches.net,furgoneta
volkswagen,crafter,14800.0,2022,83700.0,diesel,manual,140,coches.net,furgoneta
renault,kangoo,27900.0,2022,62800.0,diesel,manual,90,coches.net,furgoneta
toyota,proace,31200.0,2024,20000.0,diesel,manual,150,coches.net,furgoneta
opel,vivaro,8600.0,2019,151500.0,diesel,automatica,185,coches.net,furgoneta
man,tge,32600.0,2022,72700.0,diesel,manual,102,coches.net,furgoneta
citroën,berlingo,27800.0,2022,90200.0,electrico,manual,136,coches.net,furgoneta
fiat,scudo,17200.0,2021,99900.0,gas,manual,145,coches.net,furgoneta
fiat,doblo cargo,19100.0,2022,43900.0,electrico,automatica,100,coches.net,furgoneta
ford,transit connect,22400.0,2022,58700.0,hibrido,automatica,125,coches.net,furgoneta
mercedes-benz,citan,27800.0,2022,64600.0,gasolina,automatica,110,coches.net,furgoneta
opel,combo,32600.0,2023,36800.0,diesel,manual,105,coches.net,furgoneta
toyota,proace,2490000.0,2018,169500.0,electrico,manual,120,coches.net,furgoneta
nissan,primastar,23100.0,2022,56900.0,diesel,automatica,119,coches.net,furgoneta
mercedes-benz,sprinter,10600.0,2017,253400.0,diesel,manual,100,coches.net,furgoneta
citroën,jumper,31000.0,2021,122000.0,electrico,manual,140,coches.net,furgoneta
iveco,daily,20900.0,2022,54800.0,hibrido,manual,75,coches.net,furgoneta
hyundai,staria,19100.0,2018,239700.0,electrico,manual,182,coches.net,furgoneta
renault,kangoo,13700.0,2015,207700.0,diesel,manual,95,coches.net,furgoneta
man,tge,30100.0,2023,42400.0,diesel,manual,102,coches.net,furgoneta
opel,movano,30000.0,2023,47700.0,electrico,automatica,163,coches.net,furgoneta
renault,master,21200.0,2019,159900.0,diesel,manual,140,coches.net,furgoneta
iveco,daily,25400.0,2022,76000.0,diesel,manual,130,coches.net,furgoneta
toyota,proace,14600.0,2022,58800.0,electrico,automatica,136,coches.net,furgoneta
mercedes-benz,sprinter,42900.0,2022,73400.0,diesel,manual,102,coches.net,furgoneta
maxus,deliver 9,26600.0,2022,62300.0,electrico,manual,120,coches.net,furgoneta
renault,master,26700.0,2024,29200.0,diesel,automatica,135,coches.net,furgoneta
mercedes-benz,citan,20300.0,2018,216500.0,electrico,manual,102,coches.net,furgoneta
ford,transit courier,20600.0,2022,76700.0,gasolina,manual,100,coches.net,furgoneta
hyundai,h350,23600.0,2021,93100.0,diesel,manual,170,coches.net,furgoneta
nissan,primastar,12300.0,2018,187100.0,hibrido,automatica,109,coches.net,furgoneta
renault,master,15600.0,2017,268600.0,diesel,manual,145,coches.net,furgoneta
mercedes-benz,vito,17500.0,2017,191400.0,diesel,manual,110,coches.net,furgoneta
mercedes-benz,citan,41100.0,2023,47600.0,diesel,manual,150,coches.net,furgoneta
volkswagen,crafter,32200.0,2022,65100.0,electrico,manual,182,coches.net,furgoneta
volkswagen,transporter,27800.0,2023,46000.0,diesel,manual,97,coches.net,furgoneta
renault,trafic,20900.0,2017,183900.0,electrico,manual,120,coches.net,furgoneta
mercedes-benz,vito,30700.0,2023,37500.0,gasolina,manual,75,coches.net,furgoneta
mercedes-benz,sprinter,25500.0,2023,53800.0,diesel,manual,140,coches.net,furgoneta
peugeot,boxer,19500.0,2019,133100.0,electrico,manual,160,coches.net,furgoneta
peugeot,expert,21500.0,2022,94500.0,diesel,manual,150,coches.net,furgoneta
man,tge,25800.0,2023,35200.0,diesel,manual,97,coches.net,furgoneta
opel,vivaro,12100.0,2021,113700.0,diesel,manual,120,coches.net,furgoneta
ford,transit,33100.0,2024,18400.0,diesel,manual,105,coches.net,furgoneta
renault,kangoo,27400.0,2020,119000.0,diesel,manual,100,coches.net,furgoneta
opel,vivaro,29600.0,2024,23800.0,diesel,manual,100,coches.net,furgoneta
renault,trafic,24100.0,2022,65700.0,electrico,manual,90,coches.net,furgoneta
iveco,daily,26800.0,2020,117100.0,diesel,manual,150,coches.net,furgoneta
toyota,proace,15900.0,2021,124200.0,diesel,manual,120,coches.net,furgoneta
mercedes-benz,sprinter,41200.0,2024,28100.0,diesel,manual,150,coches.net,furgoneta
renault,trafic,23300.0,2022,56000.0,gasolina,manual,155,coches.net,furgoneta
renault,kangoo,15400.0,2020,81500.0,diesel,manual,75,coches.net,furgoneta
renault,kangoo,26100.0,2020,100000.0,electrico,manual,85,coches.net,furgoneta
ford,transit courier,15500.0,2021,102800.0,gasolina,automatica,100,coches.net,furgoneta
maxus,deliver 9,17900.0,2022,75100.0,electrico,manual,115,coches.net,furgoneta
fiat,ducato,18300.0,2023,36000.0,diesel,manual,130,coches.net,furgoneta
volkswagen,caddy,26200.0,2024,22100.0,hibrido,manual,107,coches.net,furgoneta
iveco,daily,31500.0,2024,19700.0,diesel,automatica,102,coches.net,furgoneta
citroën,jumpy,29800.0,2024,15900.0,diesel,manual,115,coches.net,furgoneta
fiat,doblo cargo,16100.0,2016,245700.0,diesel,manual,90,coches.net,furgoneta
citroën,jumper,20500.0,2023,40500.0,gas,manual,140,coches.net,furgoneta
toyota,proace,21000.0,2023,53400.0,electrico,manual,131,coches.net,furgoneta
mercedes-benz,sprinter,30800.0,2020,129000.0,diesel,manual,90,coches.net,furgoneta
citroën,berlingo,8700.0,2015,196200.0,gasolina,manual,110,coches.net,furgoneta
peugeot,expert,36300.0,2023,38800.0,diesel,manual,100,coches.net,furgoneta
toyota,proace,26100.0,2019,128600.0,electrico,manual,131,coches.net,furgoneta
mercedes-benz,sprinter,26800.0,2019,193700.0,diesel,manual,130,coches.net,furgoneta
ford,transit connect,2790000.0,2023,55900.0,diesel,manual,120,coches.net,furgoneta
renault,kangoo,20300.0,2018,183400.0,diesel,manual,70,coches.net,furgoneta
mercedes-benz,citan,38500.0,2021,88800.0,electrico,manual,102,coches.net,furgoneta
volkswagen,crafter,22000.0,2020,121800.0,diesel,manual,140,coches.net,furgoneta
nissan,nv400,15800.0,2021,46800.0,gasolina,manual,150,coches.net,furgoneta
renault,kangoo,32200.0,2023,22200.0,electrico,automatica,90,coches.net,furgoneta
man,tge,29000.0,2023,40800.0,hibrido,manual,140,coches.net,furgoneta
ford,transit connect,31500.0,2024,14500.0,hibrido,manual,120,coches.net,furgoneta
opel,vivaro,12800.0,2019,176700.0,diesel,manual,120,coches.net,furgoneta
ford,transit courier,17000.0,2022,75700.0,gasolina,manual,100,coches.net,furgoneta
ford,transit courier,28900.0,2024,27000.0,gasolina,manual,100,coches.net,furgoneta
fiat,ducato,19000.0,2022,74200.0,diesel,manual,117,coches.net,furgoneta
ford,transit,12900.0,2021,102800.0,diesel,automatica,130,coches.net,furgoneta
toyota,proace,34300.0,2022,70000.0,electrico,automatica,136,coches.net,furgoneta
renault,kangoo,35400.0,2024,20300.0,electrico,manual,75,coches.net,furgoneta
volkswagen,transporter,13900.0,2015,223000.0,diesel,manual,107,coches.net,furgoneta
ford,transit courier,9700.0,2018,221600.0,diesel,manual,80,coches.net,furgoneta
citroën,jumpy,22300.0,2024,29100.0,diesel,manual,120,coches.net,furgoneta
opel,movano,7500.0,2017,233300.0,diesel,manual,145,coches.net,furgoneta
citroën,jumpy,24100.0,2021,107400.0,diesel,manual,155,coches.net,furgoneta
iveco,daily,25900.0,2022,83400.0,diesel,manual,102,coches.net,furgoneta
ford,transit,16100.0,2019,149800.0,hibrido,automatica,110,coches.net,furgoneta
peugeot,boxer,7500.0,2019,203900.0,gas,automatica,135,coches.net,furgoneta
renault,master,16100.0,2019,135900.0,gasolina,manual,140,coches.net,furgoneta
peugeot,expert,22700.0,2022,63600.0,diesel,manual,115,coches.net,furgoneta
mercedes-benz,citan,30300.0,2020,119500.0,electrico,automatica,140,coches.net,furgoneta
volkswagen,crafter,21200.0,2020,123300.0,gas,manual,140,coches.net,furgoneta
renault,master,25500.0,2022,78700.0,diesel,manual,140,coches.net,furgoneta
toyota,proace city,26200.0,2022,93700.0,diesel,manual,110,coches.net,furgoneta
maxus,ev80,29200.0,2023,50600.0,electrico,automatica,120,coches.net,furgoneta
hyundai,h350,30100.0,2023,48500.0,diesel,manual,136,coches.net,furgoneta
renault,master,21800.0,2022,64800.0,gasolina,manual,145,coches.net,furgoneta
peugeot,partner,7600.0,2016,278900.0,hibrido,manual,100,coches.net,furgoneta
opel,vivaro,11100.0,2017,212900.0,hibrido,automatica,120,coches.net,furgoneta
ford,transit connect,33200.0,2022,67000.0,gas,manual,120,coches.net,furgoneta
ford,transit,30100.0,2024,24700.0,gas,manual,130,coches.net,furgoneta
volkswagen,crafter,7700.0,2016,268600.0,electrico,manual,102,coches.net,furgoneta
nissan,primastar,21800.0,2024,21800.0,diesel,manual,119,coches.net,furgoneta
renault,master,26100.0,2023,44700.0,diesel,automatica,115,coches.net,furgoneta
renault,kangoo,28400.0,2024,31000.0,diesel,automatica,70,coches.net,furgoneta
nissan,nv400,27900.0,2022,64300.0,diesel,manual,145,coches.net,furgoneta
volkswagen,transporter,25300.0,2022,106800.0,diesel,manual,150,coches.net,furgoneta
renault,master,28300.0,2024,22500.0,diesel,manual,140,coches.net,furgoneta
fiat,scudo,15800.0,2019,176900.0,diesel,manual,150,coches.net,furgoneta
man,tge,38600.0,2024,26700.0,diesel,manual,102,coches.net,furgoneta
fiat,ducato,24500.0,2019,165300.0,electrico,automatica,130,coches.net,furgoneta
volkswagen,caddy,19500.0,2017,201500.0,gasolina,automatica,114,coches.net,furgoneta
mercedes-benz,sprinter,31400.0,2022,79200.0,diesel,manual,100,coches.net,furgoneta
mercedes-benz,citan,32200.0,2023,45200.0,diesel,automatica,150,coches.net,furgoneta
citroën,berlingo,8500.0,2017,182900.0,gasolina,manual,110,coches.net,furgoneta
peugeot,boxer,10200.0,2018,157300.0,diesel,manual,135,coches.net,furgoneta
mercedes-benz,vito,32300.0,2020,122800.0,diesel,manual,140,coches.net,furgoneta
peugeot,expert,11200.0,2018,247100.0,gasolina,manual,115,coches.net,furgoneta
volkswagen,transporter,37600.0,2018,173800.0,electrico,manual,199,coches.net,furgoneta
iveco,daily,35800.0,2021,85100.0,diesel,manual,102,coches.net,furgoneta
volkswagen,crafter,26900.0,2024,22700.0,diesel,manual,102,coches.net,furgoneta
fiat,scudo,18400.0,2020,121800.0,diesel,manual,145,coches.net,furgoneta
maxus,ev80,14100.0,2017,198600.0,electrico,manual,120,coches.net,furgoneta
renault,master,17900.0,2020,142100.0,diesel,manual,185,coches.net,furgoneta
mercedes-benz,sprinter,23500.0,2022,69200.0,diesel,manual,130,coches.net,furgoneta
peugeot,boxer,9700.0,2019,185700.0,diesel,manual,130,coches.net,furgoneta
nissan,primastar,28200.0,2024,27200.0,gasolina,manual,119,coches.net,furgoneta
mercedes-benz,citan,34800.0,2021,78200.0,hibrido,automatica,140,coches.net,furgoneta
maxus,deliver 9,16700.0,2021,106100.0,diesel,manual,155,coches.net,furgoneta
renault,master,24600.0,2024,16100.0,diesel,manual,140,coches.net,furgoneta
volkswagen,transporter,30300.0,2022,83700.0,diesel,manual,115,coches.net,furgoneta
peugeot,expert,18800.0,2020,100800.0,diesel,automatica,95,coches.net,furgoneta
opel,movano,31800.0,2022,85300.0,diesel,manual,110,coches.net,furgoneta
citroën,jumper,27300.0,2023,44500.0,gas,manual,160,coches.net,furgoneta
hyundai,staria,19500.0,2023,46600.0,diesel,manual,177,coches.net,furgoneta
iveco,daily,27500.0,2019,120200.0,diesel,manual,120,coches.net,furgoneta
ford,transit connect,25200.0,2023,41800.0,diesel,automatica,105,coches.net,furgoneta
mercedes-benz,citan,17500.0,2021,107900.0,diesel,automatica,110,coches.net,furgoneta
fiat,scudo,16200.0,2022,61500.0,electrico,manual,140,coches.net,furgoneta
renault,trafic,23400.0,2023,45300.0,diesel,manual,150,coches.net,furgoneta
mercedes-benz,sprinter,19900.0,2017,187100.0,diesel,manual,90,coches.net,furgoneta
renault,trafic,11400.0,2020,128500.0,electrico,manual,90,coches.net,furgoneta
mercedes-benz,citan,7500.0,2020,126200.0,diesel,automatica,140,coches.net,furgoneta
opel,vivaro,26400.0,2021,86900.0,hibrido,automatica,95,coches.net,furgoneta
man,tge,39300.0,2022,53400.0,electrico,automatica,102,coches.net,furgoneta
opel,combo,18900.0,2023,43400.0,gas,manual,110,coches.net,furgoneta
mercedes-benz,citan,14900.0,2015,289300.0,diesel,manual,120,coches.net,furgoneta
volkswagen,transporter,13600.0,2019,151800.0,diesel,manual,204,coches.net,furgoneta
peugeot,partner,12500.0,2017,244200.0,gasolina,manual,105,coches.net,furgoneta
nissan,primastar,14200.0,2021,91000.0,diesel,manual,114,coches.net,furgoneta
renault,trafic,11100.0,2019,170600.0,diesel,manual,85,coches.net,furgoneta
nissan,nv200,17300.0,2021,90000.0,diesel,manual,110,coches.net,furgoneta
volkswagen,crafter,36500.0,2020,139900.0,electrico,automatica,177,coches.net,furgoneta
peugeot,boxer,7600.0,2015,244600.0,diesel,manual,130,coches.net,furgoneta
renault,trafic,27100.0,2024,22600.0,diesel,manual,150,coches.net,furgoneta
mercedes-benz,sprinter,33600.0,2022,49900.0,gas,manual,120,coches.net,furgoneta
hyundai,h350,26000.0,2023,60000.0,diesel,manual,165,coches.net,furgoneta
volkswagen,crafter,47600.0,2024,28700.0,electrico,manual,102,coches.net,furgoneta
opel,combo,28400.0,2024,15100.0,diesel,manual,110,coches.net,furgoneta
fiat,ducato,18300.0,2020,142000.0,electrico,manual,130,coches.net,furgoneta
mercedes-benz,sprinter,26200.0,2020,112300.0,diesel,manual,130,coches.net,furgoneta
volkswagen,caddy,35300.0,2023,41700.0,gasolina,automatica,114,coches.net,furgoneta
ford,transit,24200.0,2022,88500.0,diesel,automatica,100,coches.net,furgoneta
volkswagen,caddy,27700.0,2024,15900.0,hibrido,manual,70,coches.net,furgoneta
peugeot,partner,20300.0,2019,90100.0,diesel,manual,105,coches.net,furgoneta
hyundai,staria,21000.0,2020,162800.0,gas,automatica,177,coches.net,furgoneta
ford,transit,30100.0,2023,46400.0,diesel,manual,160,coches.net,furgoneta
renault,trafic,31300.0,2021,75200.0,gas,automatica,125,coches.net,furgoneta
volkswagen,transporter,26700.0,2019,135400.0,diesel,manual,102,coches.net,furgoneta
citroën,berlingo,26500.0,2022,40100.0,diesel,automatica,105,coches.net,furgoneta
peugeot,expert,14700.0,2015,306700.0,diesel,manual,125,coches.net,furgoneta
hyundai,staria,20500.0,2019,152500.0,gasolina,manual,182,coches.net,furgoneta
ford,transit connect,20500.0,2019,168500.0,diesel,automatica,75,coches.net,furgoneta
volkswagen,caddy,2050000.0,2023,51700.0,diesel,manual,102,coches.net,furgoneta
renault,master,18400.0,2022,67100.0,diesel,automatica,185,coches.net,furgoneta
volkswagen,caddy,19300.0,2021,88100.0,gasolina,manual,114,coches.net,furgoneta
ford,transit,24700.0,2022,67600.0,diesel,manual,160,coches.net,furgoneta
iveco,daily,17800.0,2018,129100.0,gasolina,manual,102,coches.net,furgoneta
citroën,jumpy,7500.0,2015,211000.0,diesel,manual,115,coches.net,furgoneta
toyota,proace city,13900.0,2016,242600.0,hibrido,manual,100,coches.net,furgoneta
iveco,daily,21500.0,2021,131900.0,hibrido,manual,100,coches.net,furgoneta
peugeot,expert,33200.0,2022,70000.0,electrico,manual,95,coches.net,furgoneta
volkswagen,caddy,18600.0,2016,278700.0,gasolina,automatica,114,coches.net,furgoneta
volkswagen,caddy,28700.0,2024,16900.0,diesel,automatica,102,coches.net,furgoneta
volkswagen,crafter,24600.0,2017,250900.0,diesel,manual,102,coches.net,furgoneta
volkswagen,caddy,37300.0,2023,50600.0,diesel,manual,102,coches.net,furgoneta
toyota,proace,40900.0,2024,17900.0,diesel,automatica,150,coches.net,furgoneta
nissan,nv400,27600.0,2020,133100.0,electrico,manual,145,coches.net,furgoneta
fiat,scudo,30000.0,2024,17100.0,diesel,manual,115,coches.net,furgoneta
opel,combo,1620000.0,2023,35100.0,diesel,manual,100,coches.net,furgoneta
opel,combo,18000.0,2020,117500.0,diesel,manual,95,coches.net,furgoneta
citroën,jumper,12500.0,2017,161200.0,diesel,automatica,135,coches.net,furgoneta
volkswagen,transporter,25700.0,2023,45500.0,diesel,manual,110,coches.net,furgoneta
mercedes-benz,citan,26700.0,2022,62000.0,electrico,manual,120,coches.net,furgoneta
mercedes-benz,sprinter,24800.0,2023,46800.0,gasolina,manual,100,coches.net,furgoneta
volkswagen,caddy,16700.0,2018,189300.0,gasolina,manual,114,coches.net,furgoneta
iveco,daily,31400.0,2024,20300.0,diesel,manual,120,coches.net,furgoneta
mercedes-benz,vito,37700.0,2021,92800.0,electrico,manual,130,coches.net,furgoneta
ford,transit,25700.0,2024,27100.0,diesel,manual,165,coches.net,furgoneta
opel,movano,38600.0,2022,75700.0,gasolina,manual,145,coches.net,furgoneta
renault,trafic,26700.0,2023,58300.0,diesel,manual,150,coches.net,furgoneta
peugeot,expert,25100.0,2023,41600.0,diesel,manual,100,coches.net,furgoneta
peugeot,partner,14900.0,2018,204200.0,diesel,manual,100,coches.net,furgoneta
ford,transit connect,21900.0,2021,127300.0,gas,automatica,100,coches.net,furgoneta
toyota,proace city,33400.0,2024,18700.0,diesel,manual,105,coches.net,furgoneta
mercedes-benz,citan,31300.0,2024,22500.0,diesel,manual,75,coches.net,furgoneta
nissan,nv300,17400.0,2021,123200.0,diesel,manual,95,coches.net,furgoneta
mercedes-benz,sprinter,17800.0,2021,119600.0,diesel,automatica,140,coches.net,furgoneta
fiat,ducato,14400.0,2019,172300.0,hibrido,manual,127,coches.net,furgoneta
fiat,scudo,17300.0,2020,161100.0,diesel,manual,120,coches.net,furgoneta
iveco,daily,24500.0,2024,25000.0,gas,automatica,110,coches.net,furgoneta
fiat,doblo cargo,8600.0,2019,191200.0,diesel,manual,105,coches.net,furgoneta
peugeot,partner,18000.0,2022,69700.0,gasolina,manual,115,coches.net,furgoneta
iveco,daily,24400.0,2019,177000.0,diesel,manual,150,coches.net,furgoneta
fiat,doblo cargo,10900.0,2021,103500.0,gasolina,manual,105,coches.net,furgoneta
renault,kangoo,22400.0,2022,76500.0,diesel,manual,100,coches.net,furgoneta
citroën,berlingo,26500.0,2023,42500.0,diesel,manual,105,coches.net,furgoneta
citroën,berlingo,28100.0,2024,23000.0,electrico,manual,136,coches.net,furgoneta
opel,combo,33200.0,2024,22200.0,diesel,manual,110,coches.net,furgoneta
iveco,daily,20000.0,2019,150200.0,gas,manual,130,coches.net,furgoneta
renault,master,19300.0,2023,57300.0,gasolina,automatica,130,coches.net,furgoneta
mercedes-benz,vito,29100.0,2021,94900.0,diesel,automatica,90,coches.net,furgoneta
mercedes-benz,sprinter,16800.0,2016,267300.0,diesel,manual,140,coches.net,furgoneta
peugeot,boxer,26600.0,2023,53100.0,electrico,manual,130,coches.net,furgoneta
ford,transit courier,28000.0,2023,44500.0,diesel,automatica,80,coches.net,furgoneta
citroën,berlingo,13200.0,2018,91500.0,diesel,manual,95,coches.net,furgoneta
opel,vivaro,23900.0,2020,136400.0,diesel,manual,125,coches.net,furgoneta
opel,movano,26800.0,2023,50400.0,diesel,manual,163,coches.net,furgoneta
renault,master,15000.0,2020,148200.0,diesel,manual,135,coches.net,furgoneta
mercedes-benz,vito,22900.0,2022,73300.0,diesel,manual,90,coches.net,furgoneta
renault,kangoo,31500.0,2023,60600.0,electrico,automatica,90,coches.net,furgoneta
renault,kangoo,24900.0,2021,91900.0,hibrido,manual,75,coches.net,furgoneta
nissan,nv400,7500.0,2016,223600.0,gas,manual,110,coches.net,furgoneta
hyundai,staria,7500.0,2017,192600.0,hibrido,manual,177,coches.net,furgoneta
ford,transit,24000.0,2022,75200.0,gasolina,manual,130,coches.net,furgoneta
toyota,proace,19500.0,2020,163500.0,diesel,automatica,125,coches.net,furgoneta
peugeot,expert,1990000.0,2021,102200.0,diesel,manual,145,coches.net,furgoneta
ford,transit courier,23800.0,2024,16400.0,diesel,manual,75,coches.net,furgoneta
citroën,berlingo,22300.0,2022,97000.0,gasolina,manual,105,coches.net,furgoneta
renault,trafic,24200.0,2020,127300.0,diesel,automatica,120,coches.net,furgoneta
nissan,nv400,15000.0,2019,162000.0,diesel,manual,145,coches.net,furgoneta
citroën,berlingo,24500.0,2020,162000.0,electrico,manual,131,coches.net,furgoneta
iveco,daily,20500.0,2021,99200.0,diesel,automatica,110,coches.net,furgoneta
ford,transit courier,22300.0,2023,48100.0,diesel,manual,80,coches.net,furgoneta
fiat,doblo cargo,17400.0,2021,68700.0,diesel,manual,105,coches.net,furgoneta
opel,movano,38400.0,2024,22500.0,diesel,automatica,163,coches.net,furgoneta
mercedes-benz,citan,22600.0,2023,54800.0,diesel,manual,102,coches.net,furgoneta
nissan,nv200,7700.0,2015,306000.0,diesel,manual,110,coches.net,furgoneta
mercedes-benz,vito,36900.0,2022,47500.0,diesel,automatica,90,coches.net,furgoneta
mercedes-benz,citan,26900.0,2022,87600.0,diesel,manual,150,coches.net,furgoneta
ford,transit,11200.0,2018,260000.0,diesel,manual,110,coches.net,furgoneta
ford,transit connect,18000.0,2019,199600.0,diesel,manual,70,coches.net,furgoneta
peugeot,partner,23500.0,2019,136200.0,electrico,manual,136,coches.net,furgoneta
renault,kangoo,38800.0,2024,8400.0,diesel,manual,90,coches.net,furgoneta
mercedes-benz,citan,30200.0,2022,97300.0,diesel,manual,110,coches.net,furgoneta
citroën,jumper,16200.0,2019,99200.0,diesel,automatica,125,coches.net,furgoneta
volkswagen,caddy,22300.0,2021,102300.0,diesel,manual,102,coches.net,furgoneta
citroën,berlingo,18900.0,2023,58800.0,gasolina,manual,110,coches.net,furgoneta
volkswagen,caddy,15500.0,2016,296500.0,diesel,manual,75,coches.net,furgoneta
volkswagen,crafter,20500.0,2018,198700.0,diesel,manual,140,coches.net,furgoneta
citroën,berlingo,19200.0,2019,172600.0,electrico,manual,136,coches.net,furgoneta
peugeot,expert,29200.0,2024,27900.0,diesel,manual,95,coches.net,furgoneta
renault,trafic,11000.0,2018,217200.0,hibrido,manual,155,coches.net,furgoneta
iveco,daily,19200.0,2022,66500.0,diesel,manual,100,coches.net,furgoneta
renault,master,22400.0,2023,48700.0,diesel,manual,175,coches.net,furgoneta
mercedes-benz,sprinter,41900.0,2024,18500.0,diesel,manual,120,coches.net,furgoneta
volkswagen,transporter,36400.0,2022,66300.0,diesel,automatica,102,coches.net,furgoneta
mercedes-benz,citan,30300.0,2024,33200.0,diesel,manual,75,coches.net,furgoneta
volkswagen,caddy,25900.0,2023,36300.0,diesel,manual,107,coches.net,furgoneta
toyota,proace city,28000.0,2024,17000.0,diesel,manual,110,coches.net,furgoneta
citroën,berlingo,24200.0,2023,42700.0,electrico,automatica,136,coches.net,furgoneta
renault,kangoo,7500.0,2016,258500.0,diesel,automatica,90,coches.net,furgoneta
renault,trafic,21600.0,2021,129800.0,electrico,automatica,120,coches.net,furgoneta
citroën,jumper,11500.0,2019,181800.0,diesel,manual,155,coches.net,furgoneta
renault,master,25200.0,2024,25200.0,diesel,manual,175,coches.net,furgoneta
hyundai,h350,8800.0,2019,196400.0,gasolina,manual,165,coches.net,furgoneta
ford,transit connect,19100.0,2022,60400.0,diesel,manual,120,coches.net,furgoneta
citroën,berlingo,13800.0,2021,96800.0,gasolina,manual,115,coches.net,furgoneta
mercedes-benz,sprinter,42900.0,2024,19200.0,diesel,manual,90,coches.net,furgoneta
toyota,proace,29500.0,2024,19400.0,diesel,manual,125,coches.net,furgoneta
renault,master,7500.0,2016,276500.0,diesel,manual,135,coches.net,furgoneta
renault,master,27300.0,2023,39400.0,gasolina,manual,145,coches.net,furgoneta
volkswagen,caddy,35800.0,2024,30100.0,diesel,automatica,102,coches.net,furgoneta
renault,master,26300.0,2021,89800.0,diesel,manual,110,coches.net,furgoneta
volkswagen,crafter,7500.0,2015,298900.0,diesel,manual,102,coches.net,furgoneta
renault,master,18000.0,2023,53300.0,diesel,automatica,140,coches.net,furgoneta
nissan,primastar,19600.0,2021,95000.0,electrico,manual,114,coches.net,furgoneta
iveco,daily,7500.0,2015,251600.0,diesel,manual,140,coches.net,furgoneta
ford,transit connect,29900.0,2023,50300.0,diesel,manual,105,coches.net,furgoneta
mercedes-benz,sprinter,18700.0,2017,240700.0,diesel,manual,75,coches.net,furgoneta
opel,vivaro,11100.0,2018,201600.0,diesel,manual,120,coches.net,furgoneta
peugeot,expert,18900.0,2023,42900.0,diesel,manual,150,coches.net,furgoneta
ford,transit courier,21800.0,2021,111400.0,hibrido,manual,70,coches.net,furgoneta
fiat,ducato,25000.0,2023,45900.0,hibrido,manual,135,coches.net,furgoneta
mercedes-benz,citan,7500.0,2019,168600.0,diesel,automatica,150,coches.net,furgoneta
ford,transit courier,12700.0,2017,166400.0,diesel,manual,75,coches.net,furgoneta
man,tge,20600.0,2019,131600.0,diesel,manual,140,coches.net,furgoneta
hyundai,h350,22200.0,2020,154900.0,diesel,manual,131,coches.net,furgoneta
mercedes-benz,vito,24300.0,2022,52600.0,diesel,manual,100,coches.net,furgoneta
citroën,jumper,24600.0,2023,44300.0,diesel,manual,160,coches.net,furgoneta
fiat,doblo cargo,16200.0,2019,151400.0,diesel,manual,90,coches.net,furgoneta
hyundai,h350,20800.0,2022,54800.0,diesel,automatica,165,coches.net,furgoneta
mercedes-benz,sprinter,33000.0,2023,34900.0,diesel,manual,120,coches.net,furgoneta
opel,vivaro,30700.0,2023,41300.0,diesel,manual,185,coches.net,furgoneta
peugeot,boxer,18700.0,2020,144700.0,diesel,automatica,130,coches.net,furgoneta
ford,transit courier,25700.0,2023,39500.0,gasolina,manual,105,coches.net,furgoneta
nissan,nv400,34700.0,2022,78000.0,electrico,manual,110,coches.net,furgoneta
volkswagen,crafter,28800.0,2021,96800.0,diesel,automatica,97,coches.net,furgoneta
nissan,nv400,25300.0,2020,93500.0,diesel,manual,110,coches.net,furgoneta
mercedes-benz,vito,48400.0,2024,18600.0,gasolina,manual,100,coches.net,furgoneta
fiat,doblo cargo,29600.0,2021,84600.0,electrico,manual,90,coches.net,furgoneta
volkswagen,transporter,27800.0,2020,147200.0,gas,manual,115,coches.net,furgoneta
peugeot,expert,9200.0,2015,291500.0,diesel,manual,105,coches.net,furgoneta
nissan,primastar,21200.0,2020,82100.0,diesel,manual,114,coches.net,furgoneta
renault,kangoo,23300.0,2020,127000.0,electrico,manual,90,coches.net,furgoneta
renault,kangoo,29200.0,2022,66500.0,electrico,manual,85,coches.net,furgoneta
man,tge,19400.0,2018,89800.0,gasolina,manual,145,coches.net,furgoneta
citroën,jumpy,20700.0,2021,103200.0,gas,manual,115,coches.net,furgoneta
mercedes-benz,citan,36700.0,2023,54700.0,diesel,manual,100,coches.net,furgoneta
opel,combo,16800.0,2021,80900.0,diesel,manual,100,coches.net,furgoneta
ford,transit courier,28200.0,2021,99500.0,gasolina,manual,100,coches.net,furgoneta
renault,trafic,25200.0,2024,19900.0,diesel,automatica,90,coches.net,furgoneta
fiat,doblo cargo,19900.0,2024,18600.0,diesel,automatica,95,coches.net,furgoneta
renault,master,26300.0,2023,59000.0,diesel,manual,140,coches.net,furgoneta
nissan,primastar,16300.0,2019,175700.0,diesel,manual,109,coches.net,furgoneta
mercedes-benz,citan,16300.0,2019,192800.0,gas,manual,102,coches.net,furgoneta
renault,master,19200.0,2020,118300.0,electrico,automatica,175,coches.net,furgoneta
renault,trafic,23600.0,2022,59100.0,electrico,manual,125,coches.net,furgoneta
ford,transit courier,24500.0,2023,24800.0,gasolina,manual,100,coches.net,furgoneta
ford,transit,31300.0,2022,81100.0,electrico,manual,130,coches.net,furgoneta
renault,kangoo,26800.0,2024,23900.0,diesel,automatica,100,coches.net,furgoneta
ford,transit,23500.0,2021,94500.0,gasolina,manual,155,coches.net,furgoneta
peugeot,expert,9900.0,2021,93900.0,diesel,manual,100,coches.net,furgoneta
peugeot,boxer,28600.0,2023,41800.0,diesel,manual,130,coches.net,furgoneta
citroën,jumper,20300.0,2021,99700.0,electrico,manual,155,coches.net,furgoneta
volkswagen,caddy,11500.0,2017,208500.0,diesel,automatica,75,coches.net,furgoneta
ford,transit,23500.0,2021,94600.0,diesel,automatica,125,coches.net,furgoneta
mercedes-benz,citan,24100.0,2021,89600.0,diesel,manual,120,coches.net,furgoneta
fiat,scudo,21500.0,2024,25400.0,diesel,automatica,115,coches.net,furgoneta
hyundai,h350,20100.0,2021,111000.0,diesel,manual,175,coches.net,furgoneta
iveco,daily,21600.0,2019,119100.0,diesel,manual,120,coches.net,furgoneta
renault,kangoo,30300.0,2024,26300.0,diesel,manual,70,coches.net,furgoneta
iveco,daily,23700.0,2022,58500.0,diesel,manual,102,coches.net,furgoneta
mercedes-benz,citan,35700.0,2023,45200.0,gasolina,manual,120,coches.net,furgoneta
mercedes-benz,vito,24700.0,2022,69800.0,diesel,manual,150,coches.net,furgoneta
ford,transit courier,34400.0,2024,24100.0,diesel,automatica,75,coches.net,furgoneta
citroën,berlingo,39100.0,2024,15900.0,electrico,automatica,141,coches.net,furgoneta
mercedes-benz,vito,13900.0,2018,260000.0,diesel,automatica,120,coches.net,furgoneta
mercedes-benz,vito,24800.0,2022,86100.0,diesel,automatica,102,coches.net,furgoneta
renault,trafic,36500.0,2024,22500.0,diesel,manual,155,coches.net,furgoneta
maxus,deliver 9,16200.0,2021,93500.0,gasolina,manual,145,coches.net,furgoneta
fiat,scudo,22100.0,2023,43800.0,diesel,manual,150,coches.net,furgoneta
volkswagen,caddy,15000.0,2016,251300.0,gasolina,manual,114,coches.net,furgoneta
opel,combo,30100.0,2024,23500.0,gas,manual,110,coches.net,furgoneta
citroën,jumpy,8900.0,2015,329000.0,diesel,manual,155,coches.net,furgoneta
opel,vivaro,29500.0,2024,18000.0,gas,manual,120,coches.net,furgoneta
citroën,berlingo,15900.0,2017,203500.0,electrico,manual,136,coches.net,furgoneta
renault,master,16500.0,2021,112900.0,diesel,manual,180,coches.net,furgoneta
iveco,daily,29400.0,2021,102800.0,electrico,manual,150,coches.net,furgoneta
nissan,nv300,24500.0,2024,18300.0,gasolina,automatica,120,coches.net,furgoneta
opel,vivaro,19200.0,2021,58200.0,diesel,manual,100,coches.net,furgoneta
ford,transit courier,23600.0,2020,131800.0,diesel,manual,75,coches.net,furgoneta
renault,kangoo,17800.0,2023,49100.0,diesel,manual,70,coches.net,furgoneta
renault,master,10200.0,2017,186200.0,diesel,manual,105,coches.net,furgoneta
mercedes-benz,sprinter,37800.0,2024,25500.0,diesel,manual,130,coches.net,furgoneta
volkswagen,transporter,19000.0,2020,103700.0,diesel,manual,102,coches.net,furgoneta
renault,trafic,27100.0,2024,24300.0,diesel,manual,85,coches.net,furgoneta
peugeot,boxer,13500.0,2019,146200.0,diesel,manual,160,coches.net,furgoneta
volkswagen,crafter,29600.0,2024,24400.0,diesel,manual,177,coches.net,furgoneta
renault,master,20600.0,2024,20600.0,diesel,manual,185,coches.net,furgoneta
opel,movano,29100.0,2024,20300.0,diesel,manual,110,coches.net,furgoneta
renault,master,29800.0,2024,23900.0,diesel,manual,180,coches.net,furgoneta
opel,combo,22600.0,2022,72700.0,diesel,manual,100,coches.net,furgoneta
ford,transit connect,21400.0,2021,93100.0,diesel,automatica,100,coches.net,furgoneta
nissan,nv400,23100.0,2020,147600.0,diesel,manual,145,coches.net,furgoneta
toyota,proace city,11800.0,2016,289000.0,diesel,manual,95,coches.net,furgoneta
nissan,nv400,19900.0,2024,26100.0,diesel,manual,115,coches.net,furgoneta
nissan,primastar,34000.0,2024,18800.0,diesel,manual,114,coches.net,furgoneta
mercedes-benz,citan,25100.0,2023,33100.0,diesel,manual,90,coches.net,furgoneta
renault,trafic,30500.0,2023,40800.0,diesel,manual,150,coches.net,furgoneta
peugeot,partner,28600.0,2021,66600.0,electrico,manual,141,coches.net,furgoneta
fiat,ducato,27500.0,2021,95100.0,electrico,manual,127,coches.net,furgoneta
iveco,daily,29000.0,2024,21100.0,gasolina,manual,130,coches.net,furgoneta
renault,kangoo,8200.0,2016,209800.0,diesel,manual,70,coches.net,furgoneta
peugeot,partner,31600.0,2023,43900.0,electrico,manual,136,coches.net,furgoneta
mercedes-benz,vito,37900.0,2022,87900.0,electrico,manual,110,coches.net,furgoneta
renault,kangoo,22600.0,2024,29400.0,diesel,manual,90,coches.net,furgoneta
ford,transit courier,26300.0,2023,35800.0,electrico,manual,70,coches.net,furgoneta
citroën,jumpy,27000.0,2023,48400.0,diesel,automatica,150,coches.net,furgoneta
opel,combo,17600.0,2021,64400.0,diesel,manual,115,coches.net,furgoneta
iveco,daily,34500.0,2023,63800.0,gasolina,manual,120,coches.net,furgoneta
citroën,berlingo,15700.0,2022,69000.0,diesel,manual,100,coches.net,furgoneta
mercedes-benz,sprinter,19900.0,2019,129100.0,diesel,manual,130,coches.net,furgoneta
toyota,proace city,33100.0,2024,15300.0,hibrido,manual,110,coches.net,furgoneta
volkswagen,transporter,23800.0,2023,57500.0,electrico,automatica,110,coches.net,furgoneta
ford,transit,15700.0,2020,111500.0,diesel,automatica,135,coches.net,furgoneta
toyota,proace city,26900.0,2022,83600.0,diesel,automatica,115,coches.net,furgoneta
citroën,jumper,16500.0,2021,80200.0,hibrido,manual,135,coches.net,furgoneta
peugeot,partner,20300.0,2021,95400.0,gasolina,manual,110,coches.net,furgoneta
opel,movano,8900.0,2015,283100.0,gas,automatica,145,coches.net,furgoneta
ford,transit courier,12100.0,2017,300000.0,diesel,manual,70,coches.net,furgoneta
peugeot,partner,8800.0,2016,311900.0,electrico,manual,136,coches.net,furgoneta
peugeot,boxer,8500.0,2017,241400.0,hibrido,manual,160,coches.net,furgoneta
volkswagen,crafter,39700.0,2024,12300.0,electrico,automatica,140,coches.net,furgoneta
opel,combo,36600.0,2024,20100.0,diesel,manual,115,coches.net,furgoneta
toyota,proace,24000.0,2020,145000.0,hibrido,manual,120,coches.net,furgoneta
peugeot,expert,16300.0,2017,300000.0,hibrido,manual,100,coches.net,furgoneta
ford,transit connect,24000.0,2023,69500.0,diesel,manual,120,coches.net,furgoneta
citroën,berlingo,19100.0,2023,45900.0,electrico,manual,136,coches.net,furgoneta
volkswagen,transporter,10100.0,2017,165600.0,diesel,manual,115,coches.net,furgoneta
hyundai,h350,13800.0,2022,65600.0,hibrido,manual,131,coches.net,furgoneta
mercedes-benz,citan,23900.0,2020,134600.0,electrico,manual,130,coches.net,furgoneta
hyundai,staria,14700.0,2022,85400.0,diesel,manual,177,coches.net,furgoneta
mercedes-benz,vito,29500.0,2022,70100.0,diesel,manual,75,coches.net,furgoneta
renault,kangoo,21600.0,2021,75200.0,diesel,automatica,100,coches.net,furgoneta
fiat,scudo,25800.0,2023,47500.0,diesel,automatica,150,coches.net,furgoneta
nissan,nv300,26800.0,2021,80200.0,diesel,manual,115,coches.net,furgoneta
mercedes-benz,sprinter,20900.0,2022,62700.0,diesel,manual,150,coches.net,furgoneta
iveco,daily,24900.0,2023,51000.0,diesel,manual,102,coches.net,furgoneta
iveco,daily,31200.0,2022,74000.0,diesel,manual,150,coches.net,furgoneta
ford,transit connect,31800.0,2023,39800.0,diesel,manual,95,coches.net,furgoneta
nissan,nv300,14500.0,2015,330900.0,diesel,manual,95,coches.net,furgoneta
nissan,nv400,10000.0,2018,196000.0,diesel,manual,105,coches.net,furgoneta
man,tge,31400.0,2023,29200.0,electrico,manual,102,coches.net,furgoneta
man,tge,7500.0,2017,131100.0,diesel,manual,102,coches.net,furgoneta
nissan,nv200,28200.0,2024,14600.0,gas,manual,115,coches.net,furgoneta
nissan,nv200,13300.0,2018,161800.0,diesel,automatica,95,coches.net,furgoneta
toyota,proace city,21000.0,2020,128300.0,diesel,manual,100,coches.net,furgoneta
peugeot,expert,20800.0,2023,50000.0,diesel,manual,155,coches.net,furgoneta
maxus,deliver 9,22000.0,2020,108700.0,electrico,manual,120,coches.net,furgoneta
hyundai,h350,29300.0,2024,20300.0,diesel,automatica,136,coches.net,furgoneta
peugeot,boxer,23900.0,2023,53200.0,diesel,manual,130,coches.net,furgoneta
renault,trafic,24800.0,2024,19400.0,diesel,automatica,90,coches.net,furgoneta
nissan,nv300,11300.0,2021,91600.0,diesel,manual,95,coches.net,furgoneta
toyota,proace,39500.0,2023,50100.0,electrico,manual,141,coches.net,furgoneta
volkswagen,transporter,25500.0,2021,113800.0,diesel,manual,204,coches.net,furgoneta
man,tge,9500.0,2017,277000.0,diesel,automatica,135,coches.net,furgoneta
volkswagen,caddy,38200.0,2022,74400.0,gasolina,manual,102,coches.net,furgoneta
ford,transit connect,9100.0,2016,283600.0,diesel,manual,100,coches.net,furgoneta
nissan,nv400,23500.0,2021,86600.0,diesel,automatica,140,coches.net,furgoneta
toyota,proace,40100.0,2024,23200.0,electrico,manual,141,coches.net,furgoneta
fiat,doblo cargo,7500.0,2016,263600.0,diesel,automatica,105,coches.net,furgoneta
renault,trafic,14800.0,2018,251400.0,diesel,manual,145,coches.net,furgoneta
renault,kangoo,28400.0,2024,23300.0,diesel,automatica,75,coches.net,furgoneta
renault,kangoo,24900.0,2024,17800.0,electrico,manual,95,coches.net,furgoneta
citroën,jumper,19800.0,2019,194100.0,diesel,manual,130,coches.net,furgoneta
volkswagen,caddy,21000.0,2023,51900.0,diesel,manual,80,coches.net,furgoneta
man,tge,22800.0,2020,140200.0,hibrido,automatica,140,coches.net,furgoneta
ford,transit,32700.0,2023,42100.0,electrico,manual,160,coches.net,furgoneta
opel,combo,14500.0,2022,60500.0,hibrido,automatica,95,coches.net,furgoneta
iveco,daily,14200.0,2019,93800.0,diesel,manual,102,coches.net,furgoneta
nissan,primastar,29000.0,2024,23500.0,diesel,automatica,114,coches.net,furgoneta
maxus,ev80,34200.0,2024,23300.0,electrico,manual,120,coches.net,furgoneta
man,tge,16600.0,2020,160300.0,diesel,manual,102,coches.net,furgoneta
fiat,ducato,17200.0,2019,142600.0,gasolina,manual,127,coches.net,furgoneta
fiat,ducato,23600.0,2020,110300.0,diesel,manual,160,coches.net,furgoneta
ford,transit connect,25200.0,2023,47700.0,diesel,automatica,75,coches.net,furgoneta
citroën,berlingo,22300.0,2019,168200.0,gasolina,automatica,110,coches.net,furgoneta
renault,master,18800.0,2019,124400.0,diesel,manual,110,coches.net,furgoneta
opel,combo,23300.0,2023,55900.0,gasolina,manual,105,coches.net,furgoneta
nissan,nv200,27100.0,2023,55400.0,diesel,manual,110,coches.net,furgoneta
fiat,scudo,20900.0,2024,23100.0,diesel,automatica,120,coches.net,furgoneta
renault,kangoo,31000.0,2023,54000.0,diesel,automatica,90,coches.net,furgoneta
opel,vivaro,29000.0,2023,48000.0,diesel,manual,180,coches.net,furgoneta
nissan,nv200,25300.0,2020,78000.0,gasolina,automatica,105,coches.net,furgoneta
citroën,jumpy,20600.0,2022,65600.0,gasolina,manual,100,coches.net,furgoneta
hyundai,staria,18000.0,2021,87300.0,diesel,manual,177,coches.net,furgoneta
ford,transit connect,11500.0,2021,112200.0,gas,manual,100,coches.net,furgoneta
ford,transit connect,38300.0,2024,23400.0,diesel,automatica,100,coches.net,furgoneta
renault,trafic,28400.0,2022,69900.0,electrico,manual,90,coches.net,furgoneta
man,tge,19800.0,2020,95600.0,diesel,automatica,140,coches.net,furgoneta
mercedes-benz,vito,15300.0,2020,96800.0,diesel,automatica,110,coches.net,furgoneta
renault,kangoo,28400.0,2023,48400.0,electrico,manual,95,coches.net,furgoneta
opel,vivaro,38400.0,2024,13500.0,diesel,manual,100,coches.net,furgoneta
citroën,berlingo,23500.0,2022,63600.0,electrico,manual,136,coches.net,furgoneta
volkswagen,transporter,27500.0,2020,113100.0,gas,manual,105,coches.net,furgoneta
citroën,berlingo,9000.0,2020,97300.0,diesel,automatica,95,coches.net,furgoneta
fiat,doblo cargo,18900.0,2022,70800.0,diesel,manual,100,coches.net,furgoneta
man,tge,31900.0,2021,71900.0,electrico,manual,140,coches.net,furgoneta
fiat,scudo,28800.0,2022,57200.0,diesel,manual,115,coches.net,furgoneta
peugeot,partner,14900.0,2022,48800.0,diesel,manual,100,coches.net,furgoneta
hyundai,h350,10200.0,2021,100300.0,diesel,manual,175,coches.net,furgoneta
mercedes-benz,vito,30900.0,2021,79400.0,diesel,manual,90,coches.net,furgoneta
opel,combo,25500.0,2024,19800.0,diesel,manual,105,coches.net,furgoneta
citroën,jumpy,8600.0,2015,249500.0,hibrido,automatica,155,coches.net,furgoneta
ford,transit,18300.0,2022,89800.0,diesel,automatica,175,coches.net,furgoneta
volkswagen,transporter,40400.0,2022,80600.0,electrico,manual,204,coches.net,furgoneta
ford,transit courier,14200.0,2020,118200.0,diesel,manual,80,coches.net,furgoneta
renault,kangoo,8400.0,2017,176900.0,diesel,automatica,75,coches.net,furgoneta
ford,transit,25200.0,2022,71400.0,diesel,manual,155,coches.net,furgoneta
maxus,deliver 9,12700.0,2020,153300.0,diesel,automatica,150,coches.net,furgoneta
hyundai,h350,10300.0,2017,212700.0,gasolina,automatica,136,coches.net,furgoneta
opel,movano,20400.0,2021,89600.0,diesel,manual,150,coches.net,furgoneta
opel,vivaro,11200.0,2018,181200.0,diesel,manual,120,coches.net,furgoneta
hyundai,h350,28000.0,2022,46500.0,diesel,manual,175,coches.net,furgoneta
nissan,nv300,10600.0,2019,130500.0,diesel,automatica,95,coches.net,furgoneta
mercedes-benz,sprinter,17300.0,2016,119800.0,diesel,manual,75,coches.net,furgoneta
hyundai,staria,21500.0,2020,91000.0,electrico,manual,172,coches.net,furgoneta
nissan,nv200,24200.0,2022,69300.0,electrico,manual,110,coches.net,furgoneta
mercedes-benz,sprinter,28900.0,2020,97400.0,diesel,manual,75,coches.net,furgoneta
maxus,deliver 9,7900.0,2015,369400.0,electrico,manual,115,coches.net,furgoneta
renault,kangoo,25400.0,2024,15500.0,diesel,manual,95,coches.net,furgoneta
citroën,jumper,21000.0,2023,57400.0,diesel,automatica,160,coches.net,furgoneta
nissan,nv200,27800.0,2022,63100.0,diesel,manual,110,coches.net,furgoneta
volkswagen,transporter,26400.0,2022,85200.0,diesel,manual,97,coches.net,furgoneta
mercedes-benz,citan,40800.0,2021,124300.0,diesel,automatica,102,coches.net,furgoneta
ford,transit,23300.0,2024,26700.0,diesel,manual,130,coches.net,furgoneta
peugeot,partner,18500.0,2019,133900.0,diesel,manual,100,coches.net,furgoneta
citroën,jumpy,15100.0,2018,207200.0,diesel,manual,120,coches.net,furgoneta
ford,transit courier,2640000.0,2022,53800.0,gasolina,manual,95,coches.net,furgoneta
renault,master,28600.0,2024,32500.0,diesel,manual,135,coches.net,furgoneta
volkswagen,caddy,12400.0,2016,261600.0,gasolina,manual,114,coches.net,furgoneta
ford,transit,36300.0,2023,55500.0,electrico,manual,125,coches.net,furgoneta
peugeot,boxer,23700.0,2018,184400.0,diesel,automatica,145,coches.net,furgoneta
iveco,daily,20100.0,2020,135500.0,diesel,manual,130,coches.net,furgoneta
fiat,ducato,23900.0,2024,22200.0,diesel,manual,160,coches.net,furgoneta
nissan,nv300,16100.0,2018,183200.0,hibrido,manual,120,coches.net,furgoneta
ford,transit connect,27800.0,2022,74400.0,diesel,manual,100,coches.net,furgoneta
volkswagen,transporter,25900.0,2023,42200.0,diesel,manual,115,coches.net,furgoneta
toyota,proace,16400.0,2020,112200.0,electrico,manual,131,coches.net,furgoneta
renault,kangoo,18700.0,2020,96500.0,electrico,automatica,90,coches.net,furgoneta
hyundai,h350,13000.0,2020,170900.0,diesel,manual,131,coches.net,furgoneta
peugeot,boxer,14200.0,2015,288300.0,diesel,manual,160,coches.net,furgoneta
iveco,daily,28500.0,2023,52200.0,diesel,manual,150,coches.net,furgoneta
man,tge,12000.0,2016,249900.0,diesel,manual,102,coches.net,furgoneta
mercedes-benz,vito,34100.0,2023,57600.0,electrico,manual,120,coches.net,furgoneta
fiat,scudo,22600.0,2024,21300.0,diesel,manual,125,coches.net,furgoneta
citroën,jumpy,13100.0,2021,128000.0,diesel,manual,145,coches.net,furgoneta
man,tge,34200.0,2023,47900.0,diesel,manual,97,coches.net,furgoneta
mercedes-benz,vito,19700.0,2016,190100.0,diesel,automatica,102,coches.net,furgoneta
mercedes-benz,vito,37300.0,2023,51800.0,diesel,manual,150,coches.net,furgoneta
peugeot,partner,11600.0,2019,183800.0,gasolina,manual,110,coches.net,furgoneta
opel,vivaro,22600.0,2021,97800.0,diesel,manual,115,coches.net,furgoneta
ford,transit courier,16000.0,2023,54700.0,diesel,manual,75,coches.net,furgoneta
renault,trafic,16900.0,2022,99400.0,diesel,manual,120,coches.net,furgoneta
opel,movano,2020000.0,2020,154000.0,gasolina,manual,105,coches.net,furgoneta
renault,kangoo,25000.0,2023,40800.0,electrico,automatica,90,coches.net,furgoneta
ford,transit connect,13400.0,2017,220800.0,diesel,manual,75,coches.net,furgoneta
citroën,berlingo,23900.0,2022,57200.0,diesel,manual,105,coches.net,furgoneta
ford,transit connect,29200.0,2024,25700.0,diesel,automatica,115,coches.net,furgoneta
peugeot,boxer,17700.0,2022,89000.0,diesel,manual,160,coches.net,furgoneta
mercedes-benz,sprinter,30000.0,2021,88700.0,electrico,manual,150,coches.net,furgoneta
ford,transit courier,11600.0,2017,239600.0,diesel,automatica,75,coches.net,furgoneta
fiat,doblo cargo,14400.0,2019,137200.0,diesel,manual,105,coches.net,furgoneta
renault,master,14800.0,2016,248000.0,diesel,automatica,145,coches.net,furgoneta
toyota,proace,34700.0,2023,61900.0,diesel,manual,120,coches.net,furgoneta
hyundai,h350,27600.0,2020,94800.0,gasolina,manual,141,coches.net,furgoneta
iveco,daily,13600.0,2021,94500.0,diesel,manual,150,coches.net,furgoneta
mercedes-benz,sprinter,18200.0,2017,219700.0,hibrido,manual,75,coches.net,furgoneta
maxus,deliver 9,23900.0,2023,56700.0,diesel,manual,150,coches.net,furgoneta
ford,transit,13100.0,2021,97700.0,gasolina,manual,125,coches.net,furgoneta
volkswagen,caddy,30100.0,2023,44100.0,gasolina,automatica,107,coches.net,furgoneta
fiat,doblo cargo,15800.0,2022,91500.0,gas,manual,110,coches.net,furgoneta
iveco,daily,29200.0,2022,86000.0,gasolina,manual,140,coches.net,furgoneta
ford,transit,28100.0,2022,66500.0,diesel,automatica,105,coches.net,furgoneta
citroën,jumper,26000.0,2022,59200.0,electrico,manual,140,coches.net,furgoneta
fiat,scudo,19100.0,2023,45700.0,diesel,manual,145,coches.net,furgoneta
renault,kangoo,22500.0,2023,55100.0,diesel,manual,90,coches.net,furgoneta
volkswagen,caddy,26600.0,2019,164500.0,diesel,manual,70,coches.net,furgoneta
hyundai,staria,34100.0,2021,111800.0,electrico,manual,177,coches.net,furgoneta
mercedes-benz,citan,23200.0,2021,88100.0,gas,manual,130,coches.net,furgoneta
peugeot,partner,20800.0,2022,72500.0,electrico,manual,131,coches.net,furgoneta
citroën,jumpy,32300.0,2024,21900.0,electrico,manual,120,coches.net,furgoneta
fiat,scudo,7500.0,2017,221800.0,electrico,automatica,150,coches.net,furgoneta
volkswagen,caddy,16300.0,2016,209900.0,diesel,manual,97,coches.net,furgoneta
renault,master,19100.0,2019,157000.0,diesel,manual,110,coches.net,furgoneta
mercedes-benz,sprinter,21700.0,2021,94000.0,diesel,manual,100,coches.net,furgoneta
opel,vivaro,27600.0,2024,29800.0,diesel,manual,120,coches.net,furgoneta
opel,combo,27400.0,2021,119500.0,electrico,manual,100,coches.net,furgoneta
ford,transit connect,29300.0,2023,37400.0,diesel,manual,100,coches.net,furgoneta
peugeot,boxer,21900.0,2020,133000.0,electrico,manual,160,coches.net,furgoneta
peugeot,expert,14600.0,2019,128500.0,hibrido,manual,120,coches.net,furgoneta
citroën,jumpy,15200.0,2022,67300.0,diesel,automatica,100,coches.net,furgoneta
iveco,daily,23000.0,2019,174400.0,diesel,automatica,90,coches.net,furgoneta
fiat,ducato,19600.0,2020,146500.0,gas,manual,122,coches.net,furgoneta
citroën,jumpy,17500.0,2022,61900.0,diesel,manual,155,coches.net,furgoneta
ford,transit connect,34200.0,2022,76200.0,electrico,automatica,100,coches.net,furgoneta
toyota,proace,28400.0,2023,32500.0,electrico,automatica,136,coches.net,furgoneta
volkswagen,crafter,17300.0,2022,83200.0,gas,manual,102,coches.net,furgoneta
renault,trafic,32500.0,2023,36800.0,diesel,manual,120,coches.net,furgoneta
citroën,berlingo,19000.0,2023,47100.0,gasolina,manual,110,coches.net,furgoneta
maxus,ev80,20000.0,2019,166000.0,electrico,manual,120,coches.net,furgoneta
peugeot,boxer,23100.0,2022,58400.0,diesel,automatica,130,coches.net,furgoneta
opel,combo,17900.0,2020,82900.0,diesel,manual,100,coches.net,furgoneta
iveco,daily,25400.0,2024,26100.0,diesel,manual,130,coches.net,furgoneta
nissan,nv200,19300.0,2021,115300.0,gas,automatica,90,coches.net,furgoneta
renault,kangoo,23000.0,2023,37500.0,electrico,manual,85,coches.net,furgoneta
citroën,berlingo,16500.0,2016,220000.0,gasolina,automatica,110,coches.net,furgoneta
volkswagen,crafter,37700.0,2024,24500.0,diesel,manual,140,coches.net,furgoneta
peugeot,partner,25500.0,2022,78000.0,diesel,manual,105,coches.net,furgoneta
opel,movano,13500.0,2016,235400.0,diesel,manual,110,coches.net,furgoneta
nissan,nv200,19200.0,2019,194800.0,diesel,automatica,105,coches.net,furgoneta
mercedes-benz,sprinter,17200.0,2017,106400.0,electrico,automatica,140,coches.net,furgoneta
volkswagen,crafter,13400.0,2020,156700.0,diesel,manual,140,coches.net,furgoneta
citroën,berlingo,19200.0,2021,123500.0,gasolina,manual,105,coches.net,furgoneta
ford,transit courier,34900.0,2023,66100.0,electrico,automatica,75,coches.net,furgoneta
fiat,scudo,15900.0,2019,160100.0,diesel,manual,140,coches.net,furgoneta
citroën,jumpy,20100.0,2024,19600.0,gas,automatica,150,coches.net,furgoneta
opel,movano,23200.0,2021,120900.0,diesel,manual,115,coches.net,furgoneta
maxus,ev80,16200.0,2019,168200.0,electrico,manual,125,coches.net,furgoneta
ford,transit courier,29900.0,2024,25000.0,gasolina,manual,100,coches.net,furgoneta
citroën,jumper,22100.0,2021,112800.0,diesel,manual,125,coches.net,furgoneta
volkswagen,caddy,21100.0,2021,129900.0,gasolina,automatica,119,coches.net,furgoneta
mercedes-benz,vito,23600.0,2022,35100.0,diesel,manual,130,coches.net,furgoneta
fiat,scudo,1920000.0,2020,104900.0,diesel,manual,145,coches.net,furgoneta
man,tge,16800.0,2016,339000.0,diesel,manual,145,coches.net,furgoneta
nissan,nv300,29700.0,2023,36100.0,diesel,manual,115,coches.net,furgoneta
volkswagen,crafter,27500.0,2022,79000.0,diesel,manual,102,coches.net,furgoneta
peugeot,expert,19400.0,2024,19500.0,diesel,manual,100,coches.net,furgoneta
ford,transit connect,22800.0,2021,127900.0,hibrido,automatica,75,coches.net,furgoneta
ford,transit,27800.0,2023,28900.0,diesel,manual,135,coches.net,furgoneta
hyundai,staria,15600.0,2017,280100.0,hibrido,manual,182,coches.net,furgoneta
citroën,jumper,16500.0,2021,84300.0,hibrido,manual,130,coches.net,furgoneta
volkswagen,transporter,26400.0,2023,48300.0,diesel,automatica,107,coches.net,furgoneta
fiat,doblo cargo,22900.0,2024,21300.0,diesel,manual,110,coches.net,furgoneta
mercedes-benz,citan,12700.0,2018,159500.0,diesel,manual,150,coches.net,furgoneta
renault,master,14000.0,2018,201500.0,diesel,manual,180,coches.net,furgoneta
renault,kangoo,23800.0,2017,169700.0,electrico,automatica,90,coches.net,furgoneta
citroën,jumper,7500.0,2016,195000.0,gasolina,manual,130,coches.net,furgoneta
mercedes-benz,citan,22000.0,2021,73700.0,diesel,manual,150,coches.net,furgoneta
toyota,proace city,12900.0,2020,147300.0,diesel,manual,110,coches.net,furgoneta
nissan,nv400,26600.0,2022,67500.0,diesel,manual,145,coches.net,furgoneta
toyota,proace city,18600.0,2020,98100.0,diesel,manual,100,coches.net,furgoneta
ford,transit courier,22300.0,2021,91900.0,gasolina,manual,100,coches.net,furgoneta
iveco,daily,33000.0,2023,48100.0,diesel,manual,102,coches.net,furgoneta
volkswagen,caddy,41400.0,2024,26200.0,electrico,automatica,107,coches.net,furgoneta
toyota,proace city,33800.0,2022,57700.0,electrico,manual,100,coches.net,furgoneta
peugeot,partner,43900.0,2024,21000.0,gasolina,automatica,105,coches.net,furgoneta
peugeot,partner,22200.0,2021,93300.0,electrico,automatica,136,coches.net,furgoneta
ford,transit courier,33800.0,2024,23400.0,gasolina,manual,100,coches.net,furgoneta
man,tge,23400.0,2020,109700.0,diesel,automatica,135,coches.net,furgoneta
hyundai,staria,27600.0,2023,52200.0,diesel,automatica,177,coches.net,furgoneta
renault,master,19100.0,2020,125700.0,gasolina,manual,150,coches.net,furgoneta
ford,transit connect,11600.0,2020,122700.0,electrico,automatica,100,coches.net,furgoneta
renault,trafic,26300.0,2024,25800.0,diesel,manual,120,coches.net,furgoneta
ford,transit,33600.0,2023,58400.0,diesel,manual,135,coches.net,furgoneta
man,tge,14600.0,2021,93600.0,diesel,manual,140,coches.net,furgoneta
opel,vivaro,16200.0,2017,229700.0,diesel,automatica,100,coches.net,furgoneta
fiat,ducato,18100.0,2021,91300.0,diesel,manual,122,coches.net,furgoneta
ford,transit connect,23100.0,2021,101300.0,diesel,manual,120,coches.net,furgoneta
hyundai,staria,23300.0,2022,82700.0,diesel,manual,177,coches.net,furgoneta
iveco,daily,26800.0,2023,44800.0,diesel,manual,130,coches.net,furgoneta
citroën,jumper,16400.0,2019,168600.0,diesel,manual,135,coches.net,furgoneta
hyundai,staria,21400.0,2020,142800.0,hibrido,automatica,177,coches.net,furgoneta
peugeot,boxer,21300.0,2020,148000.0,diesel,automatica,130,coches.net,furgoneta
citroën,jumpy,12800.0,2020,107800.0,diesel,automatica,125,coches.net,furgoneta
man,tge,14300.0,2018,191000.0,diesel,manual,97,coches.net,furgoneta
nissan,nv200,29100.0,2024,23400.0,diesel,manual,90,coches.net,furgoneta
renault,kangoo,24300.0,2022,74700.0,diesel,manual,75,coches.net,furgoneta
fiat,scudo,22100.0,2024,14600.0,diesel,automatica,120,coches.net,furgoneta
man,tge,9100.0,2019,164900.0,diesel,automatica,102,coches.net,furgoneta
mercedes-benz,citan,43800.0,2023,48800.0,electrico,manual,90,coches.net,furgoneta
man,tge,22600.0,2021,94500.0,diesel,automatica,97,coches.net,furgoneta
opel,vivaro,2380000.0,2024,20200.0,hibrido,manual,175,coches.net,furgoneta
man,tge,19700.0,2023,39100.0,diesel,manual,102,coches.net,furgoneta
man,tge,27800.0,2024,20200.0,gas,manual,102,coches.net,furgoneta
nissan,primastar,14600.0,2020,146100.0,diesel,manual,114,coches.net,furgoneta
toyota,proace city,18100.0,2017,195900.0,diesel,manual,115,coches.net,furgoneta
ford,transit connect,13900.0,2017,184600.0,diesel,manual,80,coches.net,furgoneta
nissan,nv300,11500.0,2016,262200.0,diesel,manual,95,coches.net,furgoneta
peugeot,expert,2640000.0,2022,45500.0,diesel,manual,95,coches.net,furgoneta
ford,transit,8800.0,2018,194800.0,diesel,automatica,155,coches.net,furgoneta
toyota,proace city,26000.0,2020,159000.0,diesel,manual,100,coches.net,furgoneta
maxus,deliver 9,14300.0,2018,244700.0,electrico,manual,125,coches.net,furgoneta
peugeot,boxer,19400.0,2022,68000.0,diesel,manual,140,coches.net,furgoneta
hyundai,staria,15200.0,2023,51600.0,diesel,manual,177,coches.net,furgoneta
volkswagen,crafter,32600.0,2024,24500.0,electrico,manual,140,coches.net,furgoneta
opel,vivaro,27600.0,2022,70100.0,diesel,manual,180,coches.net,furgoneta
volkswagen,crafter,22600.0,2023,34200.0,diesel,automatica,177,coches.net,furgoneta
ford,transit connect,16500.0,2019,142900.0,diesel,manual,70,coches.net,furgoneta
mercedes-benz,citan,36600.0,2022,72200.0,electrico,manual,102,coches.net,furgoneta
peugeot,boxer,25200.0,2024,16600.0,diesel,manual,155,coches.net,furgoneta
iveco,daily,13100.0,2020,78300.0,diesel,automatica,140,coches.net,furgoneta
iveco,daily,26000.0,2022,88300.0,diesel,manual,90,coches.net,furgoneta
man,tge,35500.0,2021,79500.0,diesel,manual,140,coches.net,furgoneta
volkswagen,crafter,33800.0,2022,77100.0,diesel,manual,102,coches.net,furgoneta
volkswagen,caddy,26000.0,2020,70900.0,diesel,manual,70,coches.net,furgoneta
citroën,berlingo,29000.0,2024,16400.0,diesel,manual,100,coches.net,furgoneta
man,tge,26000.0,2022,97100.0,diesel,manual,135,coches.net,furgoneta
ford,transit,23900.0,2024,18800.0,diesel,manual,130,coches.net,furgoneta
ford,transit connect,15400.0,2019,164200.0,diesel,manual,95,coches.net,furgoneta
fiat,ducato,16800.0,2022,59900.0,diesel,manual,127,coches.net,furgoneta
hyundai,h350,26300.0,2024,15900.0,diesel,manual,141,coches.net,furgoneta
toyota,proace,18100.0,2023,36800.0,gas,manual,125,coches.net,furgoneta
mercedes-benz,vito,17100.0,2019,129300.0,diesel,manual,110,coches.net,furgoneta
citroën,berlingo,15200.0,2018,137200.0,gasolina,manual,110,coches.net,furgoneta
peugeot,partner,33200.0,2022,47700.0,electrico,manual,141,coches.net,furgoneta
iveco,daily,15400.0,2017,151500.0,electrico,manual,102,coches.net,furgoneta
fiat,scudo,29400.0,2021,114100.0,diesel,manual,115,coches.net,furgoneta
volkswagen,transporter,27900.0,2023,48200.0,diesel,manual,155,coches.net,furgoneta
ford,transit,37000.0,2024,33700.0,diesel,manual,155,coches.net,furgoneta
ford,transit connect,18700.0,2020,91800.0,diesel,manual,105,coches.net,furgoneta
peugeot,expert,22200.0,2024,20100.0,diesel,manual,150,coches.net,furgoneta
citroën,jumper,15900.0,2023,58400.0,diesel,manual,155,coches.net,furgoneta
volkswagen,caddy,24300.0,2021,141300.0,gasolina,manual,114,coches.net,furgoneta
mercedes-benz,vito,35800.0,2021,113000.0,diesel,manual,90,coches.net,furgoneta
renault,master,14200.0,2020,140600.0,gasolina,automatica,185,coches.net,furgoneta
ford,transit,25400.0,2023,23000.0,diesel,manual,105,coches.net,furgoneta
man,tge,31200.0,2023,48900.0,diesel,manual,140,coches.net,furgoneta
maxus,deliver 9,17700.0,2020,154600.0,diesel,manual,150,coches.net,furgoneta
ford,transit,14300.0,2021,91000.0,diesel,manual,170,coches.net,furgoneta
ford,transit connect,28300.0,2023,42000.0,diesel,manual,125,coches.net,furgoneta
ford,transit connect,26200.0,2020,148800.0,diesel,manual,100,coches.net,furgoneta
renault,trafic,15600.0,2020,135100.0,diesel,automatica,155,coches.net,furgoneta
volkswagen,crafter,15200.0,2021,58900.0,diesel,automatica,182,coches.net,furgoneta
man,tge,23800.0,2016,302600.0,electrico,automatica,140,coches.net,furgoneta
ford,transit courier,14600.0,2021,80100.0,gasolina,manual,100,coches.net,furgoneta
renault,master,21200.0,2021,114000.0,diesel,manual,140,coches.net,furgoneta
fiat,ducato,16600.0,2018,155400.0,diesel,manual,125,coches.net,furgoneta
renault,trafic,23400.0,2020,154200.0,diesel,manual,120,coches.net,furgoneta
renault,kangoo,10800.0,2020,121600.0,diesel,manual,70,coches.net,furgoneta
iveco,daily,25500.0,2024,23900.0,diesel,manual,75,coches.net,furgoneta
volkswagen,crafter,30500.0,2024,14700.0,diesel,manual,97,coches.net,furgoneta
opel,vivaro,15500.0,2022,81100.0,diesel,manual,115,coches.net,furgoneta
mercedes-benz,vito,27600.0,2020,120600.0,diesel,automatica,140,coches.net,furgoneta
nissan,primastar,20600.0,2020,121900.0,diesel,manual,109,coches.net,furgoneta
volkswagen,caddy,16900.0,2016,229200.0,gasolina,automatica,114,coches.net,furgoneta
ford,transit courier,19000.0,2021,118800.0,diesel,manual,80,coches.net,furgoneta
fiat,scudo,18100.0,2022,55900.0,diesel,manual,120,coches.net,furgoneta
citroën,jumper,25300.0,2021,71800.0,hibrido,manual,135,coches.net,furgoneta
peugeot,boxer,17900.0,2021,142500.0,diesel,automatica,160,coches.net,furgoneta
iveco,daily,22000.0,2021,115500.0,diesel,manual,140,coches.net,furgoneta
toyota,proace,12400.0,2021,88400.0,hibrido,manual,115,coches.net,furgoneta
ford,transit,22700.0,2022,55900.0,diesel,manual,130,coches.net,furgoneta
peugeot,boxer,20500.0,2022,57600.0,diesel,automatica,145,coches.net,furgoneta
peugeot,boxer,25000.0,2024,24800.0,hibrido,automatica,130,coches.net,furgoneta
citroën,berlingo,18700.0,2018,173900.0,electrico,manual,136,coches.net,furgoneta
fiat,scudo,23300.0,2023,41700.0,diesel,manual,125,coches.net,furgoneta
peugeot,expert,21700.0,2023,28700.0,diesel,automatica,95,coches.net,furgoneta
toyota,proace city,24500.0,2022,81000.0,diesel,manual,100,coches.net,furgoneta
citroën,jumper,19100.0,2019,185400.0,diesel,manual,135,coches.net,furgoneta
renault,trafic,25100.0,2023,46700.0,diesel,manual,90,coches.net,furgoneta
volkswagen,transporter,10300.0,2016,277000.0,diesel,manual,204,coches.net,furgoneta
mercedes-benz,citan,30900.0,2021,96500.0,diesel,manual,90,coches.net,furgoneta
hyundai,staria,30000.0,2023,51800.0,hibrido,manual,172,coches.net,furgoneta
mercedes-benz,sprinter,20000.0,2021,51200.0,diesel,automatica,130,coches.net,furgoneta
maxus,deliver 9,15000.0,2022,99600.0,diesel,automatica,150,coches.net,furgoneta
mercedes-benz,vito,22000.0,2015,217900.0,diesel,manual,100,coches.net,furgoneta
ford,transit,23000.0,2020,134000.0,diesel,automatica,165,coches.net,furgoneta
hyundai,h350,13600.0,2017,236500.0,diesel,manual,170,coches.net,furgoneta
ford,transit courier,16600.0,2018,131700.0,gasolina,automatica,105,coches.net,furgoneta
peugeot,boxer,16800.0,2022,90100.0,diesel,automatica,160,coches.net,furgoneta
man,tge,35400.0,2023,46300.0,diesel,manual,102,coches.net,furgoneta
peugeot,expert,24300.0,2020,129500.0,electrico,manual,150,coches.net,furgoneta
volkswagen,transporter,12600.0,2019,188500.0,diesel,manual,155,coches.net,furgoneta
citroën,jumper,13800.0,2017,159600.0,diesel,manual,135,coches.net,furgoneta
mercedes-benz,vito,32500.0,2022,78500.0,diesel,manual,150,coches.net,furgoneta
opel,movano,15600.0,2021,88300.0,electrico,manual,163,coches.net,furgoneta
citroën,jumper,18800.0,2023,45900.0,diesel,manual,130,coches.net,furgoneta
ford,transit courier,19800.0,2019,182700.0,diesel,manual,80,coches.net,furgoneta
renault,trafic,18700.0,2021,115800.0,diesel,automatica,150,coches.net,furgoneta
toyota,proace city,16100.0,2020,150900.0,diesel,automatica,110,coches.net,furgoneta
fiat,ducato,14400.0,2019,108000.0,hibrido,manual,122,coches.net,furgoneta
volkswagen,crafter,48700.0,2024,22100.0,electrico,manual,177,coches.net,furgoneta
nissan,primastar,20100.0,2021,114100.0,diesel,manual,119,coches.net,furgoneta
opel,vivaro,27200.0,2024,30700.0,diesel,manual,185,coches.net,furgoneta
nissan,nv200,23000.0,2023,47700.0,electrico,manual,95,coches.net,furgoneta
hyundai,staria,26700.0,2022,89000.0,diesel,manual,177,coches.net,furgoneta
peugeot,expert,24700.0,2024,20700.0,diesel,manual,100,coches.net,furgoneta
mercedes-benz,vito,26300.0,2022,78300.0,diesel,manual,110,coches.net,furgoneta
mercedes-benz,vito,27800.0,2017,176100.0,diesel,manual,100,coches.net,furgoneta
volkswagen,transporter,23600.0,2023,53200.0,electrico,manual,204,coches.net,furgoneta
iveco,daily,12000.0,2016,309600.0,diesel,manual,110,coches.net,furgoneta
hyundai,h350,34400.0,2024,14200.0,gasolina,automatica,175,coches.net,furgoneta
renault,trafic,34500.0,2024,21900.0,electrico,manual,155,coches.net,furgoneta
renault,kangoo,11800.0,2017,176300.0,diesel,automatica,90,coches.net,furgoneta
peugeot,expert,19900.0,2020,114500.0,electrico,manual,100,coches.net,furgoneta
ford,transit,22200.0,2020,134800.0,diesel,manual,150,coches.net,furgoneta
mercedes-benz,citan,11600.0,2016,152200.0,diesel,automatica,140,coches.net,furgoneta
iveco,daily,14200.0,2020,127500.0,diesel,automatica,90,coches.net,furgoneta
iveco,daily,19000.0,2019,163900.0,hibrido,manual,100,coches.net,furgoneta
volkswagen,caddy,26700.0,2021,119700.0,gasolina,manual,114,coches.net,furgoneta
ford,transit courier,19000.0,2023,42400.0,diesel,manual,75,coches.net,furgoneta
citroën,jumper,17600.0,2023,35100.0,diesel,automatica,140,coches.net,furgoneta
fiat,doblo cargo,21000.0,2020,126600.0,diesel,manual,110,coches.net,furgoneta
ford,transit,21100.0,2021,106700.0,diesel,manual,130,coches.net,furgoneta
volkswagen,transporter,20200.0,2018,154400.0,diesel,manual,97,coches.net,furgoneta
man,tge,22800.0,2017,199500.0,electrico,manual,102,coches.net,furgoneta
ford,transit courier,19700.0,2020,134000.0,diesel,manual,75,coches.net,furgoneta
ford,transit courier,8200.0,2016,169400.0,gasolina,manual,100,coches.net,furgoneta
hyundai,h350,19700.0,2021,94300.0,diesel,manual,165,coches.net,furgoneta
ford,transit courier,9100.0,2017,248400.0,gasolina,automatica,100,coches.net,furgoneta
renault,trafic,12800.0,2020,110800.0,diesel,manual,85,coches.net,furgoneta
toyota,proace,27400.0,2023,39100.0,gasolina,manual,145,coches.net,furgoneta
mercedes-benz,sprinter,15700.0,2017,240600.0,diesel,automatica,102,coches.net,furgoneta
fiat,ducato,12600.0,2022,80500.0,diesel,manual,135,coches.net,furgoneta
mercedes-benz,vito,23200.0,2019,154200.0,diesel,manual,90,coches.net,furgoneta
volkswagen,crafter,11300.0,2017,263400.0,diesel,automatica,177,coches.net,furgoneta
opel,combo,20600.0,2021,111600.0,electrico,manual,115,coches.net,furgoneta
fiat,doblo cargo,23800.0,2022,62400.0,diesel,manual,95,coches.net,furgoneta
peugeot,partner,24800.0,2023,36000.0,gasolina,manual,105,coches.net,furgoneta
volkswagen,transporter,34100.0,2024,19100.0,diesel,manual,107,coches.net,furgoneta
peugeot,partner,29300.0,2023,43400.0,electrico,manual,136,coches.net,furgoneta
mercedes-benz,sprinter,19500.0,2019,111800.0,hibrido,manual,102,coches.net,furgoneta
fiat,doblo cargo,25900.0,2023,39000.0,diesel,manual,90,coches.net,furgoneta
mercedes-benz,sprinter,22500.0,2018,152000.0,diesel,manual,140,coches.net,furgoneta
renault,trafic,17400.0,2018,200700.0,diesel,manual,150,coches.net,furgoneta
fiat,ducato,21900.0,2022,78400.0,diesel,manual,160,coches.net,furgoneta
renault,master,23100.0,2024,18700.0,hibrido,automatica,145,coches.net,furgoneta
mercedes-benz,citan,25200.0,2021,92300.0,diesel,manual,75,coches.net,furgoneta
volkswagen,caddy,1690000.0,2021,106600.0,hibrido,manual,102,coches.net,furgoneta
ford,transit,29000.0,2019,184400.0,electrico,manual,175,coches.net,furgoneta
volkswagen,transporter,28400.0,2024,17700.0,diesel,manual,102,coches.net,furgoneta
opel,movano,25000.0,2023,41400.0,electrico,manual,158,coches.net,furgoneta
renault,master,20700.0,2022,72400.0,gas,automatica,145,coches.net,furgoneta
peugeot,expert,23500.0,2022,79600.0,diesel,manual,145,coches.net,furgoneta
opel,combo,26500.0,2022,76100.0,diesel,manual,105,coches.net,furgoneta
maxus,ev80,29900.0,2021,124700.0,electrico,automatica,120,coches.net,furgoneta
hyundai,staria,23100.0,2024,16900.0,diesel,automatica,177,coches.net,furgoneta
nissan,nv200,10900.0,2016,227700.0,diesel,manual,110,coches.net,furgoneta
renault,trafic,17300.0,2021,87800.0,diesel,manual,90,coches.net,furgoneta
nissan,primastar,18000.0,2024,22500.0,diesel,manual,114,coches.net,furgoneta
ford,transit,23500.0,2024,29000.0,diesel,manual,170,coches.net,furgoneta
mercedes-benz,citan,32400.0,2021,108500.0,diesel,manual,150,coches.net,furgoneta
volkswagen,caddy,23100.0,2024,24100.0,diesel,manual,75,coches.net,furgoneta
man,tge,18900.0,2018,159400.0,diesel,manual,140,coches.net,furgoneta
man,tge,36500.0,2020,116800.0,electrico,manual,135,coches.net,furgoneta
fiat,scudo,26500.0,2024,28800.0,diesel,manual,120,coches.net,furgoneta
citroën,jumper,19800.0,2022,70700.0,hibrido,automatica,130,coches.net,furgoneta
citroën,berlingo,14000.0,2020,146700.0,gasolina,manual,110,coches.net,furgoneta
iveco,daily,21700.0,2022,76600.0,gas,manual,90,coches.net,furgoneta
ford,transit connect,13600.0,2017,234800.0,diesel,manual,120,coches.net,furgoneta
peugeot,boxer,19100.0,2019,143100.0,electrico,manual,130,coches.net,furgoneta
renault,kangoo,35300.0,2023,39700.0,electrico,manual,90,coches.net,furgoneta
hyundai,h350,20400.0,2021,78100.0,diesel,manual,131,coches.net,furgoneta
volkswagen,transporter,16800.0,2024,21000.0,diesel,automatica,105,coches.net,furgoneta
renault,master,17400.0,2020,135800.0,diesel,automatica,130,coches.net,furgoneta
opel,movano,26100.0,2022,83100.0,electrico,manual,163,coches.net,furgoneta
volkswagen,transporter,20400.0,2021,86900.0,diesel,manual,107,coches.net,furgoneta
mercedes-benz,citan,16500.0,2019,157400.0,diesel,manual,140,coches.net,furgoneta
volkswagen,transporter,24000.0,2021,90100.0,diesel,manual,199,coches.net,furgoneta
ford,transit,32300.0,2024,28600.0,diesel,automatica,105,coches.net,furgoneta
citroën,jumper,22400.0,2021,108600.0,electrico,manual,125,coches.net,furgoneta
man,tge,30100.0,2024,19500.0,diesel,manual,102,coches.net,furgoneta
volkswagen,crafter,26900.0,2022,90300.0,diesel,manual,177,coches.net,furgoneta
renault,kangoo,25300.0,2022,88100.0,diesel,manual,95,coches.net,furgoneta
volkswagen,transporter,29200.0,2022,69600.0,diesel,manual,115,coches.net,furgoneta
iveco,daily,25800.0,2021,130200.0,diesel,manual,120,coches.net,furgoneta
ford,transit connect,11200.0,2018,108500.0,diesel,manual,80,coches.net,furgoneta
iveco,daily,31800.0,2020,97400.0,electrico,manual,150,coches.net,furgoneta
man,tge,22900.0,2017,209400.0,diesel,manual,107,coches.net,furgoneta
nissan,primastar,23900.0,2023,42000.0,diesel,manual,114,coches.net,furgoneta
fiat,ducato,8600.0,2019,192300.0,diesel,manual,155,coches.net,furgoneta
ford,transit courier,14700.0,2021,96400.0,gasolina,manual,95,coches.net,furgoneta
peugeot,partner,17400.0,2020,95900.0,gasolina,automatica,105,coches.net,furgoneta
peugeot,partner,22400.0,2022,65300.0,diesel,manual,100,coches.net,furgoneta
peugeot,boxer,10900.0,2023,53900.0,hibrido,manual,140,coches.net,furgoneta
peugeot,partner,22100.0,2022,77400.0,electrico,automatica,136,coches.net,furgoneta
fiat,scudo,26400.0,2023,42900.0,diesel,manual,120,coches.net,furgoneta
volkswagen,crafter,23900.0,2022,67900.0,diesel,automatica,145,coches.net,furgoneta
renault,trafic,40000.0,2024,16000.0,electrico,manual,150,coches.net,furgoneta
man,tge,30500.0,2024,24300.0,electrico,manual,102,coches.net,furgoneta
peugeot,partner,12500.0,2018,204000.0,electrico,automatica,136,coches.net,furgoneta
mercedes-benz,vito,24300.0,2022,90400.0,diesel,automatica,140,coches.net,furgoneta
nissan,primastar,29300.0,2023,54200.0,gas,manual,114,coches.net,furgoneta
mercedes-benz,citan,13200.0,2017,208300.0,diesel,automatica,140,coches.net,furgoneta
ford,transit,19000.0,2020,144400.0,diesel,automatica,175,coches.net,furgoneta
man,tge,33000.0,2023,45000.0,diesel,manual,145,coches.net,furgoneta
citroën,jumper,25300.0,2023,46500.0,gasolina,manual,125,coches.net,furgoneta
nissan,nv400,23600.0,2022,74900.0,diesel,manual,145,coches.net,furgoneta
ford,transit connect,15000.0,2017,191900.0,diesel,manual,95,coches.net,furgoneta
man,tge,32400.0,2022,101600.0,diesel,automatica,140,coches.net,furgoneta
volkswagen,transporter,1540000.0,2016,252300.0,diesel,manual,199,coches.net,furgoneta
ford,transit connect,22100.0,2021,89600.0,diesel,manual,120,coches.net,furgoneta
citroën,jumpy,19200.0,2023,36700.0,diesel,manual,105,coches.net,furgoneta
volkswagen,caddy,32000.0,2021,116000.0,diesel,manual,97,coches.net,furgoneta
renault,trafic,18200.0,2020,99600.0,diesel,manual,145,coches.net,furgoneta
opel,combo,32900.0,2024,24600.0,diesel,manual,110,coches.net,furgoneta
volkswagen,caddy,28700.0,2023,49700.0,diesel,manual,102,coches.net,furgoneta
volkswagen,transporter,24300.0,2023,50000.0,diesel,automatica,107,coches.net,furgoneta
volkswagen,caddy,21200.0,2019,149600.0,diesel,manual,107,coches.net,furgoneta
ford,transit,24300.0,2022,90000.0,hibrido,manual,135,coches.net,furgoneta
volkswagen,crafter,20900.0,2021,109400.0,diesel,manual,140,coches.net,furgoneta
renault,kangoo,33600.0,2024,20400.0,electrico,automatica,85,coches.net,furgoneta
man,tge,14100.0,2015,343200.0,diesel,manual,102,coches.net,furgoneta
opel,combo,17600.0,2022,73100.0,diesel,automatica,110,coches.net,furgoneta
volkswagen,transporter,18200.0,2023,38200.0,diesel,manual,110,coches.net,furgoneta
iveco,daily,16300.0,2018,149900.0,diesel,manual,75,coches.net,furgoneta
maxus,deliver 9,24500.0,2021,81000.0,electrico,manual,120,coches.net,furgoneta
peugeot,expert,23400.0,2022,79100.0,diesel,automatica,115,coches.net,furgoneta
citroën,jumper,15500.0,2021,51400.0,diesel,manual,130,coches.net,furgoneta
iveco,daily,26300.0,2021,85800.0,gasolina,manual,75,coches.net,furgoneta
peugeot,expert,24600.0,2019,170000.0,diesel,automatica,155,coches.net,furgoneta
renault,master,21200.0,2019,148800.0,gasolina,manual,185,coches.net,furgoneta
ford,transit connect,21800.0,2022,86600.0,diesel,automatica,75,coches.net,furgoneta
peugeot,boxer,16700.0,2019,159600.0,diesel,manual,125,coches.net,furgoneta
iveco,daily,26300.0,2023,53600.0,gasolina,automatica,75,coches.net,furgoneta
nissan,nv400,20200.0,2021,81100.0,diesel,manual,110,coches.net,furgoneta
fiat,ducato,19800.0,2022,71600.0,diesel,manual,155,coches.net,furgoneta
volkswagen,caddy,25200.0,2020,123100.0,diesel,manual,70,coches.net,furgoneta
volkswagen,crafter,31700.0,2020,121300.0,electrico,manual,97,coches.net,furgoneta
ford,transit courier,27100.0,2022,57400.0,diesel,automatica,70,coches.net,furgoneta
toyota,proace,21200.0,2020,111400.0,diesel,automatica,150,coches.net,furgoneta
peugeot,expert,15900.0,2021,90800.0,diesel,automatica,120,coches.net,furgoneta
volkswagen,transporter,23600.0,2021,68300.0,gas,automatica,150,coches.net,furgoneta
peugeot,expert,33100.0,2022,72500.0,electrico,automatica,120,coches.net,furgoneta
fiat,ducato,16700.0,2023,42200.0,gas,manual,160,coches.net,furgoneta
citroën,jumpy,16600.0,2021,98100.0,diesel,automatica,120,coches.net,furgoneta
peugeot,expert,9600.0,2018,217900.0,diesel,automatica,150,coches.net,furgoneta
citroën,berlingo,13800.0,2017,289000.0,electrico,automatica,136,coches.net,furgoneta
citroën,berlingo,20800.0,2022,62600.0,diesel,manual,100,coches.net,furgoneta
hyundai,h350,25500.0,2024,23100.0,hibrido,automatica,141,coches.net,furgoneta
renault,trafic,18100.0,2018,182600.0,diesel,automatica,120,coches.net,furgoneta
ford,transit courier,14300.0,2021,96400.0,gasolina,manual,100,coches.net,furgoneta
renault,kangoo,26500.0,2020,109100.0,diesel,manual,95,coches.net,furgoneta
fiat,scudo,10000.0,2015,227400.0,electrico,manual,120,coches.net,furgoneta
citroën,jumpy,23600.0,2023,35000.0,hibrido,manual,100,coches.net,furgoneta
renault,trafic,17000.0,2018,203700.0,diesel,manual,120,coches.net,furgoneta
maxus,ev80,30500.0,2023,30500.0,electrico,manual,125,coches.net,furgoneta
peugeot,boxer,21000.0,2021,118800.0,diesel,automatica,130,coches.net,furgoneta
ford,transit connect,18900.0,2021,80900.0,diesel,automatica,125,coches.net,furgoneta
iveco,daily,30700.0,2021,119900.0,diesel,manual,75,coches.net,furgoneta
opel,movano,11900.0,2019,148400.0,diesel,manual,140,coches.net,furgoneta
citroën,jumper,33000.0,2023,51000.0,diesel,manual,155,coches.net,furgoneta
hyundai,staria,24500.0,2023,34400.0,gasolina,manual,177,coches.net,furgoneta
ford,transit connect,21300.0,2018,227000.0,diesel,manual,100,coches.net,furgoneta
volkswagen,crafter,22100.0,2022,81300.0,diesel,manual,102,coches.net,furgoneta
man,tge,22500.0,2021,75400.0,electrico,manual,140,coches.net,furgoneta
ford,transit connect,18900.0,2020,143600.0,diesel,manual,120,coches.net,furgoneta
citroën,berlingo,30200.0,2022,65000.0,electrico,manual,136,coches.net,furgoneta
fiat,ducato,21900.0,2022,63200.0,diesel,manual,160,coches.net,furgoneta
volkswagen,transporter,25700.0,2021,84400.0,diesel,manual,115,coches.net,furgoneta
opel,vivaro,34400.0,2024,22000.0,diesel,automatica,120,coches.net,furgoneta
renault,kangoo,21000.0,2024,23400.0,diesel,manual,75,coches.net,furgoneta
ford,transit connect,21800.0,2021,76700.0,diesel,manual,115,coches.net,furgoneta
peugeot,partner,18400.0,2020,134000.0,gasolina,automatica,110,coches.net,furgoneta
peugeot,partner,24300.0,2021,126000.0,gasolina,automatica,105,coches.net,furgoneta
peugeot,boxer,23600.0,2018,154800.0,electrico,automatica,140,coches.net,furgoneta
volkswagen,transporter,36300.0,2023,29600.0,electrico,manual,204,coches.net,furgoneta
man,tge,34000.0,2023,38400.0,diesel,manual,140,coches.net,furgoneta
volkswagen,caddy,33900.0,2023,51400.0,gasolina,manual,114,coches.net,furgoneta
nissan,nv200,22000.0,2021,108500.0,diesel,manual,110,coches.net,furgoneta
toyota,proace,35900.0,2023,46600.0,electrico,automatica,131,coches.net,furgoneta
mercedes-benz,vito,35900.0,2020,90100.0,electrico,manual,120,coches.net,furgoneta
man,tge,31200.0,2020,146800.0,gasolina,manual,102,coches.net,furgoneta
peugeot,partner,22200.0,2020,136900.0,gasolina,automatica,110,coches.net,furgoneta
peugeot,partner,14100.0,2017,193600.0,electrico,manual,136,coches.net,furgoneta
maxus,deliver 9,16500.0,2017,172000.0,electrico,automatica,125,coches.net,furgoneta
renault,master,7500.0,2015,207600.0,diesel,automatica,110,coches.net,furgoneta
peugeot,partner,20700.0,2021,129500.0,gasolina,automatica,110,coches.net,furgoneta
volkswagen,caddy,29600.0,2023,46800.0,diesel,manual,107,coches.net,furgoneta
nissan,nv400,12300.0,2016,306800.0,diesel,manual,145,coches.net,furgoneta
nissan,nv200,8500.0,2016,149600.0,hibrido,automatica,90,coches.net,furgoneta
mercedes-benz,sprinter,30000.0,2022,69100.0,diesel,manual,102,coches.net,furgoneta
volkswagen,crafter,13700.0,2021,116500.0,diesel,manual,102,coches.net,furgoneta
toyota,proace city,17100.0,2019,115200.0,diesel,manual,105,coches.net,furgoneta
peugeot,partner,23200.0,2023,43900.0,electrico,manual,131,coches.net,furgoneta
hyundai,h350,36100.0,2022,64100.0,diesel,manual,136,coches.net,furgoneta
peugeot,expert,14200.0,2021,101700.0,diesel,automatica,105,coches.net,furgoneta
iveco,daily,25500.0,2021,104300.0,diesel,automatica,75,coches.net,furgoneta
opel,vivaro,17200.0,2022,48900.0,diesel,manual,95,coches.net,furgoneta
renault,trafic,31900.0,2021,100500.0,electrico,manual,120,coches.net,furgoneta
renault,trafic,29400.0,2024,19300.0,diesel,manual,150,coches.net,furgoneta
ford,transit courier,20700.0,2020,100800.0,gasolina,automatica,100,coches.net,furgoneta
nissan,primastar,16100.0,2019,148500.0,diesel,manual,119,coches.net,furgoneta
fiat,scudo,23300.0,2019,155800.0,electrico,automatica,150,coches.net,furgoneta
renault,master,15100.0,2020,113900.0,diesel,automatica,175,coches.net,furgoneta
fiat,doblo cargo,22000.0,2023,58600.0,diesel,manual,90,coches.net,furgoneta
nissan,primastar,27200.0,2023,43000.0,diesel,manual,114,coches.net,furgoneta
toyota,proace,15600.0,2022,72500.0,diesel,manual,150,coches.net,furgoneta
peugeot,boxer,18600.0,2022,79000.0,diesel,manual,155,coches.net,furgoneta
ford,transit courier,13200.0,2015,289100.0,diesel,manual,80,coches.net,furgoneta
mercedes-benz,vito,33600.0,2023,57700.0,diesel,manual,110,coches.net,furgoneta
mercedes-benz,citan,19500.0,2019,152500.0,hibrido,manual,150,coches.net,furgoneta
fiat,scudo,15300.0,2019,182700.0,diesel,manual,145,coches.net,furgoneta
ford,transit courier,30200.0,2024,20400.0,gasolina,manual,100,coches.net,furgoneta
hyundai,staria,37600.0,2024,26200.0,diesel,manual,172,coches.net,furgoneta
peugeot,boxer,1310000.0,2017,235800.0,diesel,automatica,140,coches.net,furgoneta
fiat,doblo cargo,12600.0,2016,177300.0,electrico,automatica,85,coches.net,furgoneta
hyundai,staria,16900.0,2022,59500.0,diesel,manual,172,coches.net,furgoneta
toyota,proace,24300.0,2021,87300.0,diesel,manual,145,coches.net,furgoneta
mercedes-benz,citan,28000.0,2023,48500.0,diesel,manual,90,coches.net,furgoneta
maxus,deliver 9,24300.0,2020,110900.0,electrico,automatica,120,coches.net,furgoneta
citroën,jumper,13000.0,2023,32600.0,diesel,manual,165,coches.net,furgoneta
peugeot,partner,25700.0,2023,40500.0,diesel,automatica,105,coches.net,furgoneta
nissan,nv400,11200.0,2017,300000.0,electrico,automatica,140,coches.net,furgoneta
ford,transit connect,30200.0,2023,28600.0,diesel,manual,105,coches.net,furgoneta
citroën,berlingo,24200.0,2022,75000.0,gasolina,manual,115,coches.net,furgoneta
ford,transit,12600.0,2015,248900.0,hibrido,manual,125,coches.net,furgoneta
citroën,jumpy,15000.0,2019,160700.0,diesel,manual,125,coches.net,furgoneta
hyundai,staria,19700.0,2019,184500.0,diesel,manual,177,coches.net,furgoneta
opel,combo,28100.0,2021,109900.0,diesel,manual,100,coches.net,furgoneta
iveco,daily,11600.0,2019,138200.0,gasolina,automatica,130,coches.net,furgoneta
mercedes-benz,citan,28600.0,2021,119800.0,diesel,automatica,90,coches.net,furgoneta
renault,kangoo,18800.0,2022,76300.0,electrico,manual,90,coches.net,furgoneta
fiat,ducato,23400.0,2021,83100.0,diesel,automatica,130,coches.net,furgoneta
ford,transit connect,19700.0,2019,220000.0,diesel,manual,100,coches.net,furgoneta
man,tge,4370000.0,2024,30200.0,diesel,manual,102,coches.net,furgoneta
ford,transit courier,23700.0,2024,7600.0,diesel,automatica,75,coches.net,furgoneta
maxus,deliver 9,17500.0,2021,105700.0,diesel,manual,150,coches.net,furgoneta
opel,movano,14700.0,2017,164600.0,diesel,manual,105,coches.net,furgoneta
maxus,deliver 9,31000.0,2024,24300.0,electrico,manual,115,coches.net,furgoneta
volkswagen,caddy,24900.0,2020,130300.0,gasolina,manual,114,coches.net,furgoneta
opel,combo,13800.0,2016,248400.0,electrico,manual,100,coches.net,furgoneta
toyota,proace city,27200.0,2022,92900.0,diesel,automatica,110,coches.net,furgoneta
nissan,nv200,26800.0,2021,86800.0,hibrido,manual,110,coches.net,furgoneta
peugeot,partner,21700.0,2021,98600.0,electrico,manual,141,coches.net,furgoneta
toyota,proace city,22900.0,2019,168600.0,hibrido,automatica,105,coches.net,furgoneta
mercedes-benz,sprinter,22600.0,2022,81000.0,diesel,automatica,110,coches.net,furgoneta
mercedes-benz,citan,34400.0,2021,91300.0,diesel,manual,110,coches.net,furgoneta
ford,transit courier,22400.0,2019,173000.0,diesel,manual,75,coches.net,furgoneta
ford,transit courier,29000.0,2023,56600.0,gasolina,manual,105,coches.net,furgoneta
ford,transit connect,21900.0,2021,98600.0,electrico,automatica,75,coches.net,furgoneta
opel,movano,21200.0,2024,13100.0,gasolina,manual,105,coches.net,furgoneta
ford,transit,23400.0,2022,88800.0,diesel,manual,105,coches.net,furgoneta
opel,movano,24400.0,2024,22200.0,diesel,manual,110,coches.net,furgoneta
citroën,jumper,30600.0,2024,27000.0,diesel,manual,135,coches.net,furgoneta
hyundai,h350,23800.0,2023,61800.0,diesel,manual,141,coches.net,furgoneta
volkswagen,caddy,31500.0,2024,25300.0,diesel,automatica,102,coches.net,furgoneta
iveco,daily,37500.0,2024,19400.0,diesel,manual,90,coches.net,furgoneta
volkswagen,crafter,30900.0,2022,82600.0,diesel,automatica,140,coches.net,furgoneta
nissan,primastar,15100.0,2018,260000.0,diesel,manual,114,coches.net,furgoneta
iveco,daily,20200.0,2022,66000.0,gasolina,automatica,110,coches.net,furgoneta
iveco,daily,27600.0,2022,80000.0,gas,manual,100,coches.net,furgoneta
toyota,proace,17100.0,2017,231900.0,electrico,manual,131,coches.net,furgoneta
mercedes-benz,sprinter,30200.0,2021,94100.0,diesel,manual,100,coches.net,furgoneta
mercedes-benz,citan,39900.0,2023,52100.0,electrico,manual,90,coches.net,furgoneta
ford,transit,26600.0,2021,134200.0,diesel,manual,125,coches.net,furgoneta
maxus,ev80,19800.0,2020,106500.0,electrico,automatica,120,coches.net,furgoneta
ford,transit connect,28800.0,2022,76700.0,diesel,automatica,75,coches.net,furgoneta
volkswagen,crafter,34500.0,2024,21200.0,hibrido,automatica,140,coches.net,furgoneta
citroën,berlingo,26100.0,2022,56200.0,electrico,manual,136,coches.net,furgoneta
citroën,jumper,23500.0,2024,17800.0,diesel,manual,160,coches.net,furgoneta
iveco,daily,32800.0,2021,111300.0,electrico,automatica,90,coches.net,furgoneta
fiat,doblo cargo,22400.0,2022,89200.0,diesel,manual,105,coches.net,furgoneta
citroën,jumper,8900.0,2019,187200.0,diesel,manual,140,coches.net,furgoneta
iveco,daily,19900.0,2021,108200.0,gas,automatica,102,coches.net,furgoneta
renault,kangoo,24000.0,2023,40600.0,diesel,manual,95,coches.net,furgoneta
fiat,doblo cargo,16800.0,2020,125700.0,diesel,manual,90,coches.net,furgoneta
nissan,nv300,27700.0,2021,92600.0,electrico,manual,100,coches.net,furgoneta
toyota,proace city,19300.0,2019,125500.0,diesel,manual,105,coches.net,furgoneta
volkswagen,caddy,1450000.0,2023,45400.0,diesel,manual,75,coches.net,furgoneta
man,tge,31700.0,2020,139400.0,diesel,automatica,102,coches.net,furgoneta
ford,transit connect,19500.0,2020,100100.0,diesel,manual,120,coches.net,furgoneta
mercedes-benz,citan,13100.0,2016,206300.0,hibrido,manual,150,coches.net,furgoneta
mercedes-benz,sprinter,31900.0,2023,48900.0,diesel,manual,130,coches.net,furgoneta
maxus,deliver 9,16600.0,2021,119400.0,diesel,manual,150,coches.net,furgoneta
citroën,jumpy,27200.0,2024,20500.0,diesel,automatica,155,coches.net,furgoneta
peugeot,partner,29900.0,2024,22300.0,gasolina,manual,115,coches.net,furgoneta
ford,transit connect,24800.0,2020,100100.0,hibrido,manual,125,coches.net,furgoneta
citroën,berlingo,23900.0,2024,26700.0,diesel,manual,100,coches.net,furgoneta
citroën,jumper,17400.0,2021,83900.0,diesel,manual,130,coches.net,furgoneta
opel,combo,23500.0,2023,48500.0,diesel,manual,100,coches.net,furgoneta
volkswagen,crafter,22900.0,2024,24900.0,hibrido,automatica,135,coches.net,furgoneta
fiat,doblo cargo,19500.0,2020,140400.0,diesel,manual,90,coches.net,furgoneta
volkswagen,crafter,32500.0,2024,19700.0,diesel,manual,177,coches.net,furgoneta
fiat,ducato,24800.0,2024,22100.0,diesel,automatica,160,coches.net,furgoneta
fiat,scudo,15800.0,2020,107500.0,diesel,automatica,150,coches.net,furgoneta
peugeot,boxer,18100.0,2022,94300.0,diesel,manual,160,coches.net,furgoneta
opel,movano,25200.0,2022,54200.0,diesel,automatica,163,coches.net,furgoneta
iveco,daily,19700.0,2019,188000.0,diesel,manual,110,coches.net,furgoneta
volkswagen,caddy,33600.0,2023,51900.0,diesel,manual,102,coches.net,furgoneta
nissan,nv200,22500.0,2023,49400.0,diesel,manual,95,coches.net,furgoneta
ford,transit connect,26600.0,2024,29800.0,diesel,manual,120,coches.net,furgoneta
renault,master,13100.0,2020,154400.0,diesel,manual,135,coches.net,furgoneta
peugeot,expert,27700.0,2022,79900.0,diesel,manual,100,coches.net,furgoneta
opel,combo,19500.0,2023,52000.0,hibrido,automatica,105,coches.net,furgoneta
citroën,jumpy,24000.0,2020,139200.0,diesel,manual,100,coches.net,furgoneta
iveco,daily,21100.0,2015,319600.0,electrico,manual,140,coches.net,furgoneta
volkswagen,transporter,27200.0,2021,87100.0,diesel,automatica,110,coches.net,furgoneta
volkswagen,transporter,26600.0,2024,23300.0,diesel,manual,110,coches.net,furgoneta
ford,transit courier,26100.0,2021,102300.0,diesel,manual,75,coches.net,furgoneta
volkswagen,crafter,22500.0,2022,96100.0,diesel,automatica,140,coches.net,furgoneta
opel,combo,20100.0,2024,26100.0,diesel,manual,95,coches.net,furgoneta
opel,vivaro,15900.0,2016,202600.0,diesel,manual,180,coches.net,furgoneta
mercedes-benz,vito,29800.0,2021,74600.0,diesel,manual,120,coches.net,furgoneta
opel,combo,13300.0,2020,174300.0,diesel,manual,95,coches.net,furgoneta
peugeot,partner,33500.0,2024,16400.0,gasolina,manual,110,coches.net,furgoneta
ford,transit connect,25800.0,2020,116900.0,hibrido,manual,125,coches.net,furgoneta
volkswagen,crafter,28900.0,2022,74200.0,diesel,manual,140,coches.net,furgoneta
opel,movano,20300.0,2021,144600.0,diesel,automatica,163,coches.net,furgoneta
renault,kangoo,23800.0,2021,96600.0,electrico,manual,85,coches.net,furgoneta
nissan,nv400,16000.0,2021,114300.0,diesel,manual,115,coches.net,furgoneta
renault,trafic,26400.0,2021,123100.0,diesel,manual,150,coches.net,furgoneta
citroën,berlingo,24600.0,2022,89800.0,electrico,automatica,136,coches.net,furgoneta
volkswagen,crafter,18800.0,2018,255500.0,diesel,automatica,107,coches.net,furgoneta
citroën,jumper,26900.0,2023,48800.0,electrico,manual,140,coches.net,furgoneta
ford,transit connect,7500.0,2018,178800.0,diesel,automatica,100,coches.net,furgoneta
man,tge,28700.0,2020,129500.0,diesel,manual,140,coches.net,furgoneta
mercedes-benz,citan,30900.0,2018,215200.0,diesel,manual,100,coches.net,furgoneta
iveco,daily,23300.0,2021,109900.0,gas,manual,75,coches.net,furgoneta
peugeot,expert,25400.0,2023,51200.0,diesel,manual,150,coches.net,furgoneta
mercedes-benz,citan,24000.0,2019,148800.0,gasolina,manual,110,coches.net,furgoneta
ford,transit connect,25200.0,2024,25800.0,diesel,automatica,75,coches.net,furgoneta
mercedes-benz,citan,24700.0,2022,72900.0,diesel,manual,130,coches.net,furgoneta
volkswagen,transporter,35700.0,2023,39900.0,diesel,automatica,209,coches.net,furgoneta
peugeot,boxer,22500.0,2023,34400.0,diesel,manual,140,coches.net,furgoneta
opel,combo,11600.0,2020,134400.0,diesel,manual,100,coches.net,furgoneta
iveco,daily,27900.0,2023,60900.0,gas,manual,140,coches.net,furgoneta
nissan,nv200,22000.0,2022,67600.0,diesel,manual,115,coches.net,furgoneta
ford,transit courier,8000.0,2021,105300.0,gasolina,automatica,100,coches.net,furgoneta
mercedes-benz,sprinter,32300.0,2022,77100.0,diesel,manual,150,coches.net,furgoneta
volkswagen,transporter,23600.0,2023,58600.0,diesel,manual,110,coches.net,furgoneta
ford,transit connect,33300.0,2024,17400.0,electrico,manual,100,coches.net,furgoneta
opel,movano,11100.0,2017,174400.0,diesel,manual,140,coches.net,furgoneta
volkswagen,caddy,10800.0,2019,158700.0,gasolina,automatica,114,coches.net,furgoneta
man,tge,31400.0,2022,87800.0,gasolina,automatica,97,coches.net,furgoneta
opel,vivaro,10600.0,2017,132500.0,gasolina,manual,120,coches.net,furgoneta
volkswagen,crafter,21600.0,2021,63200.0,diesel,manual,177,coches.net,furgoneta
mercedes-benz,citan,26200.0,2019,133500.0,diesel,automatica,110,coches.net,furgoneta
opel,movano,15400.0,2018,204700.0,electrico,manual,163,coches.net,furgoneta
renault,trafic,2220000.0,2023,42800.0,hibrido,manual,155,coches.net,furgoneta
fiat,doblo cargo,25900.0,2020,165600.0,hibrido,automatica,105,coches.net,furgoneta
hyundai,h350,25000.0,2023,40500.0,diesel,manual,165,coches.net,furgoneta
nissan,nv200,19900.0,2019,123400.0,diesel,manual,90,coches.net,furgoneta
ford,transit,24000.0,2024,21800.0,diesel,manual,125,coches.net,furgoneta
ford,transit connect,41400.0,2024,22200.0,diesel,manual,120,coches.net,furgoneta
fiat,doblo cargo,25700.0,2021,92300.0,diesel,manual,105,coches.net,furgoneta
fiat,doblo cargo,28200.0,2024,16100.0,diesel,automatica,95,coches.net,furgoneta
ford,transit connect,23700.0,2021,108100.0,diesel,manual,80,coches.net,furgoneta
peugeot,expert,20500.0,2022,62200.0,diesel,manual,100,coches.net,furgoneta
peugeot,boxer,17300.0,2021,80500.0,diesel,manual,160,coches.net,furgoneta
mercedes-benz,vito,16100.0,2015,350600.0,electrico,manual,100,coches.net,furgoneta
volkswagen,crafter,29400.0,2021,120000.0,diesel,manual,177,coches.net,furgoneta
citroën,jumper,26200.0,2021,94800.0,diesel,manual,140,coches.net,furgoneta
renault,kangoo,9800.0,2018,174500.0,diesel,manual,95,coches.net,furgoneta
renault,master,28200.0,2024,17600.0,diesel,manual,145,coches.net,furgoneta
volkswagen,transporter,32900.0,2022,83600.0,hibrido,manual,110,coches.net,furgoneta
nissan,nv400,25600.0,2022,77900.0,diesel,manual,110,coches.net,furgoneta
mercedes-benz,sprinter,27000.0,2017,231900.0,electrico,manual,120,coches.net,furgoneta
mercedes-benz,citan,26400.0,2023,39500.0,diesel,manual,110,coches.net,furgoneta
toyota,proace,21600.0,2019,174100.0,electrico,manual,136,coches.net,furgoneta
peugeot,expert,24000.0,2024,16700.0,gasolina,manual,125,coches.net,furgoneta
mercedes-benz,vito,26800.0,2021,96600.0,diesel,manual,100,coches.net,furgoneta
mercedes-benz,vito,9900.0,2018,216500.0,diesel,automatica,130,coches.net,furgoneta
volkswagen,transporter,10100.0,2020,170200.0,diesel,manual,97,coches.net,furgoneta
maxus,ev80,12100.0,2018,224000.0,electrico,manual,115,coches.net,furgoneta
toyota,proace city,27500.0,2022,82100.0,diesel,manual,100,coches.net,furgoneta
man,tge,37200.0,2023,62200.0,diesel,manual,135,coches.net,furgoneta
mercedes-benz,citan,27100.0,2020,134000.0,diesel,manual,110,coches.net,furgoneta
hyundai,h350,21000.0,2024,17800.0,diesel,manual,136,coches.net,furgoneta
volkswagen,crafter,23300.0,2023,53200.0,diesel,manual,177,coches.net,furgoneta
ford,transit,19100.0,2021,97100.0,electrico,manual,165,coches.net,furgoneta
renault,master,20800.0,2019,152100.0,diesel,manual,110,coches.net,furgoneta
citroën,jumpy,15500.0,2022,98400.0,diesel,manual,155,coches.net,furgoneta
ford,transit connect,21600.0,2021,125200.0,diesel,manual,120,coches.net,furgoneta
fiat,doblo cargo,40100.0,2024,17000.0,diesel,automatica,110,coches.net,furgoneta
nissan,nv400,11000.0,2016,187700.0,diesel,automatica,145,coches.net,furgoneta
volkswagen,caddy,30700.0,2023,45600.0,gasolina,automatica,114,coches.net,furgoneta
mercedes-benz,citan,37000.0,2023,43200.0,diesel,manual,130,coches.net,furgoneta
citroën,berlingo,14300.0,2021,106500.0,diesel,automatica,100,coches.net,furgoneta
toyota,proace,13200.0,2017,229800.0,diesel,manual,120,coches.net,furgoneta
nissan,nv300,24800.0,2022,43000.0,hibrido,manual,120,coches.net,furgoneta
opel,vivaro,24300.0,2024,19100.0,diesel,manual,120,coches.net,furgoneta
mercedes-benz,citan,32900.0,2024,11600.0,diesel,manual,110,coches.net,furgoneta
toyota,proace,40400.0,2023,33600.0,electrico,manual,136,coches.net,furgoneta
mercedes-benz,vito,31800.0,2019,160500.0,diesel,manual,75,coches.net,furgoneta
peugeot,partner,34000.0,2024,27900.0,electrico,manual,141,coches.net,furgoneta
man,tge,15500.0,2021,86000.0,diesel,manual,102,coches.net,furgoneta
ford,transit courier,17500.0,2019,114600.0,gasolina,manual,95,coches.net,furgoneta
peugeot,expert,26500.0,2023,44700.0,diesel,automatica,105,coches.net,furgoneta
hyundai,h350,19200.0,2023,50300.0,diesel,manual,175,coches.net,furgoneta
ford,transit courier,26300.0,2022,74400.0,electrico,automatica,75,coches.net,furgoneta
fiat,ducato,13200.0,2019,191300.0,diesel,manual,117,coches.net,furgoneta
volkswagen,transporter,31000.0,2023,34000.0,diesel,manual,102,coches.net,furgoneta
mercedes-benz,citan,21500.0,2023,53100.0,gasolina,manual,130,coches.net,furgoneta
opel,vivaro,16000.0,2023,43300.0,diesel,manual,125,coches.net,furgoneta
opel,combo,21200.0,2019,166700.0,diesel,manual,95,coches.net,furgoneta
fiat,scudo,19700.0,2024,17200.0,gasolina,manual,140,coches.net,furgoneta
opel,vivaro,8200.0,2016,271700.0,diesel,automatica,120,coches.net,furgoneta
nissan,nv300,8900.0,2016,298600.0,diesel,manual,95,coches.net,furgoneta
toyota,proace city,28000.0,2021,84400.0,hibrido,manual,110,coches.net,furgoneta
man,tge,16900.0,2018,224200.0,gasolina,manual,140,coches.net,furgoneta
mercedes-benz,vito,31900.0,2019,179700.0,diesel,manual,120,coches.net,furgoneta
man,tge,17700.0,2015,155100.0,diesel,manual,135,coches.net,furgoneta
volkswagen,transporter,38600.0,2021,78500.0,diesel,manual,102,coches.net,furgoneta
toyota,proace city,30900.0,2023,39200.0,hibrido,manual,110,coches.net,furgoneta
renault,master,31000.0,2024,27500.0,electrico,manual,135,coches.net,furgoneta
opel,combo,18000.0,2022,92900.0,diesel,manual,115,coches.net,furgoneta
renault,master,18000.0,2023,52200.0,hibrido,manual,135,coches.net,furgoneta
iveco,daily,15800.0,2022,66300.0,gasolina,manual,130,coches.net,furgoneta
mercedes-benz,vito,17500.0,2022,72700.0,diesel,manual,102,coches.net,furgoneta
peugeot,boxer,29700.0,2022,92100.0,diesel,manual,155,coches.net,furgoneta
volkswagen,caddy,26300.0,2024,18400.0,diesel,automatica,102,coches.net,furgoneta
mercedes-benz,vito,32600.0,2022,66400.0,diesel,manual,75,coches.net,furgoneta
toyota,proace,19000.0,2022,59500.0,diesel,automatica,120,coches.net,furgoneta
volkswagen,crafter,19900.0,2020,91900.0,diesel,manual,102,coches.net,furgoneta
mercedes-benz,sprinter,25000.0,2019,192600.0,diesel,manual,100,coches.net,furgoneta
renault,master,23700.0,2022,54100.0,diesel,manual,180,coches.net,furgoneta
hyundai,h350,15600.0,2018,219500.0,diesel,automatica,141,coches.net,furgoneta
mercedes-benz,citan,47300.0,2023,37700.0,electrico,automatica,150,coches.net,furgoneta
peugeot,boxer,20200.0,2022,91100.0,electrico,automatica,140,coches.net,furgoneta
renault,trafic,20300.0,2022,75300.0,diesel,automatica,145,coches.net,furgoneta
mercedes-benz,vito,16100.0,2018,187700.0,diesel,automatica,130,coches.net,furgoneta
citroën,jumpy,20300.0,2021,109300.0,diesel,manual,155,coches.net,furgoneta
mercedes-benz,vito,31200.0,2022,65500.0,diesel,automatica,110,coches.net,furgoneta
renault,kangoo,34700.0,2024,16900.0,diesel,manual,75,coches.net,furgoneta
ford,transit connect,25100.0,2023,37600.0,diesel,manual,120,coches.net,furgoneta
volkswagen,caddy,13000.0,2018,184400.0,gasolina,manual,114,coches.net,furgoneta
toyota,proace city,16700.0,2022,76100.0,diesel,manual,95,coches.net,furgoneta
mercedes-benz,sprinter,18900.0,2018,134000.0,diesel,manual,150,coches.net,furgoneta
maxus,deliver 9,25600.0,2022,103800.0,electrico,manual,120,coches.net,furgoneta
volkswagen,crafter,18300.0,2019,161900.0,hibrido,manual,182,coches.net,furgoneta
peugeot,partner,21400.0,2023,57400.0,gasolina,automatica,110,coches.net,furgoneta
man,tge,42000.0,2024,20100.0,hibrido,manual,102,coches.net,furgoneta
volkswagen,caddy,29400.0,2020,164900.0,diesel,manual,97,coches.net,furgoneta
ford,transit connect,33600.0,2023,47700.0,diesel,manual,120,coches.net,furgoneta
volkswagen,transporter,32800.0,2024,19400.0,diesel,manual,110,coches.net,furgoneta
ford,transit,12800.0,2017,230500.0,diesel,manual,125,coches.net,furgoneta
ford,transit,33200.0,2022,87600.0,diesel,automatica,135,coches.net,furgoneta
iveco,daily,38000.0,2024,26300.0,diesel,manual,90,coches.net,furgoneta
hyundai,staria,29500.0,2020,158900.0,electrico,automatica,177,coches.net,furgoneta
hyundai,h350,26800.0,2024,19500.0,diesel,manual,165,coches.net,furgoneta
mercedes-benz,vito,27900.0,2021,103300.0,diesel,automatica,102,coches.net,furgoneta
opel,vivaro,29400.0,2024,31300.0,gasolina,manual,95,coches.net,furgoneta
citroën,jumper,35700.0,2021,141300.0,electrico,manual,135,coches.net,furgoneta
ford,transit courier,13700.0,2019,129700.0,diesel,manual,80,coches.net,furgoneta
man,tge,21700.0,2018,130000.0,diesel,automatica,102,coches.net,furgoneta
citroën,berlingo,19300.0,2017,233000.0,diesel,manual,100,coches.net,furgoneta
peugeot,partner,11400.0,2020,169300.0,diesel,automatica,100,coches.net,furgoneta
volkswagen,crafter,19600.0,2018,179700.0,diesel,manual,102,coches.net,furgoneta
ford,transit courier,21700.0,2018,130500.0,gasolina,manual,100,coches.net,furgoneta
opel,movano,27200.0,2023,40700.0,diesel,automatica,168,coches.net,furgoneta
fiat,ducato,21200.0,2019,220000.0,diesel,manual,160,coches.net,furgoneta
toyota,proace,20700.0,2019,182300.0,diesel,manual,150,coches.net,furgoneta
ford,transit,19100.0,2021,84600.0,diesel,manual,165,coches.net,furgoneta
toyota,proace city,18500.0,2022,74600.0,electrico,manual,110,coches.net,furgoneta
fiat,ducato,22000.0,2022,92300.0,diesel,automatica,135,coches.net,furgoneta
opel,combo,780000.0,2015,225100.0,diesel,manual,105,coches.net,furgoneta
nissan,primastar,24200.0,2022,85200.0,gas,manual,119,coches.net,furgoneta
volkswagen,crafter,36200.0,2023,39700.0,diesel,manual,102,coches.net,furgoneta
man,tge,25700.0,2018,191800.0,diesel,manual,135,coches.net,furgoneta
toyota,proace city,26800.0,2022,65300.0,diesel,manual,100,coches.net,furgoneta
nissan,primastar,17600.0,2020,99800.0,diesel,manual,114,coches.net,furgoneta
volkswagen,transporter,24600.0,2020,132000.0,diesel,automatica,110,coches.net,furgoneta
peugeot,boxer,16800.0,2019,142200.0,electrico,manual,130,coches.net,furgoneta
peugeot,boxer,21200.0,2019,121000.0,diesel,manual,160,coches.net,furgoneta
peugeot,boxer,10800.0,2020,147700.0,diesel,manual,160,coches.net,furgoneta
opel,combo,24100.0,2023,37900.0,hibrido,automatica,110,coches.net,furgoneta
ford,transit connect,16800.0,2020,125700.0,diesel,manual,100,coches.net,furgoneta
peugeot,boxer,23700.0,2024,21900.0,diesel,manual,140,coches.net,furgoneta
ford,transit,17700.0,2023,38000.0,diesel,manual,155,coches.net,furgoneta
fiat,doblo cargo,21700.0,2020,100100.0,diesel,manual,90,coches.net,furgoneta
volkswagen,caddy,27800.0,2023,53200.0,diesel,manual,102,coches.net,furgoneta
ford,transit courier,18000.0,2020,117700.0,gasolina,automatica,105,coches.net,furgoneta
opel,movano,33200.0,2022,79400.0,diesel,manual,110,coches.net,furgoneta
volkswagen,transporter,22900.0,2021,118100.0,diesel,manual,145,coches.net,furgoneta
ford,transit courier,14600.0,2019,188900.0,gasolina,manual,100,coches.net,furgoneta
toyota,proace city,18600.0,2019,198400.0,diesel,manual,100,coches.net,furgoneta
ford,transit,22200.0,2023,48400.0,diesel,manual,130,coches.net,furgoneta
citroën,jumper,16300.0,2018,162700.0,diesel,manual,140,coches.net,furgoneta
man,tge,43400.0,2024,22100.0,gasolina,manual,145,coches.net,furgoneta
ford,transit courier,25600.0,2024,19700.0,electrico,manual,70,coches.net,furgoneta
volkswagen,caddy,18200.0,2021,124900.0,diesel,manual,97,coches.net,furgoneta
hyundai,staria,32500.0,2023,46500.0,electrico,manual,177,coches.net,furgoneta
opel,combo,14500.0,2017,226200.0,diesel,manual,105,coches.net,furgoneta
ford,transit,26800.0,2023,51300.0,diesel,manual,155,coches.net,furgoneta
peugeot,boxer,26700.0,2023,47600.0,diesel,manual,160,coches.net,furgoneta
mercedes-benz,sprinter,22700.0,2018,137900.0,diesel,manual,102,coches.net,furgoneta
ford,transit connect,27300.0,2024,27600.0,diesel,manual,70,coches.net,furgoneta
opel,combo,40000.0,2024,27200.0,hibrido,manual,115,coches.net,furgoneta
mercedes-benz,citan,11400.0,2020,109700.0,electrico,manual,120,coches.net,furgoneta
mercedes-benz,sprinter,26100.0,2022,65800.0,hibrido,manual,120,coches.net,furgoneta
mercedes-benz,citan,39400.0,2023,45100.0,electrico,manual,150,coches.net,furgoneta
hyundai,h350,7500.0,2018,124300.0,diesel,automatica,170,coches.net,furgoneta
volkswagen,crafter,11900.0,2016,237600.0,diesel,manual,182,coches.net,furgoneta
mercedes-benz,sprinter,27600.0,2020,138600.0,diesel,manual,140,coches.net,furgoneta
fiat,scudo,7500.0,2015,262800.0,diesel,manual,120,coches.net,furgoneta
ford,transit connect,39500.0,2024,17300.0,electrico,manual,75,coches.net,furgoneta
opel,vivaro,7500.0,2020,122400.0,diesel,manual,120,coches.net,furgoneta
peugeot,partner,24700.0,2024,20200.0,electrico,automatica,141,coches.net,furgoneta
volkswagen,caddy,31400.0,2024,18100.0,diesel,manual,102,coches.net,furgoneta
ford,transit,24700.0,2021,92000.0,diesel,manual,130,coches.net,furgoneta
ford,transit connect,14700.0,2017,235300.0,diesel,manual,95,coches.net,furgoneta
ford,transit,28400.0,2023,56700.0,diesel,manual,130,coches.net,furgoneta
fiat,scudo,13700.0,2023,51400.0,gasolina,manual,145,coches.net,furgoneta
citroën,berlingo,28500.0,2022,49400.0,gasolina,manual,110,coches.net,furgoneta
toyota,proace city,14500.0,2015,279300.0,diesel,manual,110,coches.net,furgoneta
mercedes-benz,citan,15900.0,2016,229500.0,diesel,manual,75,coches.net,furgoneta
volkswagen,crafter,22000.0,2018,172100.0,diesel,manual,177,coches.net,furgoneta
mercedes-benz,citan,19900.0,2021,94200.0,gasolina,manual,140,coches.net,furgoneta
mercedes-benz,sprinter,29600.0,2023,27600.0,diesel,manual,90,coches.net,furgoneta
toyota,proace,20200.0,2022,70100.0,diesel,manual,120,coches.net,furgoneta
peugeot,partner,22500.0,2023,54700.0,diesel,manual,95,coches.net,furgoneta
citroën,jumper,19400.0,2022,50500.0,diesel,manual,140,coches.net,furgoneta
mercedes-benz,vito,19600.0,2017,292400.0,hibrido,manual,102,coches.net,furgoneta
nissan,primastar,17300.0,2020,100300.0,hibrido,automatica,114,coches.net,furgoneta
citroën,jumper,14700.0,2018,232500.0,diesel,automatica,145,coches.net,furgoneta
volkswagen,crafter,18900.0,2021,97400.0,diesel,automatica,177,coches.net,furgoneta
ford,transit connect,22200.0,2022,73800.0,gas,manual,75,coches.net,furgoneta
fiat,doblo cargo,7500.0,2016,258000.0,diesel,manual,105,coches.net,furgoneta
ford,transit,16400.0,2019,173300.0,gasolina,manual,135,coches.net,furgoneta
mercedes-benz,vito,20200.0,2017,207200.0,electrico,manual,140,coches.net,furgoneta
renault,trafic,16200.0,2016,195100.0,electrico,manual,95,coches.net,furgoneta
iveco,daily,28700.0,2024,10900.0,diesel,manual,140,coches.net,furgoneta
mercedes-benz,vito,33200.0,2020,98000.0,electrico,manual,120,coches.net,furgoneta
peugeot,partner,28000.0,2024,29000.0,gasolina,manual,110,coches.net,furgoneta
hyundai,staria,16200.0,2019,143500.0,diesel,automatica,177,coches.net,furgoneta
ford,transit courier,28000.0,2023,54200.0,gasolina,automatica,80,coches.net,furgoneta
fiat,doblo cargo,16200.0,2023,44400.0,diesel,automatica,90,coches.net,furgoneta
renault,trafic,26100.0,2022,77100.0,gasolina,manual,90,coches.net,furgoneta
ford,transit courier,28100.0,2022,85800.0,diesel,manual,75,coches.net,furgoneta
nissan,primastar,20400.0,2023,28900.0,diesel,manual,109,coches.net,furgoneta
volkswagen,caddy,18700.0,2017,211600.0,gasolina,manual,119,coches.net,furgoneta
ford,transit courier,33200.0,2024,24700.0,diesel,manual,75,coches.net,furgoneta
mercedes-benz,citan,18700.0,2019,173900.0,diesel,manual,75,coches.net,furgoneta
hyundai,h350,21500.0,2020,115800.0,diesel,manual,136,coches.net,furgoneta
peugeot,boxer,12600.0,2019,123200.0,gas,manual,135,coches.net,furgoneta
opel,vivaro,9400.0,2017,262700.0,diesel,automatica,100,coches.net,furgoneta
man,tge,27100.0,2022,99200.0,diesel,manual,102,coches.net,furgoneta
peugeot,partner,18100.0,2017,177200.0,electrico,manual,131,coches.net,furgoneta
renault,trafic,11200.0,2017,152200.0,diesel,automatica,90,coches.net,furgoneta
renault,trafic,27500.0,2021,111200.0,gasolina,manual,90,coches.net,furgoneta
toyota,proace,28300.0,2021,110400.0,diesel,manual,145,coches.net,furgoneta
peugeot,partner,31700.0,2023,55800.0,gasolina,automatica,115,coches.net,furgoneta
nissan,nv300,31000.0,2022,77300.0,electrico,manual,125,coches.net,furgoneta
nissan,primastar,7500.0,2016,281700.0,diesel,manual,119,coches.net,furgoneta
man,tge,30100.0,2020,133800.0,diesel,manual,102,coches.net,furgoneta
maxus,ev80,21000.0,2020,104300.0,electrico,manual,125,coches.net,furgoneta
nissan,primastar,21300.0,2020,171400.0,diesel,manual,114,coches.net,furgoneta
mercedes-benz,citan,26500.0,2020,121100.0,diesel,manual,130,coches.net,furgoneta
ford,transit connect,10800.0,2020,107600.0,diesel,manual,120,coches.net,furgoneta
nissan,nv200,27500.0,2022,74700.0,diesel,automatica,90,coches.net,furgoneta
volkswagen,crafter,28300.0,2024,29000.0,diesel,manual,177,coches.net,furgoneta
renault,master,12000.0,2018,180100.0,diesel,automatica,135,coches.net,furgoneta
iveco,daily,13800.0,2019,168600.0,diesel,automatica,90,coches.net,furgoneta
peugeot,expert,9200.0,2015,317700.0,electrico,manual,100,coches.net,furgoneta
volkswagen,caddy,26300.0,2023,48900.0,diesel,automatica,107,coches.net,furgoneta
opel,combo,37400.0,2023,40100.0,diesel,manual,100,coches.net,furgoneta
volkswagen,crafter,12100.0,2018,182100.0,diesel,manual,172,coches.net,furgoneta
volkswagen,crafter,14500.0,2019,169600.0,diesel,manual,177,coches.net,furgoneta
peugeot,partner,32700.0,2022,38700.0,electrico,automatica,100,coches.net,furgoneta
ford,transit,25000.0,2021,95500.0,diesel,manual,155,coches.net,furgoneta
opel,vivaro,30200.0,2024,26300.0,diesel,automatica,95,coches.net,furgoneta
volkswagen,caddy,33900.0,2024,13400.0,gasolina,automatica,109,coches.net,furgoneta
mercedes-benz,citan,24100.0,2020,103800.0,diesel,manual,110,coches.net,furgoneta
peugeot,boxer,14400.0,2016,215200.0,hibrido,manual,130,coches.net,furgoneta
fiat,ducato,22600.0,2023,49900.0,hibrido,manual,155,coches.net,furgoneta
renault,master,13000.0,2016,218800.0,diesel,manual,185,coches.net,furgoneta
ford,transit connect,22500.0,2023,58400.0,hibrido,manual,125,coches.net,furgoneta
mercedes-benz,citan,31300.0,2023,44800.0,diesel,manual,75,coches.net,furgoneta
ford,transit courier,14600.0,2018,174700.0,diesel,manual,75,coches.net,furgoneta
volkswagen,transporter,44800.0,2023,59600.0,electrico,automatica,110,coches.net,furgoneta
peugeot,boxer,15600.0,2020,98000.0,hibrido,manual,130,coches.net,furgoneta
citroën,jumpy,18500.0,2022,91400.0,gasolina,automatica,105,coches.net,furgoneta
ford,transit connect,23500.0,2024,27000.0,diesel,manual,120,coches.net,furgoneta
volkswagen,crafter,15300.0,2017,195100.0,electrico,manual,182,coches.net,furgoneta
opel,vivaro,40000.0,2024,19500.0,diesel,manual,180,coches.net,furgoneta
ford,transit connect,13200.0,2020,90500.0,gas,manual,105,coches.net,furgoneta
citroën,berlingo,15900.0,2019,137200.0,gasolina,automatica,115,coches.net,furgoneta
volkswagen,caddy,28200.0,2024,32800.0,gasolina,manual,119,coches.net,furgoneta
peugeot,expert,19800.0,2020,132900.0,diesel,manual,115,coches.net,furgoneta
fiat,doblo cargo,24800.0,2022,89700.0,diesel,automatica,100,coches.net,furgoneta
ford,transit connect,14300.0,2020,138700.0,diesel,manual,105,coches.net,furgoneta
peugeot,partner,25900.0,2023,51400.0,gasolina,manual,115,coches.net,furgoneta
ford,transit,26800.0,2021,113700.0,diesel,manual,105,coches.net,furgoneta
nissan,nv400,11300.0,2019,124700.0,hibrido,manual,110,coches.net,furgoneta
ford,transit,16000.0,2015,340500.0,diesel,manual,135,coches.net,furgoneta
citroën,jumper,12700.0,2021,106400.0,diesel,manual,130,coches.net,furgoneta
opel,movano,35700.0,2023,50500.0,electrico,manual,110,coches.net,furgoneta
peugeot,partner,18300.0,2020,76700.0,diesel,manual,95,coches.net,furgoneta
volkswagen,caddy,17600.0,2021,90400.0,diesel,automatica,75,coches.net,furgoneta
opel,combo,20500.0,2022,87200.0,diesel,manual,110,coches.net,furgoneta
citroën,jumpy,12100.0,2021,103000.0,diesel,automatica,120,coches.net,furgoneta
ford,transit connect,13100.0,2016,265100.0,diesel,manual,105,coches.net,furgoneta
iveco,daily,30400.0,2023,47500.0,hibrido,manual,120,coches.net,furgoneta
opel,movano,27800.0,2022,65400.0,hibrido,manual,110,coches.net,furgoneta
nissan,primastar,19800.0,2019,66200.0,diesel,manual,109,coches.net,furgoneta
volkswagen,caddy,20800.0,2019,155400.0,electrico,manual,75,coches.net,furgoneta
ford,transit connect,33100.0,2024,26600.0,diesel,manual,120,coches.net,furgoneta
volkswagen,caddy,16500.0,2018,133900.0,gasolina,manual,109,coches.net,furgoneta
fiat,doblo cargo,18700.0,2023,53400.0,diesel,manual,110,coches.net,furgoneta
peugeot,expert,13900.0,2022,60200.0,diesel,manual,120,coches.net,furgoneta
peugeot,partner,29000.0,2022,82800.0,gasolina,manual,110,coches.net,furgoneta
toyota,proace,28100.0,2021,87600.0,electrico,automatica,136,coches.net,furgoneta
ford,transit connect,23500.0,2023,39500.0,diesel,automatica,100,coches.net,furgoneta
toyota,proace city,13900.0,2022,58100.0,hibrido,manual,95,coches.net,furgoneta
ford,transit courier,26300.0,2023,61800.0,diesel,manual,75,coches.net,furgoneta
citroën,jumpy,20900.0,2022,72100.0,diesel,manual,105,coches.net,furgoneta
mercedes-benz,citan,21900.0,2021,123600.0,hibrido,manual,150,coches.net,furgoneta
peugeot,expert,21600.0,2022,74900.0,diesel,manual,125,coches.net,furgoneta
fiat,doblo cargo,16900.0,2019,174000.0,hibrido,manual,105,coches.net,furgoneta
fiat,ducato,21400.0,2023,34100.0,hibrido,manual,122,coches.net,furgoneta
toyota,proace city,22200.0,2023,53900.0,gas,manual,105,coches.net,furgoneta
volkswagen,crafter,21100.0,2019,170700.0,diesel,manual,140,coches.net,furgoneta
peugeot,expert,18700.0,2021,108700.0,gasolina,automatica,100,coches.net,furgoneta
peugeot,boxer,23700.0,2024,22600.0,diesel,automatica,140,coches.net,furgoneta
citroën,jumper,22800.0,2022,84000.0,diesel,automatica,130,coches.net,furgoneta
maxus,ev80,29200.0,2024,19800.0,electrico,manual,120,coches.net,furgoneta
toyota,proace,24200.0,2023,46900.0,electrico,manual,150,coches.net,furgoneta
toyota,proace,18100.0,2018,208900.0,electrico,automatica,136,coches.net,furgoneta
toyota,proace,28900.0,2023,57000.0,diesel,manual,115,coches.net,furgoneta
ford,transit connect,26200.0,2023,19800.0,diesel,automatica,100,coches.net,furgoneta
mercedes-benz,vito,31900.0,2024,24100.0,diesel,manual,100,coches.net,furgoneta
peugeot,expert,12300.0,2021,83400.0,diesel,manual,95,coches.net,furgoneta
man,tge,25600.0,2020,170400.0,electrico,manual,102,coches.net,furgoneta
renault,trafic,19600.0,2021,90400.0,gasolina,manual,90,coches.net,furgoneta
toyota,proace,13000.0,2015,380000.0,diesel,manual,150,coches.net,furgoneta
fiat,scudo,14600.0,2019,144700.0,gasolina,manual,145,coches.net,furgoneta
renault,master,14800.0,2022,79200.0,diesel,automatica,150,coches.net,furgoneta
renault,master,26600.0,2024,17100.0,diesel,automatica,130,coches.net,furgoneta
toyota,proace city,39500.0,2023,52700.0,diesel,manual,110,coches.net,furgoneta
mercedes-benz,vito,38600.0,2024,17300.0,diesel,manual,120,coches.net,furgoneta
ford,transit courier,16100.0,2018,210400.0,diesel,manual,80,coches.net,furgoneta
citroën,jumper,21100.0,2023,39200.0,diesel,automatica,135,coches.net,furgoneta
volkswagen,crafter,24900.0,2023,50200.0,electrico,manual,145,coches.net,furgoneta
peugeot,partner,33000.0,2023,51700.0,gasolina,manual,110,coches.net,furgoneta
fiat,doblo cargo,16200.0,2020,149700.0,gasolina,manual,85,coches.net,furgoneta
peugeot,expert,21200.0,2022,86100.0,diesel,manual,145,coches.net,furgoneta
nissan,nv400,20600.0,2021,109800.0,diesel,automatica,110,coches.net,furgoneta
opel,vivaro,17100.0,2019,125000.0,gasolina,manual,120,coches.net,furgoneta
volkswagen,transporter,20600.0,2018,141000.0,diesel,manual,155,coches.net,furgoneta
peugeot,expert,18100.0,2018,140100.0,electrico,manual,155,coches.net,furgoneta
ford,transit courier,12900.0,2020,126700.0,gasolina,manual,95,coches.net,furgoneta
volkswagen,crafter,12900.0,2016,262500.0,diesel,automatica,102,coches.net,furgoneta
citroën,jumpy,20900.0,2022,93600.0,diesel,manual,150,coches.net,furgoneta
ford,transit,18300.0,2022,91500.0,gas,manual,155,coches.net,furgoneta
citroën,jumpy,26800.0,2023,38100.0,gas,manual,145,coches.net,furgoneta
renault,trafic,16100.0,2019,209400.0,diesel,manual,120,coches.net,furgoneta
peugeot,boxer,33500.0,2024,24500.0,diesel,manual,125,coches.net,furgoneta
opel,combo,22900.0,2024,27600.0,diesel,manual,110,coches.net,furgoneta
ford,transit connect,25700.0,2023,37800.0,diesel,automatica,120,coches.net,furgoneta
mercedes-benz,sprinter,16000.0,2019,166200.0,diesel,manual,100,coches.net,furgoneta
man,tge,14900.0,2017,199100.0,diesel,manual,97,coches.net,furgoneta
renault,master,21900.0,2020,133600.0,electrico,automatica,105,coches.net,furgoneta
opel,vivaro,35600.0,2024,15400.0,gasolina,automatica,125,coches.net,furgoneta
mercedes-benz,vito,35000.0,2024,25200.0,diesel,manual,140,coches.net,furgoneta
toyota,proace city,28900.0,2023,36500.0,gas,manual,100,coches.net,furgoneta
fiat,doblo cargo,10000.0,2016,304200.0,diesel,manual,95,coches.net,furgoneta
mercedes-benz,vito,32900.0,2021,69500.0,diesel,manual,90,coches.net,furgoneta
renault,master,27300.0,2022,71000.0,diesel,manual,180,coches.net,furgoneta
opel,combo,28400.0,2023,40700.0,diesel,manual,95,coches.net,furgoneta
toyota,proace city,20100.0,2021,96400.0,diesel,manual,100,coches.net,furgoneta
fiat,doblo cargo,16400.0,2022,63700.0,diesel,manual,105,coches.net,furgoneta
mercedes-benz,citan,12600.0,2016,301400.0,gas,manual,130,coches.net,furgoneta
iveco,daily,29400.0,2021,119600.0,gas,automatica,100,coches.net,furgoneta
peugeot,partner,8300.0,2018,186900.0,gasolina,manual,110,coches.net,furgoneta
iveco,daily,25100.0,2024,11400.0,diesel,manual,140,coches.net,furgoneta
hyundai,h350,32400.0,2024,18300.0,diesel,manual,136,coches.net,furgoneta
peugeot,expert,23800.0,2023,39400.0,hibrido,automatica,155,coches.net,furgoneta
fiat,ducato,19400.0,2022,69900.0,diesel,manual,117,coches.net,furgoneta
peugeot,boxer,20700.0,2022,50800.0,diesel,manual,155,coches.net,furgoneta
fiat,ducato,15700.0,2018,162500.0,diesel,automatica,127,coches.net,furgoneta
renault,master,17900.0,2021,89400.0,diesel,manual,105,coches.net,furgoneta
volkswagen,transporter,18800.0,2021,115000.0,diesel,manual,199,coches.net,furgoneta
iveco,daily,38600.0,2023,47400.0,diesel,manual,110,coches.net,furgoneta
nissan,nv200,25100.0,2024,33200.0,diesel,automatica,105,coches.net,furgoneta
volkswagen,caddy,25100.0,2021,99900.0,diesel,manual,75,coches.net,furgoneta
ford,transit connect,30900.0,2023,43700.0,diesel,manual,120,coches.net,furgoneta
opel,vivaro,11400.0,2020,91200.0,gasolina,manual,175,coches.net,furgoneta
mercedes-benz,sprinter,11000.0,2015,220300.0,gasolina,manual,90,coches.net,furgoneta
ford,transit,18700.0,2023,26500.0,diesel,manual,135,coches.net,furgoneta
mercedes-benz,citan,38100.0,2024,15900.0,diesel,manual,150,coches.net,furgoneta
peugeot,boxer,12600.0,2020,140000.0,diesel,automatica,160,coches.net,furgoneta
hyundai,h350,15800.0,2019,162200.0,diesel,manual,165,coches.net,furgoneta
renault,master,10000.0,2016,218300.0,diesel,manual,145,coches.net,furgoneta
ford,transit courier,28500.0,2024,22300.0,gasolina,automatica,100,coches.net,furgoneta
peugeot,partner,22100.0,2023,61800.0,diesel,automatica,100,coches.net,furgoneta
mercedes-benz,sprinter,34500.0,2023,48700.0,diesel,manual,100,coches.net,furgoneta
ford,transit connect,15500.0,2021,121700.0,diesel,manual,120,coches.net,furgoneta
toyota,proace city,28800.0,2022,83000.0,diesel,manual,100,coches.net,furgoneta
nissan,nv200,14100.0,2022,60400.0,diesel,manual,90,coches.net,furgoneta
fiat,ducato,19900.0,2023,35000.0,diesel,manual,165,coches.net,furgoneta
ford,transit courier,23300.0,2020,128900.0,electrico,manual,70,coches.net,furgoneta
citroën,berlingo,30900.0,2023,31500.0,electrico,manual,136,coches.net,furgoneta
mercedes-benz,sprinter,16300.0,2019,178900.0,diesel,manual,75,coches.net,furgoneta
volkswagen,transporter,35700.0,2023,30700.0,diesel,manual,110,coches.net,furgoneta
toyota,proace,38000.0,2024,13500.0,diesel,manual,150,coches.net,furgoneta
volkswagen,crafter,34600.0,2024,21800.0,diesel,manual,102,coches.net,furgoneta
citroën,berlingo,26500.0,2023,49100.0,electrico,manual,136,coches.net,furgoneta
mercedes-benz,sprinter,24700.0,2021,106200.0,gas,automatica,102,coches.net,furgoneta
fiat,scudo,17900.0,2022,65700.0,diesel,automatica,145,coches.net,furgoneta
toyota,proace city,35600.0,2023,52300.0,diesel,manual,115,coches.net,furgoneta
hyundai,staria,12600.0,2017,183800.0,diesel,manual,177,coches.net,furgoneta
mercedes-benz,citan,30200.0,2022,56400.0,diesel,manual,100,coches.net,furgoneta
ford,transit courier,28200.0,2024,18500.0,gasolina,manual,105,coches.net,furgoneta
citroën,jumpy,18100.0,2024,20800.0,gas,manual,120,coches.net,furgoneta
nissan,nv300,8100.0,2015,261300.0,diesel,manual,125,coches.net,furgoneta
volkswagen,crafter,30100.0,2023,44300.0,diesel,manual,177,coches.net,furgoneta
volkswagen,caddy,26200.0,2020,118200.0,diesel,automatica,80,coches.net,furgoneta
iveco,daily,26500.0,2024,21800.0,diesel,manual,150,coches.net,furgoneta
peugeot,boxer,16100.0,2021,109500.0,gasolina,manual,130,coches.net,furgoneta
peugeot,partner,11700.0,2019,220000.0,gasolina,manual,110,coches.net,furgoneta
peugeot,boxer,13500.0,2021,94600.0,gas,automatica,140,coches.net,furgoneta
man,tge,14300.0,2019,197100.0,diesel,automatica,102,coches.net,furgoneta
hyundai,staria,29300.0,2022,94700.0,electrico,automatica,182,coches.net,furgoneta
peugeot,boxer,19700.0,2016,221600.0,diesel,manual,165,coches.net,furgoneta
maxus,deliver 9,21800.0,2023,56700.0,electrico,manual,120,coches.net,furgoneta
man,tge,29000.0,2024,32700.0,hibrido,automatica,102,coches.net,furgoneta
toyota,proace,51500.0,2023,51000.0,electrico,manual,136,coches.net,furgoneta
iveco,daily,30400.0,2021,108700.0,diesel,manual,102,coches.net,furgoneta
citroën,jumper,20800.0,2018,170300.0,diesel,manual,125,coches.net,furgoneta
opel,vivaro,28700.0,2021,99600.0,diesel,manual,120,coches.net,furgoneta
fiat,scudo,11500.0,2017,181800.0,gasolina,automatica,140,coches.net,furgoneta
citroën,berlingo,22500.0,2019,145900.0,diesel,manual,100,coches.net,furgoneta
toyota,proace city,17900.0,2022,67300.0,hibrido,manual,110,coches.net,furgoneta
ford,transit,12400.0,2018,227000.0,diesel,automatica,100,coches.net,furgoneta
iveco,daily,25000.0,2020,142900.0,diesel,automatica,75,coches.net,furgoneta
citroën,jumpy,16800.0,2017,267900.0,diesel,manual,100,coches.net,furgoneta
citroën,jumper,22100.0,2020,148100.0,diesel,manual,160,coches.net,furgoneta
ford,transit,25200.0,2024,19400.0,diesel,automatica,130,coches.net,furgoneta
renault,kangoo,19500.0,2021,93500.0,hibrido,manual,95,coches.net,furgoneta
renault,trafic,18500.0,2020,137900.0,gasolina,manual,125,coches.net,furgoneta
renault,kangoo,9.0,2015,297100.0,diesel,manual,95,coches.net,furgoneta
mercedes-benz,citan,27100.0,2019,140500.0,diesel,manual,140,coches.net,furgoneta
opel,combo,23900.0,2020,125300.0,diesel,automatica,110,coches.net,furgoneta
fiat,ducato,23100.0,2024,21500.0,electrico,manual,155,coches.net,furgoneta
mercedes-benz,sprinter,23600.0,2022,74200.0,diesel,manual,140,coches.net,furgoneta
volkswagen,transporter,32700.0,2022,54300.0,electrico,manual,107,coches.net,furgoneta
ford,transit,27300.0,2023,46100.0,diesel,manual,135,coches.net,furgoneta
toyota,proace city,7500.0,2018,209300.0,diesel,manual,105,coches.net,furgoneta
volkswagen,caddy,18600.0,2019,147400.0,diesel,manual,75,coches.net,furgoneta
maxus,ev80,37100.0,2024,18600.0,electrico,manual,120,coches.net,furgoneta
volkswagen,caddy,27300.0,2021,100000.0,diesel,manual,75,coches.net,furgoneta
ford,transit connect,31500.0,2024,29800.0,gasolina,manual,75,coches.net,furgoneta
toyota,proace,12700.0,2017,264500.0,electrico,manual,120,coches.net,furgoneta
hyundai,h350,11700.0,2017,239600.0,diesel,automatica,170,coches.net,furgoneta
man,tge,16200.0,2019,154600.0,diesel,manual,135,coches.net,furgoneta
nissan,nv300,24100.0,2021,89900.0,diesel,manual,115,coches.net,furgoneta
volkswagen,transporter,30100.0,2023,67200.0,diesel,automatica,97,coches.net,furgoneta
peugeot,boxer,20600.0,2024,17300.0,diesel,manual,130,coches.net,furgoneta
peugeot,partner,13400.0,2019,174100.0,gasolina,manual,115,coches.net,furgoneta
citroën,berlingo,28600.0,2019,145600.0,gasolina,manual,110,coches.net,furgoneta
ford,transit,7800.0,2015,314400.0,gas,automatica,165,coches.net,furgoneta
iveco,daily,35800.0,2023,31100.0,diesel,manual,90,coches.net,furgoneta
peugeot,partner,34600.0,2023,41000.0,diesel,automatica,105,coches.net,furgoneta
nissan,primastar,13900.0,2020,83800.0,diesel,manual,114,coches.net,furgoneta
maxus,deliver 9,21700.0,2020,132900.0,hibrido,manual,145,coches.net,furgoneta
toyota,proace city,16500.0,2017,270400.0,diesel,manual,110,coches.net,furgoneta
volkswagen,transporter,22500.0,2022,61700.0,diesel,manual,150,coches.net,furgoneta
peugeot,boxer,18600.0,2021,108600.0,diesel,manual,125,coches.net,furgoneta
renault,master,14000.0,2019,121000.0,diesel,manual,110,coches.net,furgoneta
hyundai,h350,17300.0,2020,141200.0,hibrido,manual,175,coches.net,furgoneta
renault,kangoo,37500.0,2024,21300.0,electrico,manual,85,coches.net,furgoneta
opel,movano,13900.0,2017,230300.0,diesel,manual,115,coches.net,furgoneta
maxus,ev80,21600.0,2022,69800.0,electrico,manual,120,coches.net,furgoneta
ford,transit connect,21300.0,2023,38200.0,hibrido,manual,100,coches.net,furgoneta
peugeot,partner,18600.0,2019,140500.0,electrico,manual,141,coches.net,furgoneta
ford,transit courier,26100.0,2022,65800.0,gasolina,manual,100,coches.net,furgoneta
renault,trafic,15600.0,2023,34800.0,diesel,automatica,150,coches.net,furgoneta
nissan,primastar,17500.0,2018,190000.0,diesel,automatica,114,coches.net,furgoneta
opel,movano,27400.0,2024,23200.0,electrico,manual,110,coches.net,furgoneta
mercedes-benz,sprinter,30700.0,2024,14600.0,diesel,manual,150,coches.net,furgoneta
fiat,ducato,20400.0,2021,96900.0,diesel,manual,130,coches.net,furgoneta
mercedes-benz,citan,41300.0,2022,69300.0,diesel,manual,102,coches.net,furgoneta
volkswagen,transporter,18000.0,2021,134100.0,diesel,automatica,150,coches.net,furgoneta
volkswagen,caddy,23600.0,2023,37600.0,gasolina,manual,119,coches.net,furgoneta
mercedes-benz,citan,26500.0,2021,126400.0,hibrido,manual,120,coches.net,furgoneta
nissan,nv200,26900.0,2023,44100.0,diesel,manual,110,coches.net,furgoneta
opel,movano,18400.0,2023,31700.0,diesel,manual,168,coches.net,furgoneta
man,tge,27500.0,2021,133000.0,electrico,manual,102,coches.net,furgoneta
volkswagen,caddy,23500.0,2022,82300.0,gasolina,manual,109,coches.net,furgoneta
toyota,proace city,30500.0,2021,129400.0,electrico,manual,100,coches.net,furgoneta
ford,transit,19500.0,2020,161300.0,diesel,automatica,170,coches.net,furgoneta
nissan,nv400,24400.0,2020,114200.0,diesel,manual,105,coches.net,furgoneta
renault,kangoo,20100.0,2021,84300.0,diesel,manual,95,coches.net,furgoneta
opel,movano,24800.0,2020,174700.0,diesel,manual,110,coches.net,furgoneta
mercedes-benz,sprinter,30600.0,2021,106300.0,gas,manual,140,coches.net,furgoneta
renault,kangoo,17000.0,2020,84400.0,gas,manual,95,coches.net,furgoneta
maxus,ev80,27300.0,2023,44500.0,electrico,automatica,125,coches.net,furgoneta
peugeot,expert,20300.0,2019,138100.0,diesel,manual,125,coches.net,furgoneta
man,tge,27200.0,2020,138600.0,hibrido,manual,97,coches.net,furgoneta
fiat,ducato,18300.0,2021,98200.0,diesel,manual,160,coches.net,furgoneta
renault,kangoo,27600.0,2022,72900.0,electrico,manual,100,coches.net,furgoneta
hyundai,h350,18000.0,2020,147500.0,diesel,manual,136,coches.net,furgoneta
volkswagen,crafter,32200.0,2023,57000.0,diesel,automatica,135,coches.net,furgoneta
mercedes-benz,vito,9600.0,2017,187800.0,diesel,automatica,75,coches.net,furgoneta
toyota,proace,19900.0,2020,123500.0,diesel,manual,125,coches.net,furgoneta
renault,trafic,26200.0,2023,50400.0,diesel,automatica,150,coches.net,furgoneta
hyundai,h350,32400.0,2024,21900.0,diesel,manual,165,coches.net,furgoneta
renault,master,20400.0,2022,73600.0,diesel,manual,115,coches.net,furgoneta
man,tge,27400.0,2020,96800.0,diesel,manual,102,coches.net,furgoneta
mercedes-benz,sprinter,33400.0,2024,17700.0,gas,manual,110,coches.net,furgoneta
iveco,daily,32800.0,2023,35800.0,diesel,manual,100,coches.net,furgoneta
man,tge,29600.0,2018,204300.0,diesel,manual,102,coches.net,furgoneta
volkswagen,transporter,32700.0,2023,48600.0,electrico,manual,204,coches.net,furgoneta
mercedes-benz,vito,36000.0,2020,149300.0,gasolina,automatica,140,coches.net,furgoneta
iveco,daily,16800.0,2020,132500.0,diesel,manual,120,coches.net,furgoneta
fiat,scudo,26200.0,2024,20400.0,diesel,manual,125,coches.net,furgoneta
renault,master,21300.0,2024,20600.0,diesel,manual,145,coches.net,furgoneta
citroën,berlingo,7500.0,2017,158200.0,gasolina,manual,105,coches.net,furgoneta
opel,combo,9700.0,2017,225800.0,diesel,manual,105,coches.net,furgoneta
volkswagen,caddy,30200.0,2024,22000.0,gasolina,manual,119,coches.net,furgoneta
ford,transit,26600.0,2023,36200.0,diesel,manual,130,coches.net,furgoneta
ford,transit courier,17300.0,2019,137900.0,gasolina,manual,100,coches.net,furgoneta
renault,kangoo,15100.0,2018,178500.0,diesel,manual,95,coches.net,furgoneta
mercedes-benz,citan,18400.0,2018,193000.0,hibrido,manual,120,coches.net,furgoneta
volkswagen,crafter,18100.0,2020,153300.0,gasolina,manual,145,coches.net,furgoneta
volkswagen,caddy,27500.0,2023,46500.0,gasolina,manual,114,coches.net,furgoneta
mercedes-benz,citan,16300.0,2018,206900.0,diesel,automatica,90,coches.net,furgoneta
mercedes-benz,sprinter,30100.0,2023,49600.0,diesel,manual,130,coches.net,furgoneta
hyundai,staria,19200.0,2022,45700.0,diesel,manual,177,coches.net,furgoneta
volkswagen,caddy,32500.0,2023,43800.0,diesel,manual,107,coches.net,furgoneta
ford,transit courier,24400.0,2022,80600.0,diesel,manual,75,coches.net,furgoneta
volkswagen,caddy,19800.0,2018,248600.0,electrico,automatica,102,coches.net,furgoneta
opel,vivaro,28400.0,2024,18600.0,electrico,automatica,100,coches.net,furgoneta
ford,transit courier,16700.0,2021,119400.0,gasolina,manual,95,coches.net,furgoneta
nissan,primastar,15400.0,2020,102400.0,gasolina,manual,114,coches.net,furgoneta
mercedes-benz,vito,25800.0,2023,46000.0,diesel,manual,110,coches.net,furgoneta
nissan,primastar,25100.0,2020,115600.0,gasolina,automatica,114,coches.net,furgoneta
peugeot,partner,11000.0,2015,338100.0,electrico,automatica,136,coches.net,furgoneta
hyundai,staria,18200.0,2024,23800.0,diesel,manual,177,coches.net,furgoneta
hyundai,h350,25500.0,2023,64100.0,electrico,manual,136,coches.net,furgoneta
man,tge,30800.0,2021,80600.0,diesel,manual,102,coches.net,furgoneta
iveco,daily,22100.0,2020,83400.0,diesel,manual,102,coches.net,furgoneta
ford,transit courier,13200.0,2022,67300.0,diesel,manual,75,coches.net,furgoneta
volkswagen,transporter,36700.0,2024,22500.0,diesel,manual,102,coches.net,furgoneta
volkswagen,transporter,26900.0,2021,57500.0,diesel,manual,150,coches.net,furgoneta
opel,combo,24400.0,2022,73100.0,diesel,automatica,110,coches.net,furgoneta
mercedes-benz,vito,40200.0,2023,38900.0,diesel,automatica,90,coches.net,furgoneta
maxus,ev80,24300.0,2020,111700.0,electrico,manual,120,coches.net,furgoneta
fiat,scudo,24100.0,2022,64000.0,hibrido,manual,125,coches.net,furgoneta
nissan,primastar,19600.0,2021,89600.0,diesel,manual,114,coches.net,furgoneta
hyundai,h350,21400.0,2021,94300.0,diesel,manual,165,coches.net,furgoneta
opel,vivaro,25100.0,2020,173300.0,diesel,automatica,125,coches.net,furgoneta
fiat,ducato,21400.0,2023,48500.0,diesel,manual,122,coches.net,furgoneta
nissan,nv400,18700.0,2023,61700.0,diesel,manual,140,coches.net,furgoneta
man,tge,37200.0,2023,44800.0,electrico,manual,140,coches.net,furgoneta
opel,combo,29200.0,2023,48600.0,diesel,manual,105,coches.net,furgoneta
ford,transit connect,16400.0,2018,136200.0,diesel,manual,120,coches.net,furgoneta
peugeot,expert,7500.0,2018,245800.0,gas,manual,120,coches.net,furgoneta
peugeot,expert,30400.0,2022,85200.0,gas,manual,120,coches.net,furgoneta
ford,transit connect,20900.0,2023,45000.0,diesel,automatica,100,coches.net,furgoneta
volkswagen,caddy,21100.0,2021,102100.0,gas,manual,97,coches.net,furgoneta
fiat,doblo cargo,10000.0,2015,242300.0,diesel,manual,90,coches.net,furgoneta
renault,master,16800.0,2022,71200.0,electrico,manual,135,coches.net,furgoneta
maxus,deliver 9,19900.0,2018,211500.0,electrico,manual,115,coches.net,furgoneta
fiat,ducato,21600.0,2023,40000.0,diesel,automatica,130,coches.net,furgoneta
hyundai,h350,30700.0,2024,21800.0,diesel,manual,170,coches.net,furgoneta
ford,transit courier,20800.0,2022,61100.0,gasolina,manual,70,coches.net,furgoneta
toyota,proace,15600.0,2019,149600.0,electrico,manual,120,coches.net,furgoneta
man,tge,23100.0,2019,178300.0,diesel,automatica,135,coches.net,furgoneta
opel,combo,28600.0,2024,24400.0,diesel,automatica,100,coches.net,furgoneta
citroën,jumpy,25200.0,2024,25000.0,diesel,manual,120,coches.net,furgoneta
toyota,proace city,22400.0,2021,111300.0,gasolina,manual,100,coches.net,furgoneta
citroën,jumper,15500.0,2019,125200.0,diesel,manual,135,coches.net,furgoneta
ford,transit courier,7500.0,2015,206000.0,diesel,manual,70,coches.net,furgoneta
mercedes-benz,sprinter,26800.0,2022,89800.0,diesel,manual,100,coches.net,furgoneta
volkswagen,crafter,28100.0,2022,63800.0,electrico,automatica,135,coches.net,furgoneta
peugeot,expert,16100.0,2023,45600.0,diesel,automatica,100,coches.net,furgoneta
mercedes-benz,citan,36000.0,2024,16900.0,hibrido,manual,150,coches.net,furgoneta
opel,combo,21000.0,2020,147900.0,diesel,manual,105,coches.net,furgoneta
mercedes-benz,vito,24200.0,2018,165700.0,diesel,manual,102,coches.net,furgoneta
mercedes-benz,vito,28200.0,2022,97200.0,diesel,automatica,102,coches.net,furgoneta
ford,transit courier,19900.0,2023,54100.0,gasolina,manual,105,coches.net,furgoneta
renault,master,9300.0,2016,205800.0,electrico,automatica,180,coches.net,furgoneta
mercedes-benz,vito,50800.0,2024,28100.0,electrico,automatica,75,coches.net,furgoneta
iveco,daily,16800.0,2020,153800.0,diesel,manual,130,coches.net,furgoneta
mercedes-benz,vito,25800.0,2022,73000.0,diesel,automatica,120,coches.net,furgoneta
volkswagen,caddy,24400.0,2022,67400.0,diesel,automatica,75,coches.net,furgoneta
opel,vivaro,22300.0,2019,212000.0,diesel,manual,180,coches.net,furgoneta
mercedes-benz,vito,19700.0,2023,50300.0,diesel,automatica,75,coches.net,furgoneta
ford,transit connect,23900.0,2021,125600.0,diesel,manual,75,coches.net,furgoneta
volkswagen,caddy,26500.0,2020,100500.0,diesel,manual,102,coches.net,furgoneta
citroën,jumper,17800.0,2021,118800.0,hibrido,manual,130,coches.net,furgoneta
fiat,ducato,15700.0,2019,155300.0,diesel,manual,125,coches.net,furgoneta
ford,transit connect,25500.0,2021,133000.0,diesel,manual,80,coches.net,furgoneta
peugeot,expert,23900.0,2022,71500.0,diesel,manual,120,coches.net,furgoneta
hyundai,h350,19600.0,2019,123800.0,electrico,manual,170,coches.net,furgoneta
ford,transit courier,22200.0,2023,50900.0,diesel,automatica,75,coches.net,furgoneta
ford,transit,35200.0,2024,24000.0,diesel,automatica,110,coches.net,furgoneta
volkswagen,crafter,32800.0,2024,17700.0,diesel,manual,177,coches.net,furgoneta
iveco,daily,26600.0,2022,78800.0,diesel,manual,90,coches.net,furgoneta
peugeot,partner,15400.0,2019,129400.0,gasolina,manual,115,coches.net,furgoneta
toyota,proace,14800.0,2019,159400.0,diesel,manual,145,coches.net,furgoneta
renault,kangoo,9400.0,2015,261400.0,diesel,manual,70,coches.net,furgoneta
volkswagen,crafter,28300.0,2021,74600.0,diesel,manual,102,coches.net,furgoneta
nissan,nv400,20000.0,2021,100300.0,diesel,manual,110,coches.net,furgoneta
renault,trafic,15900.0,2023,46000.0,diesel,automatica,120,coches.net,furgoneta
peugeot,partner,23300.0,2023,36200.0,electrico,manual,136,coches.net,furgoneta
ford,transit courier,21700.0,2022,69800.0,diesel,manual,70,coches.net,furgoneta
peugeot,expert,22700.0,2021,121200.0,gasolina,manual,100,coches.net,furgoneta
fiat,scudo,22800.0,2023,51900.0,diesel,manual,145,coches.net,furgoneta
ford,transit connect,15500.0,2020,120700.0,hibrido,manual,100,coches.net,furgoneta
volkswagen,caddy,24700.0,2023,27400.0,gasolina,automatica,109,coches.net,furgoneta
fiat,ducato,23800.0,2022,57500.0,diesel,manual,155,coches.net,furgoneta
citroën,jumpy,15300.0,2017,231900.0,diesel,automatica,105,coches.net,furgoneta
nissan,nv400,28500.0,2022,52900.0,diesel,manual,110,coches.net,furgoneta
peugeot,partner,2830000.0,2024,25000.0,gasolina,automatica,115,coches.net,furgoneta
renault,trafic,22800.0,2022,83700.0,diesel,manual,90,coches.net,furgoneta
peugeot,partner,22900.0,2020,119800.0,gasolina,manual,105,coches.net,furgoneta
opel,movano,20500.0,2020,123900.0,electrico,manual,163,coches.net,furgoneta
volkswagen,crafter,9100.0,2017,239900.0,diesel,manual,102,coches.net,furgoneta
toyota,proace city,35500.0,2022,72000.0,diesel,manual,115,coches.net,furgoneta
ford,transit courier,34400.0,2023,57300.0,gasolina,manual,105,coches.net,furgoneta
fiat,ducato,1400000.0,2020,89500.0,diesel,automatica,160,coches.net,furgoneta
nissan,nv400,21300.0,2023,42300.0,hibrido,manual,150,coches.net,furgoneta
citroën,berlingo,26000.0,2024,18100.0,electrico,manual,136,coches.net,furgoneta
peugeot,expert,13800.0,2019,154300.0,diesel,manual,100,coches.net,furgoneta
hyundai,staria,24600.0,2022,89400.0,diesel,manual,177,coches.net,furgoneta
ford,transit connect,16700.0,2019,171600.0,electrico,manual,100,coches.net,furgoneta
fiat,ducato,15600.0,2020,120400.0,electrico,manual,160,coches.net,furgoneta
maxus,deliver 9,21900.0,2020,99000.0,electrico,manual,115,coches.net,furgoneta
citroën,jumper,13100.0,2022,84000.0,electrico,manual,135,coches.net,furgoneta
mercedes-benz,vito,14600.0,2016,242000.0,diesel,manual,130,coches.net,furgoneta
volkswagen,crafter,25100.0,2020,128700.0,diesel,manual,182,coches.net,furgoneta
ford,transit,23500.0,2024,19100.0,diesel,manual,155,coches.net,furgoneta
opel,vivaro,22900.0,2019,124200.0,diesel,manual,95,coches.net,furgoneta
peugeot,partner,21900.0,2023,51500.0,gasolina,manual,100,coches.net,furgoneta
ford,transit courier,26100.0,2023,34000.0,gasolina,manual,100,coches.net,furgoneta
citroën,jumpy,1870000.0,2018,182000.0,diesel,manual,120,coches.net,furgoneta
hyundai,staria,14100.0,2015,380000.0,diesel,manual,177,coches.net,furgoneta
nissan,nv300,23100.0,2021,81800.0,diesel,automatica,95,coches.net,furgoneta
nissan,primastar,20800.0,2021,97900.0,diesel,manual,109,coches.net,furgoneta
mercedes-benz,sprinter,32900.0,2024,23100.0,diesel,automatica,120,coches.net,furgoneta
renault,kangoo,30400.0,2023,56200.0,electrico,manual,95,coches.net,furgoneta
ford,transit connect,7500.0,2015,336800.0,hibrido,manual,115,coches.net,furgoneta
citroën,berlingo,25100.0,2019,168700.0,gasolina,manual,110,coches.net,furgoneta
citroën,jumper,26800.0,2023,55600.0,diesel,automatica,135,coches.net,furgoneta
nissan,nv200,7500.0,2021,82400.0,diesel,manual,105,coches.net,furgoneta
nissan,nv400,24300.0,2021,96700.0,diesel,manual,145,coches.net,furgoneta
man,tge,20100.0,2021,121900.0,gas,manual,140,coches.net,furgoneta
citroën,jumpy,22300.0,2022,65100.0,diesel,automatica,125,coches.net,furgoneta
iveco,daily,35600.0,2023,60700.0,hibrido,manual,102,coches.net,furgoneta
renault,kangoo,21500.0,2019,204800.0,gas,manual,75,coches.net,furgoneta
fiat,doblo cargo,2380000.0,2022,61500.0,diesel,manual,105,coches.net,furgoneta
mercedes-benz,citan,12500.0,2019,136900.0,diesel,manual,102,coches.net,furgoneta
renault,trafic,18000.0,2021,77900.0,diesel,manual,145,coches.net,furgoneta
volkswagen,crafter,35400.0,2024,26900.0,diesel,manual,140,coches.net,furgoneta
peugeot,expert,16000.0,2017,146400.0,diesel,manual,125,coches.net,furgoneta
ford,transit connect,14100.0,2020,120400.0,diesel,automatica,120,coches.net,furgoneta
volkswagen,crafter,24600.0,2021,67800.0,diesel,manual,102,coches.net,furgoneta
peugeot,partner,41000.0,2024,14100.0,electrico,automatica,136,coches.net,furgoneta
opel,combo,17200.0,2021,107000.0,gasolina,manual,110,coches.net,furgoneta
volkswagen,transporter,32400.0,2022,80700.0,diesel,manual,204,coches.net,furgoneta
peugeot,partner,11300.0,2018,195400.0,diesel,manual,100,coches.net,furgoneta
toyota,proace,23000.0,2020,115000.0,gas,automatica,120,coches.net,furgoneta
mercedes-benz,citan,46100.0,2023,40100.0,electrico,manual,110,coches.net,furgoneta
volkswagen,caddy,25300.0,2022,58100.0,gasolina,manual,114,coches.net,furgoneta
man,tge,41500.0,2024,25500.0,diesel,manual,140,coches.net,furgoneta
volkswagen,caddy,29800.0,2020,164700.0,gasolina,manual,114,coches.net,furgoneta
ford,transit connect,9800.0,2019,113900.0,diesel,manual,80,coches.net,furgoneta
renault,master,30000.0,2023,49300.0,electrico,automatica,140,coches.net,furgoneta
citroën,jumpy,18500.0,2019,173600.0,diesel,manual,155,coches.net,furgoneta
man,tge,7500.0,2021,85000.0,diesel,manual,140,coches.net,furgoneta
ford,transit connect,19500.0,2022,42100.0,diesel,automatica,125,coches.net,furgoneta
mercedes-benz,vito,43300.0,2024,20800.0,diesel,manual,75,coches.net,furgoneta
volkswagen,caddy,34700.0,2022,88400.0,diesel,manual,75,coches.net,furgoneta
fiat,doblo cargo,20300.0,2023,36500.0,gasolina,manual,105,coches.net,furgoneta
fiat,doblo cargo,24600.0,2023,48500.0,diesel,manual,95,coches.net,furgoneta
opel,vivaro,17200.0,2020,138700.0,diesel,automatica,105,coches.net,furgoneta
ford,transit,17600.0,2020,119000.0,diesel,manual,160,coches.net,furgoneta
ford,transit courier,18600.0,2021,58300.0,gasolina,automatica,100,coches.net,furgoneta
toyota,proace,20900.0,2017,261100.0,diesel,manual,150,coches.net,furgoneta
renault,master,20900.0,2020,143800.0,diesel,manual,175,coches.net,furgoneta
opel,vivaro,16100.0,2021,92400.0,diesel,automatica,100,coches.net,furgoneta
citroën,jumper,34500.0,2023,46500.0,electrico,manual,160,coches.net,furgoneta
peugeot,partner,22900.0,2022,75700.0,gasolina,automatica,115,coches.net,furgoneta
nissan,nv300,7500.0,2016,242100.0,diesel,automatica,115,coches.net,furgoneta
fiat,scudo,10800.0,2017,225200.0,diesel,automatica,120,coches.net,furgoneta
renault,kangoo,24300.0,2023,38500.0,electrico,manual,85,coches.net,furgoneta
fiat,doblo cargo,17500.0,2021,109900.0,diesel,automatica,85,coches.net,furgoneta
renault,master,24900.0,2020,124100.0,diesel,manual,175,coches.net,furgoneta
mercedes-benz,sprinter,30200.0,2023,57900.0,gasolina,manual,102,coches.net,furgoneta
iveco,daily,39000.0,2024,22400.0,electrico,automatica,100,coches.net,furgoneta
renault,trafic,26800.0,2023,42500.0,diesel,manual,150,coches.net,furgoneta
fiat,scudo,18400.0,2021,93400.0,diesel,manual,145,coches.net,furgoneta
toyota,proace city,23000.0,2019,116600.0,diesel,manual,100,coches.net,furgoneta
mercedes-benz,sprinter,25800.0,2022,59400.0,diesel,manual,75,coches.net,furgoneta
hyundai,staria,19100.0,2022,76200.0,diesel,manual,177,coches.net,furgoneta
toyota,proace city,36400.0,2023,50700.0,electrico,automatica,105,coches.net,furgoneta
ford,transit courier,26500.0,2022,86800.0,gasolina,automatica,105,coches.net,furgoneta
toyota,proace,37300.0,2023,41400.0,electrico,automatica,136,coches.net,furgoneta
toyota,proace,10000.0,2018,139000.0,diesel,manual,145,coches.net,furgoneta
iveco,daily,27900.0,2022,70300.0,electrico,manual,100,coches.net,furgoneta
opel,combo,38100.0,2024,28000.0,diesel,manual,105,coches.net,furgoneta
mercedes-benz,citan,31400.0,2021,91200.0,diesel,automatica,100,coches.net,furgoneta
opel,movano,7500.0,2016,138500.0,diesel,manual,110,coches.net,furgoneta
ford,transit connect,12900.0,2021,131600.0,diesel,manual,105,coches.net,furgoneta
maxus,ev80,18000.0,2020,81100.0,electrico,manual,125,coches.net,furgoneta
renault,kangoo,8200.0,2015,296500.0,electrico,manual,95,coches.net,furgoneta
citroën,jumper,21800.0,2020,114100.0,diesel,manual,135,coches.net,furgoneta
mercedes-benz,vito,19200.0,2020,179600.0,diesel,automatica,120,coches.net,furgoneta
mercedes-benz,sprinter,18700.0,2018,194800.0,diesel,manual,130,coches.net,furgoneta
mercedes-benz,citan,16500.0,2016,301900.0,diesel,manual,90,coches.net,furgoneta
hyundai,h350,16100.0,2022,95300.0,diesel,manual,136,coches.net,furgoneta
ford,transit,29000.0,2020,174200.0,diesel,manual,165,coches.net,furgoneta
iveco,daily,31200.0,2022,103300.0,diesel,manual,75,coches.net,furgoneta
mercedes-benz,citan,26700.0,2020,127200.0,diesel,manual,102,coches.net,furgoneta
mercedes-benz,vito,50300.0,2023,39200.0,electrico,manual,140,coches.net,furgoneta
mercedes-benz,sprinter,2650000.0,2020,116800.0,diesel,manual,130,coches.net,furgoneta
opel,combo,29300.0,2023,39200.0,gas,automatica,110,coches.net,furgoneta
volkswagen,transporter,24600.0,2022,55300.0,diesel,manual,145,coches.net,furgoneta
opel,combo,26100.0,2020,86100.0,diesel,automatica,95,coches.net,furgoneta
fiat,scudo,20000.0,2023,48700.0,diesel,manual,120,coches.net,furgoneta
opel,movano,15800.0,2021,104100.0,diesel,manual,145,coches.net,furgoneta
hyundai,h350,26500.0,2020,161000.0,gas,manual,170,coches.net,furgoneta
opel,vivaro,18100.0,2016,268300.0,diesel,manual,105,coches.net,furgoneta
opel,movano,26500.0,2024,27000.0,diesel,manual,110,coches.net,furgoneta
ford,transit,17100.0,2016,336800.0,electrico,manual,130,coches.net,furgoneta
volkswagen,crafter,30200.0,2019,143000.0,diesel,manual,102,coches.net,furgoneta
renault,kangoo,27700.0,2023,39100.0,electrico,manual,90,coches.net,furgoneta
citroën,berlingo,20000.0,2021,96000.0,gasolina,manual,110,coches.net,furgoneta
citroën,jumpy,20400.0,2021,100700.0,diesel,manual,100,coches.net,furgoneta
mercedes-benz,vito,33100.0,2022,97200.0,diesel,manual,102,coches.net,furgoneta
ford,transit courier,18800.0,2021,58000.0,diesel,manual,80,coches.net,furgoneta
peugeot,expert,18900.0,2018,172500.0,diesel,manual,120,coches.net,furgoneta
toyota,proace city,26400.0,2023,43000.0,diesel,automatica,100,coches.net,furgoneta
ford,transit connect,28800.0,2024,20500.0,diesel,manual,80,coches.net,furgoneta
ford,transit,23600.0,2021,98800.0,diesel,manual,105,coches.net,furgoneta
citroën,jumper,26800.0,2024,20800.0,diesel,manual,160,coches.net,furgoneta
opel,movano,13700.0,2020,125200.0,diesel,manual,163,coches.net,furgoneta
volkswagen,transporter,18800.0,2022,96000.0,diesel,automatica,150,coches.net,furgoneta
renault,master,17100.0,2021,96200.0,diesel,manual,135,coches.net,furgoneta
fiat,ducato,17100.0,2020,110600.0,diesel,automatica,160,coches.net,furgoneta
citroën,berlingo,23700.0,2022,77200.0,gasolina,automatica,105,coches.net,furgoneta
renault,kangoo,23700.0,2023,51400.0,diesel,manual,75,coches.net,furgoneta
nissan,nv400,28300.0,2024,18000.0,diesel,manual,150,coches.net,furgoneta
peugeot,boxer,23100.0,2022,84300.0,diesel,manual,160,coches.net,furgoneta
mercedes-benz,vito,25300.0,2021,100900.0,diesel,manual,130,coches.net,furgoneta
mercedes-benz,citan,28500.0,2022,55300.0,hibrido,manual,120,coches.net,furgoneta
mercedes-benz,citan,26900.0,2020,90300.0,gasolina,manual,100,coches.net,furgoneta
mercedes-benz,sprinter,22800.0,2016,277900.0,diesel,manual,102,coches.net,furgoneta
volkswagen,transporter,18100.0,2021,106600.0,diesel,manual,204,coches.net,furgoneta
nissan,primastar,14600.0,2022,70800.0,diesel,manual,119,coches.net,furgoneta
renault,trafic,21000.0,2023,41200.0,gasolina,automatica,150,coches.net,furgoneta
renault,trafic,2240000.0,2022,76500.0,diesel,manual,120,coches.net,furgoneta
renault,master,21100.0,2023,67300.0,diesel,manual,150,coches.net,furgoneta
mercedes-benz,vito,29500.0,2023,47900.0,diesel,manual,120,coches.net,furgoneta
renault,master,14900.0,2018,169500.0,electrico,manual,105,coches.net,furgoneta
maxus,deliver 9,11000.0,2017,197500.0,electrico,manual,125,coches.net,furgoneta
mercedes-benz,sprinter,19700.0,2020,116100.0,gas,manual,100,coches.net,furgoneta
mercedes-benz,sprinter,16500.0,2019,190600.0,gasolina,manual,102,coches.net,furgoneta
toyota,proace,16300.0,2021,58200.0,electrico,manual,136,coches.net,furgoneta
toyota,proace city,25700.0,2024,20700.0,diesel,automatica,105,coches.net,furgoneta
ford,transit,27600.0,2022,79300.0,hibrido,manual,130,coches.net,furgoneta
iveco,daily,7800.0,2018,156000.0,electrico,automatica,110,coches.net,furgoneta
fiat,ducato,26300.0,2022,66300.0,diesel,manual,155,coches.net,furgoneta
nissan,nv300,20700.0,2020,163000.0,electrico,manual,120,coches.net,furgoneta
toyota,proace city,23200.0,2022,53700.0,diesel,manual,100,coches.net,furgoneta
peugeot,boxer,27500.0,2020,109800.0,electrico,automatica,160,coches.net,furgoneta
toyota,proace city,22400.0,2023,45700.0,diesel,manual,105,coches.net,furgoneta
mercedes-benz,citan,33500.0,2024,21300.0,gasolina,manual,90,coches.net,furgoneta
ford,transit,25500.0,2022,66700.0,diesel,automatica,165,coches.net,furgoneta
renault,master,20900.0,2023,36600.0,diesel,manual,115,coches.net,furgoneta
mercedes-benz,vito,35700.0,2023,46000.0,diesel,automatica,150,coches.net,furgoneta
opel,vivaro,29600.0,2022,73200.0,electrico,manual,120,coches.net,furgoneta
nissan,nv300,33300.0,2023,52800.0,diesel,manual,100,coches.net,furgoneta
peugeot,boxer,12900.0,2017,174300.0,diesel,manual,140,coches.net,furgoneta
ford,transit,14200.0,2018,180100.0,diesel,manual,170,coches.net,furgoneta
ford,transit connect,30000.0,2023,57400.0,diesel,manual,95,coches.net,furgoneta
man,tge,29500.0,2024,23700.0,gasolina,automatica,102,coches.net,furgoneta
renault,kangoo,18800.0,2018,170500.0,diesel,manual,95,coches.net,furgoneta
toyota,proace city,7700.0,2016,236700.0,diesel,manual,110,coches.net,furgoneta
renault,master,16900.0,2020,82900.0,diesel,automatica,140,coches.net,furgoneta
ford,transit,34300.0,2024,21200.0,diesel,manual,130,coches.net,furgoneta
volkswagen,crafter,28100.0,2021,109800.0,electrico,automatica,177,coches.net,furgoneta
volkswagen,crafter,33100.0,2024,16800.0,gasolina,manual,145,coches.net,furgoneta
iveco,daily,35800.0,2024,22200.0,gasolina,automatica,102,coches.net,furgoneta
maxus,deliver 9,13200.0,2016,311800.0,diesel,manual,150,coches.net,furgoneta
mercedes-benz,sprinter,28200.0,2021,133300.0,diesel,manual,140,coches.net,furgoneta
iveco,daily,7800.0,2016,183800.0,diesel,automatica,75,coches.net,furgoneta
opel,vivaro,27500.0,2023,46800.0,diesel,manual,95,coches.net,furgoneta
fiat,scudo,30100.0,2024,27100.0,diesel,manual,125,coches.net,furgoneta
mercedes-benz,vito,16900.0,2018,133200.0,gas,manual,90,coches.net,furgoneta
renault,master,22000.0,2021,110500.0,diesel,manual,130,coches.net,furgoneta
fiat,ducato,16500.0,2021,81400.0,diesel,manual,127,coches.net,furgoneta
ford,transit connect,22900.0,2024,23600.0,gasolina,manual,75,coches.net,furgoneta
renault,trafic,33900.0,2024,20900.0,diesel,manual,120,coches.net,furgoneta
nissan,primastar,29900.0,2023,51600.0,electrico,manual,119,coches.net,furgoneta
iveco,daily,19400.0,2019,186100.0,diesel,manual,90,coches.net,furgoneta
hyundai,staria,7500.0,2015,250200.0,diesel,manual,177,coches.net,furgoneta
nissan,nv300,20800.0,2022,82100.0,gasolina,automatica,115,coches.net,furgoneta
ford,transit,31300.0,2022,89900.0,diesel,automatica,105,coches.net,furgoneta
iveco,daily,22100.0,2017,275500.0,electrico,manual,90,coches.net,furgoneta
mercedes-benz,citan,28900.0,2024,23000.0,diesel,manual,130,coches.net,furgoneta
toyota,proace,25900.0,2019,212700.0,diesel,manual,155,coches.net,furgoneta
iveco,daily,30000.0,2019,220000.0,electrico,manual,75,coches.net,furgoneta
man,tge,30300.0,2023,60200.0,electrico,automatica,107,coches.net,furgoneta
nissan,nv200,14000.0,2017,232300.0,diesel,manual,95,coches.net,furgoneta
citroën,jumper,18200.0,2022,71700.0,diesel,manual,160,coches.net,furgoneta
renault,kangoo,13100.0,2020,114200.0,electrico,manual,95,coches.net,furgoneta
renault,kangoo,22600.0,2021,81400.0,diesel,manual,100,coches.net,furgoneta
citroën,jumpy,28400.0,2023,41900.0,diesel,manual,120,coches.net,furgoneta
citroën,jumpy,24400.0,2023,39200.0,diesel,manual,100,coches.net,furgoneta
renault,kangoo,12200.0,2015,322900.0,electrico,manual,85,coches.net,furgoneta
toyota,proace city,20300.0,2021,110400.0,gasolina,manual,110,coches.net,furgoneta
ford,transit,29300.0,2024,31600.0,electrico,manual,125,coches.net,furgoneta
maxus,ev80,36800.0,2023,40700.0,electrico,manual,115,coches.net,furgoneta
peugeot,partner,21000.0,2020,124500.0,diesel,automatica,95,coches.net,furgoneta
renault,trafic,28700.0,2022,65100.0,gasolina,manual,155,coches.net,furgoneta
ford,transit,27500.0,2022,100000.0,diesel,manual,130,coches.net,furgoneta
fiat,doblo cargo,25200.0,2024,21900.0,diesel,manual,90,coches.net,furgoneta
maxus,deliver 9,26200.0,2024,24100.0,diesel,manual,150,coches.net,furgoneta
ford,transit,17500.0,2018,206100.0,diesel,automatica,170,coches.net,furgoneta
ford,transit connect,24100.0,2022,48300.0,diesel,automatica,70,coches.net,furgoneta
renault,trafic,24900.0,2021,110400.0,gasolina,manual,150,coches.net,furgoneta
man,tge,25500.0,2022,70700.0,diesel,automatica,135,coches.net,furgoneta
mercedes-benz,citan,29000.0,2020,99700.0,gas,automatica,120,coches.net,furgoneta
nissan,nv400,14400.0,2021,112100.0,diesel,automatica,145,coches.net,furgoneta
renault,master,22700.0,2021,113300.0,diesel,manual,110,coches.net,furgoneta
nissan,primastar,23900.0,2023,44200.0,diesel,manual,109,coches.net,furgoneta
opel,movano,9800.0,2020,115900.0,diesel,manual,163,coches.net,furgoneta
peugeot,partner,26200.0,2021,74000.0,electrico,automatica,136,coches.net,furgoneta
fiat,scudo,24200.0,2022,87000.0,diesel,manual,145,coches.net,furgoneta
citroën,jumper,7500.0,2018,236400.0,gasolina,manual,140,coches.net,furgoneta
peugeot,boxer,25800.0,2021,99900.0,diesel,manual,165,coches.net,furgoneta
peugeot,partner,27400.0,2023,47600.0,electrico,automatica,136,coches.net,furgoneta
citroën,berlingo,42300.0,2023,42500.0,electrico,automatica,136,coches.net,furgoneta
peugeot,partner,21900.0,2021,57900.0,diesel,automatica,100,coches.net,furgoneta
fiat,ducato,24200.0,2023,43300.0,diesel,manual,160,coches.net,furgoneta
ford,transit courier,22800.0,2022,71700.0,diesel,manual,75,coches.net,furgoneta
renault,master,27300.0,2021,96900.0,diesel,manual,130,coches.net,furgoneta
ford,transit,19200.0,2022,83800.0,diesel,manual,155,coches.net,furgoneta
renault,master,17800.0,2023,52600.0,diesel,automatica,180,coches.net,furgoneta
volkswagen,crafter,26100.0,2022,78800.0,diesel,automatica,140,coches.net,furgoneta
citroën,berlingo,35000.0,2023,42200.0,electrico,manual,136,coches.net,furgoneta
mercedes-benz,citan,19500.0,2017,197100.0,electrico,manual,120,coches.net,furgoneta
nissan,primastar,27100.0,2022,73700.0,diesel,automatica,119,coches.net,furgoneta
volkswagen,transporter,31300.0,2022,69400.0,diesel,manual,110,coches.net,furgoneta
volkswagen,crafter,26400.0,2021,128000.0,electrico,automatica,102,coches.net,furgoneta
citroën,berlingo,22600.0,2021,150000.0,gasolina,manual,100,coches.net,furgoneta
toyota,proace,14100.0,2023,36200.0,diesel,manual,115,coches.net,furgoneta
ford,transit connect,22500.0,2020,149600.0,diesel,manual,100,coches.net,furgoneta
ford,transit,24300.0,2022,85900.0,diesel,automatica,130,coches.net,furgoneta
volkswagen,transporter,25100.0,2020,155800.0,diesel,automatica,110,coches.net,furgoneta
peugeot,expert,31300.0,2023,41800.0,diesel,manual,125,coches.net,furgoneta
peugeot,expert,26700.0,2021,75200.0,gasolina,automatica,145,coches.net,furgoneta
fiat,ducato,16300.0,2021,125600.0,diesel,automatica,130,coches.net,furgoneta
peugeot,expert,16700.0,2018,195600.0,diesel,automatica,100,coches.net,furgoneta
maxus,deliver 9,22100.0,2021,95300.0,diesel,automatica,145,coches.net,furgoneta
ford,transit connect,3360000.0,2020,109300.0,electrico,manual,115,coches.net,furgoneta
citroën,jumpy,24300.0,2023,31400.0,diesel,manual,145,coches.net,furgoneta
fiat,ducato,12100.0,2018,230500.0,diesel,manual,160,coches.net,furgoneta
toyota,proace,21800.0,2021,94000.0,electrico,manual,136,coches.net,furgoneta
iveco,daily,16700.0,2022,64300.0,diesel,manual,75,coches.net,furgoneta
ford,transit connect,21200.0,2021,106700.0,diesel,manual,120,coches.net,furgoneta
citroën,berlingo,14900.0,2018,161300.0,gasolina,manual,105,coches.net,furgoneta
mercedes-benz,citan,23100.0,2020,122200.0,diesel,manual,102,coches.net,furgoneta
ford,transit,27600.0,2024,18600.0,diesel,manual,130,coches.net,furgoneta
fiat,scudo,24700.0,2023,39500.0,diesel,manual,145,coches.net,furgoneta
mercedes-benz,sprinter,31000.0,2020,119700.0,diesel,automatica,140,coches.net,furgoneta
fiat,doblo cargo,25100.0,2024,21400.0,diesel,manual,90,coches.net,furgoneta
renault,master,7500.0,2015,322300.0,diesel,automatica,105,coches.net,furgoneta
opel,combo,19500.0,2021,104200.0,hibrido,manual,115,coches.net,furgoneta
renault,master,26600.0,2021,99200.0,diesel,manual,110,coches.net,furgoneta
nissan,nv300,26300.0,2022,75100.0,diesel,manual,95,coches.net,furgoneta
volkswagen,transporter,18800.0,2017,178900.0,diesel,manual,97,coches.net,furgoneta
peugeot,partner,19500.0,2023,37200.0,gasolina,manual,110,coches.net,furgoneta
citroën,berlingo,17500.0,2018,154000.0,gasolina,manual,105,coches.net,furgoneta
opel,combo,21900.0,2023,37800.0,diesel,manual,95,coches.net,furgoneta
ford,transit,31400.0,2024,20100.0,diesel,manual,155,coches.net,furgoneta
iveco,daily,20800.0,2021,76300.0,hibrido,manual,102,coches.net,furgoneta
peugeot,boxer,9300.0,2019,205000.0,diesel,automatica,140,coches.net,furgoneta
opel,vivaro,22000.0,2022,50900.0,diesel,manual,115,coches.net,furgoneta
renault,master,15300.0,2018,196800.0,diesel,manual,140,coches.net,furgoneta
citroën,jumpy,21000.0,2018,190500.0,electrico,automatica,155,coches.net,furgoneta
mercedes-benz,citan,52000.0,2024,23700.0,electrico,manual,100,coches.net,furgoneta
opel,movano,23400.0,2020,180000.0,diesel,manual,110,coches.net,furgoneta
mercedes-benz,vito,7500.0,2016,228900.0,diesel,manual,90,coches.net,furgoneta
toyota,proace city,13300.0,2021,79500.0,diesel,manual,110,coches.net,furgoneta
fiat,doblo cargo,17700.0,2023,55600.0,gasolina,automatica,105,coches.net,furgoneta
ford,transit connect,27600.0,2024,20200.0,diesel,automatica,100,coches.net,furgoneta
volkswagen,caddy,24700.0,2023,38600.0,gasolina,manual,109,coches.net,furgoneta
peugeot,boxer,20800.0,2023,47000.0,diesel,manual,145,coches.net,furgoneta
renault,trafic,10400.0,2018,121200.0,diesel,manual,90,coches.net,furgoneta
fiat,scudo,29000.0,2023,37800.0,diesel,manual,150,coches.net,furgoneta
ford,transit,1220000.0,2020,113600.0,diesel,manual,155,coches.net,furgoneta
renault,kangoo,27000.0,2021,104800.0,electrico,automatica,90,coches.net,furgoneta
nissan,primastar,23000.0,2022,81200.0,gasolina,manual,119,coches.net,furgoneta
citroën,berlingo,22300.0,2022,86600.0,electrico,manual,131,coches.net,furgoneta
toyota,proace,16800.0,2016,184500.0,electrico,manual,155,coches.net,furgoneta
ford,transit connect,20000.0,2021,115300.0,diesel,automatica,120,coches.net,furgoneta
volkswagen,crafter,9500.0,2015,230900.0,diesel,manual,97,coches.net,furgoneta
nissan,nv300,18500.0,2022,64400.0,diesel,manual,95,coches.net,furgoneta
fiat,ducato,21000.0,2022,89900.0,hibrido,manual,130,coches.net,furgoneta
ford,transit courier,23100.0,2023,37800.0,gasolina,manual,100,coches.net,furgoneta
opel,vivaro,22000.0,2021,90900.0,diesel,manual,100,coches.net,furgoneta
nissan,nv300,18600.0,2021,126100.0,diesel,manual,120,coches.net,furgoneta
renault,trafic,32400.0,2024,27900.0,gasolina,automatica,115,coches.net,furgoneta
hyundai,staria,28400.0,2019,122300.0,diesel,manual,172,coches.net,furgoneta
hyundai,h350,19800.0,2023,34100.0,hibrido,manual,136,coches.net,furgoneta
ford,transit connect,20300.0,2022,70200.0,diesel,automatica,120,coches.net,furgoneta
nissan,primastar,21500.0,2023,57200.0,gasolina,manual,114,coches.net,furgoneta
nissan,nv200,17900.0,2020,110700.0,diesel,manual,90,coches.net,furgoneta
fiat,ducato,23700.0,2020,136400.0,diesel,manual,135,coches.net,furgoneta
opel,combo,29300.0,2020,151400.0,gasolina,manual,110,coches.net,furgoneta
ford,transit connect,13300.0,2019,143700.0,diesel,manual,75,coches.net,furgoneta
citroën,jumpy,26600.0,2022,67600.0,gasolina,manual,100,coches.net,furgoneta
peugeot,partner,26200.0,2024,27300.0,gasolina,manual,100,coches.net,furgoneta
peugeot,partner,7500.0,2017,220300.0,electrico,manual,141,coches.net,furgoneta
citroën,jumper,18600.0,2022,89700.0,diesel,manual,145,coches.net,furgoneta
volkswagen,crafter,28600.0,2023,50300.0,gas,manual,182,coches.net,furgoneta
ford,transit,16000.0,2020,139000.0,gas,manual,105,coches.net,furgoneta
peugeot,expert,26200.0,2023,48900.0,diesel,manual,95,coches.net,furgoneta
citroën,jumper,23200.0,2023,56900.0,diesel,manual,130,coches.net,furgoneta
maxus,ev80,26200.0,2023,55900.0,electrico,manual,120,coches.net,furgoneta
nissan,nv200,22200.0,2019,192000.0,electrico,automatica,90,coches.net,furgoneta
volkswagen,crafter,32500.0,2024,18100.0,gasolina,manual,140,coches.net,furgoneta
man,tge,23100.0,2019,159000.0,diesel,automatica,97,coches.net,furgoneta
ford,transit courier,20100.0,2021,112200.0,gasolina,manual,100,coches.net,furgoneta
mercedes-benz,citan,30500.0,2023,43600.0,diesel,automatica,150,coches.net,furgoneta
mercedes-benz,citan,30600.0,2022,91300.0,diesel,manual,90,coches.net,furgoneta
volkswagen,crafter,33200.0,2021,101200.0,diesel,manual,102,coches.net,furgoneta
ford,transit connect,16100.0,2020,104900.0,diesel,manual,100,coches.net,furgoneta
nissan,nv400,16700.0,2018,149900.0,diesel,automatica,105,coches.net,furgoneta
opel,combo,21700.0,2019,136200.0,hibrido,manual,110,coches.net,furgoneta
mercedes-benz,vito,34300.0,2022,77900.0,hibrido,manual,150,coches.net,furgoneta
peugeot,expert,28200.0,2023,44200.0,diesel,manual,150,coches.net,furgoneta
ford,transit connect,17200.0,2019,166200.0,gasolina,manual,125,coches.net,furgoneta
iveco,daily,17600.0,2021,90600.0,electrico,manual,102,coches.net,furgoneta
hyundai,staria,20100.0,2022,82900.0,diesel,manual,177,coches.net,furgoneta
nissan,nv300,21800.0,2022,99600.0,hibrido,manual,125,coches.net,furgoneta
citroën,jumpy,11800.0,2023,43600.0,gasolina,manual,100,coches.net,furgoneta
renault,master,33100.0,2024,21600.0,hibrido,automatica,140,coches.net,furgoneta
peugeot,boxer,23200.0,2024,19100.0,diesel,automatica,140,coches.net,furgoneta
iveco,daily,25000.0,2023,33400.0,diesel,manual,100,coches.net,furgoneta
ford,transit courier,22500.0,2023,43100.0,gasolina,manual,100,coches.net,furgoneta
ford,transit connect,21600.0,2022,61200.0,diesel,manual,75,coches.net,furgoneta
ford,transit connect,18400.0,2021,92900.0,diesel,manual,75,coches.net,furgoneta
iveco,daily,19600.0,2019,141300.0,electrico,manual,90,coches.net,furgoneta
fiat,doblo cargo,22700.0,2023,45900.0,diesel,manual,105,coches.net,furgoneta
renault,master,24900.0,2024,28200.0,gasolina,automatica,185,coches.net,furgoneta
volkswagen,transporter,29900.0,2023,48200.0,hibrido,manual,150,coches.net,furgoneta
iveco,daily,36400.0,2023,53500.0,electrico,automatica,110,coches.net,furgoneta
volkswagen,transporter,20100.0,2020,133300.0,diesel,manual,115,coches.net,furgoneta
mercedes-benz,citan,34500.0,2022,56400.0,diesel,automatica,102,coches.net,furgoneta
toyota,proace,37800.0,2024,20600.0,electrico,automatica,136,coches.net,furgoneta
renault,trafic,9400.0,2016,262900.0,diesel,manual,150,coches.net,furgoneta
hyundai,staria,13700.0,2019,118900.0,diesel,automatica,182,coches.net,furgoneta
iveco,daily,29300.0,2021,98000.0,diesel,manual,90,coches.net,furgoneta
citroën,jumpy,17800.0,2022,45700.0,diesel,manual,120,coches.net,furgoneta
volkswagen,transporter,13800.0,2020,153100.0,diesel,automatica,155,coches.net,furgoneta
nissan,nv400,24600.0,2024,18200.0,diesel,manual,105,coches.net,furgoneta
peugeot,expert,22500.0,2023,44600.0,diesel,manual,105,coches.net,furgoneta
ford,transit,19400.0,2021,96500.0,diesel,manual,130,coches.net,furgoneta
fiat,ducato,18400.0,2021,98700.0,diesel,manual,155,coches.net,furgoneta
nissan,nv400,13500.0,2018,219200.0,diesel,manual,140,coches.net,furgoneta
peugeot,expert,19200.0,2021,96200.0,diesel,automatica,155,coches.net,furgoneta
maxus,deliver 9,21800.0,2019,154800.0,diesel,manual,155,coches.net,furgoneta
citroën,berlingo,16400.0,2018,192700.0,gasolina,manual,100,coches.net,furgoneta
nissan,nv300,18200.0,2022,82600.0,diesel,manual,120,coches.net,furgoneta
ford,transit connect,23700.0,2021,78100.0,diesel,manual,120,coches.net,furgoneta
iveco,daily,22800.0,2020,126300.0,diesel,manual,75,coches.net,furgoneta
peugeot,boxer,26500.0,2022,91400.0,gas,manual,135,coches.net,furgoneta
fiat,ducato,26000.0,2022,85700.0,hibrido,automatica,155,coches.net,furgoneta
citroën,jumper,15900.0,2020,92500.0,diesel,manual,135,coches.net,furgoneta
opel,combo,22500.0,2020,163700.0,diesel,manual,110,coches.net,furgoneta
renault,trafic,27300.0,2023,59000.0,diesel,manual,120,coches.net,furgoneta
maxus,deliver 9,12900.0,2019,181300.0,gasolina,manual,145,coches.net,furgoneta
fiat,doblo cargo,20100.0,2024,24300.0,diesel,manual,110,coches.net,furgoneta
mercedes-benz,citan,35400.0,2023,36200.0,diesel,manual,150,coches.net,furgoneta
opel,movano,33800.0,2023,58800.0,diesel,manual,145,coches.net,furgoneta
citroën,jumpy,20100.0,2023,44400.0,gasolina,manual,145,coches.net,furgoneta
opel,movano,11600.0,2016,340000.0,diesel,manual,163,coches.net,furgoneta
ford,transit connect,29200.0,2023,44200.0,electrico,manual,75,coches.net,furgoneta
volkswagen,transporter,25400.0,2021,125700.0,diesel,manual,97,coches.net,furgoneta
nissan,nv200,19400.0,2019,189800.0,diesel,manual,90,coches.net,furgoneta
fiat,ducato,13800.0,2016,218000.0,diesel,manual,122,coches.net,furgoneta
ford,transit connect,12100.0,2020,141800.0,electrico,manual,75,coches.net,furgoneta
volkswagen,crafter,16800.0,2022,70000.0,diesel,manual,145,coches.net,furgoneta
mercedes-benz,sprinter,37100.0,2023,51700.0,diesel,automatica,102,coches.net,furgoneta
mercedes-benz,citan,33400.0,2020,139700.0,diesel,manual,130,coches.net,furgoneta
opel,combo,27000.0,2023,36000.0,diesel,automatica,115,coches.net,furgoneta
ford,transit,29300.0,2024,21600.0,hibrido,manual,155,coches.net,furgoneta
mercedes-benz,vito,13000.0,2017,146200.0,gasolina,manual,90,coches.net,furgoneta
ford,transit,17400.0,2018,133700.0,diesel,manual,110,coches.net,furgoneta
peugeot,boxer,11300.0,2017,185400.0,diesel,manual,140,coches.net,furgoneta
renault,trafic,7500.0,2021,70200.0,diesel,automatica,120,coches.net,furgoneta
fiat,ducato,13100.0,2021,129700.0,gasolina,manual,160,coches.net,furgoneta
renault,kangoo,29300.0,2021,100000.0,diesel,manual,70,coches.net,furgoneta
volkswagen,transporter,16200.0,2019,126700.0,diesel,automatica,110,coches.net,furgoneta
nissan,nv400,20600.0,2023,44400.0,diesel,manual,140,coches.net,furgoneta
citroën,berlingo,18100.0,2021,81300.0,electrico,manual,136,coches.net,furgoneta
toyota,proace city,14400.0,2021,84200.0,diesel,manual,100,coches.net,furgoneta
man,tge,16300.0,2017,246400.0,diesel,automatica,107,coches.net,furgoneta
peugeot,boxer,20500.0,2019,172800.0,hibrido,automatica,165,coches.net,furgoneta
ford,transit courier,20700.0,2022,92600.0,gasolina,manual,105,coches.net,furgoneta
mercedes-benz,vito,26300.0,2022,66000.0,diesel,manual,140,coches.net,furgoneta
toyota,proace,26400.0,2021,123100.0,diesel,manual,150,coches.net,furgoneta
ford,transit connect,24600.0,2022,93800.0,diesel,manual,105,coches.net,furgoneta
renault,trafic,23800.0,2021,122700.0,diesel,manual,90,coches.net,furgoneta
nissan,nv200,30800.0,2024,28700.0,electrico,manual,105,coches.net,furgoneta
ford,transit courier,24200.0,2021,99900.0,gasolina,manual,105,coches.net,furgoneta
volkswagen,caddy,27700.0,2024,16000.0,diesel,manual,102,coches.net,furgoneta
iveco,daily,21300.0,2019,178900.0,hibrido,manual,110,coches.net,furgoneta
mercedes-benz,vito,21700.0,2020,112900.0,diesel,manual,110,coches.net,furgoneta
mercedes-benz,vito,32500.0,2022,55400.0,diesel,manual,102,coches.net,furgoneta
renault,trafic,11.0,2021,70900.0,diesel,manual,120,coches.net,furgoneta
mercedes-benz,citan,27700.0,2023,49800.0,hibrido,manual,102,coches.net,furgoneta
hyundai,h350,2800000.0,2020,93500.0,electrico,automatica,175,coches.net,furgoneta
maxus,ev80,24000.0,2021,81300.0,electrico,automatica,120,coches.net,furgoneta
ford,transit,23300.0,2022,71100.0,diesel,manual,100,coches.net,furgoneta
toyota,proace,25300.0,2023,36900.0,gas,automatica,125,coches.net,furgoneta
nissan,nv400,21200.0,2023,50300.0,gas,manual,115,coches.net,furgoneta
opel,combo,27300.0,2020,146600.0,diesel,manual,110,coches.net,furgoneta
iveco,daily,32300.0,2023,56000.0,diesel,manual,130,coches.net,furgoneta
peugeot,boxer,19600.0,2018,256200.0,diesel,manual,130,coches.net,furgoneta
volkswagen,crafter,31800.0,2020,119900.0,diesel,automatica,177,coches.net,furgoneta
peugeot,expert,21000.0,2021,79600.0,diesel,automatica,100,coches.net,furgoneta
volkswagen,transporter,31500.0,2023,32600.0,gasolina,manual,107,coches.net,furgoneta
man,tge,21000.0,2023,41400.0,diesel,manual,140,coches.net,furgoneta
nissan,nv200,21500.0,2021,74900.0,diesel,manual,110,coches.net,furgoneta
peugeot,expert,18400.0,2022,63400.0,diesel,manual,100,coches.net,furgoneta
mercedes-benz,vito,15400.0,2019,145400.0,gasolina,automatica,150,coches.net,furgoneta
toyota,proace city,24300.0,2023,50300.0,diesel,manual,95,coches.net,furgoneta
volkswagen,caddy,45600.0,2024,20900.0,diesel,manual,75,coches.net,furgoneta
man,tge,16300.0,2019,173100.0,diesel,manual,140,coches.net,furgoneta
volkswagen,caddy,21800.0,2022,95100.0,diesel,manual,75,coches.net,furgoneta
hyundai,staria,13500.0,2022,65900.0,diesel,automatica,182,coches.net,furgoneta
fiat,doblo cargo,19100.0,2023,47800.0,gasolina,manual,105,coches.net,furgoneta
citroën,berlingo,27000.0,2023,52200.0,gasolina,manual,110,coches.net,furgoneta
toyota,proace city,17100.0,2021,84900.0,diesel,manual,110,coches.net,furgoneta
opel,movano,28000.0,2023,48100.0,diesel,manual,145,coches.net,furgoneta
opel,movano,23500.0,2023,42900.0,diesel,manual,145,coches.net,furgoneta
peugeot,expert,22400.0,2019,210100.0,diesel,automatica,95,coches.net,furgoneta
citroën,berlingo,14300.0,2018,134800.0,gasolina,automatica,110,coches.net,furgoneta
nissan,nv200,17300.0,2020,108000.0,diesel,manual,115,coches.net,furgoneta
opel,combo,12500.0,2020,148500.0,diesel,automatica,110,coches.net,furgoneta
opel,vivaro,15200.0,2021,89200.0,diesel,manual,115,coches.net,furgoneta
opel,vivaro,7500.0,2017,139400.0,diesel,manual,175,coches.net,furgoneta
mercedes-benz,sprinter,11300.0,2015,380000.0,gasolina,manual,110,coches.net,furgoneta
iveco,daily,31700.0,2023,48900.0,diesel,manual,100,coches.net,furgoneta
iveco,daily,19500.0,2021,103700.0,diesel,automatica,130,coches.net,furgoneta
citroën,jumpy,13100.0,2019,201100.0,diesel,manual,115,coches.net,furgoneta
mercedes-benz,sprinter,32000.0,2019,197300.0,diesel,manual,102,coches.net,furgoneta
peugeot,boxer,27200.0,2024,15300.0,diesel,manual,160,coches.net,furgoneta
mercedes-benz,sprinter,31500.0,2022,62500.0,diesel,manual,150,coches.net,furgoneta
nissan,nv400,19100.0,2018,260000.0,diesel,automatica,110,coches.net,furgoneta
citroën,jumper,23400.0,2024,21100.0,diesel,manual,130,coches.net,furgoneta
hyundai,h350,31200.0,2022,78600.0,diesel,automatica,141,coches.net,furgoneta
peugeot,expert,26400.0,2022,72800.0,diesel,manual,125,coches.net,furgoneta
nissan,nv300,17700.0,2020,132900.0,diesel,automatica,120,coches.net,furgoneta
fiat,scudo,15400.0,2020,157900.0,diesel,manual,145,coches.net,furgoneta
renault,master,21500.0,2023,44100.0,diesel,manual,135,coches.net,furgoneta
mercedes-benz,sprinter,39000.0,2021,101700.0,electrico,manual,90,coches.net,furgoneta
toyota,proace city,35700.0,2024,19700.0,diesel,manual,110,coches.net,furgoneta
toyota,proace city,12800.0,2016,297300.0,electrico,manual,110,coches.net,furgoneta
volkswagen,transporter,24.0,2018,260000.0,diesel,manual,150,coches.net,furgoneta
ford,transit connect,20700.0,2022,64100.0,gas,manual,115,coches.net,furgoneta
mercedes-benz,citan,35200.0,2023,57400.0,gasolina,manual,102,coches.net,furgoneta
opel,vivaro,29700.0,2022,84800.0,hibrido,manual,100,coches.net,furgoneta
nissan,primastar,20800.0,2022,77600.0,diesel,manual,114,coches.net,furgoneta
opel,combo,16300.0,2021,115000.0,diesel,manual,100,coches.net,furgoneta
peugeot,partner,24100.0,2023,56400.0,gasolina,manual,115,coches.net,furgoneta
toyota,proace,16700.0,2016,241700.0,gasolina,manual,125,coches.net,furgoneta
volkswagen,transporter,22000.0,2022,51600.0,gasolina,manual,102,coches.net,furgoneta
nissan,primastar,23900.0,2022,68500.0,diesel,manual,119,coches.net,furgoneta
volkswagen,caddy,14600.0,2021,126000.0,diesel,manual,75,coches.net,furgoneta
toyota,proace city,35300.0,2023,55300.0,diesel,manual,95,coches.net,furgoneta
renault,master,12400.0,2016,290300.0,electrico,manual,110,coches.net,furgoneta
hyundai,h350,19800.0,2020,115000.0,diesel,manual,131,coches.net,furgoneta
mercedes-benz,citan,28700.0,2020,105200.0,diesel,manual,140,coches.net,furgoneta
opel,vivaro,41200.0,2023,51500.0,electrico,automatica,115,coches.net,furgoneta
hyundai,staria,33600.0,2024,21700.0,hibrido,manual,177,coches.net,furgoneta
nissan,nv300,30200.0,2022,70800.0,diesel,manual,120,coches.net,furgoneta
opel,movano,22400.0,2021,96000.0,diesel,manual,168,coches.net,furgoneta
renault,trafic,17600.0,2020,124000.0,gasolina,manual,85,coches.net,furgoneta
ford,transit courier,30500.0,2023,41500.0,gasolina,manual,95,coches.net,furgoneta
opel,movano,8100.0,2017,188800.0,diesel,manual,163,coches.net,furgoneta
man,tge,34400.0,2024,20500.0,diesel,manual,107,coches.net,furgoneta
fiat,scudo,27800.0,2020,121000.0,electrico,manual,125,coches.net,furgoneta
renault,trafic,10000.0,2015,202100.0,diesel,manual,145,coches.net,furgoneta
ford,transit courier,7500.0,2015,208900.0,diesel,manual,75,coches.net,furgoneta
peugeot,expert,20200.0,2018,258900.0,diesel,manual,150,coches.net,furgoneta
ford,transit courier,19500.0,2020,79900.0,diesel,manual,75,coches.net,furgoneta
iveco,daily,25700.0,2022,65900.0,diesel,manual,140,coches.net,furgoneta
nissan,nv300,28900.0,2024,28100.0,diesel,manual,115,coches.net,furgoneta
peugeot,expert,8800.0,2017,281000.0,gasolina,manual,120,coches.net,furgoneta
peugeot,partner,17700.0,2017,179200.0,electrico,manual,131,coches.net,furgoneta
hyundai,staria,22000.0,2019,126400.0,diesel,manual,172,coches.net,furgoneta
renault,trafic,23000.0,2021,98700.0,electrico,manual,115,coches.net,furgoneta
iveco,daily,37000.0,2024,23000.0,diesel,manual,90,coches.net,furgoneta
iveco,daily,26600.0,2022,39800.0,diesel,manual,140,coches.net,furgoneta
mercedes-benz,citan,35100.0,2022,59600.0,diesel,manual,75,coches.net,furgoneta
nissan,nv400,18800.0,2024,27300.0,diesel,manual,145,coches.net,furgoneta
ford,transit,25300.0,2023,38200.0,gasolina,manual,135,coches.net,furgoneta
ford,transit courier,29100.0,2023,49500.0,diesel,manual,75,coches.net,furgoneta
volkswagen,caddy,15500.0,2020,162600.0,diesel,manual,70,coches.net,furgoneta
mercedes-benz,sprinter,28400.0,2024,27200.0,gasolina,automatica,130,coches.net,furgoneta
mercedes-benz,sprinter,25100.0,2019,105500.0,electrico,manual,120,coches.net,furgoneta
renault,trafic,20900.0,2017,211900.0,electrico,manual,85,coches.net,furgoneta
maxus,deliver 9,13500.0,2017,235700.0,diesel,manual,150,coches.net,furgoneta
fiat,doblo cargo,17900.0,2016,177300.0,diesel,manual,95,coches.net,furgoneta
mercedes-benz,sprinter,31600.0,2022,78100.0,hibrido,manual,90,coches.net,furgoneta
citroën,jumper,16800.0,2020,118100.0,diesel,manual,130,coches.net,furgoneta
fiat,ducato,17400.0,2021,92100.0,diesel,manual,127,coches.net,furgoneta
opel,combo,23100.0,2023,40900.0,diesel,manual,105,coches.net,furgoneta
iveco,daily,21600.0,2023,56600.0,diesel,automatica,120,coches.net,furgoneta
iveco,daily,28300.0,2023,43000.0,gasolina,manual,90,coches.net,furgoneta
fiat,scudo,12300.0,2022,68300.0,diesel,manual,150,coches.net,furgoneta
opel,movano,27400.0,2022,59800.0,gasolina,manual,110,coches.net,furgoneta
fiat,doblo cargo,13600.0,2018,211500.0,electrico,manual,90,coches.net,furgoneta
iveco,daily,15000.0,2022,58600.0,diesel,manual,130,coches.net,furgoneta
volkswagen,transporter,23000.0,2019,127600.0,diesel,manual,199,coches.net,furgoneta
citroën,jumpy,10100.0,2016,262400.0,diesel,automatica,120,coches.net,furgoneta
fiat,doblo cargo,17700.0,2017,253800.0,diesel,manual,100,coches.net,furgoneta
toyota,proace city,29500.0,2023,40400.0,hibrido,manual,100,coches.net,furgoneta
iveco,daily,26400.0,2021,134800.0,diesel,manual,100,coches.net,furgoneta
nissan,nv400,29100.0,2022,90200.0,electrico,manual,140,coches.net,furgoneta
nissan,nv400,32300.0,2024,20400.0,diesel,automatica,110,coches.net,furgoneta
toyota,proace,37100.0,2022,64000.0,electrico,manual,136,coches.net,furgoneta
peugeot,expert,20400.0,2020,77700.0,diesel,manual,115,coches.net,furgoneta
iveco,daily,39400.0,2023,35800.0,diesel,manual,150,coches.net,furgoneta
opel,movano,19600.0,2019,181400.0,diesel,manual,150,coches.net,furgoneta
man,tge,31800.0,2022,81500.0,diesel,manual,102,coches.net,furgoneta
renault,kangoo,17900.0,2019,187200.0,electrico,manual,90,coches.net,furgoneta
citroën,berlingo,21900.0,2024,22100.0,gasolina,manual,110,coches.net,furgoneta
ford,transit courier,22200.0,2022,64600.0,diesel,automatica,70,coches.net,furgoneta
toyota,proace,26200.0,2020,123500.0,diesel,manual,145,coches.net,furgoneta
mercedes-benz,citan,27200.0,2022,82300.0,diesel,manual,100,coches.net,furgoneta
mercedes-benz,vito,15500.0,2022,61200.0,diesel,manual,102,coches.net,furgoneta
fiat,ducato,20600.0,2023,49500.0,diesel,manual,160,coches.net,furgoneta
ford,transit courier,28600.0,2024,15500.0,gasolina,automatica,100,coches.net,furgoneta
ford,transit,21200.0,2021,76500.0,diesel,automatica,130,coches.net,furgoneta
ford,transit connect,11000.0,2017,194700.0,diesel,manual,75,coches.net,furgoneta
citroën,jumpy,17700.0,2022,64900.0,diesel,manual,100,coches.net,furgoneta
toyota,proace,26900.0,2022,55900.0,diesel,manual,120,coches.net,furgoneta
volkswagen,transporter,16800.0,2018,190600.0,diesel,manual,204,coches.net,furgoneta
volkswagen,transporter,27600.0,2023,50100.0,diesel,manual,150,coches.net,furgoneta
volkswagen,transporter,28800.0,2023,42500.0,diesel,manual,115,coches.net,furgoneta
nissan,nv300,28600.0,2019,137500.0,electrico,manual,120,coches.net,furgoneta
volkswagen,transporter,22200.0,2021,102700.0,diesel,manual,97,coches.net,furgoneta
citroën,berlingo,20300.0,2020,120400.0,gasolina,manual,110,coches.net,furgoneta
nissan,nv300,7500.0,2017,193000.0,gasolina,automatica,120,coches.net,furgoneta
ford,transit courier,15700.0,2015,277400.0,diesel,manual,75,coches.net,furgoneta
mercedes-benz,vito,22900.0,2019,143800.0,diesel,manual,75,coches.net,furgoneta
mercedes-benz,citan,21600.0,2021,105400.0,diesel,automatica,150,coches.net,furgoneta
fiat,ducato,28600.0,2024,20100.0,diesel,automatica,130,coches.net,furgoneta
citroën,jumpy,29300.0,2023,36500.0,diesel,automatica,105,coches.net,furgoneta
iveco,daily,13200.0,2019,135500.0,gas,manual,90,coches.net,furgoneta
maxus,ev80,26300.0,2020,133400.0,electrico,manual,125,coches.net,furgoneta
volkswagen,transporter,16800.0,2019,140500.0,gas,manual,204,coches.net,furgoneta
citroën,jumper,15400.0,2020,65500.0,diesel,manual,130,coches.net,furgoneta
volkswagen,caddy,42600.0,2023,61300.0,gasolina,manual,119,coches.net,furgoneta
nissan,primastar,21600.0,2023,44800.0,diesel,manual,119,coches.net,furgoneta
iveco,daily,22400.0,2022,82800.0,diesel,manual,110,coches.net,furgoneta
iveco,daily,18600.0,2016,165800.0,diesel,automatica,102,coches.net,furgoneta
opel,vivaro,29400.0,2022,64200.0,diesel,manual,100,coches.net,furgoneta
opel,movano,22800.0,2023,56900.0,diesel,manual,110,coches.net,furgoneta
ford,transit,18000.0,2021,72700.0,diesel,manual,155,coches.net,furgoneta
fiat,scudo,27300.0,2023,69900.0,diesel,manual,150,coches.net,furgoneta
toyota,proace,27800.0,2024,22600.0,diesel,manual,150,coches.net,furgoneta
volkswagen,caddy,37500.0,2024,15600.0,diesel,automatica,102,coches.net,furgoneta
mercedes-benz,sprinter,20300.0,2018,148200.0,diesel,manual,140,coches.net,furgoneta
nissan,nv400,22900.0,2023,44100.0,hibrido,manual,115,coches.net,furgoneta
volkswagen,caddy,14800.0,2020,172600.0,diesel,manual,75,coches.net,furgoneta
volkswagen,caddy,21200.0,2018,256400.0,diesel,manual,70,coches.net,furgoneta
nissan,nv300,23300.0,2021,69400.0,diesel,manual,95,coches.net,furgoneta
mercedes-benz,sprinter,26800.0,2022,85500.0,diesel,manual,90,coches.net,furgoneta
mercedes-benz,citan,22900.0,2018,177100.0,electrico,manual,140,coches.net,furgoneta
volkswagen,transporter,34700.0,2023,55100.0,diesel,manual,102,coches.net,furgoneta
opel,vivaro,17200.0,2021,79300.0,diesel,manual,175,coches.net,furgoneta
opel,movano,26500.0,2024,26600.0,diesel,manual,168,coches.net,furgoneta
ford,transit courier,20600.0,2022,61600.0,gasolina,manual,100,coches.net,furgoneta
opel,vivaro,24600.0,2021,99900.0,diesel,manual,100,coches.net,furgoneta
citroën,berlingo,20700.0,2023,48200.0,diesel,manual,100,coches.net,furgoneta
volkswagen,crafter,25600.0,2021,48100.0,diesel,manual,145,coches.net,furgoneta
citroën,jumpy,17900.0,2023,47600.0,diesel,manual,120,coches.net,furgoneta
ford,transit courier,29700.0,2021,126800.0,gasolina,manual,100,coches.net,furgoneta
renault,kangoo,26000.0,2022,60200.0,diesel,manual,75,coches.net,furgoneta
ford,transit connect,25600.0,2020,123800.0,diesel,automatica,100,coches.net,furgoneta
mercedes-benz,citan,26300.0,2023,51400.0,diesel,manual,102,coches.net,furgoneta
volkswagen,crafter,18900.0,2020,119800.0,diesel,automatica,182,coches.net,furgoneta
toyota,proace city,28700.0,2022,73700.0,gas,manual,105,coches.net,furgoneta
renault,trafic,15500.0,2020,95800.0,gas,manual,115,coches.net,furgoneta
peugeot,boxer,8300.0,2018,173500.0,gas,manual,145,coches.net,furgoneta
ford,transit,33700.0,2023,65500.0,diesel,manual,150,coches.net,furgoneta
toyota,proace,9900.0,2015,380000.0,diesel,manual,150,coches.net,furgoneta
mercedes-benz,vito,23000.0,2021,112000.0,diesel,manual,100,coches.net,furgoneta
opel,vivaro,9100.0,2019,103700.0,diesel,manual,100,coches.net,furgoneta
renault,kangoo,20500.0,2020,112900.0,diesel,manual,75,coches.net,furgoneta
ford,transit courier,11600.0,2015,181200.0,diesel,automatica,75,coches.net,furgoneta
volkswagen,caddy,30000.0,2023,56000.0,diesel,automatica,75,coches.net,furgoneta
peugeot,expert,22600.0,2022,54500.0,diesel,manual,100,coches.net,furgoneta
ford,transit courier,12600.0,2020,98900.0,diesel,manual,70,coches.net,furgoneta
fiat,scudo,17200.0,2020,163000.0,electrico,manual,120,coches.net,furgoneta
mercedes-benz,sprinter,33000.0,2023,41400.0,diesel,manual,100,coches.net,furgoneta
mercedes-benz,citan,19800.0,2022,79800.0,diesel,automatica,90,coches.net,furgoneta
nissan,nv200,34000.0,2024,24700.0,diesel,manual,110,coches.net,furgoneta
peugeot,partner,26300.0,2022,78700.0,electrico,manual,136,coches.net,furgoneta
citroën,jumpy,29100.0,2024,26800.0,electrico,manual,105,coches.net,furgoneta
ford,transit,28400.0,2023,38900.0,diesel,automatica,105,coches.net,furgoneta
volkswagen,transporter,25000.0,2020,162900.0,diesel,manual,150,coches.net,furgoneta
fiat,scudo,28700.0,2024,20700.0,diesel,manual,150,coches.net,furgoneta
ford,transit connect,12900.0,2022,78000.0,diesel,manual,120,coches.net,furgoneta
ford,transit,29400.0,2024,31700.0,diesel,manual,135,coches.net,furgoneta
hyundai,staria,14000.0,2020,134500.0,diesel,manual,182,coches.net,furgoneta
iveco,daily,27600.0,2022,73600.0,diesel,manual,90,coches.net,furgoneta
volkswagen,crafter,29200.0,2023,43000.0,diesel,manual,145,coches.net,furgoneta
ford,transit courier,40200.0,2023,40600.0,gasolina,manual,100,coches.net,furgoneta
volkswagen,caddy,15300.0,2016,281900.0,diesel,automatica,70,coches.net,furgoneta
fiat,scudo,17900.0,2016,192300.0,diesel,manual,125,coches.net,furgoneta
ford,transit connect,18400.0,2020,116400.0,diesel,manual,75,coches.net,furgoneta
man,tge,28800.0,2020,144500.0,electrico,manual,140,coches.net,furgoneta
mercedes-benz,citan,23800.0,2021,48100.0,hibrido,manual,100,coches.net,furgoneta
citroën,jumper,22900.0,2022,67300.0,diesel,manual,135,coches.net,furgoneta
mercedes-benz,sprinter,25800.0,2018,236200.0,electrico,automatica,120,coches.net,furgoneta
man,tge,25700.0,2023,61500.0,diesel,manual,102,coches.net,furgoneta
peugeot,partner,23400.0,2023,50800.0,gasolina,manual,110,coches.net,furgoneta
man,tge,27900.0,2024,26900.0,diesel,manual,97,coches.net,furgoneta
ford,transit courier,25300.0,2022,91500.0,diesel,automatica,70,coches.net,furgoneta
peugeot,expert,15400.0,2024,22500.0,gasolina,manual,120,coches.net,furgoneta
fiat,doblo cargo,15800.0,2020,143000.0,diesel,automatica,105,coches.net,furgoneta
hyundai,h350,8800.0,2016,286100.0,diesel,manual,170,coches.net,furgoneta
fiat,ducato,42900.0,2023,33800.0,electrico,manual,155,coches.net,furgoneta
peugeot,partner,21300.0,2024,25800.0,hibrido,manual,105,coches.net,furgoneta
citroën,berlingo,26800.0,2022,41900.0,electrico,manual,136,coches.net,furgoneta
iveco,daily,16300.0,2023,53400.0,diesel,manual,150,coches.net,furgoneta
renault,kangoo,23400.0,2021,118100.0,electrico,manual,95,coches.net,furgoneta
hyundai,staria,18000.0,2024,26800.0,diesel,manual,177,coches.net,furgoneta
ford,transit courier,29200.0,2023,44300.0,diesel,manual,80,coches.net,furgoneta
volkswagen,crafter,13600.0,2018,127800.0,diesel,manual,177,coches.net,furgoneta
ford,transit courier,35000.0,2023,29400.0,diesel,manual,75,coches.net,furgoneta
mercedes-benz,sprinter,29600.0,2021,98100.0,diesel,manual,130,coches.net,furgoneta
man,tge,17500.0,2022,87200.0,diesel,automatica,140,coches.net,furgoneta
fiat,ducato,13400.0,2017,247100.0,diesel,automatica,122,coches.net,furgoneta
renault,master,25700.0,2024,21400.0,diesel,manual,180,coches.net,furgoneta
renault,kangoo,25700.0,2021,102300.0,electrico,manual,90,coches.net,furgoneta
ford,transit courier,22900.0,2020,172800.0,gas,automatica,75,coches.net,furgoneta
renault,trafic,31700.0,2024,25900.0,diesel,manual,120,coches.net,furgoneta
man,tge,30600.0,2022,77300.0,gas,automatica,140,coches.net,furgoneta
ford,transit connect,25400.0,2024,27500.0,diesel,manual,75,coches.net,furgoneta
ford,transit courier,18000.0,2021,126300.0,gasolina,manual,100,coches.net,furgoneta
fiat,scudo,23600.0,2022,53400.0,diesel,manual,120,coches.net,furgoneta
mercedes-benz,citan,14700.0,2018,183500.0,electrico,manual,130,coches.net,furgoneta
toyota,proace city,15600.0,2020,164800.0,diesel,automatica,105,coches.net,furgoneta
iveco,daily,12800.0,2021,111800.0,diesel,automatica,140,coches.net,furgoneta
man,tge,15400.0,2020,102400.0,diesel,manual,102,coches.net,furgoneta
citroën,jumper,7500.0,2016,275600.0,diesel,automatica,140,coches.net,furgoneta
ford,transit,28100.0,2020,168900.0,hibrido,automatica,155,coches.net,furgoneta
man,tge,33900.0,2022,38300.0,hibrido,manual,140,coches.net,furgoneta
opel,movano,7500.0,2020,128800.0,gasolina,manual,140,coches.net,furgoneta
fiat,ducato,19900.0,2022,80300.0,diesel,manual,122,coches.net,furgoneta
citroën,jumper,29300.0,2024,32500.0,diesel,manual,155,coches.net,furgoneta
fiat,ducato,28200.0,2024,20600.0,diesel,manual,117,coches.net,furgoneta
maxus,deliver 9,22200.0,2023,35600.0,electrico,manual,125,coches.net,furgoneta
ford,transit courier,27500.0,2021,102300.0,gasolina,manual,100,coches.net,furgoneta
fiat,scudo,15000.0,2020,177800.0,gas,automatica,120,coches.net,furgoneta
ford,transit connect,22200.0,2023,38200.0,diesel,manual,120,coches.net,furgoneta
toyota,proace,36100.0,2024,10100.0,diesel,manual,120,coches.net,furgoneta
fiat,ducato,9700.0,2017,181200.0,diesel,manual,125,coches.net,furgoneta
fiat,doblo cargo,20100.0,2023,49700.0,diesel,manual,105,coches.net,furgoneta
mercedes-benz,vito,38400.0,2022,61700.0,electrico,automatica,150,coches.net,furgoneta
opel,vivaro,7500.0,2015,291600.0,gas,manual,180,coches.net,furgoneta
maxus,ev80,19900.0,2022,48400.0,electrico,manual,115,coches.net,furgoneta
citroën,berlingo,25800.0,2023,58800.0,diesel,manual,100,coches.net,furgoneta
peugeot,expert,45700.0,2024,21900.0,electrico,manual,100,coches.net,furgoneta
opel,combo,25900.0,2022,72600.0,diesel,automatica,105,coches.net,furgoneta
nissan,nv200,10400.0,2018,230300.0,diesel,automatica,90,coches.net,furgoneta
citroën,jumpy,14800.0,2019,113200.0,diesel,manual,95,coches.net,furgoneta
nissan,primastar,12600.0,2023,43600.0,diesel,manual,119,coches.net,furgoneta
volkswagen,crafter,17100.0,2023,40900.0,diesel,manual,135,coches.net,furgoneta
citroën,berlingo,21200.0,2023,44000.0,gasolina,automatica,110,coches.net,furgoneta
renault,kangoo,29600.0,2023,40300.0,electrico,manual,85,coches.net,furgoneta
ford,transit courier,25200.0,2022,106200.0,electrico,automatica,75,coches.net,furgoneta
iveco,daily,24500.0,2023,52100.0,diesel,automatica,140,coches.net,furgoneta
ford,transit,14000.0,2020,123300.0,diesel,manual,125,coches.net,furgoneta
fiat,scudo,13300.0,2019,137400.0,gasolina,manual,125,coches.net,furgoneta
renault,trafic,14600.0,2022,65400.0,diesel,manual,145,coches.net,furgoneta
iveco,daily,20900.0,2023,39200.0,diesel,manual,102,coches.net,furgoneta
renault,trafic,26700.0,2023,48800.0,diesel,manual,150,coches.net,furgoneta
man,tge,27900.0,2022,60900.0,diesel,automatica,107,coches.net,furgoneta
maxus,ev80,22600.0,2023,38100.0,electrico,manual,115,coches.net,furgoneta
maxus,ev80,15800.0,2017,300000.0,electrico,automatica,120,coches.net,furgoneta
fiat,ducato,14600.0,2016,302100.0,diesel,automatica,122,coches.net,furgoneta
citroën,jumper,27300.0,2023,34200.0,diesel,manual,160,coches.net,furgoneta
renault,master,12400.0,2018,161200.0,diesel,automatica,140,coches.net,furgoneta
volkswagen,crafter,29200.0,2024,23900.0,hibrido,manual,102,coches.net,furgoneta
opel,vivaro,23400.0,2021,98500.0,electrico,automatica,100,coches.net,furgoneta
peugeot,expert,27900.0,2023,48800.0,diesel,automatica,150,coches.net,furgoneta
volkswagen,caddy,27100.0,2024,20000.0,gasolina,manual,114,coches.net,furgoneta
fiat,ducato,24100.0,2022,87400.0,diesel,automatica,125,coches.net,furgoneta
iveco,daily,13900.0,2021,97200.0,diesel,automatica,110,coches.net,furgoneta
maxus,deliver 9,15000.0,2018,209100.0,electrico,automatica,120,coches.net,furgoneta
nissan,nv400,29100.0,2022,80400.0,electrico,automatica,145,coches.net,furgoneta
citroën,jumpy,19900.0,2021,101800.0,diesel,manual,125,coches.net,furgoneta
renault,master,12700.0,2020,101000.0,diesel,manual,110,coches.net,furgoneta
hyundai,staria,22500.0,2020,140000.0,electrico,manual,182,coches.net,furgoneta
renault,master,28000.0,2024,20900.0,gasolina,manual,135,coches.net,furgoneta
mercedes-benz,sprinter,21800.0,2022,78900.0,diesel,manual,90,coches.net,furgoneta
volkswagen,transporter,28100.0,2022,66500.0,diesel,automatica,204,coches.net,furgoneta
citroën,jumpy,22200.0,2023,68500.0,diesel,manual,95,coches.net,furgoneta
iveco,daily,25200.0,2020,150800.0,diesel,manual,102,coches.net,furgoneta
opel,combo,1270000.0,2018,190200.0,diesel,manual,100,coches.net,furgoneta
ford,transit,15800.0,2019,151900.0,diesel,manual,130,coches.net,furgoneta
toyota,proace city,23500.0,2021,114400.0,electrico,manual,100,coches.net,furgoneta
nissan,primastar,25800.0,2020,145400.0,gasolina,manual,114,coches.net,furgoneta
toyota,proace,26000.0,2020,83900.0,electrico,manual,131,coches.net,furgoneta
nissan,nv200,24200.0,2023,42200.0,diesel,manual,110,coches.net,furgoneta
hyundai,staria,23100.0,2024,25700.0,diesel,manual,177,coches.net,furgoneta
mercedes-benz,sprinter,14800.0,2016,179900.0,diesel,manual,100,coches.net,furgoneta
renault,trafic,16000.0,2018,178800.0,gasolina,manual,150,coches.net,furgoneta
ford,transit courier,20500.0,2018,140200.0,gasolina,manual,100,coches.net,furgoneta
peugeot,expert,9000.0,2023,44300.0,diesel,automatica,95,coches.net,furgoneta
fiat,scudo,23300.0,2024,18700.0,diesel,manual,145,coches.net,furgoneta
fiat,doblo cargo,14400.0,2021,94200.0,gasolina,manual,110,coches.net,furgoneta
volkswagen,transporter,11700.0,2018,194800.0,hibrido,manual,199,coches.net,furgoneta
fiat,doblo cargo,13700.0,2016,142600.0,diesel,manual,95,coches.net,furgoneta
man,tge,7900.0,2015,285800.0,diesel,automatica,102,coches.net,furgoneta
opel,combo,26000.0,2023,50400.0,diesel,manual,110,coches.net,furgoneta
citroën,berlingo,15200.0,2018,176400.0,gasolina,manual,100,coches.net,furgoneta
toyota,proace city,19800.0,2019,177900.0,diesel,automatica,110,coches.net,furgoneta
man,tge,19300.0,2018,194600.0,diesel,manual,140,coches.net,furgoneta
renault,master,33200.0,2023,53400.0,diesel,manual,180,coches.net,furgoneta
ford,transit,7500.0,2019,220000.0,diesel,manual,155,coches.net,furgoneta
nissan,nv300,20200.0,2023,41500.0,gasolina,automatica,120,coches.net,furgoneta
volkswagen,transporter,21000.0,2021,108600.0,diesel,automatica,110,coches.net,furgoneta
fiat,scudo,24600.0,2024,25100.0,diesel,manual,120,coches.net,furgoneta
iveco,daily,22700.0,2022,65900.0,electrico,manual,150,coches.net,furgoneta
volkswagen,caddy,12800.0,2015,224200.0,gasolina,manual,114,coches.net,furgoneta
toyota,proace,41800.0,2024,24600.0,electrico,manual,136,coches.net,furgoneta
renault,kangoo,18900.0,2020,102300.0,diesel,automatica,75,coches.net,furgoneta
mercedes-benz,vito,38900.0,2024,25700.0,electrico,manual,120,coches.net,furgoneta
peugeot,boxer,22800.0,2023,45300.0,diesel,automatica,130,coches.net,furgoneta
opel,combo,10000.0,2021,114100.0,diesel,manual,110,coches.net,furgoneta
fiat,doblo cargo,12600.0,2019,196200.0,diesel,manual,105,coches.net,furgoneta
opel,vivaro,27600.0,2022,74600.0,diesel,automatica,100,coches.net,furgoneta
ford,transit,15400.0,2021,71500.0,electrico,manual,175,coches.net,furgoneta
volkswagen,transporter,40700.0,2024,9900.0,electrico,automatica,110,coches.net,furgoneta
citroën,jumper,16000.0,2016,221300.0,diesel,automatica,130,coches.net,furgoneta
peugeot,partner,15900.0,2019,163200.0,gasolina,manual,105,coches.net,furgoneta
renault,master,27200.0,2023,60200.0,electrico,manual,180,coches.net,furgoneta
maxus,deliver 9,21700.0,2019,160900.0,electrico,manual,120,coches.net,furgoneta
ford,transit,15000.0,2017,300000.0,diesel,manual,160,coches.net,furgoneta
ford,transit connect,32100.0,2022,78800.0,diesel,automatica,105,coches.net,furgoneta
citroën,jumper,18100.0,2023,30100.0,diesel,manual,130,coches.net,furgoneta
iveco,daily,22800.0,2021,81700.0,diesel,manual,120,coches.net,furgoneta
mercedes-benz,sprinter,20800.0,2020,94400.0,diesel,manual,75,coches.net,furgoneta
opel,movano,15700.0,2017,220500.0,electrico,manual,145,coches.net,furgoneta
citroën,jumpy,19700.0,2019,200000.0,diesel,manual,155,coches.net,furgoneta
ford,transit connect,22000.0,2023,39100.0,diesel,manual,75,coches.net,furgoneta
renault,trafic,7500.0,2016,300000.0,gasolina,automatica,95,coches.net,furgoneta
renault,master,8100.0,2018,199400.0,diesel,automatica,110,coches.net,furgoneta
iveco,daily,25300.0,2022,96000.0,diesel,manual,90,coches.net,furgoneta
renault,master,20200.0,2020,113300.0,diesel,automatica,145,coches.net,furgoneta
nissan,nv400,21800.0,2023,46200.0,diesel,manual,145,coches.net,furgoneta
nissan,nv200,24800.0,2021,146000.0,diesel,manual,115,coches.net,furgoneta
toyota,proace,18700.0,2019,148900.0,diesel,manual,155,coches.net,furgoneta
mercedes-benz,sprinter,31000.0,2022,35300.0,diesel,automatica,130,coches.net,furgoneta
fiat,scudo,11600.0,2020,172000.0,diesel,manual,150,coches.net,furgoneta
citroën,jumper,22500.0,2023,48000.0,diesel,manual,160,coches.net,furgoneta
iveco,daily,34700.0,2024,21900.0,diesel,manual,100,coches.net,furgoneta
mercedes-benz,vito,19500.0,2018,193000.0,diesel,manual,150,coches.net,furgoneta
nissan,primastar,15300.0,2020,151500.0,diesel,manual,109,coches.net,furgoneta
mercedes-benz,citan,27500.0,2021,94400.0,diesel,manual,102,coches.net,furgoneta
mercedes-benz,sprinter,26600.0,2019,181500.0,electrico,automatica,140,coches.net,furgoneta
ford,transit courier,24900.0,2023,45400.0,hibrido,manual,70,coches.net,furgoneta
man,tge,39300.0,2020,150000.0,hibrido,manual,140,coches.net,furgoneta
ford,transit connect,7500.0,2015,220900.0,hibrido,automatica,115,coches.net,furgoneta
opel,vivaro,19000.0,2021,95700.0,diesel,manual,125,coches.net,furgoneta
volkswagen,caddy,24100.0,2022,66400.0,gasolina,manual,119,coches.net,furgoneta
ford,transit,39600.0,2024,23300.0,electrico,manual,130,coches.net,furgoneta
ford,transit,22400.0,2021,83500.0,diesel,automatica,160,coches.net,furgoneta
mercedes-benz,vito,27000.0,2022,87900.0,diesel,manual,120,coches.net,furgoneta
peugeot,partner,31600.0,2022,73000.0,gasolina,manual,105,coches.net,furgoneta
iveco,daily,15700.0,2020,122500.0,gas,automatica,75,coches.net,furgoneta
mercedes-benz,vito,12000.0,2017,208900.0,diesel,manual,150,coches.net,furgoneta
mercedes-benz,vito,33200.0,2022,38900.0,diesel,manual,140,coches.net,furgoneta
opel,combo,20600.0,2023,58800.0,diesel,manual,100,coches.net,furgoneta
toyota,proace city,13800.0,2019,140500.0,diesel,automatica,105,coches.net,furgoneta
opel,combo,26700.0,2024,15300.0,diesel,manual,100,coches.net,furgoneta
mercedes-benz,sprinter,32800.0,2024,15400.0,gasolina,manual,110,coches.net,furgoneta
ford,transit courier,20000.0,2022,88600.0,diesel,automatica,75,coches.net,furgoneta
opel,combo,39500.0,2023,41800.0,diesel,manual,105,coches.net,furgoneta
volkswagen,caddy,25100.0,2023,37400.0,diesel,manual,75,coches.net,furgoneta
renault,master,27900.0,2022,74900.0,diesel,manual,175,coches.net,furgoneta
peugeot,expert,27700.0,2024,17900.0,diesel,manual,150,coches.net,furgoneta
nissan,primastar,21400.0,2022,80600.0,diesel,manual,109,coches.net,furgoneta
volkswagen,transporter,30500.0,2021,105300.0,electrico,manual,150,coches.net,furgoneta
peugeot,expert,12700.0,2021,124300.0,hibrido,manual,100,coches.net,furgoneta
citroën,jumper,20100.0,2021,89200.0,diesel,manual,160,coches.net,furgoneta
peugeot,boxer,21500.0,2020,152600.0,diesel,manual,130,coches.net,furgoneta
mercedes-benz,vito,27600.0,2020,129400.0,diesel,automatica,102,coches.net,furgoneta
nissan,primastar,17300.0,2022,90300.0,diesel,automatica,119,coches.net,furgoneta
volkswagen,crafter,27700.0,2023,23800.0,diesel,manual,145,coches.net,furgoneta
renault,trafic,22800.0,2022,63500.0,diesel,manual,150,coches.net,furgoneta
renault,master,8100.0,2018,202800.0,diesel,manual,110,coches.net,furgoneta
ford,transit connect,20700.0,2023,38400.0,diesel,automatica,75,coches.net,furgoneta
nissan,nv300,19800.0,2020,146300.0,diesel,manual,115,coches.net,furgoneta
hyundai,h350,29900.0,2021,116800.0,diesel,automatica,136,coches.net,furgoneta
ford,transit courier,23800.0,2022,60700.0,gasolina,automatica,100,coches.net,furgoneta
ford,transit,17700.0,2023,50700.0,diesel,automatica,175,coches.net,furgoneta
renault,master,15300.0,2019,108900.0,electrico,manual,145,coches.net,furgoneta
volkswagen,caddy,21100.0,2021,130000.0,gas,manual,97,coches.net,furgoneta
hyundai,h350,26100.0,2023,55300.0,diesel,manual,175,coches.net,furgoneta
volkswagen,crafter,29700.0,2024,22900.0,diesel,manual,102,coches.net,furgoneta
fiat,scudo,11500.0,2016,192100.0,diesel,manual,120,coches.net,furgoneta
volkswagen,transporter,21500.0,2020,164100.0,diesel,manual,209,coches.net,furgoneta
volkswagen,crafter,25400.0,2022,52800.0,diesel,manual,107,coches.net,furgoneta
peugeot,expert,9400.0,2019,121600.0,gas,automatica,150,coches.net,furgoneta
citroën,berlingo,28400.0,2022,62700.0,electrico,manual,141,coches.net,furgoneta
toyota,proace,27200.0,2020,130500.0,gas,automatica,150,coches.net,furgoneta
ford,transit,27400.0,2024,17800.0,diesel,automatica,130,coches.net,furgoneta
fiat,scudo,28000.0,2024,19300.0,gas,manual,120,coches.net,furgoneta
citroën,jumpy,22200.0,2020,99300.0,gasolina,automatica,155,coches.net,furgoneta
nissan,nv300,20200.0,2023,37100.0,diesel,manual,115,coches.net,furgoneta
ford,transit courier,15900.0,2018,236000.0,diesel,manual,80,coches.net,furgoneta
opel,movano,16600.0,2022,75800.0,diesel,manual,110,coches.net,furgoneta
mercedes-benz,sprinter,21400.0,2022,70200.0,diesel,manual,150,coches.net,furgoneta
citroën,jumper,25600.0,2024,17800.0,diesel,automatica,160,coches.net,furgoneta
mercedes-benz,sprinter,33200.0,2024,30200.0,electrico,manual,120,coches.net,furgoneta
mercedes-benz,citan,28500.0,2023,40400.0,diesel,manual,90,coches.net,furgoneta
volkswagen,crafter,22300.0,2023,35600.0,diesel,manual,107,coches.net,furgoneta
citroën,berlingo,29200.0,2021,63500.0,electrico,automatica,136,coches.net,furgoneta
citroën,berlingo,23500.0,2022,63200.0,diesel,manual,105,coches.net,furgoneta
renault,kangoo,33900.0,2022,90600.0,electrico,manual,90,coches.net,furgoneta
hyundai,h350,34100.0,2024,18100.0,electrico,manual,136,coches.net,furgoneta
peugeot,boxer,20300.0,2021,84600.0,diesel,automatica,140,coches.net,furgoneta
citroën,jumper,20700.0,2020,116400.0,diesel,manual,140,coches.net,furgoneta
hyundai,h350,17700.0,2020,117100.0,diesel,automatica,136,coches.net,furgoneta
iveco,daily,25000.0,2022,67500.0,gasolina,manual,100,coches.net,furgoneta
iveco,daily,26700.0,2022,77800.0,diesel,manual,120,coches.net,furgoneta
nissan,primastar,9000.0,2018,150800.0,diesel,manual,114,coches.net,furgoneta
citroën,jumper,34700.0,2022,74100.0,electrico,manual,140,coches.net,furgoneta
ford,transit connect,23800.0,2021,98500.0,electrico,manual,105,coches.net,furgoneta
toyota,proace city,21000.0,2017,289300.0,diesel,automatica,110,coches.net,furgoneta
peugeot,expert,20200.0,2020,132000.0,diesel,manual,145,coches.net,furgoneta
opel,vivaro,28500.0,2024,29500.0,gasolina,manual,120,coches.net,furgoneta
citroën,jumper,1080000.0,2018,234200.0,diesel,manual,130,coches.net,furgoneta
iveco,daily,16500.0,2017,187800.0,diesel,manual,102,coches.net,furgoneta
volkswagen,crafter,28400.0,2024,23200.0,diesel,manual,135,coches.net,furgoneta
opel,combo,27500.0,2021,100600.0,diesel,manual,100,coches.net,furgoneta
nissan,nv300,23600.0,2022,64600.0,diesel,manual,115,coches.net,furgoneta
fiat,scudo,22800.0,2022,76600.0,diesel,manual,140,coches.net,furgoneta
man,tge,17400.0,2019,168100.0,gas,manual,97,coches.net,furgoneta
ford,transit courier,18400.0,2021,62000.0,hibrido,automatica,75,coches.net,furgoneta
opel,movano,32600.0,2022,58200.0,diesel,automatica,145,coches.net,furgoneta
volkswagen,transporter,25900.0,2021,79400.0,diesel,manual,107,coches.net,furgoneta
peugeot,expert,16600.0,2021,54600.0,diesel,manual,100,coches.net,furgoneta
ford,transit,21600.0,2022,50000.0,diesel,automatica,155,coches.net,furgoneta
volkswagen,transporter,30400.0,2023,56600.0,diesel,manual,204,coches.net,furgoneta
nissan,nv400,16600.0,2021,69400.0,diesel,manual,140,coches.net,furgoneta
citroën,jumpy,22600.0,2020,107400.0,diesel,manual,150,coches.net,furgoneta
ford,transit courier,12900.0,2020,113200.0,hibrido,manual,75,coches.net,furgoneta
opel,combo,27300.0,2024,18900.0,hibrido,manual,95,coches.net,furgoneta
nissan,nv400,19500.0,2020,122200.0,gas,manual,140,coches.net,furgoneta
peugeot,partner,13400.0,2018,154500.0,electrico,manual,131,coches.net,furgoneta
citroën,jumper,17100.0,2017,226100.0,diesel,automatica,125,coches.net,furgoneta
peugeot,partner,34700.0,2022,54800.0,gasolina,manual,105,coches.net,furgoneta
ford,transit courier,15700.0,2016,296100.0,gasolina,manual,100,coches.net,furgoneta
volkswagen,crafter,14700.0,2022,69200.0,diesel,manual,135,coches.net,furgoneta
opel,vivaro,34400.0,2022,85300.0,electrico,automatica,125,coches.net,furgoneta
mercedes-benz,citan,33600.0,2023,54300.0,electrico,manual,150,coches.net,furgoneta
fiat,ducato,24100.0,2022,71900.0,diesel,automatica,117,coches.net,furgoneta
ford,transit connect,20300.0,2021,101300.0,diesel,automatica,100,coches.net,furgoneta
renault,trafic,26600.0,2023,40300.0,diesel,manual,150,coches.net,furgoneta
man,tge,7500.0,2015,251600.0,diesel,manual,102,coches.net,furgoneta
peugeot,partner,24900.0,2019,176300.0,diesel,manual,105,coches.net,furgoneta
opel,combo,11100.0,2016,153300.0,diesel,manual,100,coches.net,furgoneta
man,tge,11500.0,2018,163600.0,diesel,manual,97,coches.net,furgoneta
iveco,daily,25300.0,2020,116200.0,diesel,manual,140,coches.net,furgoneta
peugeot,expert,12600.0,2019,159300.0,gasolina,manual,120,coches.net,furgoneta
ford,transit courier,17100.0,2019,174900.0,diesel,manual,75,coches.net,furgoneta
citroën,jumper,8800.0,2015,174200.0,diesel,automatica,165,coches.net,furgoneta
ford,transit connect,31000.0,2022,45300.0,diesel,manual,105,coches.net,furgoneta
opel,movano,23200.0,2024,22500.0,diesel,manual,105,coches.net,furgoneta
citroën,berlingo,19300.0,2019,168900.0,electrico,automatica,131,coches.net,furgoneta
toyota,proace,23700.0,2022,78500.0,diesel,manual,150,coches.net,furgoneta
peugeot,partner,23700.0,2021,118400.0,diesel,manual,105,coches.net,furgoneta
opel,movano,14000.0,2019,202100.0,diesel,manual,158,coches.net,furgoneta
opel,vivaro,19700.0,2019,97800.0,diesel,manual,180,coches.net,furgoneta
man,tge,31800.0,2022,76200.0,hibrido,manual,140,coches.net,furgoneta
opel,combo,16900.0,2019,133200.0,diesel,automatica,105,coches.net,furgoneta
mercedes-benz,citan,34300.0,2024,22700.0,diesel,manual,130,coches.net,furgoneta
citroën,jumper,11900.0,2017,190800.0,diesel,manual,130,coches.net,furgoneta
mercedes-benz,citan,35200.0,2023,37600.0,hibrido,manual,102,coches.net,furgoneta
fiat,scudo,11700.0,2019,91400.0,diesel,manual,120,coches.net,furgoneta
mercedes-benz,vito,33200.0,2023,48300.0,diesel,automatica,102,coches.net,furgoneta
mercedes-benz,citan,28100.0,2021,106600.0,diesel,manual,140,coches.net,furgoneta
hyundai,staria,17500.0,2022,109700.0,diesel,manual,177,coches.net,furgoneta
fiat,scudo,26700.0,2023,50900.0,diesel,manual,145,coches.net,furgoneta
opel,vivaro,24600.0,2024,22400.0,diesel,manual,100,coches.net,furgoneta
renault,master,8400.0,2016,268100.0,electrico,automatica,130,coches.net,furgoneta
iveco,daily,27400.0,2023,50100.0,diesel,manual,102,coches.net,furgoneta
volkswagen,crafter,15100.0,2019,182000.0,diesel,manual,177,coches.net,furgoneta
citroën,jumpy,20500.0,2019,203800.0,diesel,manual,125,coches.net,furgoneta
man,tge,17600.0,2019,136200.0,diesel,manual,102,coches.net,furgoneta
hyundai,h350,17700.0,2018,159100.0,diesel,automatica,170,coches.net,furgoneta
ford,transit courier,31900.0,2024,16000.0,gasolina,manual,95,coches.net,furgoneta
fiat,scudo,17700.0,2024,19300.0,diesel,manual,150,coches.net,furgoneta
toyota,proace,33500.0,2022,76700.0,electrico,manual,120,coches.net,furgoneta
mercedes-benz,sprinter,29400.0,2021,71500.0,diesel,manual,150,coches.net,furgoneta
renault,trafic,21100.0,2022,83500.0,diesel,manual,150,coches.net,furgoneta
volkswagen,crafter,9500.0,2016,146100.0,gas,automatica,140,coches.net,furgoneta
opel,movano,14000.0,2019,154200.0,diesel,manual,140,coches.net,furgoneta
volkswagen,caddy,43400.0,2024,16100.0,diesel,manual,102,coches.net,furgoneta
hyundai,h350,12100.0,2018,115100.0,diesel,manual,170,coches.net,furgoneta
iveco,daily,24900.0,2021,98700.0,diesel,automatica,75,coches.net,furgoneta
renault,kangoo,17500.0,2016,222300.0,diesel,manual,95,coches.net,furgoneta
renault,master,22400.0,2020,120400.0,gas,automatica,105,coches.net,furgoneta
iveco,daily,30300.0,2021,90100.0,gas,manual,130,coches.net,furgoneta
mercedes-benz,citan,11300.0,2022,55900.0,diesel,manual,110,coches.net,furgoneta
peugeot,expert,17700.0,2021,99300.0,diesel,manual,100,coches.net,furgoneta
volkswagen,caddy,21600.0,2020,134000.0,diesel,manual,75,coches.net,furgoneta
peugeot,partner,13300.0,2021,69700.0,diesel,manual,100,coches.net,furgoneta
renault,master,18300.0,2021,82100.0,hibrido,manual,145,coches.net,furgoneta
renault,trafic,10500.0,2020,140800.0,diesel,manual,115,coches.net,furgoneta
nissan,nv200,22000.0,2022,98500.0,diesel,manual,110,coches.net,furgoneta
renault,trafic,23300.0,2022,82100.0,diesel,automatica,155,coches.net,furgoneta
iveco,daily,30500.0,2021,102400.0,electrico,manual,120,coches.net,furgoneta
toyota,proace city,11500.0,2020,137700.0,diesel,manual,95,coches.net,furgoneta
renault,trafic,16400.0,2022,91400.0,diesel,manual,120,coches.net,furgoneta
peugeot,partner,24500.0,2022,65300.0,gasolina,manual,105,coches.net,furgoneta
opel,vivaro,14700.0,2018,150800.0,diesel,automatica,120,coches.net,furgoneta
opel,movano,18900.0,2023,60100.0,diesel,automatica,140,coches.net,furgoneta
toyota,proace,27700.0,2023,41700.0,diesel,manual,150,coches.net,furgoneta
iveco,daily,13100.0,2015,196900.0,electrico,manual,130,coches.net,furgoneta
iveco,daily,30000.0,2024,29400.0,diesel,automatica,120,coches.net,furgoneta
peugeot,boxer,19700.0,2020,143700.0,gas,manual,165,coches.net,furgoneta
mercedes-benz,citan,28600.0,2022,70500.0,gasolina,manual,110,coches.net,furgoneta
iveco,daily,26200.0,2024,19000.0,diesel,automatica,150,coches.net,furgoneta
volkswagen,caddy,14600.0,2022,67100.0,diesel,manual,102,coches.net,furgoneta
volkswagen,transporter,21100.0,2019,151800.0,hibrido,manual,150,coches.net,furgoneta
renault,kangoo,24300.0,2021,99500.0,diesel,manual,100,coches.net,furgoneta
toyota,proace,23200.0,2021,116700.0,diesel,manual,150,coches.net,furgoneta
iveco,daily,19300.0,2023,45200.0,diesel,manual,130,coches.net,furgoneta
nissan,nv400,16300.0,2024,23100.0,gasolina,manual,105,coches.net,furgoneta
citroën,jumpy,11900.0,2018,182300.0,diesel,manual,115,coches.net,furgoneta
renault,master,16100.0,2019,220000.0,gasolina,automatica,110,coches.net,furgoneta
ford,transit connect,27800.0,2024,28200.0,diesel,manual,120,coches.net,furgoneta
ford,transit courier,21400.0,2021,117700.0,gasolina,automatica,105,coches.net,furgoneta
nissan,nv300,38600.0,2024,24800.0,electrico,manual,90,coches.net,furgoneta
man,tge,35600.0,2024,21500.0,hibrido,manual,140,coches.net,furgoneta
renault,master,29300.0,2024,31500.0,diesel,manual,150,coches.net,furgoneta
volkswagen,crafter,7900.0,2016,144800.0,diesel,manual,140,coches.net,furgoneta
volkswagen,transporter,43700.0,2024,26700.0,electrico,automatica,199,coches.net,furgoneta
iveco,daily,36700.0,2024,21700.0,diesel,manual,150,coches.net,furgoneta
volkswagen,transporter,34700.0,2024,31200.0,diesel,manual,199,coches.net,furgoneta
hyundai,h350,23900.0,2021,130000.0,diesel,automatica,136,coches.net,furgoneta
ford,transit courier,35000.0,2024,24100.0,gasolina,manual,95,coches.net,furgoneta
peugeot,partner,20700.0,2023,45600.0,gasolina,manual,110,coches.net,furgoneta
ford,transit courier,18500.0,2023,55700.0,gasolina,manual,70,coches.net,furgoneta
iveco,daily,23200.0,2022,76900.0,hibrido,manual,75,coches.net,furgoneta
man,tge,28600.0,2020,98900.0,diesel,automatica,107,coches.net,furgoneta
mercedes-benz,sprinter,42800.0,2023,53700.0,electrico,manual,90,coches.net,furgoneta
fiat,ducato,12000.0,2016,274600.0,diesel,automatica,127,coches.net,furgoneta
iveco,daily,11600.0,2022,49200.0,diesel,automatica,110,coches.net,furgoneta
nissan,nv400,27000.0,2023,32800.0,diesel,automatica,110,coches.net,furgoneta
citroën,jumpy,15900.0,2019,195700.0,diesel,manual,150,coches.net,furgoneta
volkswagen,transporter,40200.0,2024,27500.0,diesel,manual,97,coches.net,furgoneta
ford,transit connect,32800.0,2024,26400.0,diesel,manual,120,coches.net,furgoneta
citroën,jumper,11400.0,2018,142600.0,diesel,manual,145,coches.net,furgoneta
mercedes-benz,vito,28500.0,2023,33700.0,diesel,manual,102,coches.net,furgoneta
ford,transit,21400.0,2021,129800.0,diesel,manual,130,coches.net,furgoneta
opel,vivaro,21000.0,2023,52600.0,hibrido,manual,185,coches.net,furgoneta
toyota,proace,28300.0,2022,61000.0,diesel,manual,150,coches.net,furgoneta
ford,transit,15300.0,2019,136900.0,diesel,automatica,105,coches.net,furgoneta
man,tge,31500.0,2024,22800.0,diesel,manual,140,coches.net,furgoneta
fiat,scudo,25600.0,2022,71000.0,diesel,manual,120,coches.net,furgoneta
renault,kangoo,3130000.0,2024,20500.0,diesel,automatica,90,coches.net,furgoneta
nissan,primastar,32600.0,2022,76700.0,electrico,manual,109,coches.net,furgoneta
iveco,daily,9400.0,2017,227900.0,diesel,manual,110,coches.net,furgoneta
opel,combo,17100.0,2023,53600.0,diesel,manual,105,coches.net,furgoneta
iveco,daily,17800.0,2019,156800.0,diesel,manual,110,coches.net,furgoneta
nissan,nv400,2490000.0,2024,21800.0,diesel,manual,110,coches.net,furgoneta
mercedes-benz,citan,40700.0,2023,55200.0,electrico,automatica,150,coches.net,furgoneta
iveco,daily,17600.0,2015,235600.0,gas,manual,100,coches.net,furgoneta
toyota,proace,30600.0,2020,100200.0,diesel,manual,115,coches.net,furgoneta
ford,transit courier,29100.0,2022,68000.0,gasolina,manual,95,coches.net,furgoneta
ford,transit courier,14700.0,2019,148600.0,diesel,manual,70,coches.net,furgoneta
fiat,doblo cargo,7600.0,2018,162700.0,diesel,manual,90,coches.net,furgoneta
hyundai,staria,14900.0,2018,174500.0,diesel,automatica,177,coches.net,furgoneta
opel,movano,29900.0,2023,46500.0,diesel,manual,163,coches.net,furgoneta
mercedes-benz,sprinter,22200.0,2020,151400.0,gasolina,manual,110,coches.net,furgoneta
fiat,ducato,29000.0,2024,28600.0,diesel,manual,130,coches.net,furgoneta
ford,transit courier,21700.0,2021,77800.0,diesel,manual,75,coches.net,furgoneta
renault,master,20200.0,2022,49700.0,diesel,manual,130,coches.net,furgoneta
mercedes-benz,citan,30100.0,2022,58000.0,gas,manual,150,coches.net,furgoneta
opel,combo,16100.0,2020,123000.0,diesel,automatica,115,coches.net,furgoneta
iveco,daily,31900.0,2022,87400.0,diesel,manual,110,coches.net,furgoneta
volkswagen,crafter,27800.0,2022,74100.0,diesel,manual,177,coches.net,furgoneta
volkswagen,transporter,26900.0,2021,91800.0,gasolina,manual,204,coches.net,furgoneta
volkswagen,caddy,7500.0,2020,124700.0,gasolina,manual,109,coches.net,furgoneta
mercedes-benz,vito,32000.0,2022,62300.0,diesel,manual,140,coches.net,furgoneta
man,tge,33700.0,2024,19500.0,diesel,manual,97,coches.net,furgoneta
iveco,daily,11800.0,2022,72100.0,diesel,automatica,90,coches.net,furgoneta
volkswagen,transporter,21400.0,2020,117500.0,diesel,automatica,204,coches.net,furgoneta
volkswagen,transporter,22800.0,2024,17300.0,gas,manual,102,coches.net,furgoneta
renault,kangoo,19200.0,2023,47900.0,diesel,manual,80,coches.net,furgoneta
ford,transit courier,11400.0,2020,110000.0,gasolina,manual,100,coches.net,furgoneta
citroën,berlingo,29900.0,2024,20100.0,electrico,manual,136,coches.net,furgoneta
ford,transit,36500.0,2022,68500.0,electrico,automatica,160,coches.net,furgoneta
citroën,berlingo,9800.0,2016,340000.0,gasolina,automatica,110,coches.net,furgoneta
renault,kangoo,24400.0,2021,81800.0,diesel,automatica,95,coches.net,furgoneta
volkswagen,caddy,25500.0,2024,18100.0,diesel,manual,102,coches.net,furgoneta
peugeot,boxer,7500.0,2018,234400.0,gas,manual,140,coches.net,furgoneta
renault,master,15300.0,2021,119500.0,diesel,manual,185,coches.net,furgoneta
toyota,proace,9800.0,2023,66000.0,gasolina,manual,155,coches.net,furgoneta
maxus,deliver 9,15400.0,2019,185100.0,diesel,manual,155,coches.net,furgoneta
renault,trafic,17300.0,2023,44800.0,gas,automatica,90,coches.net,furgoneta
renault,kangoo,27800.0,2024,14500.0,electrico,manual,90,coches.net,furgoneta
toyota,proace city,27800.0,2024,19000.0,diesel,manual,100,coches.net,furgoneta
nissan,nv400,18400.0,2020,146000.0,diesel,manual,115,coches.net,furgoneta
mercedes-benz,sprinter,16700.0,2017,209000.0,diesel,manual,120,coches.net,furgoneta
volkswagen,caddy,14600.0,2015,316400.0,diesel,manual,75,coches.net,furgoneta
ford,transit courier,34900.0,2023,45400.0,gasolina,manual,100,coches.net,furgoneta
volkswagen,transporter,33100.0,2023,46000.0,hibrido,manual,110,coches.net,furgoneta
iveco,daily,28900.0,2023,48000.0,gas,manual,100,coches.net,furgoneta
renault,trafic,15800.0,2017,188500.0,diesel,manual,90,coches.net,furgoneta
renault,trafic,9400.0,2020,148700.0,diesel,manual,150,coches.net,furgoneta
hyundai,staria,27400.0,2024,20900.0,diesel,manual,177,coches.net,furgoneta
iveco,daily,34200.0,2024,25000.0,gas,manual,90,coches.net,furgoneta
volkswagen,crafter,31500.0,2021,116000.0,diesel,manual,107,coches.net,furgoneta
nissan,nv400,7500.0,2017,209000.0,gas,manual,110,coches.net,furgoneta
man,tge,18800.0,2015,256000.0,diesel,manual,140,coches.net,furgoneta
fiat,ducato,23300.0,2023,59800.0,diesel,manual,155,coches.net,furgoneta
fiat,doblo cargo,15000.0,2020,149200.0,diesel,manual,90,coches.net,furgoneta
ford,transit connect,15600.0,2018,163400.0,diesel,manual,75,coches.net,furgoneta
renault,master,26200.0,2023,61700.0,diesel,manual,140,coches.net,furgoneta
volkswagen,crafter,9400.0,2018,210900.0,diesel,manual,102,coches.net,furgoneta
citroën,berlingo,22500.0,2022,63000.0,electrico,manual,136,coches.net,furgoneta
volkswagen,transporter,29000.0,2023,38000.0,diesel,manual,102,coches.net,furgoneta
opel,combo,26900.0,2023,54900.0,gas,manual,95,coches.net,furgoneta
peugeot,partner,27900.0,2023,46900.0,electrico,manual,136,coches.net,furgoneta
citroën,jumper,32000.0,2022,71900.0,diesel,automatica,140,coches.net,furgoneta
opel,combo,23900.0,2023,55400.0,hibrido,manual,100,coches.net,furgoneta
peugeot,expert,17400.0,2023,55700.0,diesel,manual,150,coches.net,furgoneta
citroën,berlingo,12600.0,2020,81800.0,electrico,manual,136,coches.net,furgoneta
fiat,ducato,26600.0,2020,148200.0,electrico,manual,127,coches.net,furgoneta
volkswagen,crafter,31500.0,2021,135800.0,diesel,automatica,140,coches.net,furgoneta
toyota,proace city,24700.0,2022,82100.0,diesel,manual,110,coches.net,furgoneta
iveco,daily,20200.0,2022,87300.0,diesel,manual,120,coches.net,furgoneta
mercedes-benz,citan,31600.0,2020,120100.0,diesel,manual,90,coches.net,furgoneta
nissan,nv300,7500.0,2015,202900.0,diesel,manual,120,coches.net,furgoneta
ford,transit courier,16900.0,2017,268000.0,gasolina,manual,75,coches.net,furgoneta
fiat,ducato,25500.0,2022,82300.0,diesel,automatica,130,coches.net,furgoneta
peugeot,expert,30600.0,2022,70400.0,electrico,manual,100,coches.net,furgoneta
citroën,berlingo,15500.0,2021,72200.0,electrico,manual,131,coches.net,furgoneta
ford,transit,8800.0,2017,240600.0,diesel,manual,130,coches.net,furgoneta
fiat,scudo,17200.0,2019,139900.0,diesel,manual,120,coches.net,furgoneta
nissan,nv300,33100.0,2024,24200.0,electrico,manual,95,coches.net,furgoneta
peugeot,boxer,39700.0,2024,23800.0,electrico,automatica,140,coches.net,furgoneta
ford,transit,14700.0,2019,157600.0,gasolina,manual,170,coches.net,furgoneta
iveco,daily,12200.0,2018,222800.0,diesel,automatica,102,coches.net,furgoneta
renault,trafic,29800.0,2023,42600.0,diesel,manual,120,coches.net,furgoneta
hyundai,h350,21000.0,2021,100200.0,diesel,automatica,175,coches.net,furgoneta
renault,master,21500.0,2020,103300.0,diesel,manual,110,coches.net,furgoneta
renault,master,28200.0,2022,48900.0,gasolina,manual,180,coches.net,furgoneta
ford,transit courier,29100.0,2024,13600.0,gasolina,automatica,100,coches.net,furgoneta
fiat,ducato,27000.0,2023,52200.0,gas,automatica,122,coches.net,furgoneta
volkswagen,crafter,28700.0,2021,102100.0,diesel,manual,172,coches.net,furgoneta
peugeot,partner,12700.0,2019,138000.0,gasolina,manual,105,coches.net,furgoneta
ford,transit connect,23100.0,2022,53300.0,diesel,manual,120,coches.net,furgoneta
ford,transit connect,23900.0,2022,45900.0,hibrido,manual,100,coches.net,furgoneta
renault,master,17500.0,2021,115100.0,diesel,automatica,185,coches.net,furgoneta
nissan,nv200,22900.0,2022,81600.0,diesel,automatica,95,coches.net,furgoneta
volkswagen,transporter,24400.0,2024,18800.0,diesel,automatica,204,coches.net,furgoneta
iveco,daily,22500.0,2019,155500.0,diesel,manual,140,coches.net,furgoneta
fiat,doblo cargo,24100.0,2020,69300.0,gasolina,manual,110,coches.net,furgoneta
citroën,berlingo,32400.0,2021,93900.0,electrico,automatica,136,coches.net,furgoneta
citroën,berlingo,12800.0,2018,172200.0,diesel,manual,100,coches.net,furgoneta
iveco,daily,23500.0,2022,66300.0,diesel,manual,100,coches.net,furgoneta
maxus,deliver 9,15900.0,2018,181100.0,diesel,manual,145,coches.net,furgoneta
man,tge,28700.0,2021,77500.0,diesel,manual,135,coches.net,furgoneta
citroën,berlingo,19300.0,2018,165100.0,electrico,manual,131,coches.net,furgoneta
renault,kangoo,32700.0,2024,17100.0,electrico,manual,95,coches.net,furgoneta
volkswagen,transporter,28500.0,2024,26800.0,diesel,manual,110,coches.net,furgoneta
peugeot,boxer,11400.0,2021,136500.0,diesel,manual,130,coches.net,furgoneta
fiat,doblo cargo,25700.0,2023,54700.0,gas,automatica,105,coches.net,furgoneta
ford,transit,17300.0,2020,126200.0,gas,manual,165,coches.net,furgoneta
citroën,jumper,30400.0,2023,30500.0,diesel,manual,140,coches.net,furgoneta
volkswagen,transporter,19800.0,2018,241500.0,diesel,manual,209,coches.net,furgoneta
toyota,proace city,26600.0,2024,22800.0,diesel,manual,95,coches.net,furgoneta
ford,transit courier,10400.0,2016,220600.0,gasolina,manual,95,coches.net,furgoneta
volkswagen,transporter,20300.0,2021,143600.0,diesel,manual,97,coches.net,furgoneta
peugeot,boxer,12600.0,2017,204200.0,diesel,manual,160,coches.net,furgoneta
citroën,jumper,11900.0,2020,54000.0,diesel,manual,125,coches.net,furgoneta
ford,transit courier,30100.0,2024,23400.0,gasolina,manual,105,coches.net,furgoneta
citroën,jumpy,23900.0,2022,64300.0,diesel,manual,155,coches.net,furgoneta
mercedes-benz,sprinter,32500.0,2020,133700.0,diesel,manual,140,coches.net,furgoneta
toyota,proace city,45300.0,2024,26300.0,electrico,manual,110,coches.net,furgoneta
fiat,doblo cargo,11300.0,2017,285400.0,electrico,manual,105,coches.net,furgoneta
opel,combo,2.0,2022,84600.0,diesel,automatica,95,coches.net,furgoneta
citroën,jumpy,19700.0,2021,55600.0,diesel,automatica,100,coches.net,furgoneta
peugeot,boxer,20900.0,2020,124600.0,diesel,automatica,135,coches.net,furgoneta
renault,master,30900.0,2022,68400.0,diesel,manual,135,coches.net,furgoneta
iveco,daily,15800.0,2024,22600.0,diesel,manual,130,coches.net,furgoneta
ford,transit connect,19000.0,2019,154500.0,diesel,manual,120,coches.net,furgoneta
man,tge,8300.0,2015,209200.0,electrico,automatica,97,coches.net,furgoneta
ford,transit,31400.0,2023,42200.0,diesel,manual,160,coches.net,furgoneta
volkswagen,crafter,16200.0,2019,160200.0,diesel,automatica,107,coches.net,furgoneta
iveco,daily,23700.0,2021,94300.0,diesel,manual,130,coches.net,furgoneta
ford,transit,21300.0,2021,87200.0,diesel,manual,160,coches.net,furgoneta
fiat,doblo cargo,21700.0,2023,45500.0,diesel,automatica,105,coches.net,furgoneta
renault,master,19300.0,2023,48400.0,diesel,manual,110,coches.net,furgoneta
opel,vivaro,16700.0,2021,110400.0,gasolina,manual,100,coches.net,furgoneta
peugeot,boxer,20700.0,2022,98500.0,diesel,manual,140,coches.net,furgoneta
renault,master,27100.0,2020,109400.0,diesel,automatica,110,coches.net,furgoneta
nissan,nv400,13600.0,2020,148600.0,hibrido,manual,140,coches.net,furgoneta
renault,trafic,26700.0,2023,53700.0,diesel,manual,120,coches.net,furgoneta
renault,kangoo,20600.0,2021,85200.0,diesel,manual,100,coches.net,furgoneta
volkswagen,transporter,16200.0,2016,220700.0,gasolina,manual,204,coches.net,furgoneta
mercedes-benz,citan,9900.0,2020,151200.0,diesel,manual,150,coches.net,furgoneta
peugeot,partner,37500.0,2024,21200.0,electrico,manual,105,coches.net,furgoneta
toyota,proace city,10900.0,2018,198700.0,diesel,manual,115,coches.net,furgoneta
volkswagen,crafter,13200.0,2018,151100.0,diesel,manual,182,coches.net,furgoneta
ford,transit courier,24000.0,2020,95400.0,gasolina,manual,100,coches.net,furgoneta
nissan,nv200,16800.0,2022,68400.0,diesel,manual,90,coches.net,furgoneta
citroën,berlingo,24200.0,2020,122800.0,gasolina,automatica,105,coches.net,furgoneta
ford,transit courier,33100.0,2023,52100.0,diesel,manual,80,coches.net,furgoneta
fiat,ducato,27800.0,2024,19900.0,diesel,manual,127,coches.net,furgoneta
ford,transit courier,26600.0,2022,91800.0,diesel,manual,70,coches.net,furgoneta
peugeot,boxer,25900.0,2023,27400.0,diesel,manual,160,coches.net,furgoneta
mercedes-benz,vito,28400.0,2023,54100.0,diesel,manual,100,coches.net,furgoneta
hyundai,staria,14500.0,2020,109900.0,diesel,manual,177,coches.net,furgoneta
mercedes-benz,citan,20400.0,2023,50100.0,gasolina,manual,100,coches.net,furgoneta
mercedes-benz,vito,11200.0,2015,225600.0,gasolina,manual,130,coches.net,furgoneta
volkswagen,transporter,14700.0,2021,106400.0,diesel,manual,209,coches.net,furgoneta
nissan,nv400,11100.0,2020,84200.0,diesel,manual,115,coches.net,furgoneta
ford,transit courier,27400.0,2022,60200.0,gasolina,manual,100,coches.net,furgoneta
ford,transit courier,35300.0,2023,50800.0,diesel,automatica,75,coches.net,furgoneta
iveco,daily,36900.0,2023,50800.0,diesel,manual,90,coches.net,furgoneta
citroën,jumper,17700.0,2020,106200.0,diesel,manual,130,coches.net,furgoneta
nissan,nv300,27400.0,2023,40700.0,electrico,automatica,95,coches.net,furgoneta
fiat,ducato,25700.0,2023,62800.0,diesel,manual,127,coches.net,furgoneta
peugeot,expert,22300.0,2023,54100.0,diesel,manual,100,coches.net,furgoneta
renault,master,23300.0,2021,118900.0,diesel,manual,175,coches.net,furgoneta
citroën,berlingo,22700.0,2024,26500.0,gasolina,manual,110,coches.net,furgoneta
peugeot,boxer,33900.0,2024,20300.0,electrico,manual,130,coches.net,furgoneta
toyota,proace city,19400.0,2022,73200.0,diesel,automatica,95,coches.net,furgoneta
mercedes-benz,vito,18500.0,2022,76600.0,diesel,manual,130,coches.net,furgoneta
man,tge,18200.0,2019,193300.0,hibrido,automatica,140,coches.net,furgoneta
ford,transit,20700.0,2019,118900.0,diesel,manual,155,coches.net,furgoneta
ford,transit,18700.0,2022,91700.0,diesel,manual,170,coches.net,furgoneta
ford,transit courier,21300.0,2023,51700.0,diesel,manual,75,coches.net,furgoneta
renault,kangoo,35100.0,2024,21000.0,electrico,manual,70,coches.net,furgoneta
fiat,scudo,7500.0,2016,263300.0,diesel,automatica,140,coches.net,furgoneta
volkswagen,caddy,25800.0,2022,65200.0,diesel,manual,97,coches.net,furgoneta
fiat,doblo cargo,26800.0,2023,41500.0,diesel,manual,95,coches.net,furgoneta
ford,transit courier,16600.0,2019,104300.0,diesel,manual,75,coches.net,furgoneta
renault,master,19600.0,2023,27500.0,hibrido,automatica,115,coches.net,furgoneta
iveco,daily,29100.0,2023,41600.0,hibrido,manual,130,coches.net,furgoneta
hyundai,h350,11700.0,2015,282100.0,gas,manual,136,coches.net,furgoneta
renault,trafic,22800.0,2023,38200.0,diesel,manual,90,coches.net,furgoneta
maxus,deliver 9,21300.0,2021,90900.0,gasolina,manual,150,coches.net,furgoneta
volkswagen,crafter,15900.0,2017,236000.0,diesel,automatica,140,coches.net,furgoneta
renault,kangoo,20500.0,2020,153900.0,hibrido,manual,70,coches.net,furgoneta
ford,transit connect,9900.0,2016,230200.0,diesel,manual,75,coches.net,furgoneta
volkswagen,caddy,25900.0,2021,100700.0,diesel,automatica,75,coches.net,furgoneta
toyota,proace city,20800.0,2017,252600.0,diesel,manual,115,coches.net,furgoneta
hyundai,h350,17500.0,2020,95000.0,diesel,manual,136,coches.net,furgoneta
volkswagen,transporter,20900.0,2020,90500.0,diesel,manual,204,coches.net,furgoneta
renault,trafic,23300.0,2020,131700.0,diesel,manual,95,coches.net,furgoneta
ford,transit,32800.0,2022,82900.0,electrico,automatica,105,coches.net,furgoneta
opel,vivaro,26200.0,2024,24300.0,diesel,manual,180,coches.net,furgoneta
peugeot,partner,25900.0,2022,76200.0,diesel,manual,100,coches.net,furgoneta
volkswagen,caddy,35500.0,2024,21300.0,gasolina,automatica,114,coches.net,furgoneta
iveco,daily,10600.0,2021,102200.0,diesel,automatica,75,coches.net,furgoneta
mercedes-benz,sprinter,15300.0,2017,245800.0,diesel,manual,100,coches.net,furgoneta
opel,combo,16500.0,2018,217300.0,diesel,manual,95,coches.net,furgoneta
toyota,proace,28600.0,2021,88600.0,electrico,automatica,136,coches.net,furgoneta
citroën,berlingo,15800.0,2017,233300.0,diesel,automatica,100,coches.net,furgoneta
opel,movano,24700.0,2021,86900.0,diesel,manual,163,coches.net,furgoneta
fiat,ducato,27900.0,2022,73900.0,diesel,manual,165,coches.net,furgoneta
nissan,primastar,23300.0,2024,14500.0,diesel,manual,114,coches.net,furgoneta
toyota,proace,18900.0,2021,98200.0,electrico,manual,136,coches.net,furgoneta
opel,combo,13600.0,2020,129100.0,diesel,automatica,100,coches.net,furgoneta
ford,transit connect,28000.0,2022,77500.0,diesel,automatica,80,coches.net,furgoneta
volkswagen,crafter,21900.0,2022,62900.0,diesel,manual,107,coches.net,furgoneta
nissan,nv200,14800.0,2020,126500.0,gasolina,automatica,115,coches.net,furgoneta
mercedes-benz,sprinter,23200.0,2022,83300.0,diesel,manual,140,coches.net,furgoneta
volkswagen,caddy,19800.0,2024,16400.0,gasolina,manual,75,coches.net,furgoneta
man,tge,22100.0,2023,43800.0,gas,manual,145,coches.net,furgoneta
iveco,daily,29500.0,2021,87400.0,electrico,manual,75,coches.net,furgoneta
citroën,jumper,21800.0,2020,132900.0,diesel,automatica,160,coches.net,furgoneta
opel,movano,22800.0,2023,31900.0,diesel,manual,110,coches.net,furgoneta
renault,trafic,11500.0,2020,167300.0,diesel,manual,85,coches.net,furgoneta
volkswagen,transporter,16500.0,2021,116700.0,diesel,automatica,110,coches.net,furgoneta
renault,trafic,22100.0,2023,57600.0,diesel,manual,145,coches.net,furgoneta
volkswagen,caddy,22200.0,2021,108200.0,diesel,automatica,75,coches.net,furgoneta
volkswagen,caddy,29400.0,2021,100700.0,diesel,manual,70,coches.net,furgoneta
volkswagen,transporter,21200.0,2020,106000.0,diesel,manual,199,coches.net,furgoneta
renault,trafic,18200.0,2019,93100.0,diesel,manual,120,coches.net,furgoneta
peugeot,boxer,25600.0,2022,68200.0,diesel,automatica,140,coches.net,furgoneta
iveco,daily,29100.0,2019,169600.0,electrico,manual,120,coches.net,furgoneta
renault,trafic,19100.0,2023,34900.0,diesel,automatica,145,coches.net,furgoneta
peugeot,expert,22200.0,2020,161800.0,hibrido,automatica,150,coches.net,furgoneta
ford,transit connect,29600.0,2022,50600.0,electrico,manual,100,coches.net,furgoneta
nissan,nv200,13800.0,2019,119700.0,diesel,manual,110,coches.net,furgoneta
peugeot,partner,32900.0,2023,46100.0,electrico,manual,136,coches.net,furgoneta
volkswagen,crafter,24000.0,2021,75200.0,diesel,manual,102,coches.net,furgoneta
ford,transit connect,29600.0,2024,28600.0,diesel,automatica,75,coches.net,furgoneta
renault,trafic,25200.0,2024,17400.0,diesel,manual,120,coches.net,furgoneta
mercedes-benz,citan,20400.0,2022,53700.0,diesel,automatica,102,coches.net,furgoneta
hyundai,h350,25100.0,2024,26900.0,diesel,manual,165,coches.net,furgoneta
nissan,nv400,27600.0,2022,75300.0,diesel,automatica,110,coches.net,furgoneta
peugeot,partner,19200.0,2019,151700.0,gasolina,manual,110,coches.net,furgoneta
mercedes-benz,citan,38700.0,2023,56100.0,diesel,manual,150,coches.net,furgoneta
opel,combo,24100.0,2022,49100.0,electrico,manual,100,coches.net,furgoneta
ford,transit,23600.0,2023,51400.0,hibrido,manual,170,coches.net,furgoneta
hyundai,h350,1690000.0,2020,103700.0,diesel,manual,136,coches.net,furgoneta
volkswagen,crafter,33100.0,2023,44600.0,diesel,manual,140,coches.net,furgoneta
opel,vivaro,20800.0,2023,34700.0,gasolina,automatica,120,coches.net,furgoneta
ford,transit,20600.0,2020,103100.0,electrico,automatica,130,coches.net,furgoneta
mercedes-benz,sprinter,42500.0,2024,28600.0,diesel,manual,150,coches.net,furgoneta
citroën,jumpy,29200.0,2023,53800.0,diesel,manual,100,coches.net,furgoneta
renault,trafic,21300.0,2021,100300.0,diesel,manual,90,coches.net,furgoneta
mercedes-benz,citan,29900.0,2019,138000.0,diesel,manual,130,coches.net,furgoneta
renault,kangoo,22100.0,2022,93700.0,hibrido,manual,75,coches.net,furgoneta
nissan,primastar,24700.0,2024,15600.0,diesel,manual,114,coches.net,furgoneta
renault,master,38500.0,2024,20500.0,diesel,automatica,140,coches.net,furgoneta
peugeot,expert,16800.0,2021,130200.0,diesel,manual,120,coches.net,furgoneta
fiat,doblo cargo,11800.0,2022,70600.0,diesel,manual,105,coches.net,furgoneta
ford,transit connect,28300.0,2021,92900.0,diesel,manual,75,coches.net,furgoneta
opel,combo,22200.0,2019,132100.0,diesel,manual,115,coches.net,furgoneta
maxus,ev80,19100.0,2020,156100.0,electrico,manual,115,coches.net,furgoneta
mercedes-benz,sprinter,17700.0,2020,163800.0,gas,manual,130,coches.net,furgoneta
nissan,nv200,37600.0,2023,50400.0,electrico,manual,90,coches.net,furgoneta
hyundai,h350,21600.0,2023,49600.0,diesel,manual,175,coches.net,furgoneta
volkswagen,crafter,7500.0,2015,260400.0,diesel,manual,140,coches.net,furgoneta
volkswagen,crafter,32400.0,2023,56700.0,electrico,automatica,140,coches.net,furgoneta
mercedes-benz,sprinter,15600.0,2016,282400.0,diesel,manual,140,coches.net,furgoneta
citroën,jumpy,20800.0,2019,164600.0,diesel,manual,100,coches.net,furgoneta
ford,transit,8600.0,2017,221500.0,electrico,manual,155,coches.net,furgoneta
renault,trafic,29800.0,2024,22600.0,diesel,manual,90,coches.net,furgoneta
iveco,daily,33800.0,2023,34200.0,diesel,manual,102,coches.net,furgoneta
opel,vivaro,26300.0,2021,98700.0,gas,manual,180,coches.net,furgoneta
peugeot,boxer,16700.0,2020,118000.0,diesel,automatica,135,coches.net,furgoneta
toyota,proace,31800.0,2022,67300.0,electrico,automatica,136,coches.net,furgoneta
hyundai,staria,29900.0,2024,23300.0,electrico,manual,177,coches.net,furgoneta
ford,transit,23500.0,2021,102200.0,diesel,manual,130,coches.net,furgoneta
ford,transit,20200.0,2021,74500.0,diesel,manual,105,coches.net,furgoneta
opel,combo,11900.0,2020,130000.0,diesel,automatica,100,coches.net,furgoneta
fiat,doblo cargo,27700.0,2023,29700.0,diesel,manual,105,coches.net,furgoneta
citroën,berlingo,12000.0,2020,93600.0,diesel,automatica,100,coches.net,furgoneta
volkswagen,crafter,30000.0,2024,23500.0,gas,manual,102,coches.net,furgoneta
hyundai,h350,21500.0,2022,61500.0,diesel,manual,175,coches.net,furgoneta
volkswagen,transporter,34400.0,2021,100500.0,gas,manual,150,coches.net,furgoneta
iveco,daily,3180000.0,2023,38000.0,electrico,automatica,110,coches.net,furgoneta
nissan,primastar,19400.0,2023,41900.0,diesel,manual,119,coches.net,furgoneta
citroën,jumper,20700.0,2021,82000.0,diesel,manual,125,coches.net,furgoneta
volkswagen,crafter,32700.0,2023,37400.0,diesel,manual,102,coches.net,furgoneta
iveco,daily,12400.0,2018,190400.0,diesel,manual,120,coches.net,furgoneta
renault,trafic,21400.0,2024,27000.0,electrico,manual,85,coches.net,furgoneta
fiat,doblo cargo,23900.0,2019,131200.0,diesel,manual,90,coches.net,furgoneta
iveco,daily,17000.0,2016,263800.0,electrico,manual,150,coches.net,furgoneta
volkswagen,crafter,28000.0,2023,33500.0,diesel,automatica,140,coches.net,furgoneta
fiat,doblo cargo,9200.0,2017,160800.0,gas,manual,90,coches.net,furgoneta
iveco,daily,36100.0,2024,23500.0,diesel,manual,102,coches.net,furgoneta
volkswagen,caddy,26900.0,2020,102900.0,gasolina,manual,114,coches.net,furgoneta
iveco,daily,36000.0,2023,50900.0,gas,manual,140,coches.net,furgoneta
man,tge,19500.0,2016,246100.0,diesel,manual,140,coches.net,furgoneta
opel,vivaro,24800.0,2023,48600.0,diesel,automatica,100,coches.net,furgoneta
ford,transit,27900.0,2024,19600.0,diesel,manual,155,coches.net,furgoneta
mercedes-benz,sprinter,34200.0,2021,94600.0,diesel,manual,150,coches.net,furgoneta
citroën,jumper,27200.0,2023,67300.0,electrico,manual,130,coches.net,furgoneta
mercedes-benz,citan,23300.0,2020,109300.0,gas,manual,140,coches.net,furgoneta
ford,transit connect,27100.0,2022,66100.0,diesel,manual,95,coches.net,furgoneta
nissan,primastar,31200.0,2021,110600.0,diesel,manual,114,coches.net,furgoneta
ford,transit courier,8500.0,2015,237300.0,gasolina,automatica,105,coches.net,furgoneta
volkswagen,transporter,23800.0,2023,41500.0,diesel,automatica,102,coches.net,furgoneta
volkswagen,crafter,2190000.0,2020,128600.0,electrico,manual,102,coches.net,furgoneta
hyundai,staria,18000.0,2022,49600.0,diesel,automatica,182,coches.net,furgoneta
renault,master,17200.0,2021,90300.0,gasolina,manual,135,coches.net,furgoneta
hyundai,h350,3090000.0,2023,47300.0,electrico,automatica,136,coches.net,furgoneta
opel,combo,22100.0,2024,21200.0,hibrido,manual,95,coches.net,furgoneta
mercedes-benz,citan,31300.0,2021,107800.0,diesel,manual,150,coches.net,furgoneta
ford,transit connect,17900.0,2016,199200.0,electrico,manual,100,coches.net,furgoneta
citroën,jumper,17500.0,2020,130700.0,diesel,manual,140,coches.net,furgoneta
peugeot,partner,39400.0,2024,16600.0,electrico,manual,131,coches.net,furgoneta
renault,kangoo,26500.0,2022,64900.0,gasolina,automatica,75,coches.net,furgoneta
iveco,daily,26300.0,2024,31200.0,diesel,automatica,150,coches.net,furgoneta
fiat,doblo cargo,27200.0,2022,62200.0,diesel,manual,90,coches.net,furgoneta
mercedes-benz,citan,17500.0,2016,295500.0,diesel,automatica,110,coches.net,furgoneta
ford,transit courier,12900.0,2018,189200.0,gasolina,manual,100,coches.net,furgoneta
mercedes-benz,vito,42200.0,2023,33100.0,gasolina,automatica,100,coches.net,furgoneta
maxus,deliver 9,20900.0,2019,98800.0,electrico,manual,150,coches.net,furgoneta
opel,vivaro,22800.0,2019,100600.0,diesel,manual,115,coches.net,furgoneta
toyota,proace,42900.0,2023,47100.0,electrico,manual,131,coches.net,furgoneta
iveco,daily,32200.0,2021,95700.0,diesel,manual,75,coches.net,furgoneta
renault,master,21200.0,2022,59500.0,diesel,manual,150,coches.net,furgoneta
volkswagen,crafter,27800.0,2023,54800.0,diesel,manual,102,coches.net,furgoneta
nissan,nv300,14600.0,2020,151500.0,diesel,manual,95,coches.net,furgoneta
opel,movano,22800.0,2022,64100.0,hibrido,manual,110,coches.net,furgoneta
volkswagen,caddy,25800.0,2022,85300.0,gasolina,manual,114,coches.net,furgoneta
man,tge,18400.0,2021,134000.0,diesel,automatica,102,coches.net,furgoneta
peugeot,partner,25500.0,2021,74000.0,electrico,manual,100,coches.net,furgoneta
mercedes-benz,sprinter,21200.0,2021,95100.0,diesel,manual,120,coches.net,furgoneta
iveco,daily,34300.0,2023,37900.0,diesel,manual,100,coches.net,furgoneta
opel,vivaro,31300.0,2023,50400.0,diesel,manual,125,coches.net,furgoneta
iveco,daily,30600.0,2023,44200.0,diesel,manual,110,coches.net,furgoneta
maxus,ev80,29600.0,2021,145100.0,electrico,manual,115,coches.net,furgoneta
peugeot,boxer,27600.0,2024,22200.0,diesel,manual,140,coches.net,furgoneta
toyota,proace,26000.0,2020,114900.0,electrico,manual,136,coches.net,furgoneta
fiat,scudo,29800.0,2024,19400.0,diesel,manual,140,coches.net,furgoneta
nissan,nv300,27500.0,2019,144700.0,diesel,manual,95,coches.net,furgoneta
hyundai,staria,17900.0,2019,133900.0,diesel,manual,177,coches.net,furgoneta
toyota,proace city,9900.0,2017,256900.0,electrico,manual,110,coches.net,furgoneta
mercedes-benz,citan,35600.0,2024,26900.0,diesel,manual,102,coches.net,furgoneta
volkswagen,transporter,30300.0,2022,83400.0,diesel,automatica,150,coches.net,furgoneta
iveco,daily,21200.0,2021,129700.0,hibrido,manual,140,coches.net,furgoneta
mercedes-benz,vito,38800.0,2023,51500.0,diesel,manual,150,coches.net,furgoneta
fiat,ducato,15700.0,2021,107600.0,diesel,manual,135,coches.net,furgoneta
opel,movano,20400.0,2021,77000.0,diesel,automatica,163,coches.net,furgoneta
ford,transit courier,18100.0,2019,175500.0,diesel,automatica,75,coches.net,furgoneta
mercedes-benz,sprinter,33400.0,2022,61600.0,diesel,manual,150,coches.net,furgoneta
opel,vivaro,18300.0,2021,109100.0,diesel,manual,185,coches.net,furgoneta
volkswagen,transporter,13500.0,2016,268400.0,diesel,manual,105,coches.net,furgoneta
toyota,proace,23900.0,2022,87100.0,gasolina,manual,150,coches.net,furgoneta
peugeot,boxer,13800.0,2017,183300.0,gas,manual,130,coches.net,furgoneta
opel,combo,22400.0,2020,129000.0,diesel,automatica,100,coches.net,furgoneta
iveco,daily,28600.0,2024,14600.0,electrico,manual,100,coches.net,furgoneta
fiat,doblo cargo,17000.0,2023,29300.0,electrico,manual,85,coches.net,furgoneta
peugeot,expert,22100.0,2019,124500.0,diesel,manual,150,coches.net,furgoneta
renault,trafic,23600.0,2024,29100.0,diesel,manual,150,coches.net,furgoneta
nissan,nv300,27400.0,2023,48400.0,gas,manual,90,coches.net,furgoneta
renault,kangoo,19800.0,2017,256500.0,electrico,manual,85,coches.net,furgoneta
ford,transit courier,22700.0,2023,40300.0,gasolina,manual,100,coches.net,furgoneta
peugeot,partner,28100.0,2024,17800.0,diesel,manual,105,coches.net,furgoneta
volkswagen,caddy,24200.0,2022,59700.0,gasolina,manual,109,coches.net,furgoneta
iveco,daily,29200.0,2024,26600.0,diesel,manual,140,coches.net,furgoneta
volkswagen,crafter,16300.0,2015,292300.0,diesel,manual,172,coches.net,furgoneta
peugeot,boxer,17600.0,2020,121600.0,diesel,manual,160,coches.net,furgoneta
nissan,nv400,18500.0,2018,203600.0,diesel,manual,115,coches.net,furgoneta
nissan,nv400,17100.0,2021,130100.0,diesel,manual,115,coches.net,furgoneta
mercedes-benz,sprinter,29600.0,2020,164200.0,diesel,manual,110,coches.net,furgoneta
volkswagen,transporter,25700.0,2019,128700.0,diesel,manual,110,coches.net,furgoneta
mercedes-benz,citan,39000.0,2022,64200.0,diesel,manual,90,coches.net,furgoneta
volkswagen,crafter,34800.0,2023,49400.0,diesel,manual,177,coches.net,furgoneta
iveco,daily,23600.0,2021,81500.0,diesel,automatica,150,coches.net,furgoneta
mercedes-benz,citan,37100.0,2024,15100.0,hibrido,automatica,140,coches.net,furgoneta
renault,kangoo,25400.0,2023,46700.0,hibrido,automatica,80,coches.net,furgoneta
fiat,ducato,2260000.0,2020,113700.0,electrico,manual,122,coches.net,furgoneta
hyundai,h350,21200.0,2023,60000.0,diesel,manual,141,coches.net,furgoneta
fiat,scudo,28000.0,2022,60600.0,diesel,automatica,115,coches.net,furgoneta
mercedes-benz,vito,35300.0,2024,21100.0,diesel,manual,150,coches.net,furgoneta
citroën,jumper,19000.0,2020,124700.0,diesel,manual,140,coches.net,furgoneta
ford,transit,18400.0,2020,149700.0,diesel,automatica,105,coches.net,furgoneta
toyota,proace,12300.0,2016,296400.0,electrico,automatica,141,coches.net,furgoneta
mercedes-benz,vito,37600.0,2024,21000.0,gasolina,manual,120,coches.net,furgoneta
opel,movano,18500.0,2019,150400.0,diesel,manual,163,coches.net,furgoneta
volkswagen,crafter,23700.0,2018,212100.0,gasolina,manual,102,coches.net,furgoneta
hyundai,h350,27000.0,2019,92600.0,diesel,manual,136,coches.net,furgoneta
iveco,daily,26000.0,2021,128800.0,gasolina,manual,100,coches.net,furgoneta
ford,transit,15300.0,2020,172900.0,diesel,automatica,105,coches.net,furgoneta
renault,kangoo,19000.0,2020,125900.0,diesel,manual,95,coches.net,furgoneta
opel,movano,23700.0,2021,124900.0,diesel,manual,110,coches.net,furgoneta
hyundai,staria,18500.0,2023,50900.0,diesel,manual,177,coches.net,furgoneta
iveco,daily,21700.0,2022,37500.0,diesel,manual,130,coches.net,furgoneta
nissan,primastar,20900.0,2021,87800.0,electrico,manual,119,coches.net,furgoneta
mercedes-benz,sprinter,18300.0,2021,66000.0,gas,manual,100,coches.net,furgoneta
ford,transit courier,21200.0,2023,36700.0,diesel,manual,80,coches.net,furgoneta
fiat,scudo,24700.0,2022,73700.0,diesel,manual,125,coches.net,furgoneta
mercedes-benz,sprinter,25100.0,2019,190200.0,diesel,manual,90,coches.net,furgoneta
peugeot,boxer,8600.0,2019,148400.0,hibrido,manual,130,coches.net,furgoneta
ford,transit connect,30000.0,2023,54800.0,diesel,automatica,100,coches.net,furgoneta
citroën,berlingo,27800.0,2024,17900.0,gasolina,automatica,110,coches.net,furgoneta
renault,trafic,26400.0,2022,55600.0,diesel,manual,120,coches.net,furgoneta
citroën,jumper,19900.0,2021,85200.0,diesel,manual,130,coches.net,furgoneta
renault,kangoo,28300.0,2024,33900.0,hibrido,manual,75,coches.net,furgoneta
fiat,ducato,19300.0,2022,57400.0,diesel,manual,125,coches.net,furgoneta
toyota,proace,33900.0,2023,41900.0,electrico,manual,136,coches.net,furgoneta
opel,movano,26600.0,2022,50300.0,diesel,manual,158,coches.net,furgoneta
volkswagen,transporter,19700.0,2022,85100.0,diesel,manual,150,coches.net,furgoneta
mercedes-benz,citan,11600.0,2017,209400.0,diesel,manual,150,coches.net,furgoneta
mercedes-benz,citan,19900.0,2023,42400.0,hibrido,manual,100,coches.net,furgoneta
citroën,jumpy,18900.0,2023,56200.0,diesel,manual,100,coches.net,furgoneta
renault,master,29100.0,2021,77700.0,diesel,manual,110,coches.net,furgoneta
hyundai,h350,26000.0,2024,19800.0,diesel,manual,170,coches.net,furgoneta
mercedes-benz,citan,28300.0,2021,98100.0,diesel,manual,120,coches.net,furgoneta
iveco,daily,24900.0,2023,35900.0,diesel,automatica,100,coches.net,furgoneta
mercedes-benz,citan,31600.0,2020,162200.0,electrico,manual,150,coches.net,furgoneta
mercedes-benz,vito,27000.0,2021,112900.0,diesel,manual,100,coches.net,furgoneta
hyundai,staria,14700.0,2020,86800.0,hibrido,manual,177,coches.net,furgoneta
volkswagen,crafter,33900.0,2024,20500.0,diesel,manual,177,coches.net,furgoneta
fiat,doblo cargo,25300.0,2024,22500.0,diesel,manual,110,coches.net,furgoneta
peugeot,expert,25300.0,2023,54200.0,diesel,manual,150,coches.net,furgoneta
fiat,scudo,23800.0,2021,94100.0,electrico,manual,120,coches.net,furgoneta
mercedes-benz,sprinter,9700.0,2020,141400.0,diesel,manual,130,coches.net,furgoneta
ford,transit courier,30100.0,2024,23100.0,electrico,manual,75,coches.net,furgoneta
renault,master,21500.0,2023,52000.0,diesel,manual,145,coches.net,furgoneta
man,tge,37300.0,2022,84800.0,diesel,manual,140,coches.net,furgoneta
opel,vivaro,24400.0,2021,77600.0,diesel,manual,100,coches.net,furgoneta
citroën,berlingo,25700.0,2020,134300.0,electrico,manual,136,coches.net,furgoneta
volkswagen,caddy,16900.0,2016,270900.0,gasolina,manual,114,coches.net,furgoneta
mercedes-benz,sprinter,20500.0,2018,183300.0,diesel,automatica,75,coches.net,furgoneta
maxus,ev80,27700.0,2022,61000.0,electrico,manual,120,coches.net,furgoneta
citroën,jumpy,14100.0,2022,52800.0,gasolina,automatica,100,coches.net,furgoneta
hyundai,h350,34200.0,2023,44300.0,diesel,manual,170,coches.net,furgoneta
hyundai,staria,16300.0,2019,170300.0,diesel,manual,177,coches.net,furgoneta
toyota,proace,31600.0,2020,140900.0,diesel,automatica,155,coches.net,furgoneta
mercedes-benz,citan,16700.0,2018,151800.0,electrico,automatica,90,coches.net,furgoneta
peugeot,expert,14200.0,2019,201800.0,diesel,manual,100,coches.net,furgoneta
fiat,doblo cargo,18800.0,2021,89800.0,diesel,manual,105,coches.net,furgoneta
renault,trafic,10900.0,2015,209400.0,diesel,manual,115,coches.net,furgoneta
iveco,daily,23000.0,2023,52700.0,gasolina,manual,102,coches.net,furgoneta
mercedes-benz,vito,49200.0,2024,28500.0,diesel,manual,102,coches.net,furgoneta
opel,vivaro,25400.0,2022,47600.0,diesel,manual,100,coches.net,furgoneta
ford,transit courier,28500.0,2024,28800.0,gasolina,manual,100,coches.net,furgoneta
mercedes-benz,citan,31300.0,2022,65200.0,diesel,manual,120,coches.net,furgoneta
man,tge,26400.0,2020,117200.0,hibrido,manual,140,coches.net,furgoneta
volkswagen,transporter,26800.0,2022,58300.0,diesel,manual,204,coches.net,furgoneta
opel,vivaro,15300.0,2019,146100.0,diesel,automatica,115,coches.net,furgoneta
citroën,berlingo,22400.0,2016,286100.0,electrico,automatica,136,coches.net,furgoneta
volkswagen,transporter,13500.0,2016,243400.0,diesel,automatica,102,coches.net,furgoneta
fiat,doblo cargo,20600.0,2021,90100.0,diesel,manual,85,coches.net,furgoneta
peugeot,expert,28700.0,2023,48800.0,diesel,manual,155,coches.net,furgoneta
ford,transit,23800.0,2021,100000.0,diesel,automatica,125,coches.net,furgoneta
renault,master,20200.0,2021,128700.0,diesel,automatica,135,coches.net,furgoneta
renault,trafic,1070000.0,2016,233200.0,diesel,manual,125,coches.net,furgoneta
man,tge,26500.0,2020,61200.0,diesel,automatica,107,coches.net,furgoneta
ford,transit connect,21000.0,2020,132100.0,diesel,automatica,70,coches.net,furgoneta
fiat,scudo,34500.0,2024,20000.0,diesel,manual,145,coches.net,furgoneta
renault,master,18000.0,2022,73300.0,diesel,automatica,145,coches.net,furgoneta
peugeot,expert,40500.0,2024,27100.0,electrico,automatica,115,coches.net,furgoneta
renault,kangoo,24100.0,2024,17300.0,diesel,automatica,70,coches.net,furgoneta
nissan,nv400,1320000.0,2019,150400.0,diesel,automatica,145,coches.net,furgoneta
ford,transit connect,21700.0,2022,73800.0,diesel,manual,100,coches.net,furgoneta
nissan,primastar,24600.0,2022,68400.0,diesel,manual,119,coches.net,furgoneta
volkswagen,caddy,34000.0,2023,46400.0,diesel,manual,75,coches.net,furgoneta
toyota,proace,37000.0,2024,17900.0,diesel,manual,120,coches.net,furgoneta
volkswagen,caddy,13400.0,2016,293900.0,diesel,manual,75,coches.net,furgoneta
volkswagen,caddy,12800.0,2017,176900.0,gasolina,automatica,114,coches.net,furgoneta
nissan,nv200,10000.0,2015,218500.0,electrico,manual,110,coches.net,furgoneta
toyota,proace,11000.0,2018,234700.0,diesel,automatica,150,coches.net,furgoneta
mercedes-benz,sprinter,29200.0,2022,79800.0,diesel,manual,102,coches.net,furgoneta
iveco,daily,18000.0,2017,186900.0,hibrido,automatica,102,coches.net,furgoneta
hyundai,staria,16700.0,2018,220900.0,diesel,manual,177,coches.net,furgoneta
ford,transit,21200.0,2023,46800.0,diesel,manual,130,coches.net,furgoneta
ford,transit courier,26100.0,2023,26100.0,diesel,automatica,70,coches.net,furgoneta
ford,transit courier,24400.0,2023,38100.0,diesel,automatica,75,coches.net,furgoneta
ford,transit connect,23200.0,2022,70400.0,diesel,manual,100,coches.net,furgoneta
mercedes-benz,citan,26900.0,2021,144800.0,diesel,manual,100,coches.net,furgoneta
ford,transit connect,13300.0,2019,157100.0,diesel,manual,75,coches.net,furgoneta
opel,combo,20000.0,2023,49500.0,diesel,automatica,95,coches.net,furgoneta
ford,transit connect,27100.0,2024,21700.0,electrico,automatica,100,coches.net,furgoneta
iveco,daily,16200.0,2019,92900.0,hibrido,manual,140,coches.net,furgoneta
iveco,daily,16100.0,2018,155300.0,diesel,manual,120,coches.net,furgoneta
renault,master,22400.0,2021,120500.0,electrico,automatica,135,coches.net,furgoneta
man,tge,22700.0,2019,146900.0,diesel,manual,145,coches.net,furgoneta
peugeot,expert,9300.0,2020,123800.0,gas,manual,100,coches.net,furgoneta
ford,transit courier,32100.0,2023,56500.0,gasolina,manual,95,coches.net,furgoneta
hyundai,staria,22600.0,2022,75600.0,diesel,manual,172,coches.net,furgoneta
fiat,ducato,24200.0,2023,49600.0,diesel,manual,155,coches.net,furgoneta
peugeot,partner,19400.0,2020,119600.0,electrico,automatica,131,coches.net,furgoneta
renault,master,9500.0,2022,76200.0,gas,manual,140,coches.net,furgoneta
hyundai,staria,21400.0,2019,124500.0,gasolina,automatica,177,coches.net,furgoneta
ford,transit,25200.0,2022,58900.0,diesel,automatica,105,coches.net,furgoneta
renault,kangoo,20200.0,2020,111300.0,diesel,manual,95,coches.net,furgoneta
nissan,primastar,17000.0,2023,33500.0,diesel,manual,114,coches.net,furgoneta
fiat,ducato,13000.0,2020,170700.0,diesel,manual,160,coches.net,furgoneta
maxus,deliver 9,17000.0,2023,45900.0,electrico,manual,120,coches.net,furgoneta
opel,movano,14400.0,2023,53700.0,hibrido,manual,150,coches.net,furgoneta
citroën,jumpy,23200.0,2024,25600.0,diesel,manual,115,coches.net,furgoneta
ford,transit courier,29800.0,2021,113500.0,gasolina,manual,100,coches.net,furgoneta
peugeot,partner,29100.0,2022,73900.0,diesel,manual,100,coches.net,furgoneta
opel,combo,29800.0,2024,25200.0,diesel,manual,105,coches.net,furgoneta
opel,combo,14600.0,2016,255700.0,electrico,automatica,105,coches.net,furgoneta
ford,transit,36600.0,2024,22200.0,gasolina,manual,135,coches.net,furgoneta
toyota,proace city,38800.0,2024,26700.0,diesel,manual,110,coches.net,furgoneta
citroën,jumper,11000.0,2018,162100.0,diesel,manual,155,coches.net,furgoneta
maxus,ev80,32800.0,2024,14000.0,electrico,manual,120,coches.net,furgoneta
peugeot,expert,33600.0,2023,39900.0,diesel,manual,150,coches.net,furgoneta
man,tge,48000.0,2023,63000.0,electrico,manual,107,coches.net,furgoneta
maxus,deliver 9,22300.0,2020,180000.0,electrico,manual,120,coches.net,furgoneta
fiat,doblo cargo,22000.0,2023,40600.0,diesel,manual,105,coches.net,furgoneta
iveco,daily,37700.0,2024,21800.0,diesel,manual,150,coches.net,furgoneta
mercedes-benz,citan,30100.0,2023,48000.0,diesel,automatica,130,coches.net,furgoneta
opel,vivaro,17700.0,2018,203500.0,diesel,manual,100,coches.net,furgoneta
renault,master,19000.0,2021,105300.0,diesel,manual,185,coches.net,furgoneta
mercedes-benz,vito,17700.0,2020,100300.0,diesel,automatica,120,coches.net,furgoneta
citroën,jumpy,34800.0,2023,34300.0,diesel,manual,120,coches.net,furgoneta
opel,vivaro,11600.0,2017,198600.0,diesel,manual,180,coches.net,furgoneta
citroën,berlingo,33200.0,2022,76200.0,electrico,automatica,141,coches.net,furgoneta
renault,kangoo,16900.0,2022,81400.0,diesel,manual,90,coches.net,furgoneta
ford,transit,18400.0,2021,89200.0,diesel,manual,130,coches.net,furgoneta
citroën,jumper,24000.0,2021,74800.0,diesel,manual,160,coches.net,furgoneta
ford,transit courier,23100.0,2023,44200.0,diesel,manual,75,coches.net,furgoneta
peugeot,expert,16700.0,2019,151100.0,diesel,manual,125,coches.net,furgoneta
iveco,daily,21300.0,2020,157300.0,hibrido,manual,100,coches.net,furgoneta
ford,transit connect,19700.0,2018,201700.0,diesel,manual,120,coches.net,furgoneta
peugeot,boxer,14000.0,2021,61600.0,diesel,automatica,165,coches.net,furgoneta
toyota,proace,25600.0,2023,57600.0,diesel,manual,145,coches.net,furgoneta
mercedes-benz,vito,20500.0,2019,113600.0,diesel,manual,120,coches.net,furgoneta
citroën,jumpy,20200.0,2023,59200.0,diesel,manual,155,coches.net,furgoneta
iveco,daily,29400.0,2024,27400.0,diesel,manual,100,coches.net,furgoneta
ford,transit connect,21700.0,2022,53000.0,diesel,manual,100,coches.net,furgoneta
ford,transit connect,22500.0,2018,184400.0,diesel,manual,100,coches.net,furgoneta
maxus,deliver 9,12100.0,2020,131400.0,electrico,manual,120,coches.net,furgoneta
citroën,jumper,22700.0,2023,64800.0,diesel,manual,140,coches.net,furgoneta
man,tge,42900.0,2024,15300.0,hibrido,automatica,102,coches.net,furgoneta
mercedes-benz,vito,24900.0,2022,92100.0,diesel,manual,120,coches.net,furgoneta
opel,movano,22400.0,2021,89600.0,diesel,manual,158,coches.net,furgoneta
ford,transit courier,24900.0,2021,107400.0,diesel,automatica,70,coches.net,furgoneta
man,tge,32200.0,2021,119700.0,diesel,manual,140,coches.net,furgoneta
citroën,jumper,26800.0,2021,110800.0,electrico,manual,130,coches.net,furgoneta
peugeot,partner,13900.0,2020,149100.0,gasolina,manual,110,coches.net,furgoneta
nissan,primastar,34200.0,2023,50500.0,diesel,automatica,109,coches.net,furgoneta
toyota,proace city,15200.0,2016,200900.0,diesel,manual,105,coches.net,furgoneta
nissan,primastar,2110000.0,2022,82000.0,diesel,manual,114,coches.net,furgoneta
renault,kangoo,14600.0,2021,102900.0,diesel,manual,75,coches.net,furgoneta
ford,transit courier,28000.0,2022,86700.0,gasolina,manual,95,coches.net,furgoneta
hyundai,h350,17900.0,2022,56800.0,hibrido,manual,136,coches.net,furgoneta
mercedes-benz,citan,20900.0,2019,134500.0,diesel,manual,102,coches.net,furgoneta
peugeot,boxer,28500.0,2023,44100.0,diesel,manual,130,coches.net,furgoneta
renault,trafic,11000.0,2019,168100.0,diesel,manual,150,coches.net,furgoneta
renault,kangoo,18100.0,2023,50800.0,diesel,manual,100,coches.net,furgoneta
ford,transit courier,22100.0,2021,125200.0,gasolina,automatica,95,coches.net,furgoneta
citroën,jumpy,24100.0,2023,43100.0,diesel,manual,120,coches.net,furgoneta
maxus,ev80,24800.0,2021,84600.0,electrico,automatica,120,coches.net,furgoneta
nissan,nv300,28000.0,2023,37000.0,gasolina,automatica,125,coches.net,furgoneta
peugeot,expert,15000.0,2022,66500.0,diesel,manual,100,coches.net,furgoneta
mercedes-benz,citan,36500.0,2024,32200.0,diesel,manual,90,coches.net,furgoneta
ford,transit courier,20800.0,2024,24800.0,diesel,manual,75,coches.net,furgoneta
ford,transit,7500.0,2016,241800.0,diesel,manual,135,coches.net,furgoneta
fiat,doblo cargo,23300.0,2023,51200.0,diesel,manual,90,coches.net,furgoneta
nissan,nv200,30400.0,2024,26600.0,diesel,manual,115,coches.net,furgoneta
nissan,nv200,19000.0,2021,99300.0,hibrido,automatica,110,coches.net,furgoneta
renault,master,10300.0,2017,178500.0,gasolina,manual,110,coches.net,furgoneta
iveco,daily,17800.0,2019,204900.0,diesel,manual,75,coches.net,furgoneta
toyota,proace city,14900.0,2021,111100.0,hibrido,manual,110,coches.net,furgoneta
toyota,proace city,14000.0,2020,104400.0,diesel,manual,110,coches.net,furgoneta
hyundai,h350,17300.0,2019,178500.0,diesel,manual,136,coches.net,furgoneta
nissan,nv400,25200.0,2023,34000.0,diesel,manual,110,coches.net,furgoneta
renault,master,28300.0,2022,75300.0,electrico,manual,180,coches.net,furgoneta
ford,transit,16400.0,2022,61400.0,diesel,automatica,170,coches.net,furgoneta
volkswagen,transporter,23600.0,2016,233200.0,diesel,manual,150,coches.net,furgoneta
iveco,daily,19600.0,2017,135200.0,diesel,manual,102,coches.net,furgoneta
volkswagen,transporter,17600.0,2022,60900.0,diesel,manual,150,coches.net,furgoneta
ford,transit connect,21300.0,2021,121200.0,diesel,manual,75,coches.net,furgoneta
renault,master,26200.0,2024,26300.0,diesel,manual,180,coches.net,furgoneta
opel,combo,28100.0,2024,23200.0,diesel,manual,115,coches.net,furgoneta
peugeot,boxer,7500.0,2015,360600.0,diesel,manual,125,coches.net,furgoneta
ford,transit courier,23800.0,2024,26900.0,diesel,manual,80,coches.net,furgoneta
nissan,nv400,21400.0,2022,67200.0,diesel,manual,110,coches.net,furgoneta
iveco,daily,17600.0,2019,117600.0,diesel,manual,120,coches.net,furgoneta
nissan,nv200,21000.0,2023,49600.0,diesel,manual,110,coches.net,furgoneta
volkswagen,transporter,35300.0,2023,32800.0,diesel,manual,115,coches.net,furgoneta
mercedes-benz,vito,35900.0,2023,45500.0,gasolina,manual,90,coches.net,furgoneta
man,tge,24000.0,2022,82300.0,diesel,manual,140,coches.net,furgoneta
peugeot,partner,11500.0,2021,74700.0,gasolina,automatica,110,coches.net,furgoneta
peugeot,boxer,34000.0,2024,25000.0,diesel,manual,155,coches.net,furgoneta
ford,transit courier,16800.0,2020,107500.0,gasolina,manual,100,coches.net,furgoneta
iveco,daily,9600.0,2018,203800.0,diesel,manual,90,coches.net,furgoneta
citroën,jumper,29000.0,2023,51900.0,diesel,manual,135,coches.net,furgoneta
renault,kangoo,21100.0,2021,63300.0,diesel,manual,100,coches.net,furgoneta
volkswagen,golf,15000.0,2014,140000.0,diesel,automatica,105,coches.net,berlina
peugeot,rifter,14000.0,2020,170000.0,diesel,manual,100,coches.net,utilitario
peugeot,2008,8500.0,2016,100000.0,gasolina,manual,110,coches.net,utilitario
bmw,serie 3,11000.0,2014,230000.0,diesel,automatica,116,coches.net,berlina
audi,q7,40000.0,2018,260000.0,diesel,automatica,435,coches.net,utilitario
bmw,x6,28500.0,2016,180000.0,diesel,automatica,258,coches.net,utilitario
renault,trafic,29990.0,2024,31000.0,diesel,manual,110,coches.net,utilitario
peugeot,2008,13990.0,2021,55000.0,gasolina,manual,100,coches.net,utilitario
mini,mini,16900.0,2018,84895.0,diesel,manual,95,coches.net,berlina
mercedes-benz,clase a,23990.0,2022,133000.0,diesel,automatica,116,coches.net,berlina
mercedes-benz,clase b,11000.0,2014,200000.0,diesel,manual,109,coches.net,utilitario
mercedes-benz,clase glc,22500.0,2015,200000.0,diesel,automatica,170,coches.net,utilitario
citroen,c3 aircross,9470.0,2018,89000.0,gasolina,manual,131,coches.net,utilitario
citroen,c3 aircross,9290.0,2019,109000.0,gasolina,manual,82,coches.net,utilitario
bmw,x6,39990.0,2014,115000.0,diesel,automatica,381,coches.net,utilitario
volkswagen,t-roc,19990.0,2021,99000.0,gasolina,manual,110,coches.net,utilitario
citroen,c3 aircross,9290.0,2019,105000.0,gasolina,manual,82,coches.net,utilitario
cupra,terramar,47900.0,2025,99.0,gasolina,automatica,265,coches.net,utilitario
jeep,avenger,16990.0,2024,71000.0,gasolina,manual,100,coches.net,utilitario
hyundai,i10,10990.0,2023,73000.0,gasolina,manual,67,coches.net,berlina
hyundai,i10,10990.0,2023,72000.0,gasolina,manual,67,coches.net,berlina
seat,ibiza,8399.0,2015,185179.0,diesel,manual,105,coches.net,berlina
volkswagen,tiguan,22990.0,2021,63500.0,gasolina,manual,130,coches.net,utilitario
smart,forfour,7990.0,2016,104000.0,gasolina,manual,71,coches.net,berlina
mercedes-benz,clase c,18500.0,2016,180000.0,diesel,automatica,170,coches.net,berlina
mercedes-benz,gla,29990.0,2023,64500.0,hibrido,automatica,218,coches.net,utilitario
bmw,x5,47000.0,2020,143068.0,diesel,automatica,265,coches.net,utilitario
peugeot,207,4480.0,2007,235000.0,diesel,manual,90,coches.net,berlina
volkswagen,sharan,5980.0,2006,298000.0,gasolina,manual,204,coches.net,utilitario
audi,a5,16990.0,2010,125000.0,diesel,automatica,240,coches.net,berlina
mercedes-benz,clase s,10980.0,2007,315000.0,gasolina,automatica,388,coches.net,berlina
seat,león,8490.0,2016,216000.0,gasolina,manual,110,coches.net,berlina
audi,q7,42990.0,2018,184000.0,diesel,automatica,435,coches.net,utilitario
citroen,berlingo,13000.0,2021,195000.0,diesel,manual,102,coches.net,utilitario
mercedes-benz,clase c,16500.0,2017,230000.0,diesel,manual,136,coches.net,berlina
renault,kangoo combi,14500.0,2021,130000.0,diesel,manual,95,coches.net,utilitario
bmw,serie 1,20000.0,2020,130000.0,diesel,manual,116,coches.net,berlina
hyundai,ix35,5980.0,2013,365000.0,diesel,manual,115,coches.net,utilitario
renault,mégane,9559.0,2016,139000.0,gasolina,manual,100,coches.net,berlina
seat,ibiza,18690.0,2025,17311.0,gasolina,manual,115,coches.net,berlina
bmw,serie 2,52990.0,2025,15000.0,gasolina,automatica,300,coches.net,berlina
bmw,serie 1,16990.0,2020,112676.0,diesel,manual,116,coches.net,berlina
renault,kangoo combi,9990.0,2020,99600.0,diesel,manual,95,coches.net,utilitario
jaguar,xe,11900.0,2015,173000.0,diesel,automatica,180,coches.net,berlina
peugeot,508,13499.0,2021,172000.0,diesel,automatica,130,coches.net,berlina
jaguar,e-pace,24990.0,2021,62326.0,hibrido,automatica,163,coches.net,utilitario
peugeot,5008,8900.0,2014,140000.0,diesel,manual,150,coches.net,utilitario
opel,frontera,22990.0,2025,9100.0,hibrido,automatica,146,coches.net,utilitario
hyundai,i20,6900.0,2014,123800.0,diesel,manual,75,coches.net,berlina
audi,a3,10490.0,2016,231000.0,diesel,manual,110,coches.net,berlina
volkswagen,golf,12000.0,2013,170000.0,diesel,manual,150,coches.net,berlina
opel,corsa,13900.0,2022,29000.0,diesel,manual,102,coches.net,berlina
audi,q7,25970.0,2017,213000.0,diesel,automatica,218,coches.net,utilitario
toyota,land cruiser,42200.0,2020,49705.0,diesel,manual,177,coches.net,utilitario
peugeot,308,10800.0,2021,145000.0,diesel,manual,130,coches.net,berlina
citroen,c4,15400.0,2021,64400.0,diesel,automatica,130,coches.net,berlina
toyota,yaris,16990.0,2022,48000.0,hibrido,automatica,116,coches.net,berlina
bmw,x3,76990.0,2025,2000.0,hibrido,automatica,303,coches.net,utilitario
nissan,townstar,23490.0,2024,43721.0,gasolina,manual,130,coches.net,utilitario
toyota,yaris cross,23990.0,2024,24804.0,hibrido,automatica,116,coches.net,utilitario
nissan,qashqai,26995.0,2025,12528.0,hibrido,manual,140,coches.net,utilitario
bmw,serie 1,19900.0,2021,97400.0,diesel,manual,116,coches.net,berlina
jaguar,e-pace,19290.0,2021,167999.0,hibrido,automatica,163,coches.net,utilitario
ford,kuga,19490.0,2021,64982.0,hibrido,automatica,225,coches.net,utilitario
mg,mg3,14290.0,2025,9136.0,gasolina,manual,116,coches.net,berlina
mitsubishi,asx,15990.0,2019,52954.0,gasolina,manual,117,coches.net,utilitario
ford,kuga,21990.0,2021,69000.0,hibrido,automatica,225,coches.net,utilitario
seat,ibiza,12900.0,2020,13400.0,gasolina,manual,80,coches.net,berlina
citroen,c3 aircross,14290.0,2023,35225.0,gasolina,manual,110,coches.net,utilitario
ds,ds 5,14990.0,2018,70635.0,diesel,manual,120,coches.net,berlina
fiat,panda,11290.0,2023,54149.0,hibrido,manual,70,coches.net,berlina
ford,focus,14990.0,2022,121400.0,diesel,manual,120,coches.net,berlina
mercedes-benz,vito,53999.0,2025,13000.0,diesel,automatica,136,coches.net,utilitario
volkswagen,polo,14990.0,2022,66000.0,gasolina,manual,95,coches.net,berlina
volkswagen,t-cross,16985.0,2023,75230.0,gasolina,manual,95,coches.net,utilitario
dacia,spring,12985.0,2023,92.0,electrico,automatica,65,coches.net,berlina
bmw,x1,20550.0,2021,99000.0,hibrido,automatica,220,coches.net,utilitario
toyota,rav4,26350.0,2022,136000.0,hibrido,automatica,218,coches.net,utilitario
volvo,xc40,21750.0,2021,123000.0,hibrido,automatica,211,coches.net,utilitario
ford,focus,6390.0,2009,120000.0,diesel,manual,115,coches.net,berlina
audi,a1,8490.0,2014,228800.0,diesel,manual,90,coches.net,berlina
volkswagen,t-roc,33900.0,2024,22000.0,gasolina,automatica,150,coches.net,utilitario
toyota,corolla,23990.0,2021,66999.0,hibrido,automatica,122,coches.net,berlina
nissan,qashqai,20990.0,2021,26339.0,gasolina,manual,140,coches.net,berlina
toyota,rav4,33990.0,2021,106997.0,hibrido,automatica,218,coches.net,utilitario
citroen,c3 aircross,12990.0,2022,71628.0,gasolina,manual,110,coches.net,utilitario
bmw,x1,17985.0,2020,141579.0,diesel,automatica,116,coches.net,utilitario
ford,kuga,15985.0,2018,79850.0,gasolina,manual,120,coches.net,utilitario
bmw,serie 1,12500.0,2016,160000.0,diesel,manual,150,coches.net,berlina
mazda,cx-80,56900.0,2024,9900.0,hibrido,automatica,254,coches.net,utilitario
volvo,xc40,25150.0,2021,54000.0,hibrido,automatica,262,coches.net,utilitario
renault,austral,23350.0,2023,126000.0,hibrido,automatica,200,coches.net,utilitario
renault,mégane,17750.0,2021,99990.0,hibrido,automatica,160,coches.net,berlina
renault,clio,12750.0,2021,125000.0,hibrido,automatica,140,coches.net,berlina
volkswagen,golf,14550.0,2020,34000.0,electrico,automatica,136,coches.net,berlina
volvo,xc40,21650.0,2021,112000.0,hibrido,automatica,262,coches.net,utilitario
bmw,serie 4,41900.0,2023,30000.0,gasolina,automatica,184,coches.net,berlina
mini,mini,9500.0,2012,140000.0,diesel,manual,112,coches.net,berlina
volkswagen,golf,12500.0,2016,250000.0,hibrido,automatica,204,coches.net,berlina
hyundai,ix35,6990.0,2013,259000.0,diesel,manual,115,coches.net,utilitario
mini,mini,15490.0,2019,70356.0,gasolina,manual,102,coches.net,berlina
citroen,c3,3200.0,2005,100000.0,gasolina,manual,75,coches.net,berlina
opel,combo life,19985.0,2023,35331.0,diesel,manual,102,coches.net,utilitario
audi,q3,38985.0,2023,13458.0,hibrido,automatica,245,coches.net,utilitario
seat,arona,19390.0,2025,10350.0,gasolina,manual,115,coches.net,utilitario
seat,ibiza,20600.0,2026,99.0,gasolina,manual,115,coches.net,berlina
seat,león,20900.0,2025,26710.0,hibrido,automatica,116,coches.net,berlina
hyundai,i30,11650.0,2022,157000.0,hibrido,manual,120,coches.net,berlina
peugeot,308,8950.0,2020,139000.0,diesel,manual,100,coches.net,berlina
bmw,serie 3,22350.0,2021,126000.0,hibrido,automatica,292,coches.net,berlina
seat,ateca,17990.0,2020,58598.0,gasolina,manual,115,coches.net,utilitario
volvo,xc40,26900.0,2021,96000.0,hibrido,automatica,211,coches.net,utilitario
skoda,kamiq,18990.0,2024,84789.0,gasolina,automatica,150,coches.net,utilitario
nissan,qashqai,22790.0,2023,97192.0,hibrido,automatica,190,coches.net,utilitario
opel,frontera,19990.0,2025,7300.0,hibrido,automatica,136,coches.net,utilitario
bmw,serie 3,32990.0,2004,176000.0,gasolina,manual,343,coches.net,berlina
nissan,qashqai,25990.0,2024,38436.0,hibrido,manual,140,coches.net,utilitario
mercedes-benz,clase a,28990.0,2022,53000.0,diesel,automatica,150,coches.net,berlina
mercedes-benz,clase e,36990.0,2020,83000.0,diesel,automatica,194,coches.net,berlina
toyota,corolla,19990.0,2021,79195.0,hibrido,automatica,122,coches.net,berlina
bmw,x3,36900.0,2021,98100.0,hibrido,automatica,292,coches.net,utilitario
volkswagen,arteon,31900.0,2021,116300.0,diesel,automatica,200,coches.net,berlina
opel,corsa,8990.0,2018,89447.0,gasolina,manual,90,coches.net,berlina
kia,picanto,10490.0,2021,36752.0,gasolina,manual,67,coches.net,berlina
kia,picanto,8990.0,2015,122000.0,gasolina,manual,85,coches.net,berlina
citroen,berlingo,13990.0,2021,113000.0,diesel,manual,102,coches.net,utilitario
opel,astra,5890.0,2008,167000.0,diesel,manual,100,coches.net,berlina
peugeot,rifter,14490.0,2020,83000.0,diesel,manual,100,coches.net,utilitario
mercedes-benz,clase c,36900.0,2023,69423.0,hibrido,automatica,313,coches.net,berlina
mercedes-benz,clase c,33900.0,2020,46515.0,hibrido,automatica,320,coches.net,berlina
peugeot,rifter,12890.0,2019,116000.0,diesel,manual,75,coches.net,utilitario
toyota,c-hr,21985.0,2020,43380.0,hibrido,automatica,122,coches.net,berlina
volkswagen,tiguan,32985.0,2023,46776.0,hibrido,automatica,245,coches.net,utilitario
volkswagen,polo,15985.0,2023,54364.0,gasolina,manual,95,coches.net,berlina
volkswagen,t-roc,17900.0,2020,77200.0,gasolina,manual,115,coches.net,utilitario
fiat,500,15390.0,2023,18475.0,electrico,automatica,118,coches.net,berlina
volvo,xc60,35900.0,2020,37135.0,hibrido,automatica,390,coches.net,utilitario
ford,ka+,9500.0,2017,55540.0,gasolina,manual,70,coches.net,berlina
renault,rafale,40900.0,2026,3000.0,hibrido,automatica,200,coches.net,utilitario
nissan,qashqai+2,11500.0,2013,100000.0,diesel,manual,130,coches.net,utilitario
nissan,x-trail,13999.0,2017,160000.0,gasolina,manual,163,coches.net,utilitario
audi,q3 sportback,30990.0,2020,104000.0,diesel,automatica,150,coches.net,utilitario
audi,a4,26490.0,2022,78000.0,hibrido,automatica,163,coches.net,berlina
mercedes-benz,clase s,11990.0,2002,109000.0,gasolina,automatica,306,coches.net,berlina
fiat,500,9990.0,2021,59000.0,hibrido,manual,70,coches.net,berlina
volvo,xc60,18990.0,2020,193000.0,diesel,manual,150,coches.net,utilitario
fiat,500,8250.0,2020,113000.0,hibrido,manual,70,coches.net,berlina
kia,stonic,15990.0,2024,38000.0,gasolina,manual,100,coches.net,utilitario
ds,ds 3 crossback,15990.0,2021,124796.0,diesel,automatica,131,coches.net,utilitario
mercedes-benz,clase c,37990.0,2023,46000.0,hibrido,automatica,163,coches.net,berlina
peugeot,308,11700.0,2019,119000.0,diesel,manual,130,coches.net,berlina
bmw,serie 3,21999.0,2019,245000.0,diesel,automatica,190,coches.net,berlina
kia,ceed tourer,22800.0,2023,80000.0,hibrido,automatica,160,coches.net,berlina
cupra,león,36990.0,2024,6000.0,gasolina,automatica,300,coches.net,berlina
porsche,cayenne coupé,99990.0,2024,26000.0,hibrido,automatica,470,coches.net,utilitario
renault,clio,15990.0,2024,32734.0,gasolina,manual,90,coches.net,berlina
omoda,5,22490.0,2023,57457.0,gasolina,automatica,197,coches.net,utilitario
peugeot,3008,19990.0,2022,19103.0,gasolina,manual,130,coches.net,utilitario
citroen,berlingo,10990.0,2022,193500.0,diesel,manual,102,coches.net,utilitario
mercedes-benz,clase c,23990.0,2019,184000.0,gasolina,automatica,258,coches.net,berlina
mercedes-benz,clase c,40990.0,2021,32000.0,diesel,automatica,245,coches.net,berlina
volkswagen,arteon,21990.0,2021,135982.0,diesel,automatica,150,coches.net,berlina
audi,q2,19990.0,2020,65216.0,diesel,automatica,116,coches.net,utilitario
skoda,karoq,34490.0,2025,136.0,gasolina,automatica,150,coches.net,utilitario
peugeot,3008,16950.0,2022,98000.0,diesel,manual,130,coches.net,utilitario
jeep,wrangler,59800.0,2023,51045.0,hibrido,automatica,381,coches.net,utilitario
nissan,qashqai,22490.0,2024,73100.0,hibrido,automatica,158,coches.net,utilitario
bmw,x5,19999.0,2015,250000.0,diesel,automatica,258,coches.net,utilitario
mercedes-benz,clase cla,18999.0,2017,140000.0,diesel,automatica,136,coches.net,berlina
seat,ibiza,12499.0,2022,63000.0,gasolina,manual,80,coches.net,berlina
opel,insignia,11499.0,2020,238000.0,gasolina,automatica,165,coches.net,berlina
kia,sorento,34990.0,2021,81990.0,hibrido,automatica,265,coches.net,utilitario
jeep,compass,20990.0,2023,40127.0,diesel,manual,130,coches.net,utilitario
opel,crossland,14490.0,2024,20593.0,gasolina,manual,110,coches.net,utilitario
ford,fiesta,16490.0,2023,48281.0,hibrido,manual,125,coches.net,berlina
citroen,grand c4 picasso,6990.0,2014,230000.0,diesel,automatica,115,coches.net,utilitario
seat,arona,15600.0,2022,90493.0,gasolina,manual,110,coches.net,utilitario
peugeot,rifter,13990.0,2022,110000.0,diesel,manual,100,coches.net,utilitario
ford,s-max,7999.0,2012,160000.0,diesel,automatica,140,coches.net,utilitario
seat,león,21990.0,2020,68306.0,hibrido,automatica,150,coches.net,berlina
renault,mégane,17490.0,2019,62151.0,gasolina,manual,140,coches.net,berlina
bmw,serie 2 active tourer,16990.0,2018,109000.0,gasolina,automatica,140,coches.net,utilitario
mazda,cx-30,24990.0,2024,19383.0,hibrido,automatica,140,coches.net,utilitario
hyundai,i10,10490.0,2022,84000.0,gasolina,manual,67,coches.net,berlina
mini,countryman,22390.0,2021,115000.0,hibrido,automatica,220,coches.net,berlina
hyundai,tucson,21250.0,2021,99900.0,hibrido,automatica,136,coches.net,utilitario
bmw,x1,23500.0,2020,68806.0,hibrido,automatica,220,coches.net,utilitario
mercedes-benz,gla,39990.0,2024,49456.0,hibrido,automatica,163,coches.net,utilitario
bmw,x2,29900.0,2022,45881.0,hibrido,automatica,220,coches.net,utilitario
toyota,yaris cross,21985.0,2025,44306.0,hibrido,automatica,116,coches.net,utilitario
fiat,panda,10985.0,2023,57510.0,hibrido,manual,70,coches.net,berlina
toyota,yaris,15985.0,2022,74107.0,hibrido,automatica,116,coches.net,berlina
audi,q3,27990.0,2022,119990.0,hibrido,automatica,245,coches.net,utilitario
mazda,cx-30,23290.0,2025,37301.0,hibrido,manual,140,coches.net,utilitario
opel,insignia,13990.0,2020,97000.0,diesel,manual,136,coches.net,berlina
kia,stonic,11990.0,2019,86088.0,gasolina,manual,100,coches.net,utilitario
citroen,berlingo,13990.0,2020,96245.0,diesel,manual,102,coches.net,utilitario
fiat,500,18990.0,2026,2000.0,hibrido,manual,65,coches.net,berlina
cupra,formentor,27900.0,2021,72900.0,gasolina,automatica,190,coches.net,utilitario
seat,arona,12900.0,2020,102000.0,gasolina,manual,95,coches.net,utilitario
citroen,c4,21900.0,2025,14447.0,hibrido,automatica,136,coches.net,berlina
citroen,c3 aircross,18500.0,2025,22281.0,gasolina,manual,100,coches.net,utilitario
opel,corsa,16900.0,2025,5219.0,gasolina,manual,100,coches.net,berlina
fiat,500c,10990.0,2021,94019.0,hibrido,manual,70,coches.net,berlina
citroen,c3,11800.0,2023,56000.0,diesel,manual,102,coches.net,berlina
hyundai,staria,28900.0,2023,129000.0,diesel,automatica,177,coches.net,utilitario
bmw,serie 5,54900.0,2025,19241.0,hibrido,automatica,197,coches.net,berlina
seat,tarraco,33850.0,2024,20645.0,gasolina,automatica,150,coches.net,utilitario
audi,a5,24999.0,2015,144500.0,gasolina,automatica,272,coches.net,berlina
mercedes-benz,glc coupé,74400.0,2026,7.0,hibrido,automatica,197,coches.net,utilitario
renault,clio,16990.0,2022,71000.0,hibrido,automatica,140,coches.net,berlina
mercedes-benz,gle coupé,94400.0,2026,15.0,hibrido,automatica,269,coches.net,utilitario
seat,arona,19900.0,2024,25619.0,gasolina,manual,110,coches.net,utilitario
bmw,serie 2,26900.0,2022,63396.0,gasolina,automatica,136,coches.net,berlina
bmw,ix1,32900.0,2023,79103.0,electrico,automatica,313,coches.net,utilitario
volvo,v60,36900.0,2025,10900.0,hibrido,automatica,197,coches.net,berlina
bmw,x4,58900.0,2025,30525.0,hibrido,automatica,190,coches.net,utilitario
skoda,octavia,14900.0,2021,160000.0,diesel,automatica,150,coches.net,berlina
citroen,c4,15990.0,2022,47480.0,gasolina,manual,130,coches.net,berlina
mg,mg3 hybrid+,16890.0,2024,13565.0,hibrido,automatica,195,coches.net,berlina
mercedes-benz,gle,53990.0,2021,101000.0,hibrido,automatica,320,coches.net,utilitario
cupra,león,27900.0,2024,28201.0,hibrido,automatica,150,coches.net,berlina
mercedes-benz,clase a,16800.0,2014,113920.0,diesel,automatica,109,coches.net,berlina
audi,q2,20900.0,2019,60598.0,gasolina,manual,116,coches.net,utilitario
ford,mondeo,11470.0,2015,159000.0,diesel,automatica,180,coches.net,berlina
ford,fiesta,13900.0,2019,61402.0,gasolina,manual,100,coches.net,berlina
ford,focus,22500.0,2025,4713.0,hibrido,manual,125,coches.net,berlina
audi,a4,15990.0,2021,199903.0,hibrido,automatica,136,coches.net,berlina
volkswagen,t-cross,15490.0,2020,81973.0,diesel,manual,95,coches.net,utilitario
volvo,xc60,37650.0,2021,82000.0,hibrido,automatica,197,coches.net,utilitario
bmw,x3,36190.0,2022,88246.0,hibrido,automatica,292,coches.net,utilitario
mg,mg3,18990.0,2025,13750.0,hibrido,automatica,195,coches.net,berlina
toyota,yaris,17599.0,2022,114990.0,hibrido,automatica,116,coches.net,berlina
bmw,x5,50990.0,2021,66000.0,hibrido,automatica,394,coches.net,utilitario
kia,pro_cee'd,6990.0,2013,148299.0,diesel,manual,110,coches.net,berlina
kia,xceed,17990.0,2024,38345.0,gasolina,manual,100,coches.net,utilitario
toyota,yaris,5999.0,2012,200000.0,diesel,manual,90,coches.net,berlina
mercedes-benz,clase c,18990.0,2016,158000.0,diesel,automatica,170,coches.net,berlina
volvo,v60,10990.0,2015,174061.0,gasolina,automatica,190,coches.net,berlina
toyota,yaris,17290.0,2021,43407.0,hibrido,automatica,116,coches.net,berlina
dacia,sandero,11400.0,2022,65225.0,gas,manual,101,coches.net,berlina
hyundai,tucson,34900.0,2025,8530.0,hibrido,automatica,215,coches.net,utilitario
volvo,ex30,49900.0,2025,20.0,electrico,automatica,428,coches.net,utilitario
chevrolet,captiva,7299.0,2011,188068.0,diesel,manual,127,coches.net,utilitario
ford,s-max,12490.0,2014,162000.0,diesel,automatica,140,coches.net,utilitario
peugeot,5008,17900.0,2018,104000.0,diesel,automatica,130,coches.net,utilitario
skoda,fabia,15985.0,2024,15904.0,gasolina,manual,95,coches.net,berlina
bmw,x3,28900.0,2020,204100.0,gasolina,automatica,252,coches.net,utilitario
mercedes-benz,clase e,12800.0,2013,235500.0,diesel,automatica,204,coches.net,berlina
volkswagen,tiguan,39990.0,2025,14990.0,diesel,automatica,150,coches.net,utilitario
mercedes-benz,clase c,32990.0,2022,149000.0,hibrido,automatica,200,coches.net,berlina
maserati,levante,44900.0,2019,120000.0,gasolina,automatica,430,coches.net,utilitario
dacia,sandero,9990.0,2018,80000.0,gasolina,manual,90,coches.net,berlina
volkswagen,beetle,15995.0,2018,47000.0,gasolina,manual,105,coches.net,berlina
toyota,proace city verso,21995.0,2023,20000.0,gasolina,manual,110,coches.net,utilitario
bmw,x3,38990.0,2022,79000.0,hibrido,automatica,292,coches.net,utilitario
volkswagen,t-roc,22990.0,2021,55000.0,gasolina,automatica,150,coches.net,utilitario
bmw,x1,45900.0,2026,22.0,hibrido,automatica,326,coches.net,utilitario
nissan,qashqai,29500.0,2024,26800.0,hibrido,automatica,190,coches.net,utilitario
volkswagen,polo,15890.0,2022,63559.0,gasolina,manual,95,coches.net,berlina
renault,trafic,33900.0,2024,30445.0,diesel,manual,150,coches.net,utilitario
mercedes-benz,clase s,49900.0,2020,92271.0,hibrido,automatica,476,coches.net,berlina
fiat,500,11400.0,2021,28894.0,hibrido,manual,70,coches.net,berlina
ford,focus,14990.0,2020,124529.0,diesel,manual,120,coches.net,berlina
citroen,ë-berlingo,26990.0,2024,10.0,electrico,automatica,136,coches.net,utilitario
opel,grandland,28990.0,2025,30300.0,hibrido,automatica,146,coches.net,utilitario
nissan,micra,12607.0,2022,83120.0,gasolina,automatica,92,coches.net,berlina
lexus,ct,23900.0,2021,38866.0,hibrido,automatica,136,coches.net,berlina
volkswagen,golf,8990.0,2012,200000.0,diesel,manual,105,coches.net,berlina
citroen,c3 pluriel,4990.0,2008,130000.0,diesel,manual,70,coches.net,berlina
cupra,formentor,36990.0,2025,17600.0,hibrido,automatica,204,coches.net,utilitario
seat,ibiza,20985.0,2024,34500.0,gasolina,automatica,150,coches.net,berlina
seat,ibiza,13990.0,2022,75000.0,gasolina,manual,110,coches.net,berlina
seat,ibiza,14990.0,2021,70758.0,gasolina,manual,110,coches.net,berlina
ford,focus,13490.0,2021,114790.0,gasolina,manual,125,coches.net,berlina
citroen,c3,7490.0,2020,131205.0,diesel,manual,99,coches.net,berlina
renault,mégane,14990.0,2020,63132.0,diesel,manual,95,coches.net,berlina
land-rover,discovery,9950.0,2007,246800.0,diesel,manual,190,coches.net,utilitario
mercedes-benz,clase e,21490.0,2015,123000.0,diesel,manual,204,coches.net,berlina
land-rover,range rover velar,68900.0,2025,17881.0,hibrido,automatica,404,coches.net,utilitario
bmw,serie 2 active tourer,41900.0,2025,3230.0,diesel,automatica,150,coches.net,utilitario
jaguar,f-pace,49800.0,2021,20159.0,hibrido,automatica,204,coches.net,utilitario
audi,q5 sportback,32990.0,2021,169000.0,hibrido,automatica,204,coches.net,utilitario
jaguar,e-pace,29900.0,2022,52331.0,hibrido,automatica,309,coches.net,utilitario
ford,focus,16990.0,2023,54000.0,hibrido,manual,155,coches.net,berlina
mini,countryman,20990.0,2020,67000.0,hibrido,automatica,224,coches.net,berlina
seat,ateca,18990.0,2020,42000.0,gasolina,manual,115,coches.net,utilitario
mercedes-benz,clase v,57990.0,2021,74000.0,diesel,automatica,190,coches.net,utilitario
hyundai,i30,33990.0,2021,67000.0,gasolina,automatica,280,coches.net,berlina
porsche,cayenne,60900.0,2019,56382.0,hibrido,automatica,462,coches.net,utilitario
ferrari,458,199000.0,2013,43000.0,gasolina,automatica,578,coches.net,berlina
bmw,z4,38990.0,2019,18500.0,gasolina,automatica,197,coches.net,berlina
mercedes-benz,clase c,59000.0,2025,18432.0,hibrido,automatica,313,coches.net,berlina
mercedes-benz,glc,57900.0,2023,57000.0,hibrido,automatica,269,coches.net,utilitario
mercedes-benz,glc,56900.0,2022,62000.0,hibrido,automatica,197,coches.net,utilitario
mercedes-benz,clase gla,16900.0,2015,171530.0,diesel,automatica,136,coches.net,utilitario
bmw,serie 2 active tourer,17990.0,2021,99000.0,diesel,manual,116,coches.net,utilitario
porsche,macan,53900.0,2020,65000.0,gasolina,automatica,245,coches.net,utilitario
peugeot,2008,16990.0,2020,45300.0,gasolina,automatica,130,coches.net,utilitario
mercedes-benz,clase e,34900.0,2018,83000.0,gasolina,automatica,184,coches.net,berlina
bmw,x2,44500.0,2025,16653.0,hibrido,automatica,163,coches.net,utilitario
nissan,qashqai,21240.0,2022,114540.0,hibrido,automatica,158,coches.net,utilitario
seat,ateca,20890.0,2023,72315.0,gasolina,manual,150,coches.net,utilitario
toyota,yaris,16990.0,2024,63000.0,gasolina,manual,125,coches.net,berlina
peugeot,2008,13990.0,2021,47767.0,gasolina,manual,100,coches.net,utilitario
peugeot,e-308,24990.0,2024,23000.0,electrico,automatica,156,coches.net,berlina
jeep,avenger,27990.0,2024,9000.0,electrico,automatica,156,coches.net,utilitario
bmw,x7,99000.0,2025,21500.0,hibrido,automatica,352,coches.net,utilitario
bmw,serie 1,19500.0,2019,77000.0,gasolina,manual,136,coches.net,berlina
hyundai,tucson,11999.0,2017,170000.0,diesel,manual,141,coches.net,utilitario
peugeot,308,5499.0,2014,205000.0,diesel,manual,92,coches.net,berlina
nissan,x-trail,13999.0,2017,180000.0,diesel,manual,130,coches.net,utilitario
volkswagen,taigo,19290.0,2024,56731.0,gasolina,manual,110,coches.net,utilitario
nissan,qashqai,16990.0,2019,63295.0,diesel,manual,115,coches.net,berlina
ford,focus,13490.0,2018,75631.0,gasolina,manual,125,coches.net,berlina
opel,corsa,9240.0,2019,107216.0,gasolina,manual,90,coches.net,berlina
jeep,compass,31990.0,2025,15300.0,hibrido,automatica,130,coches.net,utilitario
fiat,500c,11990.0,2022,65098.0,hibrido,manual,70,coches.net,berlina
nissan,qashqai,20990.0,2022,49000.0,gasolina,manual,140,coches.net,berlina
toyota,corolla,24500.0,2024,14299.0,hibrido,automatica,140,coches.net,berlina
mercedes-benz,clase b,33900.0,2022,46699.0,diesel,automatica,150,coches.net,utilitario
audi,q2,17900.0,2018,126000.0,diesel,manual,116,coches.net,utilitario
audi,a6,96900.0,2022,83000.0,gasolina,automatica,600,coches.net,berlina
land-rover,discovery,54900.0,2022,61000.0,hibrido,automatica,300,coches.net,utilitario
maserati,ghibli,39990.0,2021,133410.0,hibrido,automatica,330,coches.net,berlina
kia,sportage,17900.0,2017,112000.0,diesel,manual,115,coches.net,utilitario
bmw,x1,23800.0,2020,134000.0,diesel,automatica,150,coches.net,utilitario
bmw,x3,29990.0,2021,73000.0,hibrido,automatica,292,coches.net,utilitario
mercedes-benz,clase a,31990.0,2025,20000.0,diesel,automatica,116,coches.net,berlina
land-rover,range rover evoque,26990.0,2021,57000.0,hibrido,automatica,309,coches.net,utilitario
kia,ceed,16990.0,2023,43000.0,gasolina,manual,100,coches.net,berlina
citroen,berlingo,10990.0,2018,187000.0,diesel,automatica,100,coches.net,utilitario
kia,stonic,12500.0,2018,114000.0,diesel,manual,110,coches.net,utilitario
bmw,serie 1,18250.0,2021,93266.0,diesel,automatica,116,coches.net,berlina
citroen,ë-spacetourer,26990.0,2021,44753.0,electrico,automatica,136,coches.net,utilitario
mercedes-benz,clase b,20900.0,2019,108000.0,diesel,automatica,116,coches.net,utilitario
citroen,c5 aircross,15990.0,2021,96150.0,diesel,manual,131,coches.net,utilitario
toyota,corolla,22990.0,2021,68107.0,hibrido,automatica,180,coches.net,berlina
mercedes-benz,cla,73995.0,2022,42000.0,gasolina,automatica,422,coches.net,berlina
fiat,tipo,9690.0,2021,96273.0,diesel,manual,95,coches.net,berlina
volkswagen,golf,28990.0,2019,83000.0,gasolina,automatica,245,coches.net,berlina
mg,zs,17500.0,2025,12144.0,gasolina,automatica,111,coches.net,utilitario
ford,focus,11990.0,2018,140932.0,gasolina,manual,125,coches.net,berlina
volkswagen,golf,18850.0,2021,93703.0,diesel,manual,115,coches.net,berlina
volkswagen,golf,24990.0,2025,28712.0,gasolina,manual,115,coches.net,berlina
mini,cooper,25990.0,2025,19233.0,gasolina,automatica,156,coches.net,berlina
peugeot,traveller,28990.0,2021,51092.0,diesel,manual,145,coches.net,utilitario
opel,mokka,9999.0,2015,176000.0,diesel,automatica,136,coches.net,utilitario
mercedes-benz,clase e,19990.0,2012,116000.0,diesel,automatica,265,coches.net,berlina
mercedes-benz,cla,28990.0,2023,66500.0,hibrido,automatica,218,coches.net,berlina
hyundai,kona,25990.0,2025,22069.0,hibrido,automatica,129,coches.net,utilitario
mg,zs,16790.0,2025,15914.0,gasolina,manual,106,coches.net,utilitario
citroen,c4,16990.0,2021,45000.0,diesel,automatica,130,coches.net,berlina
seat,ateca,23400.0,2021,49227.0,gasolina,automatica,150,coches.net,utilitario
bmw,x3,32900.0,2018,128508.0,diesel,automatica,190,coches.net,utilitario
bmw,i4,52900.0,2024,39834.0,electrico,automatica,544,coches.net,berlina
skoda,rapid,7990.0,2018,187000.0,diesel,manual,90,coches.net,berlina
audi,q8,79990.0,2023,37503.0,hibrido,automatica,286,coches.net,utilitario
toyota,rav4,28999.0,2022,114990.0,hibrido,automatica,218,coches.net,utilitario
mercedes-benz,clase glc,49890.0,2022,24337.0,hibrido,automatica,320,coches.net,utilitario
citroen,c3,11900.0,2023,78691.0,gasolina,manual,83,coches.net,berlina
renault,clio,12700.0,2022,74179.0,diesel,manual,100,coches.net,berlina
audi,a4,22490.0,2020,116019.0,diesel,automatica,122,coches.net,berlina
volkswagen,touareg,36990.0,2021,82063.0,diesel,automatica,231,coches.net,utilitario
nissan,ariya,35990.0,2022,5612.0,electrico,automatica,242,coches.net,utilitario
renault,arkana,22990.0,2023,89000.0,hibrido,automatica,140,coches.net,utilitario
skoda,octavia,24490.0,2021,109000.0,diesel,automatica,150,coches.net,berlina
toyota,c-hr,21490.0,2021,150000.0,hibrido,automatica,122,coches.net,berlina
volkswagen,t-cross,19900.0,2022,53000.0,gasolina,automatica,110,coches.net,utilitario
volvo,xc40,35800.0,2025,13800.0,hibrido,automatica,163,coches.net,utilitario
volvo,xc40,32900.0,2025,28297.0,hibrido,automatica,163,coches.net,utilitario
peugeot,2008,14190.0,2022,33000.0,gasolina,manual,100,coches.net,utilitario
audi,a4,14990.0,2015,137000.0,diesel,automatica,150,coches.net,berlina
citroen,c3,10190.0,2022,50000.0,gasolina,manual,83,coches.net,berlina
fiat,panda,11995.0,2022,67000.0,hibrido,manual,70,coches.net,berlina
audi,q3 sportback,34890.0,2020,101529.0,diesel,automatica,150,coches.net,utilitario
volkswagen,caddy,20900.0,2021,133000.0,diesel,manual,122,coches.net,utilitario
renault,arkana,15850.0,2021,119000.0,hibrido,automatica,145,coches.net,utilitario
mercedes-benz,clase b,20550.0,2022,119000.0,hibrido,automatica,218,coches.net,utilitario
citroen,c4 spacetourer,9850.0,2020,146000.0,diesel,manual,130,coches.net,utilitario
ford,focus,18950.0,2022,46000.0,hibrido,manual,155,coches.net,berlina
citroen,c3 aircross,11100.0,2020,128000.0,diesel,automatica,120,coches.net,utilitario
volkswagen,golf,23490.0,2020,70719.0,diesel,manual,150,coches.net,berlina
porsche,macan,55500.0,2021,138948.0,gasolina,automatica,440,coches.net,utilitario
mercedes-benz,clase a,25990.0,2022,90000.0,diesel,automatica,116,coches.net,berlina
bmw,x1,19900.0,2017,89585.0,diesel,automatica,150,coches.net,utilitario
bmw,serie 1,33900.0,2025,15231.0,hibrido,automatica,170,coches.net,berlina
mitsubishi,outlander,20690.0,2017,59427.0,hibrido,automatica,203,coches.net,utilitario
audi,a5,52400.0,2024,16500.0,hibrido,automatica,204,coches.net,berlina
mazda,cx-60,34900.0,2022,66385.0,hibrido,automatica,327,coches.net,utilitario
mazda,cx-60,37490.0,2023,38309.0,hibrido,automatica,327,coches.net,utilitario
mazda,cx-5,26990.0,2023,85434.0,gasolina,manual,165,coches.net,utilitario
bmw,x6,27500.0,2015,233674.0,diesel,automatica,313,coches.net,utilitario
audi,a6,45900.0,2021,70000.0,hibrido,automatica,367,coches.net,berlina
volkswagen,id.4,23500.0,2021,105940.0,electrico,automatica,204,coches.net,utilitario
audi,a4,20900.0,2021,153568.0,hibrido,automatica,136,coches.net,berlina
lynk & co,02,30900.0,2025,15000.0,electrico,automatica,272,coches.net,utilitario
ford,puma,16090.0,2022,94000.0,diesel,manual,120,coches.net,utilitario
smart,forfour,9890.0,2020,45000.0,electrico,automatica,82,coches.net,berlina
mazda,cx-30,19390.0,2020,79000.0,hibrido,manual,122,coches.net,utilitario
lynk & co,01,24900.0,2023,53821.0,hibrido,automatica,261,coches.net,utilitario
land-rover,range rover evoque,30990.0,2019,57000.0,hibrido,automatica,300,coches.net,utilitario
volvo,xc60,38400.0,2024,49426.0,hibrido,automatica,197,coches.net,utilitario
mazda,cx-60,36990.0,2022,87196.0,hibrido,automatica,327,coches.net,utilitario
mazda,cx-5,18490.0,2017,78444.0,gasolina,manual,165,coches.net,utilitario
kia,sportage,35090.0,2024,15941.0,hibrido,automatica,265,coches.net,utilitario
opel,corsa,10790.0,2021,70033.0,gasolina,manual,100,coches.net,berlina
citroen,c3,6990.0,2016,143183.0,diesel,manual,75,coches.net,berlina
renault,clio,12490.0,2022,92112.0,gasolina,manual,90,coches.net,berlina
audi,q7,31990.0,2016,134138.0,diesel,automatica,218,coches.net,utilitario
volkswagen,golf,18990.0,2020,137410.0,diesel,automatica,150,coches.net,berlina
citroen,c4,10990.0,2017,55897.0,gasolina,manual,131,coches.net,berlina
porsche,911,324900.0,2025,10595.0,gasolina,automatica,525,coches.net,berlina
volkswagen,polo,13990.0,2021,70000.0,gasolina,manual,95,coches.net,berlina
mini,mini,15990.0,2019,67000.0,gasolina,manual,102,coches.net,berlina
mercedes-benz,clase a,37900.0,2025,10000.0,hibrido,automatica,218,coches.net,berlina
volvo,v60,35900.0,2024,29000.0,hibrido,automatica,197,coches.net,berlina
bmw,serie 2 gran tourer,22990.0,2021,61062.0,diesel,automatica,116,coches.net,utilitario
mercedes-benz,cla,42900.0,2025,3000.0,hibrido,automatica,218,coches.net,berlina
mini,clubman,26900.0,2023,27000.0,gasolina,automatica,136,coches.net,berlina
bmw,serie 3,29900.0,2024,17900.0,hibrido,automatica,204,coches.net,berlina
bmw,x2,22990.0,2021,75000.0,hibrido,automatica,220,coches.net,utilitario
fiat,500x,15990.0,2022,71000.0,gasolina,manual,120,coches.net,utilitario
audi,a4,20000.0,2021,200000.0,hibrido,automatica,204,coches.net,berlina
skoda,fabia,14400.0,2022,33700.0,gasolina,manual,80,coches.net,berlina
mercedes-benz,clase cls,6990.0,2005,390000.0,gasolina,automatica,272,coches.net,berlina
jaguar,xf,6480.0,2010,360000.0,diesel,automatica,211,coches.net,berlina
citroen,ds5,8980.0,2014,220000.0,diesel,automatica,114,coches.net,berlina
dacia,sandero,11490.0,2021,132000.0,gas,manual,100,coches.net,berlina
renault,captur,7990.0,2015,214000.0,gasolina,manual,90,coches.net,berlina
citroen,c4,14990.0,2022,32424.0,gasolina,manual,130,coches.net,berlina
toyota,verso,8990.0,2011,154300.0,diesel,manual,126,coches.net,utilitario
kia,niro,19975.0,2023,68000.0,hibrido,automatica,141,coches.net,berlina
toyota,yaris,14990.0,2020,40000.0,hibrido,automatica,100,coches.net,berlina
bmw,serie 3,41100.0,2025,22245.0,hibrido,automatica,150,coches.net,berlina
volkswagen,touran,8980.0,2011,250000.0,diesel,automatica,105,coches.net,utilitario
volkswagen,golf,14500.0,2015,230000.0,diesel,automatica,184,coches.net,berlina
renault,laguna,8990.0,2011,190000.0,diesel,manual,150,coches.net,berlina
tesla,model 3,30000.0,2023,60000.0,electrico,automatica,256,coches.net,berlina
ford,focus,12890.0,2017,102115.0,diesel,manual,120,coches.net,berlina
nissan,qashqai,14990.0,2019,115906.0,gasolina,manual,140,coches.net,berlina
ford,fiesta,10190.0,2021,117258.0,gasolina,manual,75,coches.net,berlina
seat,león,11990.0,2021,169234.0,diesel,manual,115,coches.net,berlina
ford,focus,18490.0,2023,68688.0,hibrido,manual,155,coches.net,berlina
renault,clio,12990.0,2023,74000.0,gasolina,manual,90,coches.net,berlina
kia,stonic,13990.0,2022,72000.0,gasolina,manual,100,coches.net,utilitario
peugeot,308,7800.0,2020,237000.0,gasolina,manual,130,coches.net,berlina
mercedes-benz,gle,53990.0,2022,121000.0,hibrido,automatica,272,coches.net,utilitario
renault,clio,10700.0,2020,99300.0,diesel,manual,85,coches.net,berlina
honda,hr-v,31900.0,2025,8500.0,hibrido,automatica,131,coches.net,utilitario
seat,arona,19500.0,2025,21762.0,gasolina,manual,115,coches.net,utilitario
skoda,kamiq,16300.0,2021,65000.0,gasolina,automatica,110,coches.net,utilitario
audi,q2,19950.0,2020,99000.0,diesel,automatica,116,coches.net,utilitario
mazda,cx-30,18950.0,2023,71000.0,hibrido,manual,122,coches.net,utilitario
toyota,c-hr,19950.0,2019,89000.0,hibrido,automatica,122,coches.net,berlina
ford,tourneo courier,27900.0,2025,1.0,gasolina,manual,125,coches.net,utilitario
audi,a4,28500.0,2020,121132.0,diesel,automatica,190,coches.net,berlina
volkswagen,t-roc,14990.0,2021,94000.0,gasolina,manual,110,coches.net,utilitario
ssangyong,musso,26990.0,2024,48000.0,diesel,manual,202,coches.net,pick up
seat,león,16990.0,2022,98000.0,hibrido,automatica,204,coches.net,berlina
audi,a1,17990.0,2022,65000.0,gasolina,manual,95,coches.net,berlina
bmw,x1,12490.0,2014,182000.0,diesel,automatica,143,coches.net,berlina
volkswagen,polo,7999.0,2011,151000.0,diesel,manual,105,coches.net,berlina
mg,zs,15490.0,2025,11292.0,gasolina,manual,106,coches.net,utilitario
peugeot,3008,13999.0,2019,148752.0,diesel,manual,130,coches.net,utilitario
mazda,mx-5,23990.0,2018,36683.0,gasolina,manual,131,coches.net,berlina
seat,ateca,27900.0,2022,48000.0,gasolina,automatica,150,coches.net,utilitario
mercedes-benz,clase c,40990.0,2024,36700.0,hibrido,automatica,163,coches.net,berlina
nissan,qashqai,16990.0,2020,120000.0,gasolina,manual,140,coches.net,berlina
audi,q5,30490.0,2020,107221.0,hibrido,automatica,299,coches.net,utilitario
skoda,fabia,15990.0,2021,39000.0,gasolina,manual,95,coches.net,berlina
ds,ds 7 crossback,20490.0,2021,66306.0,diesel,automatica,130,coches.net,utilitario
peugeot,3008,18480.0,2022,80547.0,diesel,manual,130,coches.net,utilitario
opel,mokka,22490.0,2024,11376.0,hibrido,automatica,136,coches.net,utilitario
dacia,duster,15290.0,2020,52679.0,diesel,manual,95,coches.net,utilitario
lynk & co,01,23690.0,2023,34028.0,hibrido,automatica,261,coches.net,utilitario
opel,insignia,5999.0,2012,170000.0,diesel,manual,130,coches.net,berlina
ford,c-max,8990.0,2019,129977.0,diesel,manual,95,coches.net,utilitario
citroen,grand c4 picasso,8500.0,2014,199000.0,diesel,automatica,150,coches.net,utilitario
peugeot,3008,12500.0,2018,213000.0,diesel,manual,130,coches.net,utilitario
ds,ds 4,9000.0,2016,137000.0,diesel,manual,120,coches.net,berlina
renault,mégane,11990.0,2019,100000.0,diesel,manual,115,coches.net,berlina
kia,stonic,13900.0,2024,89000.0,gasolina,manual,84,coches.net,utilitario
peugeot,208,8790.0,2021,132713.0,diesel,manual,100,coches.net,berlina
mercedes-benz,clase a,22490.0,2019,65290.0,diesel,automatica,116,coches.net,berlina
lexus,ux,33650.0,2023,12145.0,hibrido,automatica,184,coches.net,utilitario
peugeot,5008,14950.0,2019,116000.0,diesel,automatica,130,coches.net,utilitario
bmw,z4,18990.0,2003,118529.0,gasolina,manual,231,coches.net,berlina
hyundai,tucson,23990.0,2021,62659.0,hibrido,automatica,230,coches.net,utilitario
citroen,berlingo,16990.0,2020,12000.0,diesel,manual,102,coches.net,utilitario
opel,mokka,15950.0,2022,40000.0,diesel,manual,110,coches.net,utilitario
mini,countryman,17250.0,2019,99000.0,hibrido,automatica,224,coches.net,berlina
bmw,x1,20350.0,2020,99000.0,hibrido,automatica,220,coches.net,utilitario
audi,q5,23950.0,2020,149000.0,hibrido,automatica,299,coches.net,utilitario
audi,a5,32900.0,2022,90000.0,hibrido,automatica,150,coches.net,berlina
bmw,serie 1,21900.0,2021,149889.0,diesel,manual,150,coches.net,berlina
mercedes-benz,clase a,35499.0,2019,125000.0,gasolina,automatica,306,coches.net,berlina
mercedes-benz,clase a,20990.0,2020,154634.0,diesel,automatica,116,coches.net,berlina
audi,a5,29990.0,2021,199900.0,hibrido,automatica,286,coches.net,berlina
land-rover,range rover velar,25980.0,2020,75993.0,diesel,automatica,180,coches.net,utilitario
bmw,serie 1,25985.0,2023,62273.0,diesel,automatica,150,coches.net,berlina
volkswagen,polo,15985.0,2023,38711.0,gasolina,manual,95,coches.net,berlina
audi,a3,12900.0,2011,193132.0,diesel,manual,170,coches.net,berlina
volkswagen,polo,12699.0,2015,49253.0,gasolina,manual,110,coches.net,berlina
volkswagen,polo,11599.0,2014,11948.0,gasolina,manual,90,coches.net,berlina
renault,mégane,12490.0,2019,136314.0,gasolina,manual,140,coches.net,berlina
volkswagen,polo,10950.0,2021,215467.0,gasolina,manual,95,coches.net,berlina
renault,mégane,14800.0,2023,165119.0,diesel,manual,115,coches.net,berlina
citroen,ë-c3,24600.0,2025,5455.0,electrico,automatica,113,coches.net,berlina
kia,xceed,22990.0,2022,19146.0,hibrido,automatica,141,coches.net,utilitario
kia,xceed,22990.0,2022,7128.0,hibrido,automatica,141,coches.net,utilitario
bmw,x3,39500.0,2024,121000.0,hibrido,automatica,190,coches.net,utilitario
volvo,xc60,59500.0,2025,16215.0,hibrido,automatica,350,coches.net,utilitario
opel,grandland x,13900.0,2021,84731.0,diesel,manual,130,coches.net,utilitario
bmw,serie 3,45900.0,2025,22198.0,hibrido,automatica,190,coches.net,berlina
audi,a1,19490.0,2020,66235.0,gasolina,automatica,116,coches.net,berlina
volkswagen,touran,19490.0,2021,155235.0,diesel,manual,122,coches.net,utilitario
toyota,corolla,24990.0,2022,61887.0,hibrido,automatica,180,coches.net,berlina
jeep,renegade,18390.0,2022,66317.0,diesel,manual,130,coches.net,utilitario
volkswagen,tiguan,34990.0,2022,55496.0,diesel,automatica,150,coches.net,utilitario
toyota,yaris,15950.0,2020,19923.0,hibrido,automatica,100,coches.net,berlina
dacia,sandero,8900.0,2019,207000.0,gasolina,manual,90,coches.net,berlina
smart,forfour,7990.0,2018,99000.0,gasolina,manual,71,coches.net,berlina
lexus,es,54990.0,2025,13855.0,hibrido,automatica,218,coches.net,berlina
hyundai,kona,16400.0,2017,90000.0,gasolina,automatica,177,coches.net,utilitario
peugeot,3008,17490.0,2021,71708.0,diesel,manual,130,coches.net,utilitario
renault,mégane,12990.0,2019,99713.0,diesel,manual,115,coches.net,berlina
kia,niro,17990.0,2018,89264.0,hibrido,automatica,141,coches.net,berlina
hyundai,i30,23890.0,2018,97700.0,gasolina,manual,275,coches.net,berlina
renault,clio,12200.0,2022,46733.0,gasolina,manual,65,coches.net,berlina
seat,ibiza,19300.0,2025,14500.0,gasolina,manual,115,coches.net,berlina
peugeot,3008 hybrid,19990.0,2021,50832.0,hibrido,automatica,225,coches.net,utilitario
hyundai,i20,13490.0,2022,79130.0,gasolina,manual,100,coches.net,berlina
jaguar,e-pace,19490.0,2019,49686.0,diesel,manual,150,coches.net,utilitario
volkswagen,polo,18985.0,2026,10225.0,gasolina,manual,95,coches.net,berlina
volkswagen,polo,13485.0,2023,98702.0,gasolina,manual,95,coches.net,berlina
mercedes-benz,clase a,24900.0,2014,179000.0,gasolina,automatica,360,coches.net,berlina
citroen,c3 aircross,13900.0,2020,40000.0,diesel,manual,102,coches.net,utilitario
nissan,juke,9999.0,2017,139875.0,diesel,manual,110,coches.net,utilitario
nissan,qashqai,16990.0,2020,98717.0,diesel,manual,115,coches.net,berlina
ds,ds 3,8990.0,2015,46530.0,gasolina,manual,82,coches.net,berlina
peugeot,308,9590.0,2018,129816.0,gasolina,manual,130,coches.net,berlina
toyota,yaris cross,24890.0,2023,19700.0,hibrido,automatica,116,coches.net,utilitario
opel,crossland,12490.0,2021,167000.0,diesel,automatica,120,coches.net,utilitario
kia,sportage,18485.0,2021,58883.0,hibrido,manual,136,coches.net,utilitario
mazda,mx-5,17985.0,2017,84269.0,gasolina,manual,160,coches.net,berlina
audi,q3,27985.0,2023,55537.0,diesel,manual,150,coches.net,utilitario
seat,león,12990.0,2021,137686.0,diesel,manual,115,coches.net,berlina
audi,a5,27890.0,2021,103946.0,diesel,automatica,150,coches.net,berlina
toyota,corolla,22990.0,2021,117126.0,hibrido,automatica,122,coches.net,berlina
audi,a3,25490.0,2021,74152.0,gasolina,manual,150,coches.net,berlina
peugeot,308,10000.0,2019,179000.0,diesel,automatica,130,coches.net,berlina
peugeot,208,10300.0,2019,89000.0,diesel,manual,99,coches.net,berlina
opel,corsa,14999.0,2022,55512.0,diesel,manual,102,coches.net,berlina
citroen,c3,12900.0,2023,76125.0,diesel,manual,102,coches.net,berlina
peugeot,208,13485.0,2023,46789.0,gasolina,manual,100,coches.net,berlina
peugeot,308,11890.0,2021,92689.0,diesel,manual,130,coches.net,berlina
ford,focus,14699.0,2020,102756.0,diesel,manual,120,coches.net,berlina
bmw,serie 1,17099.0,2019,74411.0,gasolina,automatica,136,coches.net,berlina
opel,corsa,12350.0,2023,74881.0,gasolina,manual,100,coches.net,berlina
volkswagen,passat,20490.0,2020,92623.0,diesel,automatica,120,coches.net,berlina
hyundai,i20,11990.0,2021,125482.0,gasolina,manual,84,coches.net,berlina
audi,a3,24990.0,2021,111388.0,diesel,automatica,150,coches.net,berlina
nissan,micra,11990.0,2021,75059.0,gasolina,manual,92,coches.net,berlina
hyundai,i20,17990.0,2021,28842.0,hibrido,automatica,100,coches.net,berlina
mercedes-benz,cle,53490.0,2025,14000.0,hibrido,automatica,197,coches.net,berlina
hyundai,kona,19990.0,2020,85853.0,hibrido,automatica,141,coches.net,utilitario
opel,corsa,10985.0,2022,26688.0,gasolina,manual,100,coches.net,berlina
bmw,x3,25985.0,2020,61020.0,diesel,automatica,150,coches.net,utilitario
hyundai,i20,13985.0,2022,29000.0,gasolina,manual,84,coches.net,berlina
mazda,mazda2,16990.0,2022,50202.0,hibrido,manual,90,coches.net,berlina
volkswagen,touran,23490.0,2020,121000.0,diesel,manual,115,coches.net,utilitario
nissan,x-trail,13900.0,2018,237000.0,diesel,automatica,177,coches.net,utilitario
bmw,serie 1,17490.0,2021,94000.0,diesel,manual,116,coches.net,berlina
nissan,juke,15990.0,2021,24678.0,gasolina,manual,114,coches.net,utilitario
volkswagen,golf,12990.0,2019,94990.0,electrico,automatica,136,coches.net,berlina
opel,corsa,9990.0,2021,81991.0,diesel,manual,102,coches.net,berlina
volkswagen,golf plus,7990.0,2009,159000.0,diesel,manual,140,coches.net,utilitario
volkswagen,touran,6500.0,2014,223000.0,diesel,manual,105,coches.net,utilitario
dacia,sandero,7500.0,2018,140000.0,gasolina,manual,90,coches.net,berlina
omoda,5,22990.0,2023,45000.0,gasolina,automatica,197,coches.net,utilitario
mazda,cx-3,14500.0,2016,156112.0,gasolina,automatica,120,coches.net,utilitario
audi,q3 sportback,32490.0,2021,56750.0,hibrido,automatica,150,coches.net,utilitario
peugeot,rifter,15490.0,2022,69987.0,diesel,automatica,100,coches.net,utilitario
renault,clio,9250.0,2019,155000.0,gas,manual,90,coches.net,berlina
renault,austral,19450.0,2023,149000.0,hibrido,manual,140,coches.net,utilitario
opel,corsa-e,16250.0,2024,47000.0,electrico,automatica,136,coches.net,berlina
renault,espace,11990.0,2016,150000.0,diesel,automatica,160,coches.net,utilitario
mercedes-benz,glc coupé,39990.0,2022,76500.0,hibrido,automatica,320,coches.net,utilitario
ford,fiesta,5999.0,2007,229500.0,diesel,manual,90,coches.net,berlina
toyota,c-hr,18990.0,2021,113776.0,hibrido,automatica,122,coches.net,berlina
kia,rio,12985.0,2022,71086.0,gasolina,manual,84,coches.net,berlina
peugeot,208,13485.0,2023,44389.0,gasolina,manual,100,coches.net,berlina
jeep,wrangler,47990.0,2022,126500.0,hibrido,automatica,381,coches.net,utilitario
seat,león,22600.0,2025,19045.0,gasolina,manual,116,coches.net,berlina
seat,león,17900.0,2022,64425.0,diesel,manual,115,coches.net,berlina
volkswagen,t-cross,16800.0,2022,60497.0,gasolina,manual,95,coches.net,utilitario
mitsubishi,asx,8890.0,2012,140809.0,diesel,manual,116,coches.net,utilitario
mini,countryman,27900.0,2021,60500.0,gasolina,automatica,136,coches.net,berlina
volkswagen,arteon,32900.0,2022,84600.0,diesel,automatica,150,coches.net,berlina
lexus,ux,35900.0,2025,21700.0,hibrido,automatica,199,coches.net,utilitario
mercedes-benz,clase a,16990.0,2017,98967.0,diesel,manual,109,coches.net,berlina
peugeot,308,15000.0,2022,49000.0,gasolina,manual,130,coches.net,berlina
citroen,c4,13995.0,2021,38477.0,gasolina,manual,100,coches.net,berlina
audi,q2,20900.0,2019,70456.0,diesel,manual,116,coches.net,utilitario
seat,león,22600.0,2025,24672.0,gasolina,manual,116,coches.net,berlina
mercedes-benz,clase clk,9990.0,2004,116000.0,gasolina,automatica,163,coches.net,berlina
bmw,serie 5,39900.0,2018,151000.0,diesel,automatica,320,coches.net,berlina
citroen,c3 aircross,11600.0,2023,96000.0,gasolina,manual,110,coches.net,utilitario
bmw,serie 1,36900.0,2024,31202.0,hibrido,automatica,163,coches.net,berlina
bmw,serie 1,25900.0,2020,81650.0,diesel,automatica,150,coches.net,berlina
citroen,berlingo,10990.0,2019,156000.0,gasolina,manual,110,coches.net,utilitario
bmw,serie 3,12000.0,2008,279180.0,diesel,automatica,177,coches.net,berlina
peugeot,3008,16999.0,2021,67374.0,diesel,manual,130,coches.net,utilitario
seat,arona,26500.0,2026,10.0,gasolina,automatica,150,coches.net,utilitario
bmw,x3,40900.0,2018,137301.0,gasolina,automatica,360,coches.net,utilitario
land-rover,range rover evoque,24990.0,2022,93000.0,hibrido,automatica,309,coches.net,utilitario
mercedes-benz,eqb,32990.0,2022,44000.0,electrico,automatica,292,coches.net,utilitario
renault,kangoo,11990.0,2021,57000.0,diesel,manual,105,coches.net,utilitario
toyota,yaris,15990.0,2023,72000.0,gasolina,manual,125,coches.net,berlina
nissan,juke,10890.0,2018,100900.0,gasolina,manual,115,coches.net,utilitario
ds,ds 7 crossback e-tense,21990.0,2021,82900.0,hibrido,automatica,300,coches.net,utilitario
volvo,v60,13990.0,2016,141900.0,diesel,manual,150,coches.net,berlina
bmw,serie 1,19990.0,2022,154000.0,diesel,manual,150,coches.net,berlina
hyundai,kona,20990.0,2024,35670.0,hibrido,manual,120,coches.net,utilitario
mercedes-benz,clase gla,18990.0,2019,168000.0,diesel,automatica,136,coches.net,utilitario
mercedes-benz,eqa,41900.0,2025,5300.0,electrico,automatica,190,coches.net,utilitario
mercedes-benz,eqa,41900.0,2025,9600.0,electrico,automatica,190,coches.net,utilitario
mercedes-benz,clase cla,23990.0,2016,67000.0,gasolina,automatica,156,coches.net,berlina
audi,q5 sportback,37990.0,2021,47800.0,hibrido,automatica,299,coches.net,utilitario
bmw,x1,19990.0,2020,114418.0,diesel,automatica,116,coches.net,utilitario
mercedes-benz,clase c,33450.0,2021,138825.0,hibrido,automatica,200,coches.net,berlina
volkswagen,t-cross,18950.0,2025,25933.0,gasolina,manual,95,coches.net,utilitario
kia,ceed,11490.0,2019,115000.0,gasolina,manual,120,coches.net,berlina
toyota,yaris,18990.0,2025,17000.0,hibrido,automatica,116,coches.net,berlina
bmw,serie 1,33500.0,2025,25000.0,hibrido,automatica,163,coches.net,berlina
mercedes-benz,clase c,33900.0,2019,137700.0,hibrido,automatica,184,coches.net,berlina
bmw,serie 2 active tourer,15985.0,2022,117776.0,hibrido,automatica,220,coches.net,utilitario
jaguar,xe,16485.0,2018,111958.0,gasolina,automatica,200,coches.net,berlina
peugeot,208,13485.0,2023,47288.0,gasolina,manual,100,coches.net,berlina
toyota,c-hr,19985.0,2020,88024.0,hibrido,automatica,122,coches.net,berlina
citroen,c3,11985.0,2023,43734.0,gasolina,manual,83,coches.net,berlina
peugeot,3008,7899.0,2013,232199.0,diesel,manual,115,coches.net,berlina
opel,grandland x,15900.0,2019,129317.0,diesel,manual,130,coches.net,utilitario
volvo,v60 cross country,42500.0,2023,42633.0,hibrido,automatica,197,coches.net,berlina
maserati,levante,40800.0,2017,96300.0,diesel,automatica,275,coches.net,utilitario
ford,s-max,24990.0,2023,112100.0,hibrido,automatica,190,coches.net,utilitario
seat,león,16990.0,2019,102732.0,gasolina,automatica,150,coches.net,berlina
ford,focus,11990.0,2019,189595.0,diesel,automatica,120,coches.net,berlina
volkswagen,golf,23990.0,2017,137000.0,diesel,manual,184,coches.net,berlina
peugeot,308,15500.0,2022,89254.0,diesel,manual,130,coches.net,berlina
mercedes-benz,clase a,28490.0,2021,75826.0,gasolina,automatica,163,coches.net,berlina
ford,fiesta,9390.0,2018,85125.0,gasolina,manual,85,coches.net,berlina
citroen,berlingo,16900.0,2021,100000.0,diesel,manual,102,coches.net,utilitario
peugeot,3008,18490.0,2022,79812.0,diesel,manual,130,coches.net,utilitario
ford,fiesta,15480.0,2020,9000.0,gasolina,manual,95,coches.net,berlina
citroen,c4,16950.0,2024,16183.0,gasolina,manual,131,coches.net,berlina
renault,scénic,7990.0,2014,140634.0,diesel,manual,110,coches.net,utilitario
peugeot,208,7990.0,2017,162000.0,diesel,manual,75,coches.net,berlina
mercedes-benz,clase c,23890.0,2018,114000.0,hibrido,automatica,184,coches.net,berlina
kia,sportage,18800.0,2020,89940.0,hibrido,manual,136,coches.net,utilitario
ford,kuga,19300.0,2022,62482.0,gasolina,manual,150,coches.net,utilitario
mercedes-benz,clase a,28900.0,2021,16968.0,hibrido,automatica,218,coches.net,berlina
renault,zoe,15900.0,2021,55659.0,electrico,automatica,108,coches.net,berlina
bmw,serie 3,26900.0,2020,114071.0,hibrido,automatica,292,coches.net,berlina
opel,mokka x,16900.0,2019,40000.0,gasolina,manual,140,coches.net,utilitario
kia,xceed,19200.0,2024,47804.0,gasolina,manual,100,coches.net,utilitario
opel,astra,17900.0,2019,85900.0,gasolina,manual,200,coches.net,berlina
bmw,serie 1,37990.0,2024,6000.0,hibrido,automatica,163,coches.net,berlina
dfsk,500,16985.0,2023,40790.0,gasolina,automatica,114,coches.net,utilitario
seat,arona,12490.0,2022,82600.0,gas,manual,90,coches.net,utilitario
seat,león,14985.0,2021,77107.0,gasolina,manual,130,coches.net,berlina
opel,corsa,11985.0,2022,9946.0,gasolina,manual,100,coches.net,berlina
citroen,c3,11985.0,2023,37837.0,gasolina,manual,83,coches.net,berlina
mercedes-benz,clase c,39990.0,2022,136000.0,hibrido,automatica,265,coches.net,berlina
ford,ranger,71995.0,2026,25.0,gasolina,automatica,292,coches.net,pick up
bmw,serie 4,19900.0,2019,118000.0,gasolina,automatica,184,coches.net,berlina
opel,corsa,10780.0,2022,69646.0,diesel,manual,102,coches.net,berlina
peugeot,rifter,16800.0,2022,57041.0,diesel,manual,100,coches.net,utilitario
mini,mini,8900.0,2008,205000.0,gasolina,manual,175,coches.net,berlina
volkswagen,golf,21990.0,2021,50000.0,diesel,automatica,115,coches.net,berlina
porsche,panamera,72990.0,2019,92000.0,gasolina,automatica,460,coches.net,berlina
mercedes-benz,cla,22900.0,2020,85000.0,diesel,automatica,150,coches.net,berlina
citroen,c1,10900.0,2022,73000.0,gasolina,manual,72,coches.net,berlina
dacia,duster,8950.0,2016,141193.0,diesel,manual,90,coches.net,utilitario
citroen,c3 aircross,9290.0,2019,116000.0,gasolina,manual,82,coches.net,utilitario
jaguar,e-pace,24900.0,2021,81566.0,diesel,manual,150,coches.net,utilitario
fiat,500x,8990.0,2016,140000.0,diesel,manual,95,coches.net,utilitario
opel,corsa-e,19890.0,2021,17726.0,electrico,automatica,136,coches.net,berlina
citroen,c4 picasso,9490.0,2016,110000.0,diesel,manual,99,coches.net,utilitario
maserati,levante,44990.0,2020,48780.0,diesel,automatica,275,coches.net,utilitario
mercedes-benz,clase c,33900.0,2022,71000.0,hibrido,automatica,163,coches.net,berlina
bmw,x1,16990.0,2017,86000.0,diesel,manual,116,coches.net,utilitario
bmw,x6,29999.0,2015,196500.0,diesel,automatica,313,coches.net,utilitario
bmw,serie 3,32900.0,2023,72000.0,hibrido,automatica,150,coches.net,berlina
citroen,c-elysée,6490.0,2019,210000.0,gasolina,manual,115,coches.net,berlina
opel,astra,12900.0,2020,45337.0,gasolina,manual,110,coches.net,berlina
fiat,500l,8490.0,2017,69000.0,gasolina,manual,95,coches.net,utilitario
mercedes-benz,citan,35900.0,2024,55865.0,gasolina,automatica,131,coches.net,utilitario
mercedes-benz,clase v,55900.0,2023,43451.0,diesel,automatica,190,coches.net,utilitario
seat,león,17900.0,2021,90000.0,diesel,manual,115,coches.net,berlina
opel,insignia,10900.0,2016,83000.0,diesel,manual,136,coches.net,berlina
bmw,serie 3,26900.0,2022,99000.0,hibrido,automatica,292,coches.net,berlina
seat,arona,16790.0,2022,72000.0,gasolina,automatica,110,coches.net,utilitario
bmw,x3,31390.0,2020,86518.0,hibrido,automatica,190,coches.net,utilitario
seat,arona,11800.0,2018,91000.0,diesel,manual,95,coches.net,utilitario
audi,a3,38900.0,2026,200.0,hibrido,automatica,204,coches.net,berlina
bmw,serie 1,15590.0,2021,158470.0,gasolina,manual,136,coches.net,berlina
mazda,cx-30,19900.0,2020,98000.0,gasolina,manual,122,coches.net,utilitario
ford,kuga,27990.0,2022,42722.0,hibrido,automatica,225,coches.net,utilitario
audi,a4 allroad quattro,14999.0,2017,240000.0,diesel,automatica,190,coches.net,berlina
renault,mégane,14490.0,2023,155400.0,gasolina,automatica,140,coches.net,berlina
ford,c-max,12990.0,2019,83939.0,gasolina,manual,125,coches.net,utilitario
volkswagen,touran,26980.0,2021,101334.0,diesel,automatica,150,coches.net,utilitario
peugeot,3008,15390.0,2022,108536.0,gasolina,manual,130,coches.net,utilitario
peugeot,308,7990.0,2016,110602.0,gasolina,manual,130,coches.net,berlina
mercedes-benz,clase a,38900.0,2024,4059.0,hibrido,automatica,218,coches.net,berlina
bmw,serie 2 active tourer,16900.0,2020,120000.0,diesel,manual,116,coches.net,utilitario
toyota,aygo x cross,16490.0,2025,11014.0,gasolina,manual,72,coches.net,utilitario
audi,q3 sportback,32900.0,2020,83800.0,diesel,automatica,150,coches.net,utilitario
toyota,aygo x cross,16290.0,2024,19353.0,gasolina,manual,72,coches.net,utilitario
nissan,qashqai,9990.0,2012,104000.0,gasolina,manual,117,coches.net,berlina
volkswagen,t-roc,23900.0,2021,33301.0,gasolina,manual,150,coches.net,utilitario
mercedes-benz,gle,48990.0,2020,140000.0,diesel,automatica,245,coches.net,utilitario
volvo,xc90,46900.0,2022,93538.0,hibrido,automatica,455,coches.net,utilitario
peugeot,308,9800.0,2020,121700.0,gasolina,manual,130,coches.net,berlina
ford,tourneo courier,6999.0,2016,282000.0,diesel,manual,95,coches.net,utilitario
porsche,macan,89900.0,2026,3000.0,electrico,automatica,408,coches.net,utilitario
audi,a4,25990.0,2022,93500.0,hibrido,automatica,163,coches.net,berlina
peugeot,308,12900.0,2021,71000.0,gasolina,automatica,130,coches.net,berlina
kia,rio,8499.0,2016,156581.0,gasolina,manual,84,coches.net,berlina
citroen,c-elysée,9000.0,2017,47697.0,gasolina,manual,82,coches.net,berlina
peugeot,2008,14900.0,2022,139000.0,diesel,manual,110,coches.net,utilitario
audi,a3,18450.0,2017,100388.0,diesel,manual,150,coches.net,berlina
renault,mégane,17890.0,2017,150055.0,gasolina,automatica,205,coches.net,berlina
peugeot,2008,10990.0,2019,106697.0,gasolina,automatica,110,coches.net,utilitario
renault,clio,16660.0,2024,17703.0,gasolina,manual,90,coches.net,berlina
volkswagen,touran,27890.0,2022,79000.0,gasolina,automatica,150,coches.net,utilitario
kia,sportage,18490.0,2021,60304.0,gasolina,manual,132,coches.net,utilitario
volkswagen,passat,21900.0,2021,47417.0,diesel,automatica,122,coches.net,berlina
mg,zs,18990.0,2025,15876.0,gasolina,manual,106,coches.net,utilitario
mg,mg3 hybrid+,18290.0,2025,24877.0,hibrido,automatica,195,coches.net,berlina
bmw,serie 2,33900.0,2024,20000.0,gasolina,automatica,178,coches.net,berlina
toyota,c-hr,22480.0,2022,92744.0,hibrido,automatica,122,coches.net,berlina
mercedes-benz,clase e,6899.0,2009,377000.0,diesel,automatica,204,coches.net,berlina
hyundai,i30,27990.0,2020,61000.0,gasolina,manual,275,coches.net,berlina
kia,picanto,12990.0,2021,43959.0,gasolina,manual,67,coches.net,berlina
fiat,tipo,12990.0,2022,71961.0,gasolina,manual,101,coches.net,berlina
kia,picanto,11490.0,2022,21866.0,gasolina,manual,67,coches.net,berlina
citroen,c3,13990.0,2023,38016.0,gasolina,automatica,110,coches.net,berlina
peugeot,2008,14450.0,2022,151962.0,diesel,manual,110,coches.net,utilitario
opel,corsa,10200.0,2020,43300.0,gasolina,manual,75,coches.net,berlina
land-rover,range rover evoque,14299.0,2016,109056.0,diesel,manual,150,coches.net,utilitario
citroen,grand c4 picasso,10699.0,2016,121948.0,diesel,manual,120,coches.net,utilitario
seat,león,13475.0,2019,97000.0,gas,automatica,130,coches.net,berlina
opel,corsa,9200.0,2021,73942.0,gasolina,manual,100,coches.net,berlina
mercedes-benz,clase cla,25490.0,2019,55005.0,gasolina,automatica,136,coches.net,berlina
fiat,500,11450.0,2021,52194.0,hibrido,manual,70,coches.net,berlina
mazda,cx-30,20890.0,2023,99000.0,hibrido,manual,122,coches.net,utilitario
nissan,qashqai,17890.0,2022,99700.0,hibrido,manual,140,coches.net,utilitario
audi,q7,29450.0,2017,225195.0,diesel,automatica,218,coches.net,utilitario
ds,ds 9,18750.0,2021,214796.0,hibrido,automatica,225,coches.net,berlina
ssangyong,tivoli,12750.0,2020,79487.0,gasolina,manual,128,coches.net,utilitario
toyota,rav4,34990.0,2021,65602.0,hibrido,automatica,306,coches.net,utilitario
bmw,serie 1,24890.0,2023,44833.0,gasolina,automatica,136,coches.net,berlina
toyota,rav4,34299.0,2021,46374.0,hibrido,automatica,218,coches.net,utilitario
renault,mégane,6900.0,2014,132000.0,diesel,manual,95,coches.net,berlina
toyota,yaris,11900.0,2018,47546.0,gasolina,manual,69,coches.net,berlina
seat,altea xl,8475.0,2015,96000.0,diesel,automatica,105,coches.net,utilitario
renault,talisman,14499.0,2020,122220.0,diesel,manual,150,coches.net,berlina
peugeot,3008,20400.0,2022,75802.0,gasolina,automatica,130,coches.net,utilitario
toyota,corolla,23290.0,2021,71860.0,hibrido,automatica,180,coches.net,berlina
citroen,c4,20900.0,2024,30133.0,diesel,automatica,131,coches.net,berlina
volkswagen,passat,9000.0,2014,141900.0,diesel,manual,105,coches.net,berlina
renault,clio,12990.0,2022,68119.0,diesel,manual,100,coches.net,berlina
renault,mégane,14900.0,2021,58750.0,diesel,manual,115,coches.net,berlina
citroen,c4,14900.0,2024,76765.0,gasolina,manual,130,coches.net,berlina
bmw,serie 1,15610.0,2016,100594.0,diesel,manual,150,coches.net,berlina
alfa romeo,giulietta,7199.0,2016,195000.0,diesel,manual,120,coches.net,berlina
audi,a4,21991.0,2018,40652.0,gasolina,manual,150,coches.net,berlina
renault,clio,19900.0,2025,23500.0,gas,manual,100,coches.net,berlina
hyundai,tucson,24900.0,2023,43451.0,hibrido,manual,150,coches.net,utilitario
renault,kangoo combi,13990.0,2022,144798.0,diesel,manual,95,coches.net,utilitario
bmw,x5,49990.0,2022,78000.0,hibrido,automatica,394,coches.net,utilitario
nissan,qashqai,25600.0,2024,53146.0,hibrido,manual,140,coches.net,utilitario
citroen,c3,10800.0,2022,47725.0,gasolina,manual,83,coches.net,berlina
citroen,c3,13800.0,2023,23322.0,diesel,manual,102,coches.net,berlina
seat,ibiza,11290.0,2020,66851.0,gas,manual,90,coches.net,berlina
peugeot,108,6990.0,2015,91486.0,gasolina,manual,82,coches.net,berlina
volkswagen,golf,11499.0,2014,171000.0,diesel,manual,105,coches.net,berlina
ds,ds 5,10490.0,2016,141538.0,diesel,automatica,120,coches.net,berlina
seat,ibiza,6999.0,2015,142000.0,gasolina,manual,85,coches.net,berlina
kia,sportage,22990.0,2022,34211.0,gasolina,manual,150,coches.net,utilitario
audi,a1,27750.0,2025,30134.0,gasolina,automatica,116,coches.net,berlina
peugeot,2008,8999.0,2017,170543.0,diesel,manual,120,coches.net,utilitario
opel,astra,8950.0,2014,98657.0,diesel,manual,130,coches.net,berlina
bmw,serie 1,11700.0,2015,207000.0,diesel,manual,150,coches.net,berlina
peugeot,3008,16350.0,2021,85805.0,diesel,manual,130,coches.net,utilitario
skoda,fabia,19450.0,2025,5329.0,gasolina,manual,115,coches.net,berlina
audi,a8,44990.0,2020,88330.0,hibrido,automatica,449,coches.net,berlina
mercedes-benz,eqb,32990.0,2022,59717.0,electrico,automatica,228,coches.net,utilitario
land-rover,range rover evoque,29990.0,2021,56818.0,hibrido,automatica,163,coches.net,utilitario
volkswagen,multivan,66990.0,2025,144.0,hibrido,automatica,245,coches.net,utilitario
jeep,renegade,22900.0,2022,47900.0,hibrido,automatica,240,coches.net,utilitario
citroen,c3 aircross,17900.0,2023,25500.0,diesel,manual,110,coches.net,utilitario
kia,sportage,28750.0,2024,25136.0,gasolina,manual,150,coches.net,utilitario
kia,sportage,31391.0,2025,10384.0,hibrido,automatica,215,coches.net,utilitario
renault,kangoo combi,14800.0,2021,144000.0,diesel,manual,95,coches.net,utilitario
bmw,serie 2 active tourer,20900.0,2021,56000.0,hibrido,automatica,220,coches.net,utilitario
audi,a1,9990.0,2014,60000.0,diesel,manual,90,coches.net,berlina
volkswagen,tiguan,46990.0,2025,11578.0,hibrido,automatica,204,coches.net,utilitario
alfa romeo,stelvio,23900.0,2022,43000.0,diesel,automatica,190,coches.net,utilitario
ds,ds 3,16900.0,2023,21000.0,gasolina,automatica,130,coches.net,utilitario
opel,corsa,11900.0,2022,38000.0,gasolina,manual,100,coches.net,berlina
opel,astra,17490.0,2023,49127.0,gasolina,automatica,130,coches.net,berlina
citroen,c4,13790.0,2021,94888.0,diesel,manual,110,coches.net,berlina
volkswagen,golf,14900.0,2019,120456.0,gasolina,manual,115,coches.net,berlina
peugeot,508,8989.0,2016,190000.0,diesel,manual,150,coches.net,berlina
nissan,micra,11950.0,2018,109698.0,gasolina,manual,90,coches.net,berlina
bmw,x1,15990.0,2015,180000.0,diesel,automatica,150,coches.net,utilitario
nissan,juke,9999.0,2016,116000.0,gasolina,manual,115,coches.net,utilitario
mini,mini,22495.0,2019,59500.0,gasolina,automatica,192,coches.net,berlina
porsche,macan,32900.0,2014,166000.0,diesel,automatica,258,coches.net,utilitario
seat,mii,11290.0,2021,55026.0,electrico,automatica,83,coches.net,berlina
volkswagen,id. buzz,43900.0,2024,8950.0,electrico,automatica,204,coches.net,utilitario
audi,a4,20999.0,2017,127584.0,diesel,automatica,190,coches.net,berlina
hyundai,santa fe,18490.0,2016,141030.0,diesel,automatica,200,coches.net,utilitario
skoda,rapid,10950.0,2018,136761.0,diesel,manual,90,coches.net,berlina
ford,ecosport,14490.0,2021,23966.0,gasolina,manual,100,coches.net,utilitario
toyota,yaris,10290.0,2012,179957.0,hibrido,automatica,100,coches.net,berlina
renault,grand kangoo combi,13290.0,2021,169011.0,diesel,manual,110,coches.net,utilitario
renault,captur,18290.0,2022,90295.0,hibrido,automatica,160,coches.net,utilitario
volkswagen,t-cross,18900.0,2023,78998.0,gasolina,automatica,110,coches.net,utilitario
peugeot,508,17750.0,2022,87052.0,diesel,automatica,130,coches.net,berlina
nissan,qashqai,20950.0,2023,92786.0,hibrido,manual,140,coches.net,utilitario
mercedes-benz,clase c,30990.0,2022,119888.0,hibrido,automatica,200,coches.net,berlina
nissan,pulsar,7999.0,2014,146080.0,diesel,manual,110,coches.net,berlina
kia,sportage,15990.0,2018,75800.0,diesel,manual,115,coches.net,utilitario
peugeot,308,10999.0,2017,120000.0,diesel,manual,100,coches.net,berlina
ds,ds 4,19990.0,2022,63527.0,diesel,automatica,130,coches.net,berlina
bmw,x5,34990.0,2018,147766.0,diesel,automatica,306,coches.net,utilitario
nissan,qashqai,33900.0,2024,14034.0,hibrido,automatica,190,coches.net,utilitario
nissan,qashqai,33900.0,2024,2582.0,hibrido,automatica,190,coches.net,utilitario
nissan,qashqai,33500.0,2024,10.0,hibrido,automatica,190,coches.net,utilitario
peugeot,2008,18290.0,2024,24214.0,gasolina,automatica,130,coches.net,utilitario
peugeot,2008,18290.0,2024,29480.0,gasolina,automatica,130,coches.net,utilitario
volkswagen,passat,15800.0,2022,190000.0,diesel,automatica,150,coches.net,berlina
peugeot,208,12900.0,2022,52800.0,gasolina,manual,100,coches.net,berlina
volkswagen,golf,15990.0,2019,97035.0,diesel,manual,115,coches.net,berlina
mini,countryman,9499.0,2013,189100.0,gasolina,manual,184,coches.net,berlina
peugeot,508,13950.0,2021,99999.0,diesel,automatica,130,coches.net,berlina
opel,crossland,13490.0,2023,24264.0,gasolina,manual,110,coches.net,utilitario
opel,grandland x,13990.0,2020,59467.0,gasolina,manual,130,coches.net,utilitario
citroen,c3 aircross,11290.0,2021,114486.0,gasolina,manual,110,coches.net,utilitario
volkswagen,polo,17490.0,2022,54872.0,gasolina,manual,95,coches.net,berlina
volkswagen,polo,16485.0,2021,25200.0,gasolina,manual,95,coches.net,berlina
opel,corsa,13990.0,2024,45300.0,gasolina,manual,100,coches.net,berlina
hyundai,kona,27000.0,2025,500.0,gasolina,manual,138,coches.net,utilitario
hyundai,i10,11900.0,2022,61800.0,gasolina,manual,67,coches.net,berlina
hyundai,i10,11900.0,2022,88000.0,gasolina,manual,67,coches.net,berlina
hyundai,kona,36500.0,2025,729.0,hibrido,automatica,141,coches.net,utilitario
citroen,grand c4 picasso,6999.0,2010,173845.0,diesel,manual,112,coches.net,utilitario
mg,zs,15490.0,2025,11725.0,gasolina,manual,106,coches.net,utilitario
mg,zs,15490.0,2025,10765.0,gasolina,manual,106,coches.net,utilitario
mercedes-benz,gla,34990.0,2022,40000.0,hibrido,automatica,218,coches.net,utilitario
jeep,renegade,14499.0,2016,169000.0,diesel,automatica,120,coches.net,utilitario
fiat,500,9990.0,2023,72000.0,hibrido,manual,70,coches.net,berlina
bmw,x5,38990.0,2017,191000.0,diesel,automatica,381,coches.net,utilitario
toyota,aygo x cross,11790.0,2022,74200.0,gasolina,manual,72,coches.net,utilitario
hyundai,kona,17990.0,2019,82000.0,electrico,automatica,204,coches.net,utilitario
citroen,grand c4 picasso,6990.0,2013,190000.0,diesel,automatica,112,coches.net,utilitario
ford,fiesta,10999.0,2018,144000.0,gasolina,manual,140,coches.net,berlina
volkswagen,tiguan,43950.0,2024,60000.0,diesel,automatica,193,coches.net,utilitario
bmw,serie 4,19999.0,2016,163000.0,diesel,automatica,190,coches.net,berlina
opel,grandland,13850.0,2022,134000.0,diesel,automatica,130,coches.net,utilitario
dodge,caliber,3450.0,2008,229000.0,diesel,manual,140,coches.net,berlina
citroen,c3 aircross,11650.0,2020,110000.0,diesel,automatica,120,coches.net,utilitario
ford,focus,11850.0,2020,119000.0,diesel,manual,120,coches.net,berlina
peugeot,508,16750.0,2022,29000.0,diesel,automatica,130,coches.net,berlina
mini,clubman,16500.0,2017,120000.0,gasolina,automatica,192,coches.net,berlina
volvo,xc60,27990.0,2020,132456.0,hibrido,automatica,390,coches.net,utilitario
mercedes-benz,clase a,30990.0,2025,39400.0,hibrido,automatica,136,coches.net,berlina
citroen,c3,11990.0,2023,36000.0,gasolina,manual,83,coches.net,berlina
porsche,panamera,109999.0,2024,39999.0,hibrido,automatica,462,coches.net,berlina
ssangyong,tivoli,15890.0,2021,35813.0,gasolina,manual,128,coches.net,utilitario
peugeot,2008,11990.0,2020,98279.0,gasolina,manual,100,coches.net,utilitario
nissan,qashqai,5950.0,2012,239100.0,diesel,manual,110,coches.net,berlina
volkswagen,touran,37500.0,2021,45000.0,diesel,automatica,150,coches.net,utilitario
volvo,v90,30900.0,2021,79000.0,hibrido,automatica,197,coches.net,berlina
smart,fortwo,7999.0,2013,133000.0,gasolina,automatica,71,coches.net,berlina
kia,carens,9900.0,2016,106087.0,gasolina,manual,135,coches.net,utilitario
bmw,serie 2,12999.0,2014,104933.0,diesel,manual,150,coches.net,utilitario
seat,león,6999.0,2009,170000.0,diesel,manual,105,coches.net,berlina
ford,focus,5490.0,2006,139000.0,diesel,automatica,109,coches.net,berlina
peugeot,108,10609.0,2021,50849.0,gasolina,manual,72,coches.net,berlina
opel,corsa,9990.0,2022,68543.0,gasolina,manual,100,coches.net,berlina
kia,sportage,29569.0,2025,9581.0,hibrido,automatica,160,coches.net,utilitario
opel,mokka,9999.0,2015,180654.0,diesel,automatica,136,coches.net,utilitario
nissan,qashqai,11490.0,2016,164000.0,gasolina,manual,115,coches.net,berlina
nissan,qashqai,13990.0,2016,103266.0,diesel,manual,110,coches.net,berlina
renault,mégane,11800.0,2021,181000.0,diesel,manual,115,coches.net,berlina
toyota,corolla,27199.0,2022,55114.0,hibrido,automatica,196,coches.net,berlina
renault,mégane,10790.0,2016,108431.0,gasolina,manual,130,coches.net,berlina
volkswagen,passat,13499.0,2022,175485.0,diesel,automatica,122,coches.net,berlina
audi,a4,24490.0,2020,71251.0,diesel,automatica,163,coches.net,berlina
renault,grand scénic,5790.0,2011,195000.0,diesel,manual,130,coches.net,utilitario
toyota,corolla,18990.0,2021,88517.0,hibrido,automatica,122,coches.net,berlina
audi,a3,38900.0,2019,99000.0,gasolina,automatica,400,coches.net,berlina
bmw,serie 4,21799.0,2017,51250.0,diesel,manual,190,coches.net,berlina
peugeot,508,23475.0,2024,52715.0,diesel,automatica,130,coches.net,berlina
volkswagen,golf,10999.0,2013,182000.0,gasolina,automatica,122,coches.net,berlina
volkswagen,golf,20990.0,2020,55496.0,hibrido,automatica,150,coches.net,berlina
mini,mini,13999.0,2015,111801.0,gasolina,manual,192,coches.net,berlina
mini,mini,13299.0,2016,102058.0,gasolina,manual,136,coches.net,berlina
kia,ceed tourer,23990.0,2022,11871.0,hibrido,automatica,141,coches.net,berlina
opel,corsa,15850.0,2022,41263.0,diesel,manual,102,coches.net,berlina
land-rover,range rover evoque,31990.0,2021,24669.0,hibrido,automatica,160,coches.net,utilitario
citroen,c4,16990.0,2022,62389.0,diesel,automatica,130,coches.net,berlina
skoda,octavia,29990.0,2021,64000.0,hibrido,automatica,245,coches.net,berlina
kia,stonic,14450.0,2022,58166.0,gasolina,manual,84,coches.net,utilitario
renault,mégane,18990.0,2024,39879.0,diesel,automatica,115,coches.net,berlina
ford,focus,17990.0,2023,57839.0,hibrido,manual,125,coches.net,berlina
volvo,s60,29900.0,2022,84422.0,hibrido,automatica,197,coches.net,berlina
volkswagen,golf,24990.0,2021,36700.0,hibrido,automatica,245,coches.net,berlina
opel,mokka,12000.0,2016,45931.0,gasolina,manual,140,coches.net,utilitario
peugeot,rifter,25950.0,2025,24641.0,diesel,manual,100,coches.net,utilitario
peugeot,3008,11500.0,2019,159000.0,diesel,manual,130,coches.net,utilitario
hyundai,kona,15480.0,2019,51120.0,gasolina,manual,120,coches.net,utilitario
bmw,serie 1,19990.0,2022,72761.0,diesel,manual,116,coches.net,berlina
skoda,scala,12950.0,2022,33000.0,gas,manual,90,coches.net,berlina
citroen,c4 picasso,8990.0,2017,200000.0,diesel,manual,100,coches.net,utilitario
peugeot,3008 hybrid,17750.0,2021,79000.0,hibrido,automatica,225,coches.net,utilitario
peugeot,2008,12650.0,2020,139990.0,gasolina,manual,130,coches.net,utilitario
bmw,x4,25990.0,2016,139000.0,diesel,automatica,313,coches.net,utilitario
audi,tts,32490.0,2016,80000.0,gasolina,manual,310,coches.net,berlina
seat,arona,17490.0,2023,56059.0,gasolina,manual,110,coches.net,utilitario
hyundai,ioniq,17990.0,2022,75998.0,hibrido,automatica,141,coches.net,berlina
lexus,lbx,39490.0,2025,9966.0,hibrido,automatica,136,coches.net,utilitario
hyundai,i20,11990.0,2021,74000.0,gasolina,manual,84,coches.net,berlina
volkswagen,caravelle,44900.0,2024,28000.0,diesel,automatica,150,coches.net,utilitario
kia,picanto,7999.0,2019,140270.0,gasolina,manual,67,coches.net,berlina
ds,ds 4,12290.0,2016,28500.0,diesel,manual,99,coches.net,berlina
mercedes-benz,clase gls,44850.0,2018,128500.0,diesel,automatica,258,coches.net,utilitario
ford,focus,18500.0,2022,55000.0,hibrido,manual,155,coches.net,berlina
mercedes-benz,clase s,78900.0,2021,20220.0,hibrido,automatica,435,coches.net,berlina
audi,q3,29990.0,2019,79000.0,gasolina,automatica,190,coches.net,utilitario
citroen,c4 spacetourer,11900.0,2019,110000.0,gasolina,manual,130,coches.net,utilitario
mercedes-benz,clase a,18900.0,2017,196000.0,diesel,automatica,177,coches.net,berlina
volkswagen,polo,15990.0,2020,52278.0,diesel,manual,95,coches.net,berlina
ford,focus,17490.0,2022,37174.0,hibrido,manual,125,coches.net,berlina
volkswagen,golf,16490.0,2020,67210.0,gasolina,manual,115,coches.net,berlina
renault,clio,22850.0,2025,16711.0,hibrido,automatica,143,coches.net,berlina
citroen,c4 cactus,11475.0,2017,73000.0,diesel,automatica,100,coches.net,berlina
peugeot,208,11290.0,2022,81959.0,diesel,manual,100,coches.net,berlina
opel,insignia,11500.0,2022,160000.0,diesel,manual,122,coches.net,berlina
peugeot,3008,17690.0,2021,97424.0,diesel,manual,130,coches.net,utilitario
seat,arona,18800.0,2025,28867.0,gasolina,manual,115,coches.net,utilitario
nissan,qashqai,14790.0,2020,88900.0,diesel,manual,115,coches.net,berlina
kia,niro,17490.0,2019,40660.0,hibrido,automatica,141,coches.net,berlina
nissan,qashqai,14200.0,2020,113828.0,diesel,manual,115,coches.net,berlina
audi,a4,21990.0,2019,110228.0,gas,automatica,170,coches.net,berlina
hyundai,tucson,22480.0,2021,170795.0,hibrido,automatica,230,coches.net,utilitario
citroen,berlingo,11900.0,2021,98000.0,diesel,manual,102,coches.net,utilitario
nissan,qashqai+2,9490.0,2010,185000.0,diesel,manual,150,coches.net,utilitario
mercedes-benz,clase c,53900.0,2024,10074.0,hibrido,automatica,313,coches.net,berlina
ds,ds 4,22950.0,2023,65049.0,diesel,automatica,130,coches.net,berlina
bmw,serie 1,5995.0,2006,200000.0,diesel,manual,122,coches.net,berlina
seat,ibiza,7990.0,2014,175000.0,diesel,manual,105,coches.net,berlina
hyundai,i20,21490.0,2024,27723.0,hibrido,manual,100,coches.net,berlina
peugeot,rifter,18590.0,2022,31488.0,diesel,manual,100,coches.net,utilitario
opel,astra,19375.0,2024,19851.0,gasolina,manual,130,coches.net,berlina
nissan,qashqai,26500.0,2024,13968.0,hibrido,manual,140,coches.net,utilitario
nissan,qashqai,13990.0,2019,111026.0,diesel,manual,115,coches.net,berlina
seat,león,13900.0,2018,122200.0,gasolina,manual,130,coches.net,berlina
opel,insignia,13900.0,2021,82931.0,diesel,manual,122,coches.net,berlina
peugeot,5008,18995.0,2021,129795.0,diesel,manual,130,coches.net,utilitario
seat,ateca,23990.0,2023,51561.0,diesel,manual,150,coches.net,utilitario
audi,q3,32490.0,2023,36578.0,diesel,automatica,150,coches.net,utilitario
mercedes-benz,clase glc,39900.0,2021,39000.0,hibrido,automatica,306,coches.net,utilitario
seat,león,13490.0,2021,146818.0,diesel,manual,115,coches.net,berlina
seat,león,11990.0,2021,160217.0,diesel,manual,115,coches.net,berlina
seat,león,11490.0,2021,180479.0,diesel,manual,115,coches.net,berlina
fiat,500x,11299.0,2020,77340.0,gasolina,manual,120,coches.net,utilitario
opel,mokka,12999.0,2021,56309.0,gasolina,manual,130,coches.net,utilitario
hyundai,kona,13690.0,2022,136846.0,gasolina,manual,120,coches.net,utilitario
kia,sportage,26309.0,2023,64725.0,hibrido,automatica,230,coches.net,utilitario
kia,sportage,33990.0,2022,16650.0,hibrido,automatica,230,coches.net,utilitario
peugeot,3008,15900.0,2019,63793.0,gasolina,automatica,130,coches.net,utilitario
kia,picanto,15490.0,2025,9500.0,gasolina,manual,63,coches.net,berlina
toyota,c-hr,23900.0,2022,51091.0,hibrido,automatica,122,coches.net,berlina
toyota,c-hr,22990.0,2021,61196.0,hibrido,automatica,184,coches.net,berlina
peugeot,rifter,16900.0,2020,145000.0,diesel,manual,130,coches.net,utilitario
mini,mini,20990.0,2017,79000.0,gasolina,automatica,136,coches.net,berlina
opel,corsa,12990.0,2023,60511.0,gasolina,manual,100,coches.net,berlina
toyota,corolla,18400.0,2022,99882.0,hibrido,automatica,122,coches.net,berlina
toyota,corolla,19990.0,2022,86390.0,hibrido,automatica,122,coches.net,berlina
audi,a3,26990.0,2023,76290.0,diesel,automatica,150,coches.net,berlina
toyota,yaris,7490.0,2009,73000.0,gasolina,manual,101,coches.net,berlina
renault,mégane,17890.0,2023,48669.0,diesel,manual,115,coches.net,berlina
mercedes-benz,clase a,19890.0,2018,85457.0,diesel,automatica,136,coches.net,berlina
toyota,land cruiser,34990.0,2020,141220.0,diesel,manual,204,coches.net,utilitario
toyota,aygo x cross,12990.0,2023,74000.0,gasolina,manual,72,coches.net,utilitario
audi,e-tron gt,68990.0,2023,55000.0,electrico,automatica,530,coches.net,berlina
peugeot,508,15490.0,2017,99909.0,diesel,automatica,180,coches.net,berlina
bmw,x4,42990.0,2021,100763.0,hibrido,automatica,190,coches.net,utilitario
toyota,c-hr,21490.0,2019,87643.0,hibrido,automatica,122,coches.net,berlina
mercedes-benz,cla,31990.0,2022,61129.0,diesel,automatica,150,coches.net,berlina
bmw,serie 2,29990.0,2022,29307.0,diesel,automatica,150,coches.net,berlina
opel,corsa,11190.0,2023,65269.0,gasolina,manual,100,coches.net,berlina
seat,león,22099.0,2025,7628.0,gasolina,manual,116,coches.net,berlina
bmw,serie 1,19790.0,2023,81234.0,diesel,manual,116,coches.net,berlina
citroen,c3,14790.0,2024,7399.0,diesel,manual,102,coches.net,berlina
peugeot,308,12499.0,2020,40764.0,gasolina,automatica,130,coches.net,berlina
mercedes-benz,clase a,32990.0,2025,15311.0,diesel,automatica,116,coches.net,berlina
mercedes-benz,clase a,34890.0,2025,22290.0,diesel,manual,116,coches.net,berlina
ford,focus,14300.0,2019,76486.0,gasolina,manual,125,coches.net,berlina
mercedes-benz,clase a,28990.0,2022,66086.0,diesel,automatica,150,coches.net,berlina
citroen,c4 picasso,6490.0,2013,170000.0,diesel,manual,115,coches.net,utilitario
seat,ibiza,17140.0,2025,21323.0,gasolina,manual,115,coches.net,berlina
opel,zafira,7590.0,2013,131274.0,diesel,manual,110,coches.net,utilitario
bmw,serie 3,16890.0,2018,204700.0,diesel,automatica,190,coches.net,berlina
toyota,corolla,16490.0,2021,103809.0,hibrido,automatica,122,coches.net,berlina
opel,corsa,12990.0,2022,39000.0,gasolina,manual,100,coches.net,berlina
skoda,fabia,14200.0,2023,39461.0,gasolina,manual,80,coches.net,berlina
mercedes-benz,glb,37990.0,2021,109000.0,diesel,automatica,150,coches.net,utilitario
kia,ceed,21900.0,2024,14514.0,gasolina,manual,100,coches.net,berlina
kia,sportage,39200.0,2023,66.0,hibrido,automatica,136,coches.net,utilitario
audi,a3,32999.0,2023,55000.0,diesel,automatica,150,coches.net,berlina
ford,fiesta,11199.0,2019,95533.0,gasolina,manual,140,coches.net,berlina
renault,clio,5490.0,2007,164874.0,diesel,manual,85,coches.net,berlina
hyundai,i20,15990.0,2022,43057.0,hibrido,manual,100,coches.net,berlina
kia,niro,22900.0,2023,41679.0,hibrido,automatica,141,coches.net,berlina
audi,q3,26699.0,2023,65694.0,diesel,automatica,150,coches.net,utilitario
volkswagen,passat,26700.0,2022,63553.0,diesel,automatica,150,coches.net,berlina
bmw,x6,52900.0,2021,125000.0,hibrido,automatica,340,coches.net,utilitario
volkswagen,polo,10900.0,2019,100776.0,gasolina,manual,80,coches.net,berlina
volkswagen,golf,11900.0,2014,246000.0,diesel,manual,184,coches.net,berlina
bmw,x5,69900.0,2023,35000.0,hibrido,automatica,340,coches.net,utilitario
volkswagen,tiguan,33990.0,2020,77397.0,diesel,automatica,240,coches.net,utilitario
fiat,500x,17990.0,2022,73500.0,gasolina,automatica,150,coches.net,utilitario
volkswagen,t-cross,16999.0,2022,136999.0,gasolina,automatica,110,coches.net,utilitario
land-rover,freelander,9499.0,2011,244000.0,diesel,manual,150,coches.net,utilitario
volvo,xc60,31990.0,2021,82880.0,hibrido,automatica,197,coches.net,utilitario
hyundai,santa fe,6690.0,2006,199000.0,diesel,manual,125,coches.net,utilitario
jeep,renegade,12490.0,2019,97329.0,gasolina,manual,120,coches.net,utilitario
audi,a3,18990.0,2021,82000.0,gasolina,manual,110,coches.net,berlina
mercedes-benz,clase a,17490.0,2015,137211.0,diesel,automatica,136,coches.net,berlina
kia,sportage,22990.0,2022,30551.0,gasolina,manual,150,coches.net,utilitario
opel,crossland x,10999.0,2019,102185.0,gasolina,manual,130,coches.net,utilitario
hyundai,kona,12799.0,2019,120259.0,gasolina,manual,120,coches.net,utilitario
fiat,500x,11490.0,2019,107157.0,gasolina,manual,120,coches.net,utilitario
mercedes-benz,cla,31299.0,2022,54340.0,diesel,automatica,150,coches.net,berlina
toyota,yaris,19790.0,2022,53973.0,hibrido,automatica,116,coches.net,berlina
toyota,corolla,19900.0,2022,73000.0,hibrido,automatica,122,coches.net,berlina
hyundai,ioniq,12500.0,2019,160704.0,hibrido,automatica,141,coches.net,berlina
volkswagen,golf,12450.0,2019,99600.0,electrico,automatica,136,coches.net,berlina
land-rover,range rover evoque,30990.0,2021,99000.0,hibrido,automatica,150,coches.net,utilitario
audi,q3,30990.0,2022,136738.0,diesel,automatica,150,coches.net,utilitario
volvo,xc60,40500.0,2023,24087.0,hibrido,automatica,197,coches.net,utilitario
volvo,xc60,44900.0,2023,31366.0,hibrido,automatica,197,coches.net,utilitario
smart,forfour,9900.0,2019,53700.0,electrico,automatica,82,coches.net,berlina
citroen,c-elysée,7990.0,2017,40887.0,gasolina,manual,82,coches.net,berlina
audi,a1,22050.0,2025,14370.0,gasolina,manual,95,coches.net,berlina
citroen,c3,13500.0,2023,54073.0,gasolina,manual,83,coches.net,berlina
citroen,c3,12200.0,2022,64715.0,gasolina,manual,83,coches.net,berlina
citroen,c3,11500.0,2022,77000.0,gasolina,manual,83,coches.net,berlina
mini,mini,21990.0,2023,74095.0,gasolina,automatica,136,coches.net,berlina
ford,focus,21840.0,2023,26122.0,hibrido,manual,155,coches.net,berlina
nissan,juke,26790.0,2024,10603.0,hibrido,automatica,143,coches.net,utilitario
ford,kuga,14500.0,2017,136555.0,diesel,automatica,150,coches.net,utilitario
nissan,juke,24290.0,2023,27074.0,hibrido,automatica,143,coches.net,utilitario
bmw,serie 1,13999.0,2018,153216.0,diesel,automatica,116,coches.net,berlina
hyundai,bayon,14490.0,2023,58000.0,gasolina,manual,84,coches.net,utilitario
mini,mini,14999.0,2014,137519.0,gasolina,automatica,192,coches.net,berlina
toyota,corolla,16990.0,2021,59990.0,hibrido,automatica,122,coches.net,berlina
seat,arona,17500.0,2023,47000.0,gasolina,manual,110,coches.net,utilitario
skoda,octavia,16999.0,2021,108000.0,hibrido,automatica,110,coches.net,berlina
fiat,500,12500.0,2022,28200.0,hibrido,manual,70,coches.net,berlina
kia,sportage,37990.0,2024,27000.0,hibrido,automatica,265,coches.net,utilitario
peugeot,5008,24450.0,2024,41782.0,gasolina,manual,130,coches.net,utilitario
land-rover,range rover evoque,16990.0,2014,119000.0,diesel,manual,150,coches.net,utilitario
volvo,xc60,31900.0,2021,113747.0,hibrido,automatica,197,coches.net,utilitario
mercedes-benz,clase gla,20299.0,2019,96247.0,diesel,automatica,136,coches.net,utilitario
audi,q3,22399.0,2020,145437.0,hibrido,automatica,150,coches.net,utilitario
peugeot,5008,18790.0,2022,85821.0,gasolina,automatica,130,coches.net,utilitario
peugeot,308,8450.0,2016,112000.0,gasolina,manual,130,coches.net,berlina
renault,clio,12490.0,2021,73000.0,diesel,manual,85,coches.net,berlina
ford,focus,3950.0,2010,285866.0,diesel,manual,90,coches.net,berlina
mercedes-benz,clase a,16990.0,2020,196280.0,diesel,manual,116,coches.net,berlina
toyota,aygo,10599.0,2018,30071.0,gasolina,manual,72,coches.net,berlina
cupra,formentor,24900.0,2022,84478.0,diesel,manual,150,coches.net,utilitario
cupra,formentor,23990.0,2022,64000.0,diesel,manual,150,coches.net,utilitario
volkswagen,t-roc,20900.0,2022,158000.0,diesel,automatica,150,coches.net,utilitario
volkswagen,golf,21890.0,2023,99077.0,diesel,automatica,115,coches.net,berlina
citroen,c4 picasso,10900.0,2018,143124.0,gasolina,manual,130,coches.net,utilitario
toyota,yaris,21900.0,2023,32445.0,hibrido,automatica,116,coches.net,berlina
peugeot,rifter,17490.0,2021,83570.0,diesel,manual,100,coches.net,utilitario
volkswagen,t-roc,16990.0,2020,144085.0,diesel,manual,115,coches.net,utilitario
kia,stonic,12990.0,2021,120490.0,hibrido,manual,100,coches.net,utilitario
toyota,c-hr,17490.0,2019,139726.0,hibrido,automatica,122,coches.net,berlina
opel,astra,25500.0,2025,10.0,hibrido,automatica,136,coches.net,berlina
toyota,c-hr,18799.0,2019,58584.0,hibrido,automatica,122,coches.net,berlina
volvo,xc60,46500.0,2024,145.0,hibrido,automatica,197,coches.net,utilitario
volvo,xc60,43900.0,2024,31682.0,hibrido,automatica,197,coches.net,utilitario
audi,a4,13100.0,2017,228000.0,diesel,automatica,190,coches.net,berlina
mercedes-benz,clase a,18989.0,2019,139000.0,diesel,automatica,116,coches.net,berlina
ford,fiesta,8890.0,2018,127329.0,gasolina,manual,100,coches.net,berlina
peugeot,308,7499.0,2013,143000.0,diesel,manual,112,coches.net,berlina
nissan,qashqai,31490.0,2023,15150.0,hibrido,automatica,190,coches.net,utilitario
ford,kuga,22900.0,2023,89000.0,diesel,automatica,120,coches.net,utilitario
seat,ibiza,9000.0,2018,135000.0,gasolina,manual,75,coches.net,berlina
toyota,yaris,23500.0,2025,5882.0,hibrido,automatica,116,coches.net,berlina
toyota,auris,14690.0,2018,112973.0,hibrido,automatica,136,coches.net,berlina
volkswagen,t-cross,19750.0,2022,57000.0,gasolina,automatica,110,coches.net,utilitario
mazda,cx-5,16500.0,2018,189716.0,diesel,manual,150,coches.net,utilitario
seat,ibiza,6500.0,2009,115000.0,diesel,manual,90,coches.net,berlina
toyota,aygo,13750.0,2021,63654.0,gasolina,manual,72,coches.net,berlina
renault,kadjar,20990.0,2022,47392.0,gasolina,automatica,140,coches.net,berlina
kia,sportage,26015.0,2022,80498.0,hibrido,automatica,230,coches.net,utilitario
volvo,xc60,29990.0,2022,134927.0,hibrido,automatica,350,coches.net,utilitario
ford,ecosport,10299.0,2019,129688.0,gasolina,manual,125,coches.net,utilitario
dacia,sandero,9200.0,2020,71000.0,gasolina,manual,90,coches.net,berlina
toyota,c-hr,22990.0,2022,102509.0,hibrido,automatica,122,coches.net,berlina
opel,corsa,1930.0,2010,310493.0,diesel,manual,75,coches.net,berlina
volkswagen,polo,13990.0,2022,90000.0,gasolina,manual,95,coches.net,berlina
seat,león,4990.0,2010,197260.0,diesel,manual,105,coches.net,berlina
honda,accord,9999.0,2006,223000.0,gasolina,automatica,190,coches.net,berlina
mercedes-benz,clase a,34900.0,2025,19000.0,diesel,automatica,150,coches.net,berlina
mg,zs,14990.0,2025,8607.0,gasolina,manual,106,coches.net,utilitario
nissan,qashqai,29990.0,2023,27914.0,hibrido,automatica,190,coches.net,utilitario
citroen,c3 aircross,8199.0,2018,57436.0,gasolina,manual,110,coches.net,utilitario
nissan,juke,21600.0,2025,12983.0,gasolina,manual,114,coches.net,utilitario
toyota,aygo,9890.0,2017,96356.0,gasolina,manual,69,coches.net,berlina
fiat,tipo,9890.0,2018,56000.0,gasolina,manual,95,coches.net,berlina
opel,astra,6790.0,2015,162439.0,diesel,manual,110,coches.net,berlina
ford,tourneo courier,12490.0,2016,73688.0,diesel,manual,95,coches.net,utilitario
fiat,500x,12299.0,2018,71701.0,diesel,manual,120,coches.net,utilitario
nissan,juke,24500.0,2025,335.0,gasolina,manual,114,coches.net,utilitario
bmw,x3,27900.0,2020,99900.0,diesel,automatica,150,coches.net,utilitario
peugeot,208,11900.0,2022,86100.0,diesel,manual,100,coches.net,berlina
bmw,serie 1,26900.0,2023,99900.0,diesel,automatica,150,coches.net,berlina
seat,ateca,28990.0,2025,9999.0,gasolina,manual,115,coches.net,utilitario
peugeot,3008,20990.0,2023,84950.0,diesel,automatica,130,coches.net,utilitario
mercedes-benz,clase glc,31490.0,2020,104000.0,hibrido,automatica,320,coches.net,utilitario
seat,león,19950.0,2021,53000.0,hibrido,automatica,204,coches.net,berlina
peugeot,2008,15375.0,2023,67542.0,gasolina,manual,100,coches.net,utilitario
chevrolet,captiva,8990.0,2011,150000.0,diesel,automatica,184,coches.net,utilitario
jeep,compass,17399.0,2020,90294.0,diesel,automatica,140,coches.net,utilitario
jaguar,e-pace,18799.0,2020,89625.0,diesel,automatica,150,coches.net,utilitario
volkswagen,t-roc,20990.0,2022,43252.0,gasolina,manual,110,coches.net,utilitario
opel,corsa,15190.0,2025,12650.0,gasolina,manual,100,coches.net,berlina
peugeot,5008,22590.0,2022,40052.0,diesel,manual,130,coches.net,utilitario
opel,corsa,10900.0,2023,68000.0,gasolina,manual,100,coches.net,berlina
bmw,serie 5,28490.0,2021,147815.0,hibrido,automatica,190,coches.net,berlina
fiat,500,12490.0,2022,74663.0,hibrido,manual,70,coches.net,berlina
dacia,sandero,14495.0,2023,37000.0,gasolina,manual,91,coches.net,berlina
bmw,serie 3,92990.0,2024,6000.0,gasolina,automatica,510,coches.net,berlina
volkswagen,passat,14990.0,2015,151729.0,diesel,manual,150,coches.net,berlina
peugeot,rifter,18490.0,2020,110483.0,diesel,automatica,130,coches.net,utilitario
peugeot,rifter,15990.0,2020,140941.0,diesel,manual,130,coches.net,utilitario
kia,xceed,19490.0,2025,13543.0,gasolina,manual,100,coches.net,utilitario
fiat,tipo,12290.0,2022,73350.0,gasolina,manual,100,coches.net,berlina
mini,mini,23500.0,2020,50505.0,gasolina,automatica,136,coches.net,berlina
audi,a5,33450.0,2019,72739.0,diesel,automatica,190,coches.net,berlina
audi,a3,26990.0,2021,99870.0,hibrido,automatica,150,coches.net,berlina
bmw,serie 2,24799.0,2021,117684.0,diesel,automatica,150,coches.net,berlina
seat,toledo,8799.0,2015,139111.0,diesel,manual,105,coches.net,berlina
hyundai,tucson,30200.0,2024,56358.0,hibrido,automatica,215,coches.net,utilitario
kia,cee'd,6890.0,2010,120595.0,gasolina,manual,90,coches.net,berlina
volkswagen,t-roc,21400.0,2021,89900.0,diesel,manual,115,coches.net,utilitario
seat,león,17850.0,2021,94000.0,hibrido,automatica,204,coches.net,berlina
audi,a5,17999.0,2015,135136.0,diesel,automatica,150,coches.net,berlina
cupra,formentor,23890.0,2023,59416.0,gasolina,automatica,150,coches.net,utilitario
ford,focus,2790.0,2007,220000.0,diesel,manual,109,coches.net,berlina
nissan,qashqai,22490.0,2022,67551.0,hibrido,manual,140,coches.net,utilitario
renault,clio,18600.0,2024,17928.0,gasolina,manual,90,coches.net,berlina
peugeot,e-208,13690.0,2022,104029.0,electrico,automatica,136,coches.net,berlina
hyundai,i10,9599.0,2018,111221.0,gasolina,automatica,87,coches.net,berlina
hyundai,i10,9799.0,2018,28960.0,gasolina,manual,66,coches.net,berlina
hyundai,i10,8999.0,2014,36806.0,gasolina,automatica,87,coches.net,berlina
bmw,serie 3,24290.0,2021,113160.0,hibrido,automatica,292,coches.net,berlina
bmw,serie 1,13750.0,2014,129000.0,gasolina,automatica,170,coches.net,berlina
peugeot,308,8990.0,2015,245981.0,gasolina,manual,205,coches.net,berlina
citroen,berlingo,14599.0,2019,124446.0,diesel,manual,102,coches.net,utilitario
hyundai,tucson,27940.0,2022,18558.0,hibrido,automatica,150,coches.net,utilitario
mazda,mazda3,27290.0,2024,14057.0,hibrido,automatica,122,coches.net,berlina
audi,a3,18950.0,2016,148000.0,diesel,automatica,110,coches.net,berlina
ford,focus,13490.0,2020,143127.0,gasolina,manual,125,coches.net,berlina
renault,mégane,14690.0,2022,91202.0,diesel,manual,115,coches.net,berlina
nissan,qashqai,15990.0,2015,48508.0,diesel,automatica,130,coches.net,berlina
mercedes-benz,clase a,23940.0,2022,129484.0,gasolina,automatica,136,coches.net,berlina
hyundai,i20,21850.0,2025,26730.0,hibrido,automatica,100,coches.net,berlina
hyundai,ioniq,11990.0,2019,185209.0,hibrido,automatica,141,coches.net,berlina
mini,countryman,18990.0,2021,105507.0,hibrido,automatica,220,coches.net,berlina
renault,mégane,17490.0,2023,47899.0,gasolina,automatica,140,coches.net,berlina
renault,clio,5500.0,2012,200000.0,diesel,manual,90,coches.net,berlina
mini,mini,22099.0,2022,43243.0,gasolina,automatica,136,coches.net,berlina
mini,mini,20900.0,2023,57377.0,gasolina,automatica,136,coches.net,berlina
seat,león,19490.0,2023,96000.0,diesel,automatica,150,coches.net,berlina
opel,corsa,16490.0,2025,16494.0,gasolina,manual,100,coches.net,berlina
ford,mondeo,18690.0,2021,77041.0,hibrido,automatica,187,coches.net,berlina
seat,ateca,13499.0,2016,125221.0,diesel,manual,115,coches.net,utilitario
renault,mégane,2790.0,2006,219323.0,diesel,manual,85,coches.net,berlina
audi,a1,13590.0,2018,53200.0,gasolina,automatica,95,coches.net,berlina
ford,kuga,17890.0,2023,124787.0,hibrido,automatica,225,coches.net,utilitario
ford,kuga,17990.0,2023,104437.0,hibrido,automatica,225,coches.net,utilitario
volkswagen,golf,29990.0,2019,84000.0,gasolina,automatica,245,coches.net,berlina
mercedes-benz,clase a,19500.0,2017,79000.0,diesel,automatica,136,coches.net,berlina
citroen,c4 cactus,10990.0,2020,39000.0,gasolina,manual,110,coches.net,berlina
opel,corsa,14190.0,2024,17599.0,gasolina,manual,100,coches.net,berlina
toyota,corolla,16690.0,2021,131666.0,hibrido,automatica,122,coches.net,berlina
ford,focus,30900.0,2016,101518.0,gasolina,manual,350,coches.net,berlina
bmw,serie 1,20490.0,2020,76831.0,diesel,manual,150,coches.net,berlina
mini,mini,7990.0,2010,98000.0,gasolina,manual,98,coches.net,berlina
toyota,yaris,23490.0,2025,5990.0,hibrido,automatica,116,coches.net,berlina
mercedes-benz,clase cla,23299.0,2017,128733.0,diesel,automatica,177,coches.net,berlina
peugeot,3008,14900.0,2019,111827.0,gasolina,manual,130,coches.net,utilitario
kia,picanto,8799.0,2018,38184.0,gasolina,manual,67,coches.net,berlina
mini,countryman,12990.0,2015,112197.0,diesel,manual,112,coches.net,berlina
volvo,s60,14990.0,2015,254000.0,diesel,automatica,181,coches.net,berlina
land-rover,range rover evoque,27690.0,2021,30993.0,hibrido,automatica,163,coches.net,utilitario
land-rover,range rover evoque,21890.0,2020,104644.0,hibrido,automatica,150,coches.net,utilitario
bmw,serie 1,22790.0,2020,57825.0,diesel,automatica,150,coches.net,berlina
citroen,spacetourer,25990.0,2019,130670.0,diesel,manual,150,coches.net,utilitario
opel,crossland x,9990.0,2019,127000.0,gasolina,automatica,110,coches.net,utilitario
seat,arona,17990.0,2023,26247.0,gasolina,manual,110,coches.net,utilitario
ford,kuga,19490.0,2023,66250.0,gasolina,manual,150,coches.net,utilitario
peugeot,2008,12990.0,2021,90095.0,diesel,manual,110,coches.net,utilitario
peugeot,5008,16490.0,2021,133706.0,diesel,manual,130,coches.net,utilitario
bmw,serie 1,6990.0,2008,200000.0,diesel,manual,143,coches.net,berlina
ds,ds 4,17900.0,2022,71000.0,diesel,automatica,130,coches.net,berlina
seat,ibiza,22200.0,2026,50.0,gasolina,manual,115,coches.net,berlina
seat,alhambra,18890.0,2022,149741.0,gasolina,automatica,150,coches.net,utilitario
toyota,c-hr,20990.0,2022,98279.0,hibrido,automatica,122,coches.net,berlina
audi,q2,17990.0,2016,115906.0,gasolina,manual,150,coches.net,utilitario
fiat,600,22990.0,2024,8063.0,hibrido,automatica,100,coches.net,utilitario
opel,mokka,16900.0,2024,23000.0,gasolina,manual,136,coches.net,utilitario
toyota,c-hr,32790.0,2024,12500.0,hibrido,automatica,140,coches.net,utilitario
peugeot,2008,15940.0,2021,33768.0,gasolina,automatica,130,coches.net,utilitario
seat,ateca,17890.0,2022,73405.0,gasolina,manual,110,coches.net,utilitario
seat,ateca,19950.0,2022,72283.0,gasolina,manual,150,coches.net,utilitario
bmw,serie 2,18900.0,2021,109367.0,diesel,automatica,116,coches.net,berlina
audi,a1,24199.0,2022,38823.0,gasolina,automatica,110,coches.net,berlina
peugeot,108,7699.0,2019,109253.0,gasolina,manual,72,coches.net,berlina
audi,q7,22990.0,2015,219056.0,diesel,automatica,272,coches.net,utilitario
volkswagen,golf,13990.0,2014,168000.0,diesel,automatica,150,coches.net,berlina
peugeot,3008,13199.0,2019,86230.0,diesel,manual,130,coches.net,utilitario
volkswagen,multivan,48650.0,2024,23923.0,diesel,automatica,150,coches.net,utilitario
seat,león,12990.0,2022,142539.0,diesel,manual,115,coches.net,berlina
peugeot,2008,12890.0,2020,40000.0,gasolina,manual,100,coches.net,utilitario
ford,focus,15490.0,2022,79152.0,hibrido,manual,155,coches.net,berlina
ford,focus,18490.0,2023,75834.0,hibrido,automatica,125,coches.net,berlina
peugeot,208,7399.0,2017,106709.0,gasolina,manual,82,coches.net,berlina
nissan,qashqai,33500.0,2024,9758.0,hibrido,automatica,190,coches.net,utilitario
hyundai,i20,14900.0,2024,83882.0,gasolina,manual,100,coches.net,berlina
volkswagen,golf,25490.0,2024,30604.0,diesel,manual,115,coches.net,berlina
renault,clio,11990.0,2022,93658.0,gas,manual,100,coches.net,berlina
nissan,qashqai,12000.0,2016,95857.0,gasolina,manual,115,coches.net,berlina
peugeot,2008,19990.0,2024,1.0,gasolina,manual,130,coches.net,utilitario
hyundai,i20,15850.0,2022,52606.0,hibrido,manual,100,coches.net,berlina
kia,picanto,17186.0,2025,2.0,gasolina,manual,68,coches.net,berlina
citroen,c3,10600.0,2021,130000.0,diesel,manual,102,coches.net,berlina
mercedes-benz,clase a,33000.0,2025,22521.0,hibrido,automatica,136,coches.net,berlina
citroen,c4,6490.0,2014,160000.0,diesel,manual,92,coches.net,berlina
ford,fiesta,15890.0,2022,36925.0,hibrido,manual,125,coches.net,berlina
nissan,qashqai,8950.0,2014,267275.0,diesel,manual,130,coches.net,berlina
toyota,rav4,19490.0,2016,112780.0,hibrido,automatica,197,coches.net,utilitario
bmw,serie 1,12290.0,2017,213000.0,diesel,automatica,150,coches.net,berlina
mercedes-benz,clase b,14850.0,2013,107000.0,diesel,automatica,109,coches.net,utilitario
mercedes-benz,clase c,10500.0,2008,173000.0,diesel,manual,170,coches.net,berlina
hyundai,i30,14990.0,2018,6178.0,gasolina,manual,120,coches.net,berlina
toyota,c-hr,23300.0,2020,86705.0,hibrido,automatica,184,coches.net,berlina
kia,carens,6700.0,2015,242000.0,diesel,manual,141,coches.net,utilitario
toyota,corolla,30499.0,2025,11031.0,hibrido,automatica,196,coches.net,berlina
toyota,corolla,26990.0,2025,12191.0,hibrido,automatica,140,coches.net,berlina
kia,rio,9099.0,2014,58885.0,gasolina,manual,85,coches.net,berlina
fiat,tipo,11250.0,2018,151085.0,diesel,manual,120,coches.net,berlina
citroen,c4 cactus,11399.0,2018,55310.0,diesel,manual,99,coches.net,berlina
mercedes-benz,gle,87890.0,2025,9515.0,hibrido,automatica,333,coches.net,utilitario
mercedes-benz,gle,87890.0,2025,40.0,hibrido,automatica,333,coches.net,utilitario
honda,civic,4990.0,2000,242000.0,gasolina,manual,90,coches.net,berlina
bmw,x2,27590.0,2022,45843.0,diesel,automatica,150,coches.net,utilitario
nissan,qashqai,20290.0,2022,63614.0,hibrido,manual,140,coches.net,utilitario
audi,a1,19590.0,2022,18707.0,gasolina,manual,95,coches.net,berlina
fiat,500,9990.0,2023,73500.0,hibrido,manual,70,coches.net,berlina
seat,arona,15990.0,2022,23489.0,gasolina,manual,110,coches.net,utilitario
fiat,500,9990.0,2023,78000.0,hibrido,manual,70,coches.net,berlina
peugeot,508,15990.0,2021,82872.0,diesel,automatica,130,coches.net,berlina
hyundai,ioniq,16990.0,2021,91364.0,hibrido,automatica,141,coches.net,berlina
mercedes-benz,clase a,27985.0,2021,39999.0,hibrido,automatica,218,coches.net,berlina
ford,puma,16990.0,2021,46949.0,hibrido,manual,125,coches.net,utilitario
kia,xceed,18950.0,2023,54659.0,gasolina,manual,120,coches.net,utilitario
mazda,mazda3,29290.0,2024,12252.0,hibrido,automatica,150,coches.net,berlina
audi,q7,42990.0,2022,145000.0,hibrido,automatica,381,coches.net,utilitario
bmw,i3,19990.0,2019,57836.0,electrico,automatica,184,coches.net,berlina
toyota,corolla,19490.0,2020,124422.0,hibrido,automatica,122,coches.net,berlina
toyota,corolla,20690.0,2022,80666.0,hibrido,automatica,122,coches.net,berlina
hyundai,tucson,35500.0,2023,9024.0,hibrido,automatica,265,coches.net,utilitario
peugeot,308,14990.0,2022,107641.0,diesel,manual,130,coches.net,berlina
renault,clio,16900.0,2025,19900.0,gasolina,manual,90,coches.net,berlina
opel,corsa,10490.0,2022,90911.0,gasolina,manual,100,coches.net,berlina
toyota,c-hr,21650.0,2021,125629.0,hibrido,automatica,122,coches.net,berlina
audi,a5,29990.0,2021,69000.0,hibrido,automatica,163,coches.net,berlina
nissan,qashqai,38900.0,2024,11492.0,hibrido,automatica,190,coches.net,utilitario
nissan,qashqai,36900.0,2024,9068.0,hibrido,automatica,190,coches.net,utilitario
kia,ceed,16490.0,2023,51250.0,gasolina,manual,100,coches.net,berlina
volkswagen,caddy,11490.0,2016,198000.0,diesel,manual,150,coches.net,utilitario
peugeot,2008,10999.0,2018,73631.0,diesel,manual,100,coches.net,utilitario
mercedes-benz,clase glc,44900.0,2022,123461.0,diesel,automatica,194,coches.net,utilitario
mercedes-benz,clase a,17990.0,2016,39000.0,gasolina,manual,122,coches.net,berlina
bmw,serie 4,22990.0,2017,106350.0,diesel,automatica,190,coches.net,berlina
mercedes-benz,clase a,32600.0,2025,16693.0,hibrido,automatica,136,coches.net,berlina
audi,a3,36900.0,2018,69900.0,gasolina,automatica,300,coches.net,berlina
volkswagen,tiguan,44490.0,2025,12890.0,hibrido,automatica,204,coches.net,utilitario
seat,toledo,4900.0,2015,284000.0,diesel,manual,105,coches.net,berlina
citroen,c3 aircross,12290.0,2022,81658.0,gasolina,manual,110,coches.net,utilitario
seat,ateca,16890.0,2019,95415.0,diesel,manual,115,coches.net,utilitario
citroen,c3,10500.0,2022,198000.0,diesel,manual,102,coches.net,berlina
seat,león,17990.0,2022,168556.0,diesel,manual,150,coches.net,berlina
renault,twingo,7799.0,2015,77690.0,gasolina,manual,90,coches.net,berlina
honda,accord,4990.0,2007,308000.0,diesel,manual,140,coches.net,berlina
seat,ibiza,7495.0,2009,100000.0,diesel,manual,105,coches.net,berlina
kia,cee'd,4499.0,2008,218000.0,diesel,manual,115,coches.net,berlina
seat,arona,18990.0,2022,30672.0,gasolina,automatica,110,coches.net,utilitario
mercedes-benz,clase c,7999.0,2010,314000.0,diesel,automatica,204,coches.net,berlina
opel,insignia,10490.0,2015,76691.0,diesel,manual,140,coches.net,berlina
hyundai,i30,10399.0,2016,80426.0,gasolina,manual,100,coches.net,berlina
renault,clio,14990.0,2021,79334.0,hibrido,automatica,140,coches.net,berlina
ford,fiesta,7999.0,2021,179000.0,gasolina,manual,95,coches.net,berlina
citroen,c3,8290.0,2019,95469.0,gasolina,manual,83,coches.net,berlina
peugeot,208,12990.0,2022,76193.0,diesel,manual,100,coches.net,berlina
toyota,corolla,26000.0,2025,15500.0,hibrido,automatica,140,coches.net,berlina
renault,clio,8900.0,2015,160000.0,diesel,manual,75,coches.net,berlina
mercedes-benz,gla,30999.0,2022,127500.0,diesel,automatica,150,coches.net,utilitario
ford,mondeo,21499.0,2021,50130.0,hibrido,automatica,187,coches.net,berlina
kia,niro,16490.0,2020,91160.0,hibrido,automatica,141,coches.net,berlina
audi,q5,32990.0,2020,85000.0,hibrido,automatica,367,coches.net,utilitario
volvo,v60,27450.0,2022,77950.0,hibrido,automatica,197,coches.net,berlina
peugeot,208,5490.0,2012,149000.0,gasolina,manual,95,coches.net,berlina
land-rover,range rover evoque,34995.0,2016,57000.0,diesel,automatica,180,coches.net,utilitario
ferrari,488,219900.0,2015,43000.0,gasolina,automatica,670,coches.net,berlina
porsche,cayenne,109995.0,2024,14000.0,hibrido,automatica,519,coches.net,utilitario
infiniti,q30,17690.0,2017,87119.0,gasolina,automatica,211,coches.net,berlina
mazda,cx-30,23900.0,2023,68343.0,hibrido,manual,150,coches.net,utilitario
volkswagen,golf,28800.0,2018,90000.0,gasolina,automatica,245,coches.net,berlina
audi,a4,23990.0,2021,99531.0,hibrido,automatica,136,coches.net,berlina
mercedes-benz,clase c,25890.0,2018,114221.0,diesel,automatica,194,coches.net,berlina
toyota,yaris,17590.0,2020,49399.0,hibrido,automatica,100,coches.net,berlina
bmw,serie 3,25900.0,2022,149000.0,hibrido,automatica,190,coches.net,berlina
porsche,cayenne,129995.0,2024,14000.0,hibrido,automatica,519,coches.net,utilitario
smart,forfour,9940.0,2015,103416.0,gasolina,manual,71,coches.net,berlina
dacia,sandero,15210.0,2024,48566.0,gas,manual,101,coches.net,berlina
ford,focus,11000.0,2020,192698.0,diesel,manual,120,coches.net,berlina
hyundai,tucson,27900.0,2024,6060.0,gasolina,manual,150,coches.net,utilitario
renault,clio,10990.0,2021,140000.0,diesel,manual,100,coches.net,berlina
bmw,x3,32890.0,2022,97000.0,hibrido,automatica,292,coches.net,utilitario
ford,mondeo,20490.0,2021,68930.0,hibrido,automatica,187,coches.net,berlina
volkswagen,tiguan,21995.0,2017,128162.0,diesel,automatica,150,coches.net,utilitario
seat,ateca,27100.0,2025,15402.0,gasolina,automatica,150,coches.net,utilitario
peugeot,208,12480.0,2021,42938.0,gasolina,manual,100,coches.net,berlina
seat,ibiza,18520.0,2025,12461.0,gasolina,manual,115,coches.net,berlina
skoda,octavia,37975.0,2023,38000.0,gasolina,automatica,245,coches.net,berlina
abarth,500,22899.0,2021,27900.0,gasolina,manual,180,coches.net,berlina
hyundai,i30,13900.0,2019,87349.0,gasolina,manual,120,coches.net,berlina
hyundai,i40,11990.0,2016,111146.0,diesel,manual,141,coches.net,berlina
hyundai,i30,10995.0,2017,62000.0,gasolina,manual,120,coches.net,berlina
ford,kuga,13900.0,2016,82000.0,gasolina,automatica,182,coches.net,utilitario
citroen,berlingo,20490.0,2025,10121.0,diesel,manual,102,coches.net,utilitario
toyota,corolla,22900.0,2021,99000.0,hibrido,automatica,180,coches.net,berlina
land-rover,discovery sport,16040.0,2016,154813.0,diesel,manual,150,coches.net,utilitario
dacia,sandero,17690.0,2025,3400.0,gas,manual,101,coches.net,berlina
seat,ibiza,11290.0,2019,83560.0,diesel,manual,80,coches.net,berlina
bmw,serie 3,33450.0,2023,119000.0,hibrido,automatica,292,coches.net,berlina
seat,ateca,14990.0,2019,187000.0,gasolina,manual,150,coches.net,utilitario
bmw,x3,34600.0,2024,113287.0,hibrido,automatica,208,coches.net,utilitario
audi,q3,27790.0,2023,65308.0,diesel,automatica,150,coches.net,utilitario
audi,q3,29610.0,2023,122000.0,diesel,automatica,150,coches.net,utilitario
audi,q3,27750.0,2023,68006.0,diesel,automatica,150,coches.net,utilitario
volkswagen,touareg,49890.0,2022,58894.0,diesel,automatica,286,coches.net,utilitario
ford,mondeo,14490.0,2019,109848.0,diesel,manual,150,coches.net,berlina
seat,ibiza,17485.0,2025,22500.0,gasolina,manual,115,coches.net,berlina
fiat,500l,12499.0,2021,16954.0,gasolina,manual,95,coches.net,utilitario
citroen,c4,8490.0,2013,65000.0,gasolina,manual,120,coches.net,berlina
skoda,fabia,15090.0,2023,11816.0,gasolina,manual,95,coches.net,berlina
honda,civic,36900.0,2018,85000.0,gasolina,manual,320,coches.net,berlina
volkswagen,polo,8890.0,2011,101039.0,gasolina,manual,85,coches.net,berlina
opel,grandland x,11900.0,2019,93700.0,gasolina,manual,130,coches.net,utilitario
fiat,tipo,10900.0,2019,89669.0,gasolina,manual,95,coches.net,berlina
peugeot,208,14900.0,2024,17893.0,gasolina,manual,100,coches.net,berlina
opel,insignia,10500.0,2018,120085.0,diesel,manual,136,coches.net,berlina
bmw,serie 3,18490.0,2020,150000.0,diesel,automatica,150,coches.net,berlina
mercedes-benz,clase b,35200.0,2024,7764.0,diesel,automatica,150,coches.net,utilitario
ford,focus,19900.0,2024,56823.0,hibrido,automatica,155,coches.net,berlina
audi,a3,9995.0,2008,254000.0,diesel,manual,105,coches.net,berlina
skoda,fabia,16650.0,2025,35995.0,gasolina,manual,80,coches.net,berlina
toyota,corolla,27800.0,2025,5877.0,hibrido,automatica,140,coches.net,berlina
nissan,qashqai,29900.0,2023,22121.0,hibrido,automatica,190,coches.net,utilitario
kia,xceed,25440.0,2023,32127.0,hibrido,automatica,141,coches.net,utilitario
bmw,x2,27990.0,2021,71500.0,hibrido,automatica,220,coches.net,utilitario
mazda,cx-5,18499.0,2018,137000.0,diesel,automatica,150,coches.net,utilitario
toyota,land cruiser,95990.0,2025,6788.0,diesel,automatica,204,coches.net,utilitario
land-rover,range rover velar,35890.0,2021,82313.0,hibrido,automatica,204,coches.net,utilitario
volkswagen,touareg,42990.0,2021,85601.0,diesel,automatica,286,coches.net,utilitario
mazda,cx-30,20900.0,2021,68073.0,hibrido,manual,122,coches.net,utilitario
porsche,cayenne coupé,79500.0,2023,56780.0,hibrido,automatica,462,coches.net,utilitario
hyundai,ioniq 5,37900.0,2024,14500.0,electrico,automatica,229,coches.net,utilitario
audi,a5,37690.0,2020,89000.0,diesel,automatica,190,coches.net,berlina
peugeot,2008,13990.0,2020,72682.0,gasolina,manual,130,coches.net,utilitario
peugeot,3008,15499.0,2019,120656.0,diesel,automatica,130,coches.net,utilitario
skoda,fabia,10690.0,2021,109000.0,gasolina,manual,95,coches.net,berlina
skoda,fabia,11890.0,2021,76000.0,gasolina,manual,95,coches.net,berlina
peugeot,508,15690.0,2022,155754.0,diesel,automatica,130,coches.net,berlina
kia,sportage,14900.0,2019,99412.0,hibrido,manual,136,coches.net,utilitario
bmw,serie 2 gran tourer,14890.0,2016,204000.0,diesel,automatica,190,coches.net,utilitario
volkswagen,touran,16700.0,2017,134246.0,diesel,manual,115,coches.net,utilitario
seat,león,15490.0,2021,77207.0,diesel,manual,115,coches.net,berlina
volkswagen,golf,24900.0,2021,163807.0,diesel,automatica,150,coches.net,berlina
volkswagen,golf,21600.0,2022,60479.0,diesel,manual,115,coches.net,berlina
mercedes-benz,clase c,24790.0,2019,110100.0,gasolina,automatica,156,coches.net,berlina
peugeot,208,12290.0,2021,95778.0,diesel,manual,100,coches.net,berlina
bmw,serie 1,12999.0,2019,185000.0,diesel,manual,116,coches.net,berlina
citroen,c4,13850.0,2022,85000.0,diesel,automatica,130,coches.net,berlina
peugeot,2008,9990.0,2018,79478.0,gasolina,manual,110,coches.net,utilitario
peugeot,2008,9990.0,2019,143123.0,diesel,manual,100,coches.net,utilitario
opel,zafira,9997.0,2016,222000.0,diesel,manual,170,coches.net,utilitario
seat,ibiza,5999.0,2010,192000.0,diesel,manual,90,coches.net,berlina
porsche,cayenne,25690.0,2015,229239.0,diesel,automatica,262,coches.net,utilitario
jeep,renegade,14890.0,2017,50820.0,gasolina,manual,140,coches.net,utilitario
opel,crossland x,10890.0,2018,77060.0,gasolina,manual,130,coches.net,utilitario
jaguar,x-type,6599.0,2008,193062.0,diesel,automatica,145,coches.net,berlina
volkswagen,golf,7490.0,2008,188000.0,diesel,manual,105,coches.net,berlina
mercedes-benz,clase c,31790.0,2020,79543.0,diesel,automatica,160,coches.net,berlina
hyundai,ix35,11799.0,2015,124588.0,gasolina,manual,135,coches.net,utilitario
mercedes-benz,clase c,5690.0,2005,187185.0,gasolina,manual,143,coches.net,berlina
bmw,serie 3,15990.0,2017,189000.0,diesel,automatica,190,coches.net,berlina
bmw,serie 1,9999.0,2013,176000.0,gasolina,manual,136,coches.net,berlina
fiat,500x,17490.0,2022,69718.0,gasolina,automatica,150,coches.net,utilitario
fiat,500x,16200.0,2023,56654.0,gasolina,manual,120,coches.net,utilitario
mg,zs,17090.0,2023,44768.0,gasolina,manual,106,coches.net,utilitario
hyundai,kona,13890.0,2022,127226.0,gasolina,manual,120,coches.net,utilitario
nissan,qashqai,18500.0,2019,130700.0,diesel,manual,150,coches.net,berlina
seat,ibiza,13350.0,2023,87000.0,gasolina,manual,80,coches.net,berlina
mercedes-benz,clase a,30490.0,2022,26940.0,diesel,automatica,150,coches.net,berlina
mercedes-benz,clase glc,31990.0,2019,88000.0,diesel,automatica,194,coches.net,utilitario
ford,tourneo courier,12799.0,2019,101231.0,gasolina,manual,100,coches.net,utilitario
dacia,lodgy,12799.0,2019,88530.0,gasolina,manual,102,coches.net,utilitario
volkswagen,scirocco,17699.0,2017,130217.0,diesel,manual,150,coches.net,berlina
mini,countryman,16399.0,2017,139335.0,diesel,manual,150,coches.net,berlina
skoda,scala,16450.0,2024,77073.0,gasolina,manual,110,coches.net,berlina
dacia,sandero,16490.0,2025,27919.0,gas,manual,101,coches.net,berlina
mercedes-benz,clase a,27990.0,2021,74658.0,diesel,automatica,150,coches.net,berlina
opel,corsa,12900.0,2022,61850.0,gasolina,manual,100,coches.net,berlina
opel,corsa,10950.0,2022,81000.0,gasolina,manual,100,coches.net,berlina
kia,sportage,17995.0,2022,88160.0,hibrido,manual,136,coches.net,utilitario
renault,captur,16900.0,2022,74000.0,gas,manual,100,coches.net,utilitario
nissan,almera,3490.0,2005,155000.0,gasolina,manual,98,coches.net,berlina
renault,captur,22990.0,2023,51655.0,hibrido,automatica,160,coches.net,utilitario
suzuki,vitara,21799.0,2023,36334.0,hibrido,manual,129,coches.net,utilitario
cupra,formentor,24990.0,2021,73121.0,hibrido,automatica,204,coches.net,utilitario
nissan,juke,25790.0,2023,18985.0,hibrido,automatica,143,coches.net,utilitario
mercedes-benz,cla,32900.0,2021,99000.0,diesel,automatica,150,coches.net,berlina
ford,puma,27150.0,2025,7239.0,hibrido,manual,125,coches.net,utilitario
volkswagen,polo,13990.0,2020,79052.0,gasolina,manual,95,coches.net,berlina
mercedes-benz,cla,26999.0,2021,192000.0,hibrido,automatica,218,coches.net,berlina
bmw,serie 3,12000.0,2011,102500.0,gasolina,automatica,143,coches.net,berlina
land-rover,range rover evoque,15990.0,2012,88000.0,diesel,manual,150,coches.net,utilitario
maserati,ghibli,29890.0,2016,180000.0,gasolina,automatica,410,coches.net,berlina
seat,ibiza,18480.0,2025,19800.0,gasolina,manual,115,coches.net,berlina
citroen,berlingo,14394.0,2023,139000.0,diesel,manual,102,coches.net,utilitario
renault,clio,8900.0,2017,56508.0,gasolina,manual,75,coches.net,berlina
kia,stonic,16000.0,2024,45479.0,gasolina,manual,84,coches.net,utilitario
seat,león,13900.0,2015,191922.0,diesel,manual,150,coches.net,berlina
seat,león,22099.0,2023,24534.0,gasolina,manual,130,coches.net,berlina
mini,mini,7600.0,2005,111000.0,gasolina,manual,116,coches.net,berlina
bmw,x1,17490.0,2022,162103.0,diesel,automatica,116,coches.net,utilitario
mercedes-benz,glc coupé,47300.0,2023,43456.0,diesel,automatica,194,coches.net,utilitario
renault,arkana,26000.0,2024,15550.0,hibrido,automatica,140,coches.net,utilitario
dacia,sandero,12990.0,2022,36000.0,gasolina,manual,91,coches.net,berlina
mini,mini,21990.0,2023,78000.0,gasolina,automatica,136,coches.net,berlina
citroen,c4 picasso,3800.0,2008,290000.0,gasolina,manual,127,coches.net,utilitario
peugeot,rifter,16990.0,2019,114000.0,diesel,manual,100,coches.net,utilitario
nissan,juke,25500.0,2025,10100.0,hibrido,automatica,143,coches.net,utilitario
peugeot,308,16490.0,2022,133261.0,diesel,manual,130,coches.net,berlina
skoda,octavia,26990.0,2025,7308.0,hibrido,automatica,150,coches.net,berlina
peugeot,208,10490.0,2021,110991.0,diesel,manual,100,coches.net,berlina
seat,ateca,24990.0,2024,26754.0,gasolina,manual,115,coches.net,utilitario
audi,q5,25499.0,2018,149900.0,diesel,automatica,150,coches.net,utilitario
citroen,c3,10300.0,2019,118433.0,diesel,manual,99,coches.net,berlina
dacia,sandero,8990.0,2021,121034.0,gas,manual,90,coches.net,berlina
volvo,v60,46900.0,2025,44.0,hibrido,automatica,197,coches.net,berlina
mini,mini,11990.0,2013,50000.0,diesel,manual,90,coches.net,berlina
opel,grandland,22500.0,2024,18742.0,diesel,automatica,130,coches.net,utilitario
jeep,wrangler,63990.0,2022,44000.0,hibrido,automatica,381,coches.net,utilitario
opel,corsa-e,19890.0,2020,16109.0,electrico,automatica,136,coches.net,berlina
fiat,500,9990.0,2021,95114.0,hibrido,manual,70,coches.net,berlina
seat,arona,17990.0,2023,42444.0,gasolina,manual,110,coches.net,utilitario
citroen,c4,16900.0,2024,9000.0,gasolina,manual,131,coches.net,berlina
citroen,c5 aircross,17500.0,2020,98100.0,diesel,manual,131,coches.net,utilitario
fiat,500,7500.0,2016,190000.0,gasolina,manual,69,coches.net,berlina
audi,a1,12500.0,2016,160000.0,gasolina,manual,95,coches.net,berlina
citroen,c3,3499.0,2007,130000.0,diesel,manual,70,coches.net,berlina
ds,ds 3,12290.0,2017,67509.0,diesel,manual,99,coches.net,berlina
mg,mg3 hybrid+,17290.0,2025,13682.0,hibrido,automatica,195,coches.net,berlina
seat,león,25500.0,2024,15556.0,hibrido,automatica,150,coches.net,berlina
opel,gtc,11490.0,2016,63979.0,gasolina,manual,140,coches.net,berlina
toyota,corolla,26990.0,2025,23645.0,hibrido,automatica,140,coches.net,berlina
mercedes-benz,gle,94900.0,2025,15.0,hibrido,automatica,333,coches.net,utilitario
mercedes-benz,clase a,31990.0,2025,22960.0,hibrido,automatica,136,coches.net,berlina
mercedes-benz,glc,66900.0,2025,16.0,hibrido,automatica,197,coches.net,utilitario
mercedes-benz,clase e,33950.0,2022,83000.0,hibrido,automatica,320,coches.net,berlina
audi,a3,13990.0,2011,189000.0,diesel,manual,140,coches.net,berlina
bmw,serie 1,26900.0,2022,46000.0,gasolina,automatica,136,coches.net,berlina
ford,puma,17490.0,2021,50931.0,diesel,manual,120,coches.net,utilitario
opel,mokka,16490.0,2022,41286.0,diesel,manual,110,coches.net,utilitario
nissan,x-trail,16990.0,2018,152000.0,diesel,automatica,130,coches.net,utilitario
mini,mini,35990.0,2022,33681.0,gasolina,automatica,231,coches.net,berlina
renault,twingo,10900.0,2022,110000.0,electrico,automatica,82,coches.net,berlina
renault,laguna,3000.0,2005,220000.0,diesel,manual,120,coches.net,berlina
citroen,grand c4 picasso,10999.0,2018,99670.0,gasolina,manual,130,coches.net,utilitario
renault,laguna,3500.0,2006,180000.0,diesel,manual,130,coches.net,berlina
mazda,cx-5,29490.0,2025,34900.0,hibrido,manual,165,coches.net,utilitario
ford,puma,18500.0,2022,37560.0,hibrido,manual,125,coches.net,utilitario
mercedes-benz,clase glc,36900.0,2022,108700.0,diesel,automatica,194,coches.net,utilitario
citroen,c3,8490.0,2020,113814.0,diesel,manual,99,coches.net,berlina
renault,clio,12995.0,2022,82000.0,diesel,manual,100,coches.net,berlina
peugeot,2008,9517.0,2017,101629.0,gasolina,manual,130,coches.net,utilitario
peugeot,3008,16490.0,2021,21442.0,gasolina,manual,130,coches.net,utilitario
mercedes-benz,cla,40990.0,2020,77364.0,gasolina,automatica,306,coches.net,berlina
peugeot,3008,15390.0,2021,87530.0,gasolina,manual,130,coches.net,utilitario
peugeot,5008,23490.0,2022,36341.0,diesel,automatica,130,coches.net,utilitario
nissan,micra,6300.0,2005,95000.0,gasolina,automatica,88,coches.net,berlina
bmw,serie 3,30900.0,2024,21000.0,hibrido,automatica,204,coches.net,berlina
hyundai,i20,15900.0,2024,8400.0,gasolina,manual,84,coches.net,berlina
peugeot,3008,15990.0,2020,157021.0,diesel,automatica,130,coches.net,utilitario
nissan,x-trail,17890.0,2019,98000.0,gasolina,automatica,160,coches.net,utilitario
citroen,c4,7490.0,2012,100020.0,gasolina,manual,95,coches.net,berlina
volkswagen,golf,35990.0,2021,50000.0,gasolina,automatica,301,coches.net,berlina
opel,vectra,2999.0,2004,162504.0,gasolina,manual,155,coches.net,berlina
volkswagen,passat,2790.0,2007,328000.0,gasolina,automatica,150,coches.net,berlina
audi,q2,23290.0,2022,104983.0,diesel,automatica,116,coches.net,utilitario
jeep,compass,18900.0,2019,79400.0,diesel,automatica,140,coches.net,utilitario
jeep,compass,14490.0,2018,105722.0,gasolina,manual,140,coches.net,utilitario
kia,stonic,15700.0,2021,50844.0,hibrido,manual,120,coches.net,utilitario
mini,mini,7600.0,2011,77000.0,gasolina,manual,122,coches.net,berlina
nissan,qashqai,13400.0,2018,156000.0,gasolina,manual,140,coches.net,berlina
opel,insignia,8990.0,2018,150000.0,diesel,manual,136,coches.net,berlina
mercedes-benz,clase cla,19499.0,2017,95626.0,gasolina,manual,156,coches.net,berlina
citroen,c4,21900.0,2024,29332.0,hibrido,automatica,136,coches.net,berlina
volkswagen,touran,22700.0,2019,122638.0,diesel,manual,150,coches.net,utilitario
seat,león,12990.0,2022,199200.0,diesel,automatica,150,coches.net,berlina
kia,sportage,13890.0,2016,130786.0,diesel,manual,115,coches.net,utilitario
audi,a3,40900.0,2025,18400.0,hibrido,automatica,204,coches.net,berlina
cupra,león,28690.0,2025,27138.0,hibrido,automatica,150,coches.net,berlina
skoda,octavia,15990.0,2023,218000.0,diesel,manual,150,coches.net,berlina
cupra,león,27350.0,2025,21878.0,hibrido,automatica,150,coches.net,berlina
ford,mondeo,15990.0,2019,117180.0,hibrido,automatica,187,coches.net,berlina
dacia,duster,16750.0,2022,33700.0,gas,manual,100,coches.net,utilitario
audi,a4,13900.0,2015,220000.0,diesel,manual,150,coches.net,berlina
bmw,x2,24590.0,2022,93031.0,diesel,automatica,150,coches.net,utilitario
peugeot,308,9490.0,2020,137132.0,diesel,manual,100,coches.net,berlina
mini,mini,26900.0,2022,54800.0,gasolina,automatica,178,coches.net,berlina
seat,ibiza,17890.0,2024,19000.0,gasolina,manual,115,coches.net,berlina
audi,a6,8950.0,2012,315100.0,diesel,manual,177,coches.net,berlina
peugeot,208,11290.0,2019,81947.0,diesel,manual,100,coches.net,berlina
kia,xceed,20700.0,2024,35500.0,gasolina,manual,100,coches.net,utilitario
volkswagen,touareg,44990.0,2022,157002.0,diesel,automatica,286,coches.net,utilitario
hyundai,kona,26900.0,2025,20.0,hibrido,automatica,129,coches.net,utilitario
audi,q7,116900.0,2025,1000.0,hibrido,automatica,286,coches.net,utilitario
volvo,v40 cross country,15990.0,2019,134000.0,diesel,manual,120,coches.net,berlina
hyundai,ioniq,16250.0,2022,115463.0,hibrido,automatica,141,coches.net,berlina
hyundai,ioniq,15690.0,2021,131087.0,hibrido,automatica,141,coches.net,berlina
chevrolet,aveo,3800.0,2008,114000.0,gasolina,manual,84,coches.net,berlina
seat,ibiza,14990.0,2018,52000.0,diesel,manual,95,coches.net,berlina
renault,mégane,15500.0,2022,77145.0,diesel,manual,115,coches.net,berlina
nissan,qashqai,18900.0,2021,38595.0,gasolina,manual,140,coches.net,berlina
ford,focus,15990.0,2022,48605.0,hibrido,manual,125,coches.net,berlina
volvo,v40,15600.0,2018,100500.0,diesel,manual,120,coches.net,berlina
mercedes-benz,clase b,18490.0,2019,107264.0,diesel,automatica,116,coches.net,utilitario
peugeot,508,14490.0,2020,165000.0,diesel,automatica,160,coches.net,berlina
ford,focus,19900.0,2024,64496.0,hibrido,automatica,155,coches.net,berlina
nissan,qashqai,18900.0,2021,51091.0,gasolina,manual,140,coches.net,berlina
opel,corsa,7490.0,2014,90572.0,gasolina,manual,90,coches.net,berlina
bmw,x5,11995.0,2009,200000.0,diesel,automatica,286,coches.net,utilitario
mini,countryman,26490.0,2021,62192.0,hibrido,automatica,220,coches.net,berlina
volkswagen,golf,36495.0,2021,74000.0,gasolina,automatica,320,coches.net,berlina
nissan,qashqai,23000.0,2025,14063.0,hibrido,manual,140,coches.net,utilitario
mercedes-benz,cla,29899.0,2020,137000.0,gasolina,automatica,163,coches.net,berlina
peugeot,partner,7355.0,2015,109000.0,diesel,manual,75,coches.net,utilitario
mercedes-benz,clase e,10900.0,2011,182500.0,diesel,automatica,170,coches.net,berlina
land-rover,range rover evoque,16900.0,2017,93146.0,diesel,manual,150,coches.net,utilitario
citroen,c4,6400.0,2016,143500.0,gasolina,manual,130,coches.net,berlina
volkswagen,golf,54690.0,2025,650.0,gasolina,automatica,300,coches.net,berlina
toyota,corolla,19900.0,2022,105392.0,hibrido,automatica,122,coches.net,berlina
nissan,x-trail,31890.0,2024,68079.0,hibrido,automatica,213,coches.net,utilitario
mercedes-benz,clase c,8900.0,2012,220000.0,diesel,manual,136,coches.net,berlina
skoda,kamiq,16999.0,2024,24505.0,gasolina,manual,110,coches.net,utilitario
toyota,yaris,19890.0,2025,37292.0,hibrido,automatica,116,coches.net,berlina
volkswagen,golf,3990.0,2005,281300.0,diesel,automatica,90,coches.net,berlina
mercedes-benz,clase m,18990.0,2010,149000.0,diesel,automatica,231,coches.net,utilitario
renault,clio,13990.0,2021,73924.0,gasolina,manual,90,coches.net,berlina
alfa romeo,stelvio,31990.0,2023,13000.0,diesel,automatica,160,coches.net,utilitario
bmw,x4,35990.0,2022,159000.0,hibrido,automatica,190,coches.net,utilitario
jaguar,e-pace,19900.0,2019,67205.0,diesel,automatica,150,coches.net,utilitario
renault,mégane,13990.0,2022,79781.0,diesel,manual,115,coches.net,berlina
toyota,yaris,8300.0,2008,111000.0,diesel,manual,90,coches.net,berlina
renault,mégane,14290.0,2022,99733.0,diesel,manual,115,coches.net,berlina
peugeot,208,10990.0,2021,41348.0,gasolina,manual,100,coches.net,berlina
ford,ecosport,14400.0,2023,65852.0,gasolina,manual,125,coches.net,utilitario
citroen,c3,10490.0,2022,59719.0,gasolina,manual,83,coches.net,berlina
citroen,c3 aircross,10590.0,2018,41398.0,gasolina,manual,82,coches.net,utilitario
bmw,serie 3,37800.0,2024,20000.0,hibrido,automatica,150,coches.net,berlina
peugeot,3008,12790.0,2019,134906.0,diesel,manual,130,coches.net,utilitario
bmw,serie 7,9990.0,2005,250000.0,gasolina,automatica,333,coches.net,berlina
alfa romeo,giulietta,7000.0,2014,181327.0,diesel,manual,105,coches.net,berlina
peugeot,3008,4699.0,2010,245000.0,diesel,manual,110,coches.net,berlina
ssangyong,torres,24900.0,2024,34412.0,gasolina,automatica,163,coches.net,utilitario
seat,arona,18990.0,2025,28241.0,gasolina,automatica,115,coches.net,utilitario
mercedes-benz,clase glc,29900.0,2021,117000.0,diesel,automatica,163,coches.net,utilitario
ford,tourneo courier,23990.0,2024,22736.0,gasolina,automatica,125,coches.net,utilitario
mercedes-benz,clase a,59900.0,2025,8548.0,gasolina,automatica,306,coches.net,berlina
volkswagen,tiguan,29790.0,2021,104841.0,diesel,automatica,150,coches.net,utilitario
peugeot,208,8990.0,2022,139000.0,diesel,manual,100,coches.net,berlina
mini,countryman,26900.0,2025,103300.0,diesel,automatica,190,coches.net,berlina
skoda,karoq,23900.0,2022,32505.0,diesel,automatica,150,coches.net,utilitario
bmw,x4,23999.0,2015,224500.0,diesel,automatica,258,coches.net,utilitario
citroen,c5 aircross,21990.0,2024,3272.0,gasolina,manual,131,coches.net,utilitario
peugeot,3008,19050.0,2022,65424.0,diesel,automatica,130,coches.net,utilitario
peugeot,508,11099.0,2017,124368.0,gasolina,automatica,165,coches.net,berlina
jaecoo,7,26200.0,2025,19749.0,gasolina,automatica,147,coches.net,utilitario
mercedes-benz,clase a,20900.0,2022,132000.0,diesel,automatica,116,coches.net,berlina
bmw,x1,18490.0,2016,170000.0,diesel,automatica,150,coches.net,utilitario
audi,a1,17990.0,2020,64000.0,gasolina,manual,95,coches.net,berlina
jaguar,xf,10500.0,2017,195000.0,diesel,automatica,180,coches.net,berlina
skoda,kamiq,18990.0,2025,20470.0,gasolina,manual,115,coches.net,utilitario
jeep,compass,17690.0,2022,135387.0,hibrido,automatica,240,coches.net,utilitario
citroen,berlingo,10950.0,2022,129000.0,diesel,manual,102,coches.net,utilitario
peugeot,2008,14790.0,2022,63792.0,gasolina,manual,100,coches.net,utilitario
audi,a3,41510.0,2025,13100.0,diesel,automatica,150,coches.net,berlina
audi,a5,24990.0,2017,111480.0,gasolina,automatica,190,coches.net,berlina
toyota,c-hr,21990.0,2021,121926.0,hibrido,automatica,184,coches.net,berlina
mercedes-benz,cla,33890.0,2021,68593.0,diesel,automatica,150,coches.net,berlina
opel,astra,8990.0,2015,97000.0,diesel,manual,110,coches.net,berlina
mercedes-benz,clase a,31900.0,2025,32869.0,hibrido,automatica,136,coches.net,berlina
peugeot,4007,7490.0,2008,150000.0,diesel,manual,156,coches.net,utilitario
volkswagen,tiguan,21500.0,2022,188612.0,gasolina,automatica,150,coches.net,utilitario
mazda,cx-30,24890.0,2023,65000.0,hibrido,automatica,186,coches.net,utilitario
kia,ceed,17950.0,2024,41000.0,gasolina,manual,120,coches.net,berlina
fiat,panda,11100.0,2023,66252.0,hibrido,manual,70,coches.net,berlina
fiat,panda,11000.0,2023,51429.0,hibrido,manual,70,coches.net,berlina
renault,captur,18500.0,2021,19993.0,hibrido,automatica,145,coches.net,utilitario
toyota,hilux,34900.0,2021,35000.0,diesel,manual,150,coches.net,pick up
hyundai,santa fe,26300.0,2022,129000.0,diesel,automatica,202,coches.net,utilitario
ford,focus,12000.0,2021,126270.0,diesel,automatica,120,coches.net,berlina
bmw,serie 3,39990.0,2025,29413.0,hibrido,automatica,150,coches.net,berlina
toyota,rav4,26990.0,2020,138481.0,hibrido,automatica,218,coches.net,utilitario
citroen,c5 aircross,15990.0,2019,89218.0,gasolina,manual,131,coches.net,utilitario
nissan,juke,19289.0,2024,20900.0,gasolina,manual,114,coches.net,utilitario
citroen,c3 aircross,22600.0,2025,10510.0,hibrido,automatica,145,coches.net,utilitario
mazda,mazda3,25900.0,2024,28303.0,hibrido,manual,150,coches.net,berlina
ford,kuga,13990.0,2020,174000.0,diesel,automatica,120,coches.net,utilitario
renault,clio,6485.0,2019,239492.0,diesel,manual,75,coches.net,berlina
toyota,rav4,25650.0,2021,99000.0,hibrido,automatica,218,coches.net,utilitario
renault,clio,13490.0,2020,46786.0,diesel,manual,85,coches.net,berlina
volkswagen,tiguan,29990.0,2022,69000.0,diesel,automatica,150,coches.net,utilitario
volvo,xc60,30900.0,2021,115945.0,hibrido,automatica,197,coches.net,utilitario
hyundai,i10,8100.0,2018,36000.0,gasolina,manual,66,coches.net,berlina
kia,sportage,16490.0,2020,82118.0,gasolina,manual,132,coches.net,utilitario
volkswagen,tiguan,22900.0,2017,115000.0,diesel,automatica,150,coches.net,utilitario
mercedes-benz,clase c,24990.0,2019,133000.0,diesel,automatica,194,coches.net,berlina
honda,civic,36990.0,2018,97000.0,gasolina,manual,320,coches.net,berlina
renault,mégane,16399.0,2017,93036.0,gasolina,automatica,205,coches.net,berlina
peugeot,208,9650.0,2022,94000.0,diesel,manual,100,coches.net,berlina
jeep,renegade,13599.0,2018,104742.0,gasolina,manual,140,coches.net,utilitario
mercedes-benz,clase glc,31499.0,2018,65005.0,diesel,automatica,170,coches.net,utilitario
opel,mokka x,11999.0,2018,126272.0,gasolina,automatica,140,coches.net,utilitario
renault,clio,12690.0,2021,130726.0,hibrido,automatica,140,coches.net,berlina
peugeot,208,6490.0,2015,141497.0,gasolina,manual,82,coches.net,berlina
mercedes-benz,clase a,37500.0,2023,48192.0,hibrido,automatica,218,coches.net,berlina
fiat,panda,10990.0,2023,40828.0,hibrido,manual,70,coches.net,berlina
hyundai,i30,6490.0,2012,174000.0,diesel,manual,90,coches.net,berlina
seat,ibiza,18890.0,2025,13000.0,gasolina,manual,115,coches.net,berlina
peugeot,307,4499.0,2006,165000.0,gasolina,manual,143,coches.net,berlina
renault,trafic,21990.0,2018,121000.0,diesel,manual,120,coches.net,utilitario
volkswagen,t-cross,18900.0,2022,44110.0,gasolina,manual,110,coches.net,utilitario
maserati,ghibli,26990.0,2015,82000.0,diesel,automatica,275,coches.net,berlina
volkswagen,golf,26600.0,2024,26000.0,diesel,automatica,115,coches.net,berlina
peugeot,208,7699.0,2016,110356.0,gasolina,manual,110,coches.net,berlina
volkswagen,golf,27300.0,2024,18088.0,diesel,automatica,115,coches.net,berlina
kia,xceed,18490.0,2022,64000.0,gasolina,manual,120,coches.net,utilitario
volkswagen,sharan,12900.0,2013,170000.0,diesel,manual,140,coches.net,utilitario
ford,focus,12990.0,2020,33864.0,gasolina,manual,100,coches.net,berlina
bmw,x2,25990.0,2021,13500.0,diesel,automatica,150,coches.net,utilitario
land-rover,range rover sport,39900.0,2021,138000.0,hibrido,automatica,249,coches.net,utilitario
citroen,c5,8990.0,2010,122000.0,diesel,manual,140,coches.net,berlina
bmw,x4,35490.0,2021,78982.0,hibrido,automatica,190,coches.net,utilitario
peugeot,traveller,32000.0,2020,97000.0,diesel,automatica,180,coches.net,utilitario
volkswagen,polo,15450.0,2019,126353.0,gasolina,automatica,115,coches.net,berlina
volkswagen,polo,4600.0,2009,165000.0,gasolina,manual,80,coches.net,berlina
volkswagen,tiguan allspace,23790.0,2020,134966.0,diesel,automatica,150,coches.net,utilitario
seat,ibiza,18490.0,2024,8497.0,gasolina,manual,115,coches.net,berlina
audi,a4,20990.0,2022,126000.0,diesel,automatica,136,coches.net,berlina
ford,focus,18890.0,2018,72822.0,gasolina,manual,250,coches.net,berlina
ford,mustang,58900.0,2023,33000.0,gasolina,automatica,459,coches.net,berlina
mercedes-benz,clase gla,12900.0,2014,299000.0,diesel,automatica,170,coches.net,utilitario
opel,insignia,14500.0,2017,40000.0,diesel,manual,136,coches.net,berlina
citroen,berlingo,21900.0,2025,6800.0,diesel,manual,102,coches.net,utilitario
kia,sorento,40599.0,2024,32462.0,hibrido,automatica,265,coches.net,utilitario
bmw,x3,17990.0,2014,149000.0,diesel,manual,190,coches.net,utilitario
cupra,león,19950.0,2023,179971.0,hibrido,automatica,150,coches.net,berlina
nissan,juke,8990.0,2015,98000.0,diesel,manual,110,coches.net,utilitario
land-rover,discovery sport,25900.0,2019,96936.0,diesel,automatica,150,coches.net,utilitario
ds,ds 7 crossback,23501.0,2020,125331.0,gasolina,automatica,180,coches.net,utilitario
volvo,xc60,39600.0,2022,48000.0,hibrido,automatica,350,coches.net,utilitario
volkswagen,golf,19990.0,2020,129017.0,hibrido,automatica,150,coches.net,berlina
mazda,cx-30,25900.0,2024,52883.0,hibrido,manual,140,coches.net,utilitario
renault,austral,28590.0,2024,41724.0,hibrido,automatica,200,coches.net,utilitario
bmw,x1,18690.0,2022,122878.0,diesel,manual,116,coches.net,utilitario
skoda,karoq,15399.0,2018,145069.0,diesel,manual,150,coches.net,utilitario
bmw,serie 2 gran tourer,16990.0,2017,97004.0,diesel,manual,150,coches.net,utilitario
peugeot,3008,15290.0,2021,107157.0,diesel,manual,130,coches.net,utilitario
kia,picanto,15990.0,2025,14.0,gasolina,manual,63,coches.net,berlina
seat,león,16490.0,2022,66935.0,gasolina,manual,110,coches.net,berlina
bmw,x2,45900.0,2025,14000.0,hibrido,automatica,163,coches.net,utilitario
bmw,serie 1,34400.0,2025,16500.0,hibrido,automatica,170,coches.net,berlina
bmw,serie 3,33850.0,2023,99950.0,hibrido,automatica,292,coches.net,berlina
ford,grand c-max,11490.0,2017,117390.0,gasolina,manual,125,coches.net,utilitario
seat,león,14990.0,2018,102000.0,gasolina,manual,125,coches.net,berlina
alfa romeo,stelvio,25500.0,2022,59009.0,diesel,automatica,190,coches.net,utilitario
peugeot,208,8990.0,2016,131351.0,diesel,manual,100,coches.net,berlina
cupra,formentor,24990.0,2022,124000.0,diesel,automatica,150,coches.net,utilitario
hyundai,i10,13790.0,2024,15794.0,gasolina,manual,67,coches.net,berlina
cupra,león,23450.0,2023,57875.0,hibrido,automatica,150,coches.net,berlina
citroen,c3 aircross,19500.0,2025,14951.0,gasolina,manual,100,coches.net,utilitario
hyundai,tucson,13500.0,2016,113392.0,gasolina,manual,131,coches.net,utilitario
toyota,corolla,22990.0,2022,58000.0,hibrido,automatica,122,coches.net,berlina
bmw,x2,21890.0,2020,98790.0,gasolina,automatica,140,coches.net,utilitario
volkswagen,t-roc,16990.0,2022,156993.0,diesel,manual,115,coches.net,utilitario
volkswagen,golf,20990.0,2016,118000.0,diesel,automatica,184,coches.net,berlina
volkswagen,t-roc,30900.0,2024,61700.0,gasolina,automatica,150,coches.net,utilitario
toyota,c-hr,31990.0,2025,3950.0,hibrido,automatica,140,coches.net,utilitario
toyota,c-hr,31990.0,2025,10000.0,hibrido,automatica,140,coches.net,utilitario
volkswagen,tiguan allspace,29900.0,2021,99000.0,diesel,automatica,150,coches.net,utilitario
fiat,500c,10990.0,2021,73700.0,hibrido,manual,70,coches.net,berlina
volkswagen,caravelle,39990.0,2025,16987.0,diesel,automatica,150,coches.net,utilitario
mercedes-benz,gla,35900.0,2021,55900.0,gasolina,automatica,224,coches.net,utilitario
opel,grandland,17900.0,2023,32779.0,gasolina,manual,130,coches.net,utilitario
peugeot,traveller,38350.0,2025,29924.0,diesel,automatica,180,coches.net,utilitario
volkswagen,polo,7990.0,2012,150451.0,diesel,manual,75,coches.net,berlina
opel,corsa,8890.0,2016,104000.0,gasolina,manual,90,coches.net,berlina
volkswagen,golf,22890.0,2021,44156.0,hibrido,automatica,150,coches.net,berlina
peugeot,rifter,15990.0,2020,99000.0,diesel,manual,130,coches.net,utilitario
volkswagen,polo,5999.0,2004,79000.0,gasolina,manual,75,coches.net,berlina
peugeot,2008,8890.0,2016,63118.0,gasolina,manual,110,coches.net,utilitario
bmw,serie 1,8990.0,2013,137000.0,gasolina,manual,102,coches.net,berlina
peugeot,2008,9390.0,2017,132408.0,gasolina,manual,130,coches.net,utilitario
audi,q2,18990.0,2022,190000.0,gasolina,automatica,150,coches.net,utilitario
audi,a3,13490.0,2016,99900.0,gasolina,manual,110,coches.net,berlina
ford,fiesta,12490.0,2020,80699.0,diesel,manual,85,coches.net,berlina
bmw,serie 1,24999.0,2024,54000.0,gasolina,automatica,136,coches.net,berlina
seat,león,23990.0,2025,13078.0,diesel,manual,116,coches.net,berlina
peugeot,508,13690.0,2020,98608.0,diesel,manual,130,coches.net,berlina
seat,león,26990.0,2025,19334.0,diesel,automatica,116,coches.net,berlina
bmw,serie 3,16995.0,2014,190000.0,diesel,automatica,258,coches.net,berlina
bmw,serie 1,17900.0,2020,106588.0,diesel,automatica,116,coches.net,berlina
citroen,c4 picasso,9490.0,2015,154000.0,gasolina,automatica,165,coches.net,utilitario
nissan,qashqai,15990.0,2019,117637.0,diesel,manual,115,coches.net,berlina
citroen,c4 picasso,9890.0,2017,80441.0,gasolina,manual,110,coches.net,utilitario
bmw,serie 2,67500.0,2024,43500.0,gasolina,automatica,480,coches.net,berlina
toyota,rav4,26490.0,2020,123734.0,hibrido,automatica,218,coches.net,utilitario
toyota,corolla,26990.0,2022,13187.0,hibrido,automatica,184,coches.net,berlina
opel,corsa,8499.0,2018,150000.0,gas,manual,90,coches.net,berlina
mercedes-benz,clase c,36400.0,2022,57932.0,hibrido,automatica,200,coches.net,berlina
kia,xceed,18990.0,2023,42000.0,hibrido,manual,136,coches.net,utilitario
audi,a4,57490.0,2018,98000.0,gasolina,automatica,450,coches.net,berlina
dacia,sandero,5450.0,2012,115782.0,gas,manual,75,coches.net,berlina
bmw,serie 3,17500.0,2018,149999.0,diesel,manual,150,coches.net,berlina
renault,clio,19510.0,2025,20426.0,diesel,manual,100,coches.net,berlina
toyota,rav4,31890.0,2022,92352.0,hibrido,automatica,218,coches.net,utilitario
renault,clio,19360.0,2025,28853.0,diesel,manual,100,coches.net,berlina
mg,zs,15900.0,2025,18178.0,gasolina,manual,106,coches.net,utilitario
peugeot,308,9900.0,2018,112000.0,diesel,manual,130,coches.net,berlina
audi,a1,23990.0,2025,8882.0,gasolina,manual,116,coches.net,berlina
renault,captur,20900.0,2022,68800.0,hibrido,automatica,160,coches.net,utilitario
renault,captur,23500.0,2023,25000.0,hibrido,automatica,145,coches.net,utilitario
mercedes-benz,clase t,42290.0,2025,9000.0,diesel,automatica,116,coches.net,utilitario
hyundai,kona,13790.0,2020,98764.0,gasolina,manual,120,coches.net,utilitario
nissan,qashqai,17900.0,2020,126000.0,diesel,manual,150,coches.net,berlina
kia,xceed,15490.0,2021,72151.0,gasolina,manual,120,coches.net,utilitario
hyundai,tucson,25490.0,2022,74286.0,hibrido,automatica,230,coches.net,utilitario
nissan,qashqai,16990.0,2021,78583.0,gasolina,manual,140,coches.net,berlina
peugeot,2008,9990.0,2017,135591.0,diesel,manual,100,coches.net,utilitario
honda,jazz,17700.0,2021,68720.0,hibrido,automatica,109,coches.net,berlina
honda,jazz,17900.0,2022,51595.0,hibrido,manual,109,coches.net,berlina
volkswagen,sharan,16500.0,2015,197020.0,diesel,automatica,177,coches.net,utilitario
mg,zs,14990.0,2025,8787.0,gasolina,manual,106,coches.net,utilitario
hyundai,staria,36299.0,2022,51967.0,diesel,automatica,177,coches.net,utilitario
mg,zs,16490.0,2024,16133.0,gasolina,manual,111,coches.net,utilitario
bmw,x6,39800.0,2017,113000.0,diesel,automatica,258,coches.net,utilitario
opel,mokka,7990.0,2013,165700.0,diesel,manual,130,coches.net,utilitario
peugeot,2008,14890.0,2021,58577.0,diesel,manual,110,coches.net,utilitario
fiat,panda,12750.0,2024,59484.0,hibrido,manual,70,coches.net,berlina
toyota,yaris cross,23200.0,2022,73078.0,hibrido,automatica,116,coches.net,utilitario
porsche,panamera,76900.0,2021,112000.0,hibrido,automatica,560,coches.net,berlina
ford,mondeo,10999.0,2015,259000.0,diesel,automatica,210,coches.net,berlina
bmw,serie 1,19690.0,2023,96169.0,gasolina,automatica,136,coches.net,berlina
dacia,sandero,12500.0,2020,29000.0,gasolina,manual,91,coches.net,berlina
hyundai,i20,19990.0,2025,6788.0,gasolina,manual,100,coches.net,berlina
peugeot,308,11990.0,2016,136553.0,gasolina,manual,205,coches.net,berlina
renault,trafic,29900.0,2023,7000.0,diesel,manual,150,coches.net,utilitario
volvo,v40,15500.0,2018,114100.0,diesel,manual,120,coches.net,berlina
hyundai,kona,19750.0,2021,50000.0,hibrido,automatica,141,coches.net,utilitario
volvo,xc90,49995.0,2023,99998.0,hibrido,automatica,455,coches.net,utilitario
renault,arkana,19900.0,2021,62450.0,hibrido,automatica,145,coches.net,utilitario
kia,xceed,16490.0,2023,64446.0,gasolina,manual,120,coches.net,utilitario
land-rover,freelander,7490.0,2007,240000.0,diesel,manual,112,coches.net,utilitario
mercedes-benz,clase a,27990.0,2021,60300.0,diesel,automatica,150,coches.net,berlina
volkswagen,caddy,16990.0,2013,120000.0,diesel,manual,140,coches.net,utilitario
mercedes-benz,clase a,25650.0,2021,52000.0,diesel,automatica,116,coches.net,berlina
renault,clio,10700.0,2020,150789.0,diesel,manual,85,coches.net,berlina
volkswagen,golf,18000.0,2011,196000.0,gasolina,manual,271,coches.net,berlina
kia,niro,27900.0,2022,8751.0,hibrido,automatica,183,coches.net,berlina
mercedes-benz,clase glc,19990.0,2020,319000.0,diesel,automatica,194,coches.net,utilitario
mercedes-benz,cla,42776.0,2025,11702.0,hibrido,automatica,218,coches.net,berlina
mercedes-benz,gla,45900.0,2025,2225.0,diesel,automatica,150,coches.net,utilitario
bmw,serie 5,17490.0,2016,235000.0,diesel,automatica,313,coches.net,berlina
jaguar,xf,16990.0,2016,210000.0,diesel,automatica,300,coches.net,berlina
volkswagen,t-cross,16900.0,2023,63000.0,gasolina,automatica,110,coches.net,utilitario
opel,astra,11400.0,2020,129560.0,diesel,manual,105,coches.net,berlina
audi,q3,39950.0,2025,14692.0,diesel,automatica,150,coches.net,utilitario
renault,clio,9480.0,2019,102581.0,diesel,manual,75,coches.net,berlina
audi,q3,11200.0,2016,271000.0,diesel,manual,150,coches.net,utilitario
peugeot,2008,6500.0,2015,94288.0,gasolina,manual,110,coches.net,utilitario
mazda,cx-5,28950.0,2023,27000.0,hibrido,manual,165,coches.net,utilitario
bmw,serie 2 gran tourer,27990.0,2021,63000.0,gasolina,automatica,178,coches.net,utilitario
land-rover,freelander,9990.0,2008,244000.0,diesel,automatica,160,coches.net,utilitario
citroen,c5,2800.0,2005,290000.0,diesel,manual,138,coches.net,berlina
mercedes-benz,clase s,73900.0,2023,107565.0,diesel,automatica,286,coches.net,berlina
toyota,c-hr,17500.0,2019,116615.0,hibrido,automatica,122,coches.net,berlina
opel,corsa,12500.0,2022,110985.0,diesel,manual,102,coches.net,berlina
opel,corsa,13490.0,2022,49800.0,diesel,manual,102,coches.net,berlina
seat,arona,18490.0,2024,18500.0,gasolina,manual,115,coches.net,utilitario
volkswagen,golf,21600.0,2018,108000.0,gasolina,manual,230,coches.net,berlina
mini,mini,13250.0,2017,78686.0,diesel,manual,95,coches.net,berlina
audi,a3,30990.0,2024,70050.0,hibrido,automatica,150,coches.net,berlina
audi,q3,37390.0,2023,20525.0,hibrido,automatica,245,coches.net,utilitario
mercedes-benz,viano,12999.0,2008,229000.0,diesel,automatica,204,coches.net,utilitario
toyota,c-hr,31990.0,2025,3032.0,hibrido,automatica,140,coches.net,utilitario
volkswagen,t-roc,23900.0,2020,90755.0,gasolina,automatica,150,coches.net,utilitario
toyota,rav4,28900.0,2021,51126.0,hibrido,automatica,222,coches.net,utilitario
jeep,renegade,16995.0,2023,80000.0,diesel,manual,130,coches.net,utilitario
kia,picanto,13900.0,2021,8999.0,gasolina,automatica,84,coches.net,berlina
honda,civic,23499.0,2019,114000.0,gasolina,automatica,182,coches.net,berlina
toyota,yaris,22600.0,2025,8116.0,hibrido,automatica,116,coches.net,berlina
renault,scénic,4500.0,2008,176000.0,diesel,manual,105,coches.net,utilitario
audi,a3,80900.0,2026,80.0,gasolina,automatica,400,coches.net,berlina
opel,corsa,11099.0,2022,42638.0,gasolina,manual,75,coches.net,berlina
nissan,qashqai,19000.0,2022,120737.0,hibrido,automatica,158,coches.net,utilitario
peugeot,508,12990.0,2019,130331.0,diesel,automatica,130,coches.net,berlina
citroen,c3,9499.0,2019,140000.0,diesel,manual,99,coches.net,berlina
peugeot,308,12500.0,2021,103309.0,diesel,manual,100,coches.net,berlina
volkswagen,golf,12650.0,2018,119950.0,diesel,manual,115,coches.net,berlina
ford,mustang mach-e,55900.0,2022,3928.0,electrico,automatica,351,coches.net,utilitario
hyundai,ioniq 5,36900.0,2023,319.0,electrico,automatica,229,coches.net,utilitario
nissan,ariya,40500.0,2022,7070.0,electrico,automatica,242,coches.net,utilitario
mini,cooper,31900.0,2024,22665.0,gasolina,automatica,204,coches.net,berlina
audi,a4,20990.0,2021,137558.0,hibrido,automatica,163,coches.net,berlina
peugeot,2008,13400.0,2021,33349.0,gasolina,manual,100,coches.net,utilitario
hyundai,i20,15200.0,2021,60670.0,hibrido,manual,100,coches.net,berlina
nissan,juke,18990.0,2024,35725.0,gasolina,automatica,114,coches.net,utilitario
bmw,x3,44900.0,2024,25642.0,hibrido,automatica,150,coches.net,utilitario
opel,corsa,4800.0,2011,120000.0,gasolina,manual,85,coches.net,berlina
mini,countryman,16900.0,2019,70868.0,gasolina,manual,136,coches.net,berlina
volkswagen,polo,14500.0,2021,92912.0,gasolina,manual,95,coches.net,berlina
mini,countryman,21750.0,2022,75000.0,gasolina,automatica,136,coches.net,berlina
volkswagen,polo,13700.0,2022,115892.0,gasolina,manual,95,coches.net,berlina
opel,corsa,11400.0,2021,14089.0,gasolina,manual,75,coches.net,berlina
opel,corsa,11900.0,2023,83000.0,gasolina,manual,100,coches.net,berlina
kia,ceed,11990.0,2020,103221.0,gasolina,manual,120,coches.net,berlina
citroen,berlingo,17990.0,2023,47878.0,diesel,manual,102,coches.net,utilitario
mercedes-benz,clase x,45990.0,2019,49047.0,diesel,automatica,190,coches.net,pick up
mercedes-benz,clase a,33990.0,2024,9000.0,hibrido,automatica,218,coches.net,berlina
mini,mini,20900.0,2022,39000.0,gasolina,automatica,136,coches.net,berlina
ford,kuga,19900.0,2022,57511.0,gasolina,manual,150,coches.net,utilitario
mazda,cx-60,53990.0,2025,14017.0,hibrido,automatica,327,coches.net,utilitario
mg,mg3,17990.0,2025,6666.0,gasolina,manual,116,coches.net,berlina
skoda,karoq,25600.0,2024,22750.0,gasolina,manual,110,coches.net,utilitario
ford,fiesta,12490.0,2019,68712.0,gasolina,manual,100,coches.net,berlina
volvo,v40 cross country,14500.0,2016,154900.0,diesel,manual,150,coches.net,berlina
volkswagen,golf,15990.0,2021,120807.0,hibrido,automatica,110,coches.net,berlina
volvo,xc60,32990.0,2023,99990.0,hibrido,automatica,197,coches.net,utilitario
seat,león,11990.0,2012,86000.0,diesel,manual,105,coches.net,berlina
citroen,c3 aircross,12990.0,2019,59000.0,gasolina,manual,110,coches.net,utilitario
seat,ibiza,19990.0,2024,21564.0,gasolina,manual,115,coches.net,berlina
seat,ibiza,17490.0,2024,19000.0,gasolina,manual,115,coches.net,berlina
mercedes-benz,clase e,29450.0,2017,244698.0,gasolina,automatica,401,coches.net,berlina
mazda,cx-5,17500.0,2022,213484.0,gasolina,automatica,165,coches.net,utilitario
volkswagen,golf,26890.0,2025,19058.0,diesel,manual,116,coches.net,berlina
hyundai,i30,11900.0,2019,64028.0,gasolina,manual,100,coches.net,berlina
peugeot,e-208,18490.0,2022,28199.0,electrico,automatica,136,coches.net,berlina
citroen,ë-c4,16990.0,2021,54000.0,electrico,automatica,136,coches.net,berlina
dacia,sandero,12990.0,2019,78031.0,diesel,manual,95,coches.net,berlina
volkswagen,golf sportsvan,17290.0,2016,102031.0,gasolina,automatica,150,coches.net,utilitario
peugeot,3008 hybrid,22490.0,2024,18658.0,hibrido,automatica,136,coches.net,utilitario
seat,ibiza,3499.0,2007,262000.0,diesel,manual,80,coches.net,berlina
toyota,corolla,19499.0,2022,75000.0,hibrido,automatica,122,coches.net,berlina
seat,ibiza,3999.0,2008,223000.0,diesel,manual,90,coches.net,berlina
skoda,karoq,14990.0,2020,169905.0,diesel,automatica,150,coches.net,utilitario
audi,a3,18990.0,2020,79000.0,hibrido,automatica,204,coches.net,berlina
citroen,c4 cactus,9490.0,2020,110000.0,gasolina,manual,110,coches.net,berlina
volkswagen,caravelle,25990.0,2021,127543.0,diesel,manual,110,coches.net,utilitario
kia,stonic,16480.0,2023,17571.0,hibrido,manual,100,coches.net,utilitario
peugeot,3008 hybrid,16990.0,2022,140791.0,hibrido,automatica,300,coches.net,utilitario
mazda,cx-5,20400.0,2020,124988.0,diesel,manual,150,coches.net,utilitario
bmw,serie 1,18489.0,2019,79119.0,diesel,manual,116,coches.net,berlina
dfsk,f5,20990.0,2024,18721.0,gasolina,automatica,137,coches.net,utilitario
toyota,c-hr,18490.0,2020,124971.0,hibrido,automatica,122,coches.net,berlina
mitsubishi,space star,13499.0,2023,7578.0,gasolina,manual,71,coches.net,berlina
kia,ceed,17000.0,2023,75025.0,hibrido,manual,136,coches.net,berlina
kia,ceed,15490.0,2020,73649.0,gasolina,manual,100,coches.net,berlina
audi,a3,27990.0,2025,10000.0,gasolina,automatica,116,coches.net,berlina
land-rover,range rover sport,249990.0,2025,2500.0,hibrido,automatica,635,coches.net,utilitario
renault,mégane,12897.0,2021,162700.0,diesel,manual,115,coches.net,berlina
ford,mondeo,14699.0,2019,152702.0,diesel,automatica,150,coches.net,berlina
volvo,v60 cross country,39900.0,2023,27231.0,hibrido,automatica,197,coches.net,berlina
volvo,xc40,19990.0,2019,130238.0,gasolina,automatica,163,coches.net,utilitario
seat,ibiza,19900.0,2025,500.0,gasolina,manual,115,coches.net,berlina
renault,clio,7499.0,2012,90700.0,gasolina,manual,105,coches.net,berlina
volvo,xc40,24990.0,2023,98000.0,hibrido,automatica,211,coches.net,utilitario
dacia,jogger,19900.0,2025,39288.0,gasolina,manual,110,coches.net,berlina
dr automobiles,dr 5.0,13790.0,2022,97305.0,gasolina,manual,116,coches.net,utilitario
bmw,serie 5,14390.0,2017,169000.0,diesel,automatica,150,coches.net,berlina
peugeot,partner,8900.0,2016,249229.0,diesel,manual,100,coches.net,utilitario
citroen,c4,7490.0,2015,140000.0,diesel,manual,99,coches.net,berlina
seat,ibiza,15999.0,2025,25000.0,gasolina,manual,115,coches.net,berlina
seat,ibiza,18690.0,2025,15470.0,gasolina,manual,115,coches.net,berlina
bmw,x6,49900.0,2020,183500.0,diesel,automatica,400,coches.net,utilitario
kia,stonic,14290.0,2023,32192.0,gasolina,manual,84,coches.net,utilitario
seat,arona,13790.0,2022,134000.0,gasolina,manual,110,coches.net,utilitario
mercedes-benz,clase cla,16000.0,2015,180000.0,diesel,automatica,177,coches.net,berlina
renault,captur,14790.0,2023,85000.0,gasolina,manual,90,coches.net,utilitario
bmw,serie 5,18990.0,2015,106300.0,diesel,automatica,190,coches.net,berlina
suzuki,vitara,23500.0,2022,31638.0,hibrido,automatica,116,coches.net,utilitario
peugeot,rifter,17390.0,2022,58812.0,diesel,manual,100,coches.net,utilitario
seat,león,20499.0,2020,85900.0,gasolina,manual,150,coches.net,berlina
seat,ateca,24359.0,2022,24243.0,gasolina,automatica,150,coches.net,utilitario
volvo,xc40,24400.0,2021,106620.0,hibrido,automatica,211,coches.net,utilitario
kia,xceed,20200.0,2022,64270.0,hibrido,automatica,141,coches.net,utilitario
citroen,c3,9590.0,2020,45106.0,gasolina,manual,83,coches.net,berlina
peugeot,308,14990.0,2021,57000.0,gasolina,manual,110,coches.net,berlina
omoda,5,22670.0,2025,17396.0,gasolina,automatica,147,coches.net,utilitario
omoda,5,22670.0,2025,12737.0,gasolina,automatica,147,coches.net,utilitario
jeep,compass,19990.0,2021,31000.0,gasolina,automatica,150,coches.net,utilitario
hyundai,kona,15990.0,2022,26000.0,gasolina,manual,120,coches.net,utilitario
nissan,qashqai+2,9990.0,2009,70000.0,gasolina,manual,140,coches.net,utilitario
cupra,formentor,24990.0,2021,164126.0,gasolina,automatica,310,coches.net,utilitario
volvo,xc60,32500.0,2019,136425.0,diesel,automatica,190,coches.net,utilitario
volkswagen,passat,19900.0,2022,145000.0,diesel,automatica,150,coches.net,berlina
nissan,qashqai,15490.0,2018,61640.0,diesel,manual,115,coches.net,berlina
volkswagen,golf,20300.0,2021,40668.0,diesel,manual,115,coches.net,berlina
kia,stonic,12999.0,2019,112312.0,gasolina,manual,100,coches.net,utilitario
peugeot,5008,9499.0,2015,154793.0,diesel,manual,150,coches.net,utilitario
hyundai,santa fe,17900.0,2015,174393.0,diesel,manual,150,coches.net,utilitario
bmw,x3,41999.0,2020,85000.0,diesel,automatica,326,coches.net,utilitario
ford,puma,22900.0,2024,14000.0,hibrido,manual,155,coches.net,utilitario
bmw,serie 4,24990.0,2015,200000.0,diesel,automatica,258,coches.net,berlina
renault,mégane,17990.0,2020,75206.0,diesel,manual,115,coches.net,berlina
renault,mégane,9300.0,2011,145056.0,gasolina,automatica,140,coches.net,berlina
renault,captur,11990.0,2021,146700.0,gas,manual,100,coches.net,utilitario
mercedes-benz,glc coupé,43890.0,2021,36000.0,diesel,automatica,163,coches.net,utilitario
mazda,cx-5,14800.0,2016,146500.0,diesel,automatica,150,coches.net,utilitario
volkswagen,t-roc,20990.0,2024,86363.0,gasolina,manual,115,coches.net,utilitario
audi,a6,36950.0,2021,88000.0,hibrido,automatica,367,coches.net,berlina
volkswagen,golf,29490.0,2022,85000.0,gasolina,automatica,245,coches.net,berlina
audi,a6,36950.0,2020,109000.0,hibrido,automatica,367,coches.net,berlina
bmw,x6,87900.0,2020,94562.0,gasolina,automatica,625,coches.net,utilitario
volvo,xc60,32990.0,2022,91224.0,hibrido,automatica,350,coches.net,utilitario
volvo,xc60,34990.0,2021,66928.0,hibrido,automatica,197,coches.net,utilitario
peugeot,3008,19890.0,2021,67024.0,diesel,manual,130,coches.net,utilitario
skoda,karoq,15990.0,2022,182500.0,diesel,automatica,150,coches.net,utilitario
audi,a4,38950.0,2018,104020.0,gasolina,automatica,354,coches.net,berlina
peugeot,rifter,16499.0,2019,72010.0,diesel,manual,100,coches.net,utilitario
mercedes-benz,clase c,35890.0,2022,30909.0,hibrido,automatica,204,coches.net,berlina
bmw,x2,48990.0,2025,30000.0,diesel,automatica,150,coches.net,utilitario
bmw,x6,89000.0,2021,74000.0,gasolina,automatica,625,coches.net,utilitario
mercedes-benz,clase a,26990.0,2020,86208.0,diesel,automatica,150,coches.net,berlina
audi,a4,9900.0,2008,131000.0,gasolina,automatica,180,coches.net,berlina
ford,kuga,11980.0,2018,128885.0,diesel,manual,120,coches.net,utilitario
mercedes-benz,gle,49890.0,2020,130000.0,hibrido,automatica,320,coches.net,utilitario
audi,q8,54890.0,2021,113000.0,hibrido,automatica,231,coches.net,utilitario
bmw,serie 2 active tourer,28490.0,2023,42031.0,gasolina,automatica,136,coches.net,utilitario
citroen,c3 aircross,11999.0,2021,25972.0,gasolina,manual,110,coches.net,utilitario
peugeot,508,8500.0,2015,180000.0,diesel,manual,140,coches.net,berlina
skoda,octavia,8590.0,2011,109154.0,diesel,manual,105,coches.net,berlina
seat,ibiza,10290.0,2014,84780.0,gasolina,manual,105,coches.net,berlina
citroen,grand c4 picasso,10890.0,2016,103000.0,diesel,manual,120,coches.net,utilitario
peugeot,2008,9200.0,2021,274000.0,diesel,manual,110,coches.net,utilitario
citroen,c3,10399.0,2019,49498.0,gasolina,automatica,110,coches.net,berlina
mazda,mazda3,24999.0,2023,19223.0,hibrido,manual,186,coches.net,berlina
seat,ibiza,5500.0,2009,190000.0,diesel,manual,90,coches.net,berlina
mercedes-benz,clase b,10990.0,2016,180000.0,diesel,manual,109,coches.net,utilitario
ford,kuga,23900.0,2023,35000.0,hibrido,automatica,190,coches.net,utilitario
mercedes-benz,clase b,14990.0,2015,175000.0,diesel,automatica,136,coches.net,utilitario
peugeot,2008,8800.0,2015,119000.0,gasolina,manual,82,coches.net,utilitario
ford,kuga,21990.0,2022,87214.0,hibrido,automatica,190,coches.net,utilitario
kia,venga,9299.0,2016,68321.0,gasolina,manual,90,coches.net,utilitario
peugeot,308,16000.0,2022,85112.0,diesel,automatica,130,coches.net,berlina
seat,altea,5500.0,2008,169000.0,diesel,manual,105,coches.net,utilitario
audi,q5,33900.0,2020,111000.0,diesel,automatica,190,coches.net,utilitario
mitsubishi,l200,23990.0,2021,122000.0,diesel,manual,150,coches.net,pick up
volkswagen,taigo,20990.0,2023,59000.0,gasolina,automatica,110,coches.net,utilitario
toyota,avensis,14990.0,2016,94000.0,diesel,manual,143,coches.net,berlina
peugeot,3008 hybrid,19850.0,2022,30386.0,hibrido,automatica,225,coches.net,utilitario
nissan,qashqai,9890.0,2017,235700.0,diesel,manual,110,coches.net,berlina
peugeot,3008,21500.0,2022,50000.0,diesel,automatica,130,coches.net,utilitario
seat,león,19500.0,2024,10132.0,gasolina,manual,116,coches.net,berlina
renault,clio,5900.0,2007,119390.0,gasolina,manual,100,coches.net,berlina
volkswagen,tiguan,24990.0,2022,81961.0,hibrido,automatica,245,coches.net,utilitario
volkswagen,tiguan,48990.0,2023,44500.0,gasolina,automatica,320,coches.net,utilitario
kia,xceed,24990.0,2023,9152.0,hibrido,automatica,141,coches.net,utilitario
hyundai,kona,21190.0,2021,27242.0,hibrido,automatica,141,coches.net,utilitario
mg,mg3,14400.0,2025,18576.0,gasolina,manual,116,coches.net,berlina
mg,mg3,14400.0,2025,16555.0,gasolina,manual,116,coches.net,berlina
mg,mg3,14400.0,2025,15832.0,gasolina,manual,116,coches.net,berlina
mercedes-benz,clase glc,33100.0,2020,61166.0,diesel,automatica,163,coches.net,utilitario
volvo,v60,29990.0,2023,92397.0,hibrido,automatica,197,coches.net,berlina
mercedes-benz,clase c,74900.0,2023,16137.0,hibrido,automatica,408,coches.net,berlina
mercedes-benz,clase t,25890.0,2023,56306.0,diesel,automatica,116,coches.net,utilitario
mini,mini,15400.0,2019,78000.0,gasolina,manual,102,coches.net,berlina
mercedes-benz,clase t,26990.0,2023,12019.0,diesel,manual,116,coches.net,utilitario
audi,a4,27900.0,2020,85000.0,diesel,automatica,190,coches.net,berlina
toyota,corolla,25990.0,2025,9084.0,hibrido,automatica,140,coches.net,berlina
land-rover,discovery,24890.0,2019,122470.0,diesel,automatica,240,coches.net,utilitario
suzuki,vitara,17990.0,2021,65222.0,hibrido,manual,129,coches.net,utilitario
omoda,5,25990.0,2024,18409.0,gasolina,automatica,185,coches.net,utilitario
maserati,ghibli,48990.0,2018,46230.0,gasolina,automatica,430,coches.net,berlina
jaguar,e-pace,49900.0,2025,3611.0,hibrido,automatica,309,coches.net,utilitario
bmw,x2,29900.0,2022,30645.0,hibrido,automatica,220,coches.net,utilitario
peugeot,3008,17990.0,2021,62967.0,diesel,manual,130,coches.net,utilitario
mini,countryman,9500.0,2014,200000.0,diesel,manual,112,coches.net,berlina
seat,ateca,22900.0,2021,89500.0,diesel,automatica,150,coches.net,utilitario
volkswagen,golf,25000.0,2025,49000.0,gasolina,manual,115,coches.net,berlina
toyota,corolla,31890.0,2026,1130.0,hibrido,automatica,140,coches.net,berlina
smart,fortwo,10650.0,2015,52000.0,gasolina,automatica,71,coches.net,berlina
mini,countryman,14950.0,2018,99950.0,gasolina,automatica,192,coches.net,berlina
volkswagen,polo,15590.0,2022,68163.0,gasolina,manual,95,coches.net,berlina
audi,a5,31990.0,2020,120000.0,diesel,automatica,190,coches.net,berlina
volkswagen,taigo,18709.0,2023,64305.0,gasolina,manual,110,coches.net,utilitario
volkswagen,taigo,18809.0,2023,59116.0,gasolina,manual,95,coches.net,utilitario
volkswagen,taigo,18910.0,2023,64252.0,gasolina,manual,95,coches.net,utilitario
mg,mg3,14790.0,2025,5982.0,gasolina,manual,116,coches.net,berlina
mg,mg3,14390.0,2025,8399.0,gasolina,manual,116,coches.net,berlina
fiat,500,11900.0,2022,36800.0,hibrido,manual,70,coches.net,berlina
fiat,500,8900.0,2021,65000.0,hibrido,manual,70,coches.net,berlina
fiat,500,11690.0,2023,43765.0,hibrido,manual,70,coches.net,berlina
mercedes-benz,glb,49000.0,2023,88656.0,diesel,automatica,190,coches.net,utilitario
audi,a3,35900.0,2025,30828.0,diesel,automatica,150,coches.net,berlina
bmw,serie 2 gran tourer,14990.0,2021,140000.0,diesel,manual,116,coches.net,utilitario
citroen,c4 cactus,9490.0,2016,74000.0,diesel,manual,100,coches.net,berlina
kia,picanto,15485.0,2024,11049.0,gasolina,manual,63,coches.net,berlina
opel,astra,10950.0,2020,71900.0,gasolina,manual,110,coches.net,berlina
honda,civic,21990.0,2017,65697.0,gasolina,automatica,182,coches.net,berlina
cupra,formentor,27990.0,2022,23815.0,diesel,automatica,150,coches.net,utilitario
ford,focus,3900.0,2006,177533.0,gasolina,manual,115,coches.net,berlina
nissan,juke,20990.0,2024,2.0,gasolina,manual,114,coches.net,utilitario
mazda,cx-5,26900.0,2023,68113.0,gasolina,manual,165,coches.net,utilitario
mercedes-benz,clase glc,24990.0,2017,150000.0,diesel,automatica,204,coches.net,utilitario
bmw,serie 1,47890.0,2025,6648.0,gasolina,automatica,300,coches.net,berlina
mini,countryman,15990.0,2019,138609.0,diesel,manual,116,coches.net,berlina
hyundai,i30,14990.0,2019,67555.0,gasolina,manual,120,coches.net,berlina
renault,scénic,4000.0,2006,209000.0,diesel,manual,130,coches.net,utilitario
audi,a5,24399.0,2019,58076.0,gasolina,automatica,150,coches.net,berlina
fiat,panda,12950.0,2024,39485.0,hibrido,manual,70,coches.net,berlina
audi,q8,58990.0,2021,68000.0,hibrido,automatica,381,coches.net,utilitario
toyota,c-hr,26490.0,2022,72864.0,hibrido,automatica,184,coches.net,berlina
toyota,c-hr,26490.0,2022,76238.0,hibrido,automatica,184,coches.net,berlina
jeep,compass,15490.0,2019,51974.0,gasolina,manual,140,coches.net,utilitario
toyota,auris,6999.0,2008,162000.0,diesel,manual,177,coches.net,berlina
seat,ateca,20990.0,2022,40961.0,gasolina,manual,150,coches.net,utilitario
bmw,x1,19290.0,2018,104972.0,diesel,manual,150,coches.net,utilitario
kia,carnival,6499.0,2010,229000.0,diesel,automatica,185,coches.net,utilitario
volkswagen,golf,12900.0,2010,49700.0,gasolina,automatica,122,coches.net,berlina
kia,stonic,13475.0,2021,56000.0,gasolina,manual,84,coches.net,utilitario
volkswagen,tiguan,23990.0,2018,118000.0,diesel,automatica,150,coches.net,utilitario
seat,león,19990.0,2024,19696.0,gasolina,manual,116,coches.net,berlina
skoda,kamiq,21700.0,2025,9364.0,gasolina,manual,115,coches.net,utilitario
audi,q3,18950.0,2016,109000.0,diesel,automatica,150,coches.net,utilitario
volkswagen,t-roc,24700.0,2023,31023.0,gasolina,automatica,150,coches.net,utilitario
volkswagen,golf,12990.0,2015,107000.0,gasolina,automatica,125,coches.net,berlina
hyundai,inster,24090.0,2025,2159.0,electrico,automatica,115,coches.net,utilitario
audi,a5,17900.0,2018,238000.0,diesel,automatica,190,coches.net,berlina
opel,combo life,13499.0,2021,216000.0,diesel,manual,102,coches.net,utilitario
volkswagen,t-roc,24300.0,2022,34000.0,gasolina,manual,110,coches.net,utilitario
volvo,v90 cross country,32290.0,2021,73926.0,hibrido,automatica,197,coches.net,berlina
seat,ibiza,7999.0,2015,111894.0,diesel,manual,90,coches.net,berlina
fiat,punto,7890.0,2014,90193.0,diesel,manual,75,coches.net,berlina
mercedes-benz,clase a,18999.0,2019,129375.0,diesel,automatica,116,coches.net,berlina
audi,a3,47000.0,2024,37000.0,gasolina,automatica,310,coches.net,berlina
opel,corsa,14100.0,2024,37195.0,gasolina,manual,100,coches.net,berlina
mercedes-benz,gla,24990.0,2020,76657.0,gasolina,automatica,156,coches.net,utilitario
bmw,serie 5,28890.0,2021,117491.0,hibrido,automatica,292,coches.net,berlina
citroen,c4 cactus,8997.0,2017,180000.0,gasolina,automatica,82,coches.net,berlina
toyota,rav4,27999.0,2021,76000.0,hibrido,automatica,218,coches.net,utilitario
renault,mégane,15990.0,2022,86607.0,diesel,manual,115,coches.net,berlina
toyota,land cruiser,79900.0,2025,38000.0,diesel,automatica,204,coches.net,utilitario
kia,sorento,11800.0,2014,173047.0,diesel,manual,150,coches.net,utilitario
opel,astra,9999.0,2018,99728.0,gasolina,manual,125,coches.net,berlina
toyota,c-hr,24990.0,2023,48358.0,hibrido,automatica,140,coches.net,utilitario
mercedes-benz,clase a,23990.0,2020,105000.0,hibrido,automatica,218,coches.net,berlina
renault,arkana,26995.0,2025,125.0,hibrido,automatica,145,coches.net,utilitario
volkswagen,touran,11399.0,2014,129746.0,diesel,manual,105,coches.net,utilitario
alfa romeo,giulia,22899.0,2018,83071.0,gasolina,automatica,200,coches.net,berlina
opel,astra,11500.0,2020,78518.0,gasolina,manual,145,coches.net,berlina
mercedes-benz,clase a,26490.0,2024,54750.0,hibrido,automatica,136,coches.net,berlina
citroen,c3,4990.0,2011,228000.0,diesel,manual,68,coches.net,berlina
nissan,qashqai,18990.0,2021,88769.0,hibrido,manual,140,coches.net,utilitario
cupra,formentor,22850.0,2022,95000.0,diesel,manual,150,coches.net,utilitario
peugeot,208,8900.0,2021,59000.0,gasolina,manual,75,coches.net,berlina
peugeot,208,9900.0,2021,58000.0,gasolina,manual,75,coches.net,berlina
toyota,yaris,24750.0,2025,4569.0,hibrido,automatica,130,coches.net,berlina
seat,león,14700.0,2020,108740.0,diesel,manual,115,coches.net,berlina
seat,alhambra,17900.0,2019,194000.0,diesel,automatica,150,coches.net,utilitario
ford,ecosport,15299.0,2022,35145.0,gasolina,manual,125,coches.net,utilitario
fiat,500,11990.0,2021,29988.0,hibrido,manual,70,coches.net,berlina
zhidou,d2s,7990.0,2022,11995.0,electrico,automatica,23,coches.net,berlina
kia,sportage,30700.0,2025,6000.0,gasolina,automatica,150,coches.net,utilitario
seat,león,23800.0,2025,6126.0,gasolina,manual,150,coches.net,berlina
toyota,yaris,12990.0,2022,153429.0,hibrido,automatica,116,coches.net,berlina
ssangyong,rodius,4999.0,2008,264000.0,diesel,manual,165,coches.net,utilitario
volkswagen,polo,13990.0,2021,103000.0,gasolina,automatica,95,coches.net,berlina
skoda,yeti,7900.0,2015,143150.0,gasolina,manual,105,coches.net,utilitario
seat,ateca,16400.0,2019,61402.0,gasolina,manual,115,coches.net,utilitario
bmw,serie 3,35900.0,2022,14000.0,hibrido,automatica,292,coches.net,berlina
opel,mokka,8900.0,2015,125000.0,diesel,manual,136,coches.net,utilitario
toyota,c-hr,20900.0,2021,105034.0,hibrido,automatica,122,coches.net,berlina
volkswagen,polo,11199.0,2014,58784.0,gasolina,manual,90,coches.net,berlina
volkswagen,tiguan,38600.0,2025,10469.0,diesel,automatica,150,coches.net,utilitario
fiat,500,13900.0,2023,9479.0,hibrido,manual,70,coches.net,berlina
kia,picanto,10299.0,2020,76201.0,gasolina,manual,67,coches.net,berlina
jaecoo,7,36500.0,2025,3400.0,hibrido,automatica,347,coches.net,utilitario
mercedes-benz,clase a,25990.0,2021,56000.0,hibrido,automatica,218,coches.net,berlina
toyota,proace city,18990.0,2020,119675.0,diesel,manual,131,coches.net,utilitario
citroen,berlingo,17490.0,2019,121497.0,diesel,manual,130,coches.net,utilitario
seat,toledo,1890.0,2004,340000.0,diesel,manual,130,coches.net,berlina
toyota,yaris,10800.0,2016,45853.0,gasolina,manual,69,coches.net,berlina
mercedes-benz,cla,28990.0,2023,52000.0,hibrido,automatica,218,coches.net,berlina
audi,a5,27900.0,2010,160000.0,gasolina,automatica,450,coches.net,berlina
volkswagen,golf,21900.0,2023,115686.0,diesel,manual,115,coches.net,berlina
bmw,serie 3,39900.0,2025,28700.0,hibrido,automatica,150,coches.net,berlina
bmw,serie 4,36950.0,2017,112938.0,gasolina,automatica,326,coches.net,berlina
fiat,tipo,9249.0,2022,163000.0,hibrido,automatica,130,coches.net,berlina
lexus,rc,27599.0,2018,138732.0,hibrido,automatica,223,coches.net,berlina
audi,a3,26990.0,2021,50165.0,hibrido,automatica,204,coches.net,berlina
bmw,serie 2,17450.0,2015,121299.0,gasolina,automatica,136,coches.net,berlina
mercedes-benz,clase e,44990.0,2021,93000.0,diesel,automatica,330,coches.net,berlina
hyundai,i30,23783.0,2025,13562.0,gasolina,manual,100,coches.net,berlina
kia,cee'd,13500.0,2017,125000.0,diesel,manual,136,coches.net,berlina
kia,xceed,22990.0,2023,32380.0,hibrido,automatica,160,coches.net,utilitario
jeep,wrangler,59900.0,2022,29500.0,hibrido,automatica,381,coches.net,utilitario
audi,q2,34500.0,2024,25200.0,diesel,automatica,150,coches.net,utilitario
seat,ibiza,13900.0,2023,119927.0,gasolina,manual,110,coches.net,berlina
polestar,4,44990.0,2024,5000.0,electrico,automatica,272,coches.net,utilitario
polestar,4,44990.0,2024,10000.0,electrico,automatica,272,coches.net,utilitario
audi,a3,55990.0,2022,79372.0,gasolina,automatica,400,coches.net,berlina
opel,astra,8490.0,2020,95000.0,gasolina,manual,110,coches.net,berlina
mercedes-benz,clase a,55970.0,2023,34901.0,gasolina,automatica,306,coches.net,berlina
porsche,macan,29999.0,2015,204000.0,diesel,automatica,258,coches.net,utilitario
volkswagen,arteon,35900.0,2022,87527.0,diesel,automatica,150,coches.net,berlina
bmw,x4,25995.0,2016,158000.0,diesel,automatica,190,coches.net,utilitario
bmw,x4,26995.0,2017,128000.0,diesel,automatica,190,coches.net,utilitario
hyundai,bayon,13990.0,2022,83347.0,gasolina,manual,84,coches.net,utilitario
mercedes-benz,clase s,120000.0,2021,103000.0,gasolina,automatica,612,coches.net,berlina
renault,captur,22850.0,2025,8000.0,gas,manual,100,coches.net,utilitario
bmw,x4,34900.0,2023,169000.0,hibrido,automatica,190,coches.net,utilitario
kia,stonic,16299.0,2021,27023.0,hibrido,manual,100,coches.net,utilitario
kia,stonic,16699.0,2022,37672.0,hibrido,manual,100,coches.net,utilitario
ford,puma,16490.0,2020,61732.0,hibrido,manual,125,coches.net,utilitario
renault,mégane,13699.0,2018,80877.0,diesel,manual,130,coches.net,berlina
citroen,c-crosser,6990.0,2008,215872.0,diesel,manual,160,coches.net,utilitario
kia,sportage,22990.0,2023,150000.0,hibrido,automatica,265,coches.net,utilitario
seat,león,12900.0,2017,104962.0,gasolina,manual,110,coches.net,berlina
volkswagen,t-roc,20900.0,2018,75000.0,gasolina,manual,150,coches.net,utilitario
opel,corsa,11900.0,2020,25043.0,gasolina,manual,100,coches.net,berlina
kia,niro,20200.0,2022,64296.0,hibrido,automatica,141,coches.net,berlina
volvo,v60,38900.0,2025,17760.0,hibrido,automatica,197,coches.net,berlina
audi,a5,30990.0,2020,61411.0,hibrido,automatica,163,coches.net,berlina
ford,kuga,21000.0,2022,98650.0,hibrido,automatica,190,coches.net,utilitario
ford,edge,14900.0,2016,187751.0,diesel,automatica,210,coches.net,utilitario
omoda,5,22670.0,2025,15591.0,gasolina,automatica,147,coches.net,utilitario
mercedes-benz,clase glc,24900.0,2019,165000.0,diesel,automatica,163,coches.net,utilitario
audi,q3 sportback,30900.0,2022,99000.0,diesel,automatica,150,coches.net,utilitario
cupra,león,25500.0,2023,46850.0,hibrido,automatica,150,coches.net,berlina
mercedes-benz,clase c,57500.0,2023,29990.0,hibrido,automatica,408,coches.net,berlina
peugeot,107,4490.0,2007,87000.0,gasolina,manual,68,coches.net,berlina
bmw,serie 4,56300.0,2024,31448.0,hibrido,automatica,286,coches.net,berlina
land-rover,range rover velar,40000.0,2020,106933.0,diesel,automatica,300,coches.net,utilitario
volkswagen,multivan,38990.0,2019,47400.0,diesel,manual,150,coches.net,utilitario
mercedes-benz,clase glc,33990.0,2020,110000.0,diesel,automatica,194,coches.net,utilitario
citroen,c3 aircross,11990.0,2021,43707.0,gasolina,manual,110,coches.net,utilitario
opel,astra,10199.0,2018,105673.0,gasolina,manual,125,coches.net,berlina
citroen,c4 picasso,4490.0,2013,210000.0,diesel,automatica,150,coches.net,utilitario
renault,scénic,3700.0,2012,240000.0,diesel,manual,110,coches.net,utilitario
mercedes-benz,clase a,22900.0,2021,82900.0,gasolina,manual,136,coches.net,berlina
mercedes-benz,clase c,38890.0,2023,62000.0,diesel,automatica,194,coches.net,berlina
mini,countryman,24380.0,2022,55729.0,diesel,manual,150,coches.net,berlina
toyota,yaris,19690.0,2022,50423.0,hibrido,automatica,116,coches.net,berlina
toyota,yaris,16990.0,2022,98854.0,hibrido,automatica,116,coches.net,berlina
toyota,corolla,18490.0,2021,105965.0,hibrido,automatica,122,coches.net,berlina
peugeot,2008,19499.0,2025,2459.0,gasolina,manual,100,coches.net,utilitario
opel,grandland x,12899.0,2020,107960.0,diesel,manual,130,coches.net,utilitario
citroen,c5 aircross,14850.0,2020,102360.0,diesel,manual,131,coches.net,utilitario
volkswagen,polo,18990.0,2020,62798.0,gasolina,manual,110,coches.net,berlina
audi,q5,50500.0,2023,39646.0,hibrido,automatica,204,coches.net,utilitario
ford,focus,8470.0,2016,164000.0,gasolina,manual,125,coches.net,berlina
peugeot,3008,13190.0,2020,106855.0,gasolina,manual,130,coches.net,utilitario
audi,a6,72900.0,2024,11238.0,hibrido,automatica,344,coches.net,berlina
citroen,berlingo,11990.0,2016,120000.0,diesel,manual,100,coches.net,utilitario
audi,q5 sportback,106900.0,2026,60.0,hibrido,automatica,367,coches.net,utilitario
mg,zs,12900.0,2022,57000.0,gasolina,automatica,111,coches.net,utilitario
mitsubishi,outlander,45400.0,2025,9568.0,hibrido,automatica,306,coches.net,utilitario
mitsubishi,outlander,45400.0,2025,5528.0,hibrido,automatica,306,coches.net,utilitario
hyundai,kona,22900.0,2023,50312.0,gasolina,manual,120,coches.net,utilitario
land-rover,range rover evoque,52900.0,2024,20091.0,hibrido,automatica,269,coches.net,utilitario
volkswagen,caravelle,14490.0,2010,390000.0,diesel,manual,140,coches.net,utilitario
skoda,octavia,20990.0,2021,57329.0,diesel,manual,150,coches.net,berlina
ford,mondeo,14999.0,2021,160000.0,hibrido,automatica,187,coches.net,berlina
mini,mini,15500.0,2017,134500.0,gasolina,manual,136,coches.net,berlina
audi,q3,25790.0,2021,100025.0,hibrido,automatica,245,coches.net,utilitario
mitsubishi,asx,14199.0,2018,74638.0,gasolina,manual,117,coches.net,utilitario
peugeot,208,16850.0,2025,26000.0,hibrido,automatica,100,coches.net,berlina
peugeot,508,16990.0,2020,63016.0,diesel,manual,130,coches.net,berlina
jeep,renegade,30750.0,2025,17340.0,hibrido,automatica,130,coches.net,utilitario
skoda,fabia,13500.0,2023,29690.0,gasolina,manual,80,coches.net,berlina
seat,león,13890.0,2021,135165.0,diesel,manual,115,coches.net,berlina
audi,a3,27300.0,2024,17000.0,hibrido,automatica,116,coches.net,berlina
kia,stonic,14290.0,2022,86703.0,hibrido,manual,100,coches.net,utilitario
honda,cr-v,10500.0,2010,163000.0,diesel,manual,150,coches.net,utilitario
volvo,xc60,16900.0,2016,168000.0,diesel,automatica,150,coches.net,utilitario
toyota,yaris,16500.0,2021,167000.0,hibrido,automatica,116,coches.net,berlina
fiat,500x,12899.0,2021,56513.0,gasolina,manual,120,coches.net,utilitario
renault,talisman,17990.0,2018,105784.0,diesel,automatica,160,coches.net,berlina
alfa romeo,junior,24290.0,2025,10999.0,hibrido,automatica,145,coches.net,utilitario
citroen,c3 aircross,13990.0,2024,49268.0,diesel,manual,110,coches.net,utilitario
seat,león,14990.0,2017,124111.0,diesel,automatica,150,coches.net,berlina
seat,arona,14900.0,2019,18003.0,gasolina,manual,95,coches.net,utilitario
mercedes-benz,clase b,6499.0,2007,172000.0,diesel,automatica,109,coches.net,utilitario
dacia,duster,9490.0,2017,122312.0,gas,manual,109,coches.net,utilitario
audi,a6,70500.0,2025,961.0,hibrido,automatica,204,coches.net,berlina
peugeot,5008,16490.0,2020,110946.0,diesel,automatica,130,coches.net,utilitario
mg,zs,17391.0,2025,8000.0,gasolina,manual,116,coches.net,utilitario
bmw,serie 3,18999.0,2022,230600.0,hibrido,automatica,150,coches.net,berlina
peugeot,208,12499.0,2024,32807.0,gasolina,manual,75,coches.net,berlina
kia,ceed,18732.0,2025,13585.0,gasolina,manual,100,coches.net,berlina
omoda,5,25800.0,2025,7500.0,gasolina,automatica,147,coches.net,utilitario
mg,zs,16990.0,2023,19159.0,gasolina,automatica,111,coches.net,utilitario
nissan,juke,24800.0,2024,14207.0,hibrido,automatica,143,coches.net,utilitario
peugeot,208,10290.0,2021,70886.0,gasolina,manual,75,coches.net,berlina
audi,q5,47900.0,2022,39999.0,hibrido,automatica,204,coches.net,utilitario
mercedes-benz,clase c,36900.0,2024,123000.0,hibrido,automatica,200,coches.net,berlina
nissan,qashqai,27990.0,2024,19666.0,hibrido,automatica,158,coches.net,utilitario
seat,león,23490.0,2023,20858.0,gasolina,manual,130,coches.net,berlina
mini,mini,10500.0,2012,140.0,gasolina,manual,184,coches.net,berlina
peugeot,308,10499.0,2010,81000.0,diesel,manual,112,coches.net,berlina
mercedes-benz,clase c,20750.0,2016,223000.0,diesel,automatica,170,coches.net,berlina
alfa romeo,mito,4600.0,2010,200000.0,diesel,manual,120,coches.net,berlina
seat,ateca,22690.0,2022,102371.0,diesel,automatica,150,coches.net,utilitario
bmw,x3,34900.0,2022,88700.0,hibrido,automatica,292,coches.net,utilitario
cupra,terramar,36650.0,2025,51.0,hibrido,automatica,150,coches.net,utilitario
bmw,serie 1,8990.0,2010,98000.0,diesel,manual,115,coches.net,berlina
hyundai,tucson,28990.0,2022,40000.0,hibrido,automatica,265,coches.net,utilitario
ford,kuga,37690.0,2024,24253.0,hibrido,automatica,243,coches.net,utilitario
seat,león,18990.0,2024,89990.0,diesel,manual,116,coches.net,berlina
mercedes-benz,glc coupé,41900.0,2021,74500.0,hibrido,automatica,306,coches.net,utilitario
mercedes-benz,gla,32990.0,2021,120000.0,diesel,automatica,150,coches.net,utilitario
toyota,yaris,18999.0,2022,37254.0,hibrido,automatica,116,coches.net,berlina
jaguar,f-pace,54900.0,2025,19062.0,hibrido,automatica,204,coches.net,utilitario
citroen,c4,16490.0,2023,28580.0,gasolina,automatica,131,coches.net,berlina
ds,ds 3 crossback,15990.0,2020,37031.0,gasolina,automatica,130,coches.net,utilitario
porsche,macan,39990.0,2016,161000.0,gasolina,automatica,360,coches.net,utilitario
volvo,xc60,27990.0,2021,118800.0,hibrido,automatica,340,coches.net,utilitario
audi,q7,54800.0,2022,95200.0,hibrido,automatica,286,coches.net,utilitario
mercedes-benz,clase clk,9500.0,2006,192000.0,diesel,automatica,224,coches.net,berlina
audi,a1,28500.0,2025,100.0,gasolina,automatica,116,coches.net,berlina
audi,a1,25000.0,2025,23149.0,gasolina,automatica,116,coches.net,berlina
opel,corsa,4399.0,2009,179000.0,diesel,manual,75,coches.net,berlina
skoda,kamiq,18610.0,2022,60594.0,gasolina,automatica,110,coches.net,utilitario
kia,xceed,17500.0,2022,62321.0,gasolina,manual,120,coches.net,utilitario
peugeot,3008,9199.0,2014,82095.0,diesel,manual,120,coches.net,berlina
bmw,x2,22800.0,2019,100000.0,diesel,automatica,150,coches.net,utilitario
mercedes-benz,clase e,69000.0,2024,2073.0,hibrido,automatica,313,coches.net,berlina
mercedes-benz,eqs,101900.0,2025,3534.0,electrico,automatica,360,coches.net,berlina
toyota,proace city,15990.0,2021,77000.0,diesel,manual,102,coches.net,utilitario
opel,mokka,13750.0,2022,108000.0,diesel,manual,110,coches.net,utilitario
opel,corsa,8490.0,2015,139000.0,diesel,manual,95,coches.net,berlina
bmw,serie 2 active tourer,15900.0,2015,113000.0,diesel,automatica,190,coches.net,utilitario
nissan,qashqai,16500.0,2020,90000.0,diesel,manual,115,coches.net,berlina
hyundai,tucson,20490.0,2021,113900.0,gasolina,manual,150,coches.net,utilitario
dacia,lodgy,3300.0,2014,298504.0,diesel,manual,107,coches.net,utilitario
peugeot,308,14490.0,2022,103736.0,diesel,manual,130,coches.net,berlina
kia,picanto,13409.0,2022,63005.0,gasolina,automatica,67,coches.net,berlina
volkswagen,golf,26999.0,2024,31220.0,gasolina,manual,150,coches.net,berlina
mg,zs,14380.0,2022,72787.0,gasolina,manual,106,coches.net,utilitario
bmw,serie 1,35300.0,2025,14000.0,hibrido,automatica,170,coches.net,berlina
citroen,c3,8990.0,2020,76000.0,gasolina,manual,82,coches.net,berlina
hyundai,i30,13790.0,2021,90000.0,gasolina,manual,110,coches.net,berlina
ford,ka,4850.0,2013,151000.0,gasolina,manual,69,coches.net,berlina
volkswagen,golf,16099.0,2014,81748.0,diesel,automatica,150,coches.net,berlina
opel,corsa,11990.0,2021,117352.0,diesel,manual,102,coches.net,berlina
bmw,x2,39900.0,2025,9000.0,diesel,automatica,150,coches.net,utilitario
land-rover,freelander,11790.0,2007,84500.0,diesel,automatica,160,coches.net,utilitario
volkswagen,t-cross,20750.0,2025,21486.0,gasolina,manual,95,coches.net,utilitario
kia,rio,12990.0,2021,43985.0,gasolina,manual,84,coches.net,berlina
porsche,panamera,62900.0,2017,123656.0,diesel,automatica,422,coches.net,berlina
kia,ceed,19200.0,2025,12517.0,gasolina,manual,100,coches.net,berlina
skoda,kamiq,20800.0,2023,68562.0,gasolina,manual,150,coches.net,utilitario
seat,alhambra,13900.0,2013,226000.0,diesel,automatica,140,coches.net,utilitario
volkswagen,passat,11950.0,2017,219000.0,diesel,automatica,150,coches.net,berlina
alfa romeo,stelvio,25490.0,2021,77717.0,diesel,automatica,210,coches.net,utilitario
audi,q3 sportback,31900.0,2022,64309.0,diesel,automatica,150,coches.net,utilitario
nissan,micra,11199.0,2021,68078.0,gasolina,manual,92,coches.net,berlina
lamborghini,huracán,229990.0,2019,69000.0,gasolina,automatica,610,coches.net,berlina
toyota,yaris,19490.0,2022,52650.0,hibrido,automatica,116,coches.net,berlina
mazda,cx-30,16999.0,2021,99771.0,hibrido,manual,122,coches.net,utilitario
audi,a3,16699.0,2018,89906.0,gasolina,automatica,116,coches.net,berlina
jeep,compass,25499.0,2024,6620.0,hibrido,automatica,130,coches.net,utilitario
mercedes-benz,clase a,22199.0,2020,54846.0,diesel,automatica,116,coches.net,berlina
peugeot,308,16899.0,2024,30201.0,gasolina,automatica,130,coches.net,berlina
bmw,serie 1,22699.0,2022,45984.0,gasolina,automatica,136,coches.net,berlina
volvo,xc40,24990.0,2021,49720.0,gasolina,manual,129,coches.net,utilitario
audi,q3 sportback,30100.0,2020,108000.0,diesel,automatica,150,coches.net,utilitario
peugeot,308,7990.0,2017,69000.0,gasolina,manual,130,coches.net,berlina
mini,mini,8490.0,2009,198000.0,gasolina,manual,175,coches.net,berlina
porsche,macan,28900.0,2017,164000.0,gasolina,automatica,252,coches.net,utilitario
mercedes-benz,clase a,23700.0,2020,125434.0,diesel,automatica,150,coches.net,berlina
mercedes-benz,clase a,23900.0,2020,99875.0,diesel,automatica,150,coches.net,berlina
cupra,formentor,45900.0,2022,59500.0,gasolina,automatica,390,coches.net,utilitario
jeep,renegade,22490.0,2024,19744.0,hibrido,automatica,130,coches.net,utilitario
bmw,x3,16990.0,2011,131400.0,diesel,automatica,184,coches.net,utilitario
nissan,qashqai,8999.0,2017,300000.0,diesel,manual,110,coches.net,berlina
land-rover,range rover velar,31499.0,2021,140718.0,hibrido,automatica,404,coches.net,utilitario
toyota,corolla,34490.0,2025,7900.0,hibrido,automatica,196,coches.net,berlina
ford,focus,8500.0,2015,119000.0,gasolina,manual,125,coches.net,berlina
citroen,c4,13500.0,2022,110000.0,diesel,manual,110,coches.net,berlina
volkswagen,cc,14490.0,2015,131000.0,diesel,automatica,150,coches.net,berlina
audi,q3 sportback,38750.0,2022,24729.0,hibrido,automatica,150,coches.net,utilitario
bmw,serie 3,20990.0,2022,158000.0,hibrido,automatica,150,coches.net,berlina
hyundai,tucson,33990.0,2026,1.0,hibrido,automatica,239,coches.net,utilitario
mercedes-benz,clase a,26699.0,2023,38832.0,diesel,automatica,116,coches.net,berlina
ford,fiesta,3900.0,2009,243000.0,diesel,manual,68,coches.net,berlina
hyundai,tucson,17990.0,2022,145446.0,diesel,manual,115,coches.net,utilitario
dacia,sandero,14490.0,2023,48000.0,gasolina,manual,91,coches.net,berlina
toyota,yaris cross,21900.0,2024,113669.0,hibrido,automatica,116,coches.net,utilitario
audi,a3,19590.0,2022,126861.0,diesel,automatica,116,coches.net,berlina
seat,altea freetrack,7699.0,2012,132000.0,diesel,manual,105,coches.net,utilitario
bmw,serie 4,47990.0,2023,34000.0,gasolina,automatica,245,coches.net,berlina
volvo,v60,22990.0,2021,135000.0,hibrido,automatica,197,coches.net,berlina
fiat,500,10990.0,2022,63940.0,hibrido,manual,70,coches.net,berlina
skoda,octavia,6800.0,2018,250266.0,diesel,manual,115,coches.net,berlina
mercedes-benz,glb,35700.0,2022,41677.0,diesel,automatica,150,coches.net,utilitario
volkswagen,golf,17200.0,2020,80412.0,gasolina,manual,130,coches.net,berlina
cupra,formentor,25975.0,2023,96000.0,gasolina,automatica,150,coches.net,utilitario
audi,a1,17300.0,2021,38026.0,gasolina,manual,95,coches.net,berlina
peugeot,208,7399.0,2016,21850.0,gasolina,manual,82,coches.net,berlina
audi,q8,109000.0,2022,64900.0,gasolina,automatica,600,coches.net,utilitario
mg,zs,15990.0,2024,20468.0,gasolina,manual,106,coches.net,utilitario
toyota,hilux,19900.0,2022,290000.0,diesel,manual,150,coches.net,pick up
volkswagen,t-roc,27300.0,2022,42719.0,gasolina,automatica,150,coches.net,utilitario
skoda,karoq,18690.0,2021,105970.0,diesel,automatica,150,coches.net,utilitario
mercedes-benz,clase c,19900.0,2017,146200.0,diesel,automatica,170,coches.net,berlina
seat,arona,14500.0,2019,72643.0,diesel,manual,95,coches.net,utilitario
seat,ateca,18400.0,2021,106148.0,diesel,manual,116,coches.net,utilitario
bmw,x3,37500.0,2022,62050.0,hibrido,automatica,292,coches.net,utilitario
mercedes-benz,clase slk,22990.0,2012,125000.0,gasolina,manual,184,coches.net,berlina
volkswagen,t-roc,20900.0,2021,93503.0,diesel,automatica,150,coches.net,utilitario
mazda,cx-5,25990.0,2022,44600.0,gasolina,manual,165,coches.net,utilitario
mini,mini,10990.0,2012,93577.0,gasolina,manual,98,coches.net,berlina
kia,sportage,16990.0,2020,159000.0,hibrido,manual,136,coches.net,utilitario
mercedes-benz,cla,26990.0,2021,166890.0,diesel,automatica,150,coches.net,berlina
dacia,sandero,11900.0,2019,68120.0,gasolina,manual,90,coches.net,berlina
volkswagen,golf,17490.0,2020,84996.0,gasolina,manual,130,coches.net,berlina
volkswagen,tiguan allspace,30490.0,2022,92091.0,diesel,automatica,150,coches.net,utilitario
audi,q5 sportback,37990.0,2021,92000.0,hibrido,automatica,204,coches.net,utilitario
seat,león,15900.0,2022,149000.0,diesel,manual,115,coches.net,berlina
peugeot,2008,17990.0,2021,109000.0,diesel,automatica,130,coches.net,utilitario
mini,mini,13699.0,2018,99832.0,gasolina,manual,192,coches.net,berlina
kia,stonic,21990.0,2025,8989.0,hibrido,automatica,101,coches.net,utilitario
bmw,x4,52900.0,2024,59000.0,diesel,automatica,190,coches.net,utilitario
seat,exeo,5990.0,2011,360000.0,diesel,manual,120,coches.net,berlina
mercedes-benz,clase a,4499.0,2005,197794.0,diesel,automatica,109,coches.net,utilitario
volvo,s40,2900.0,2005,300000.0,diesel,manual,136,coches.net,berlina
audi,a3,36225.0,2025,19619.0,hibrido,automatica,150,coches.net,berlina
bmw,x5,45900.0,2022,89500.0,diesel,automatica,231,coches.net,utilitario
renault,captur,16900.0,2021,36419.0,gasolina,manual,90,coches.net,utilitario
volvo,xc40,28900.0,2020,71012.0,hibrido,automatica,211,coches.net,utilitario
toyota,proace verso,31990.0,2019,99000.0,diesel,automatica,177,coches.net,utilitario
volkswagen,polo,9290.0,2015,138472.0,diesel,manual,90,coches.net,berlina
opel,corsa,8199.0,2017,137972.0,diesel,manual,95,coches.net,berlina
volvo,v60,26490.0,2019,75792.0,hibrido,automatica,390,coches.net,berlina
audi,q2,24900.0,2025,15500.0,gasolina,manual,116,coches.net,utilitario
mercedes-benz,clase c,44990.0,2025,6934.0,hibrido,automatica,163,coches.net,berlina
peugeot,3008 hybrid,24900.0,2023,37885.0,hibrido,automatica,136,coches.net,utilitario
peugeot,5008,28490.0,2024,9971.0,diesel,automatica,130,coches.net,utilitario
seat,arona,14840.0,2018,103631.0,diesel,manual,95,coches.net,utilitario
bmw,x2,24790.0,2020,52745.0,gasolina,manual,140,coches.net,utilitario
honda,cr-v,12790.0,2013,212000.0,diesel,automatica,150,coches.net,utilitario
bmw,serie 2,81990.0,2023,4600.0,gasolina,automatica,460,coches.net,berlina
dacia,sandero,6999.0,2016,147000.0,gasolina,manual,90,coches.net,berlina
land-rover,range rover velar,32990.0,2021,98000.0,hibrido,automatica,204,coches.net,utilitario
land-rover,discovery sport,27990.0,2021,61353.0,hibrido,automatica,309,coches.net,utilitario
bmw,x2,25900.0,2020,76200.0,gasolina,automatica,140,coches.net,utilitario
audi,q5,20599.0,2017,155378.0,diesel,automatica,190,coches.net,utilitario
peugeot,308,16390.0,2024,50241.0,gasolina,manual,130,coches.net,berlina
seat,león,16990.0,2021,78033.0,diesel,manual,115,coches.net,berlina
dacia,lodgy,10490.0,2016,77294.0,gasolina,manual,115,coches.net,utilitario
kia,xceed,15690.0,2021,105492.0,hibrido,automatica,141,coches.net,utilitario
kia,sportage,32985.0,2022,46237.0,hibrido,automatica,265,coches.net,utilitario
nissan,qashqai,20500.0,2022,64002.0,hibrido,automatica,158,coches.net,utilitario
toyota,yaris cross,24490.0,2022,43060.0,hibrido,automatica,116,coches.net,utilitario
volkswagen,beetle,11990.0,2012,143000.0,gasolina,manual,160,coches.net,berlina
ds,ds 7,22990.0,2022,36854.0,diesel,automatica,130,coches.net,utilitario
bmw,x3,33900.0,2021,73258.0,hibrido,automatica,190,coches.net,utilitario
volkswagen,cc,12999.0,2013,203200.0,diesel,manual,140,coches.net,berlina
volkswagen,caddy,12990.0,2017,344177.0,diesel,automatica,150,coches.net,utilitario
skoda,scala,18990.0,2023,50055.0,gasolina,manual,110,coches.net,berlina
fiat,panda,9990.0,2022,68650.0,hibrido,manual,70,coches.net,berlina
hyundai,tucson,18700.0,2021,146669.0,hibrido,manual,136,coches.net,utilitario
nissan,qashqai,20800.0,2023,84218.0,hibrido,manual,140,coches.net,utilitario
nissan,qashqai,21300.0,2023,79125.0,hibrido,manual,140,coches.net,utilitario
toyota,yaris,21490.0,2025,10840.0,hibrido,automatica,116,coches.net,berlina
volkswagen,golf,18990.0,2023,41600.0,gasolina,manual,110,coches.net,berlina
skoda,superb,9990.0,2008,150000.0,diesel,manual,140,coches.net,berlina
mazda,cx-30,22900.0,2021,30420.0,hibrido,manual,122,coches.net,utilitario
mazda,cx-30,22900.0,2022,60725.0,hibrido,manual,186,coches.net,utilitario
mazda,cx-30,22900.0,2022,91000.0,hibrido,manual,186,coches.net,utilitario
renault,arkana,23290.0,2022,61800.0,hibrido,automatica,145,coches.net,utilitario
nissan,micra,12990.0,2023,40070.0,gasolina,manual,92,coches.net,berlina
toyota,yaris,18000.0,2021,108272.0,hibrido,automatica,116,coches.net,berlina
volkswagen,t-roc,14990.0,2018,135378.0,gasolina,manual,115,coches.net,utilitario
toyota,yaris,9990.0,2016,140000.0,gasolina,manual,69,coches.net,berlina
seat,león,17499.0,2019,83350.0,gasolina,automatica,150,coches.net,berlina
skoda,octavia,10499.0,2014,137529.0,diesel,automatica,105,coches.net,berlina
peugeot,208,6490.0,2016,143981.0,gasolina,manual,82,coches.net,berlina
lynk & co,01,23490.0,2022,52348.0,hibrido,automatica,261,coches.net,utilitario
audi,a3,26990.0,2023,76108.0,diesel,automatica,150,coches.net,berlina
volvo,v60,10800.0,2011,169347.0,diesel,automatica,163,coches.net,berlina
volkswagen,arteon,26500.0,2020,85000.0,diesel,automatica,150,coches.net,berlina
ford,focus,6490.0,2019,141000.0,diesel,manual,120,coches.net,berlina
mercedes-benz,clase a,32800.0,2025,15000.0,hibrido,automatica,136,coches.net,berlina
kia,picanto,9499.0,2019,52177.0,gasolina,manual,67,coches.net,berlina
audi,a3,26990.0,2024,16458.0,hibrido,automatica,110,coches.net,berlina
audi,a3,38990.0,2016,61900.0,gasolina,automatica,367,coches.net,berlina
nissan,qashqai,19990.0,2021,70500.0,hibrido,automatica,158,coches.net,utilitario
citroen,c5,4000.0,2009,170000.0,diesel,manual,109,coches.net,berlina
ford,focus,18890.0,2024,66986.0,hibrido,automatica,155,coches.net,berlina
ford,focus,18890.0,2024,64416.0,hibrido,automatica,155,coches.net,berlina
seat,ibiza,16900.0,2024,34253.0,gasolina,manual,115,coches.net,berlina
volvo,xc40,16990.0,2022,199000.0,gasolina,manual,129,coches.net,utilitario
skoda,kamiq,16800.0,2022,11881.0,gasolina,manual,95,coches.net,utilitario
kia,stonic,15500.0,2020,28921.0,gasolina,manual,100,coches.net,utilitario
volvo,xc40,35900.0,2025,25338.0,hibrido,automatica,163,coches.net,utilitario
volvo,xc40,35400.0,2025,27764.0,hibrido,automatica,163,coches.net,utilitario
volvo,xc40,36400.0,2025,26319.0,hibrido,automatica,163,coches.net,utilitario
hyundai,kona,15490.0,2022,86162.0,hibrido,manual,120,coches.net,utilitario
skoda,octavia,16990.0,2021,150000.0,diesel,automatica,150,coches.net,berlina
omoda,9,45900.0,2025,3100.0,hibrido,automatica,537,coches.net,utilitario
jaecoo,7,35900.0,2025,4485.0,hibrido,automatica,347,coches.net,utilitario
citroen,xsara picasso,4590.0,2009,153000.0,diesel,manual,92,coches.net,utilitario
seat,ibiza,17999.0,2022,44885.0,gasolina,automatica,150,coches.net,berlina
mg,zs,15900.0,2025,11260.0,gasolina,manual,106,coches.net,utilitario
ford,puma,16990.0,2020,19708.0,hibrido,manual,125,coches.net,utilitario
volkswagen,golf,22900.0,2023,75404.0,diesel,manual,115,coches.net,berlina
fiat,tipo,8499.0,2022,195600.0,hibrido,automatica,130,coches.net,berlina
lamborghini,urus,229990.0,2021,60000.0,gasolina,automatica,666,coches.net,utilitario
porsche,macan,43990.0,2020,143000.0,gasolina,automatica,245,coches.net,utilitario
skoda,octavia,20990.0,2023,139000.0,diesel,automatica,150,coches.net,berlina
audi,a6,9490.0,2010,226560.0,diesel,manual,170,coches.net,berlina
mercedes-benz,clase a,27700.0,2024,78241.0,diesel,automatica,116,coches.net,berlina
opel,astra,13495.0,2021,69000.0,diesel,manual,105,coches.net,berlina
volkswagen,touran,11490.0,2012,243000.0,diesel,automatica,140,coches.net,utilitario
bmw,x6,34990.0,2013,66000.0,gasolina,automatica,555,coches.net,utilitario
peugeot,traveller,22990.0,2017,138000.0,diesel,manual,150,coches.net,utilitario
hyundai,i30,18690.0,2024,53216.0,hibrido,manual,120,coches.net,berlina
nissan,micra,8799.0,2014,52933.0,gasolina,manual,80,coches.net,berlina
audi,a5,41900.0,2022,156723.0,hibrido,automatica,341,coches.net,berlina
mercedes-benz,clase glc,42990.0,2022,67400.0,diesel,automatica,194,coches.net,utilitario
citroen,c3,8490.0,2019,68167.0,gasolina,manual,82,coches.net,berlina
jaguar,e-pace,16990.0,2019,95824.0,diesel,automatica,150,coches.net,utilitario
hyundai,kona,18490.0,2023,87319.0,hibrido,manual,120,coches.net,utilitario
seat,ibiza,3200.0,2004,200000.0,gasolina,manual,75,coches.net,berlina
volkswagen,polo,13490.0,2021,91630.0,gasolina,manual,95,coches.net,berlina
kia,niro,20900.0,2022,58207.0,hibrido,automatica,141,coches.net,berlina
toyota,corolla,15290.0,2022,164000.0,hibrido,automatica,122,coches.net,berlina
seat,arona,21900.0,2024,26474.0,gasolina,automatica,115,coches.net,utilitario
opel,corsa,13400.0,2022,45836.0,gasolina,manual,100,coches.net,berlina
hyundai,tucson,22490.0,2022,31057.0,gasolina,manual,150,coches.net,utilitario
volkswagen,passat,21690.0,2021,64114.0,diesel,automatica,150,coches.net,berlina
land-rover,range rover sport,105900.0,2024,27320.0,hibrido,automatica,249,coches.net,utilitario
citroen,c5 aircross,20490.0,2025,29204.0,diesel,automatica,131,coches.net,utilitario
omoda,5,22670.0,2025,12557.0,gasolina,automatica,147,coches.net,utilitario
ford,kuga,21800.0,2022,38000.0,gasolina,manual,150,coches.net,utilitario
opel,astra,13490.0,2020,49435.0,gasolina,manual,110,coches.net,berlina
volkswagen,sharan,31510.0,2020,82630.0,diesel,automatica,177,coches.net,utilitario
jaguar,f-pace,21495.0,2018,109000.0,diesel,automatica,180,coches.net,utilitario
volkswagen,golf,26200.0,2022,19619.0,hibrido,automatica,204,coches.net,berlina
kia,sportage,3890.0,2010,178439.0,gasolina,manual,142,coches.net,utilitario
mini,countryman,32000.0,2020,63255.0,gasolina,automatica,306,coches.net,berlina
citroen,c3 picasso,9290.0,2017,26514.0,diesel,manual,99,coches.net,utilitario
bmw,serie 1,22990.0,2019,40000.0,gasolina,manual,136,coches.net,berlina
fiat,linea,4990.0,2010,88900.0,gasolina,manual,77,coches.net,berlina
mini,mini,21900.0,2023,65000.0,gasolina,automatica,136,coches.net,berlina
audi,q3,26500.0,2019,125000.0,diesel,automatica,150,coches.net,utilitario
audi,q2,17900.0,2020,185980.0,diesel,automatica,150,coches.net,utilitario
audi,a8,82900.0,2025,8212.0,hibrido,automatica,286,coches.net,berlina
bmw,x2,22900.0,2020,99000.0,gasolina,automatica,140,coches.net,utilitario
volvo,v90 cross country,28999.0,2021,132000.0,hibrido,automatica,197,coches.net,berlina
volkswagen,sharan,34990.0,2021,76000.0,gasolina,automatica,150,coches.net,utilitario
mercedes-benz,clase b,36750.0,2025,12247.0,hibrido,automatica,218,coches.net,utilitario
renault,arkana,21790.0,2023,43290.0,hibrido,automatica,145,coches.net,utilitario
citroen,c3 aircross,14490.0,2024,22174.0,gasolina,manual,110,coches.net,utilitario
renault,5 e-tech,25500.0,2025,10700.0,electrico,automatica,122,coches.net,berlina
renault,5 e-tech,26500.0,2025,12400.0,electrico,automatica,122,coches.net,berlina
cupra,león,28490.0,2025,25670.0,hibrido,automatica,150,coches.net,berlina
citroen,berlingo,14450.0,2022,103000.0,diesel,manual,102,coches.net,utilitario
volkswagen,tiguan,48990.0,2025,10000.0,diesel,automatica,150,coches.net,utilitario
toyota,c-hr,20990.0,2022,162089.0,hibrido,automatica,184,coches.net,berlina
audi,a3,8999.0,2012,179000.0,diesel,automatica,140,coches.net,berlina
hyundai,ioniq,15990.0,2020,98423.0,hibrido,automatica,141,coches.net,berlina
cupra,formentor,32900.0,2021,75320.0,gasolina,automatica,310,coches.net,utilitario
opel,insignia,8200.0,2016,223094.0,diesel,manual,136,coches.net,berlina
nissan,qashqai,13490.0,2017,158990.0,diesel,manual,130,coches.net,berlina
mini,mini,11999.0,2012,152561.0,diesel,manual,143,coches.net,berlina
mg,ehs,18900.0,2022,74000.0,hibrido,automatica,258,coches.net,utilitario
hyundai,bayon,17300.0,2021,44880.0,hibrido,automatica,100,coches.net,utilitario
opel,mokka-e,17490.0,2021,46493.0,electrico,automatica,136,coches.net,utilitario
audi,q3,33990.0,2021,47500.0,diesel,automatica,150,coches.net,utilitario
volkswagen,golf,17985.0,2021,82570.0,gasolina,manual,110,coches.net,berlina
audi,q3,32990.0,2021,74200.0,diesel,automatica,200,coches.net,utilitario
peugeot,308,20990.0,2023,108000.0,diesel,automatica,130,coches.net,berlina
mercedes-benz,clase a,32490.0,2025,22800.0,hibrido,automatica,136,coches.net,berlina
mercedes-benz,clase gle,39500.0,2018,82775.0,hibrido,automatica,442,coches.net,utilitario
mercedes-benz,glc,58900.0,2024,17811.0,hibrido,automatica,204,coches.net,utilitario
mercedes-benz,mercedes-amg sl,203900.0,2024,10100.0,gasolina,automatica,585,coches.net,berlina
mercedes-benz,clase c,50900.0,2024,14656.0,hibrido,automatica,313,coches.net,berlina
ford,focus,4100.0,2009,213000.0,diesel,manual,115,coches.net,berlina
volvo,s60,7900.0,2010,245523.0,diesel,automatica,205,coches.net,berlina
cupra,formentor,48990.0,2023,12000.0,gasolina,automatica,390,coches.net,utilitario
bmw,serie 5,16900.0,2015,169000.0,diesel,automatica,190,coches.net,berlina
volkswagen,t-roc,19200.0,2022,81801.0,gasolina,manual,110,coches.net,utilitario
volvo,xc60,34500.0,2022,67495.0,hibrido,automatica,350,coches.net,utilitario
seat,león,15980.0,2022,87794.0,diesel,manual,115,coches.net,berlina
volkswagen,t-cross,18990.0,2020,69000.0,gasolina,automatica,115,coches.net,utilitario
mercedes-benz,clase glc,27890.0,2017,99462.0,diesel,automatica,170,coches.net,utilitario
renault,arkana,21900.0,2021,66158.0,hibrido,automatica,145,coches.net,utilitario
ford,focus,10450.0,2019,192942.0,gasolina,manual,125,coches.net,berlina
bmw,serie 1,16990.0,2019,99000.0,gasolina,manual,136,coches.net,berlina
bmw,x3,48990.0,2024,14492.0,hibrido,automatica,197,coches.net,utilitario
cupra,león,42200.0,2026,150.0,hibrido,automatica,204,coches.net,berlina
bmw,serie 5,24899.0,2020,96652.0,gasolina,automatica,184,coches.net,berlina
toyota,highlander,37990.0,2021,115000.0,hibrido,automatica,246,coches.net,utilitario
seat,toledo,12990.0,2017,55301.0,gasolina,manual,110,coches.net,berlina
audi,a3,27999.0,2023,42033.0,diesel,automatica,150,coches.net,berlina
bmw,serie 5,24500.0,2017,155000.0,diesel,automatica,190,coches.net,berlina
ds,ds 7 crossback,22500.0,2022,62083.0,hibrido,automatica,225,coches.net,utilitario
hyundai,i30,29990.0,2020,50000.0,gasolina,manual,275,coches.net,berlina
volkswagen,golf,9500.0,2016,192000.0,diesel,manual,110,coches.net,berlina
audi,a5,39999.0,2019,174000.0,hibrido,automatica,347,coches.net,berlina
mercedes-benz,citan,19890.0,2021,80000.0,diesel,manual,95,coches.net,utilitario
ford,fiesta,9600.0,2017,59000.0,gasolina,manual,82,coches.net,berlina
cupra,formentor,30990.0,2025,20156.0,hibrido,automatica,150,coches.net,utilitario
renault,espace,15000.0,2015,142000.0,diesel,automatica,160,coches.net,utilitario
volkswagen,caravelle,16990.0,2012,262000.0,diesel,manual,140,coches.net,utilitario
nissan,juke,19900.0,2025,28376.0,gasolina,manual,114,coches.net,utilitario
volkswagen,t-cross,18800.0,2022,27843.0,gasolina,manual,110,coches.net,utilitario
peugeot,308,20900.0,2022,25647.0,hibrido,automatica,180,coches.net,berlina
omoda,5,22670.0,2025,17851.0,gasolina,automatica,147,coches.net,utilitario
omoda,5,22670.0,2025,16019.0,gasolina,automatica,147,coches.net,utilitario
omoda,5,22670.0,2025,13224.0,gasolina,automatica,147,coches.net,utilitario
land-rover,range rover,57995.0,2019,144000.0,gasolina,automatica,525,coches.net,utilitario
mercedes-benz,cle,77900.0,2024,12975.0,gasolina,automatica,258,coches.net,berlina
fiat,500,11490.0,2022,88056.0,hibrido,manual,70,coches.net,berlina
skoda,kodiaq,25999.0,2020,64109.0,gasolina,automatica,150,coches.net,utilitario
opel,corsa,7799.0,2020,207688.0,diesel,manual,102,coches.net,berlina
mercedes-benz,gla,30999.0,2022,78618.0,gasolina,automatica,163,coches.net,utilitario
chevrolet,aveo,5999.0,2013,97400.0,gasolina,manual,86,coches.net,berlina
toyota,aygo,11500.0,2021,72259.0,gasolina,automatica,72,coches.net,berlina
fiat,bravo,5490.0,2010,141000.0,gasolina,manual,90,coches.net,berlina
peugeot,508,13500.0,2020,148000.0,diesel,manual,130,coches.net,berlina
ford,mondeo,18999.0,2021,127360.0,hibrido,automatica,187,coches.net,berlina
ford,tourneo courier,10990.0,2017,96877.0,gasolina,manual,100,coches.net,utilitario
jeep,compass,18900.0,2022,105000.0,gasolina,manual,130,coches.net,utilitario
jeep,compass,19990.0,2022,44473.0,gasolina,manual,130,coches.net,utilitario
mercedes-benz,glb,42500.0,2024,23661.0,diesel,automatica,150,coches.net,utilitario
seat,ibiza,3490.0,2006,248000.0,diesel,manual,70,coches.net,berlina
mercedes-benz,glb,47500.0,2024,16603.0,diesel,automatica,150,coches.net,utilitario
mini,clubman,12890.0,2018,161893.0,diesel,manual,150,coches.net,berlina
renault,espace,4900.0,2006,130000.0,diesel,manual,120,coches.net,utilitario
seat,león,21200.0,2025,41422.0,hibrido,automatica,150,coches.net,berlina
nissan,qashqai,16990.0,2019,101480.0,gasolina,manual,140,coches.net,berlina
fiat,panda,6900.0,2019,120000.0,gasolina,manual,69,coches.net,berlina
bmw,serie 5,32900.0,2022,75000.0,hibrido,automatica,190,coches.net,berlina
nissan,juke,16490.0,2021,59754.0,gasolina,automatica,114,coches.net,utilitario
ford,kuga,23890.0,2023,48876.0,hibrido,automatica,225,coches.net,utilitario
mercedes-benz,cla,29490.0,2022,94985.0,hibrido,automatica,218,coches.net,berlina
bmw,x4,35900.0,2019,78000.0,gasolina,automatica,252,coches.net,utilitario
volkswagen,california,47990.0,2020,81400.0,diesel,automatica,150,coches.net,utilitario
citroen,c-elysée,6990.0,2015,136000.0,diesel,manual,92,coches.net,berlina
hyundai,i20,14900.0,2024,89000.0,gasolina,manual,100,coches.net,berlina
mercedes-benz,clase c,38000.0,2019,99000.0,diesel,automatica,194,coches.net,berlina
audi,q5,11999.0,2008,171535.0,gasolina,automatica,211,coches.net,utilitario
suzuki,sx4,4990.0,2009,235000.0,diesel,manual,120,coches.net,utilitario
renault,zoe,12100.0,2020,43554.0,electrico,automatica,108,coches.net,berlina
volkswagen,golf,23900.0,2022,37317.0,diesel,manual,150,coches.net,berlina
opel,astra,2995.0,2006,325000.0,diesel,manual,120,coches.net,berlina
audi,q3 sportback,35900.0,2022,81733.0,hibrido,automatica,150,coches.net,utilitario
peugeot,308,11990.0,2016,140136.0,gasolina,automatica,130,coches.net,berlina
mg,hs,20000.0,2023,37600.0,gasolina,automatica,162,coches.net,utilitario
cupra,formentor,24990.0,2022,98000.0,hibrido,automatica,204,coches.net,utilitario
toyota,yaris cross,26990.0,2025,9000.0,hibrido,automatica,116,coches.net,utilitario
mercedes-benz,gla,34800.0,2022,38231.0,hibrido,automatica,218,coches.net,utilitario
kia,stonic,13599.0,2023,79900.0,gasolina,manual,84,coches.net,utilitario
peugeot,3008,11970.0,2016,179000.0,diesel,automatica,120,coches.net,utilitario
cupra,formentor,22950.0,2021,50000.0,gasolina,manual,150,coches.net,utilitario
kia,xceed,17990.0,2024,47819.0,gasolina,manual,100,coches.net,utilitario
cupra,formentor,32100.0,2025,51.0,hibrido,automatica,150,coches.net,utilitario
audi,q3 sportback,31990.0,2021,54000.0,diesel,automatica,150,coches.net,utilitario
ford,puma,22990.0,2023,6471.0,hibrido,automatica,155,coches.net,utilitario
toyota,yaris,14299.0,2021,116985.0,hibrido,automatica,116,coches.net,berlina
kia,stonic,13599.0,2022,68154.0,hibrido,manual,100,coches.net,utilitario
audi,a3,13199.0,2015,114515.0,diesel,manual,110,coches.net,berlina
volkswagen,passat,12990.0,2020,283000.0,diesel,automatica,122,coches.net,berlina
seat,mii,12590.0,2020,38793.0,electrico,automatica,83,coches.net,berlina
peugeot,308,8990.0,2018,177109.0,diesel,manual,130,coches.net,berlina
renault,koleos,7300.0,2008,122000.0,diesel,manual,150,coches.net,utilitario
volkswagen,touareg,79990.0,2025,15000.0,diesel,automatica,231,coches.net,utilitario
ds,ds 7 crossback,20400.0,2022,97712.0,hibrido,automatica,300,coches.net,utilitario
kgm,tivoli,20050.0,2025,41358.0,gasolina,automatica,163,coches.net,utilitario
seat,ibiza,9499.0,2015,69126.0,gasolina,manual,75,coches.net,berlina
maserati,levante,45000.0,2017,71322.0,gasolina,automatica,430,coches.net,utilitario
mazda,cx-5,11499.0,2015,201000.0,diesel,automatica,150,coches.net,utilitario
mercedes-benz,clase b,12490.0,2013,179500.0,diesel,automatica,136,coches.net,utilitario
ds,ds 7 crossback,14590.0,2020,116187.0,diesel,automatica,130,coches.net,utilitario
opel,astra,18500.0,2014,105000.0,gasolina,manual,240,coches.net,berlina
citroen,c3 aircross,17575.0,2024,33139.0,gasolina,manual,110,coches.net,utilitario
ford,transit custom,22800.0,2023,98343.0,diesel,manual,130,coches.net,utilitario
renault,arkana,22900.0,2024,13552.0,hibrido,automatica,140,coches.net,utilitario
volkswagen,golf,26900.0,2022,39000.0,gasolina,automatica,150,coches.net,berlina
mercedes-benz,clase c,39490.0,2021,25958.0,hibrido,automatica,204,coches.net,berlina
mercedes-benz,clase a,19900.0,2018,143000.0,diesel,automatica,136,coches.net,berlina
renault,clio,18074.0,2025,16324.0,gas,manual,100,coches.net,berlina
land-rover,range rover evoque,25990.0,2020,70000.0,diesel,automatica,150,coches.net,utilitario
citroen,c3 pluriel,2850.0,2006,166000.0,diesel,manual,70,coches.net,berlina
hyundai,i30,15850.0,2023,134282.0,gasolina,manual,120,coches.net,berlina
renault,talisman,13099.0,2016,121020.0,gasolina,automatica,200,coches.net,berlina
volkswagen,taigo,24900.0,2024,20304.0,gasolina,automatica,110,coches.net,utilitario
volkswagen,polo,4990.0,2006,148000.0,gasolina,manual,80,coches.net,berlina
citroen,c4 picasso,8750.0,2017,199000.0,diesel,manual,120,coches.net,utilitario
seat,león,11990.0,2009,149000.0,gasolina,manual,211,coches.net,berlina
hyundai,i30,24399.0,2020,93804.0,gasolina,manual,275,coches.net,berlina
kia,picanto,9499.0,2019,10635.0,gasolina,manual,67,coches.net,berlina
fiat,500x,13995.0,2021,59000.0,gasolina,manual,120,coches.net,utilitario
volkswagen,caddy,18500.0,2018,99000.0,diesel,manual,102,coches.net,utilitario
lexus,ux,29990.0,2021,18816.0,hibrido,automatica,184,coches.net,utilitario
skoda,kamiq,18990.0,2021,24000.0,gasolina,automatica,110,coches.net,utilitario
audi,a7,17995.0,2012,170000.0,diesel,automatica,245,coches.net,berlina
suzuki,vitara,15990.0,2017,79489.0,gasolina,manual,120,coches.net,utilitario
dacia,sandero,11399.0,2020,86455.0,gasolina,manual,100,coches.net,berlina
dacia,sandero,13290.0,2022,84288.0,gasolina,manual,91,coches.net,berlina
lancia,delta,4990.0,2009,261000.0,diesel,manual,165,coches.net,berlina
seat,ibiza,7900.0,2012,139000.0,diesel,manual,90,coches.net,berlina
mini,mini,34900.0,2024,19000.0,gasolina,automatica,231,coches.net,berlina
bmw,x1,21999.0,2019,120000.0,diesel,automatica,150,coches.net,utilitario
citroen,c4,8900.0,2015,103519.0,gasolina,manual,130,coches.net,berlina
mercedes-benz,citan,19400.0,2018,185000.0,diesel,manual,90,coches.net,utilitario
ford,mondeo,6990.0,2012,154000.0,diesel,manual,115,coches.net,berlina
citroen,c3 aircross,11890.0,2020,56397.0,gasolina,manual,110,coches.net,utilitario
nissan,juke,21950.0,2025,17347.0,gasolina,automatica,114,coches.net,utilitario
ebro,s700,36388.0,2025,15500.0,hibrido,automatica,347,coches.net,utilitario
audi,a3,36950.0,2025,18638.0,diesel,automatica,150,coches.net,berlina
mercedes-benz,clase g,134900.0,2024,12950.0,electrico,automatica,587,coches.net,utilitario
fiat,panda,10990.0,2022,29000.0,hibrido,manual,70,coches.net,berlina
audi,a4,21500.0,2021,135000.0,hibrido,automatica,150,coches.net,berlina
opel,insignia,6280.0,2011,189189.0,diesel,manual,160,coches.net,berlina
volvo,xc60,27500.0,2021,96941.0,hibrido,automatica,197,coches.net,utilitario
peugeot,3008,10999.0,2018,198500.0,diesel,manual,130,coches.net,utilitario
bmw,i7,84990.0,2023,3600.0,electrico,automatica,544,coches.net,berlina
mercedes-benz,gle coupé,59999.0,2021,95000.0,hibrido,automatica,320,coches.net,utilitario
volkswagen,id. buzz,63900.0,2026,50.0,electrico,automatica,340,coches.net,utilitario
volkswagen,polo,14300.0,2021,64541.0,gasolina,manual,95,coches.net,berlina
kia,sportage,33400.0,2022,41898.0,hibrido,automatica,230,coches.net,utilitario
nissan,qashqai,17750.0,2023,223441.0,hibrido,automatica,158,coches.net,utilitario
audi,q2,16990.0,2017,106100.0,diesel,manual,116,coches.net,utilitario
peugeot,5008,16499.0,2021,118000.0,diesel,manual,130,coches.net,utilitario
peugeot,208,18490.0,2025,7790.0,hibrido,automatica,100,coches.net,berlina
toyota,aygo,9300.0,2018,104000.0,gasolina,manual,69,coches.net,berlina
kia,picanto,8499.0,2014,93388.0,gasolina,manual,69,coches.net,berlina
seat,ateca,20990.0,2021,88000.0,gasolina,manual,150,coches.net,utilitario
toyota,c-hr,34800.0,2025,8611.0,hibrido,automatica,223,coches.net,utilitario
toyota,c-hr,31500.0,2025,8490.0,hibrido,automatica,140,coches.net,utilitario
ford,kuga,11990.0,2016,93000.0,gasolina,manual,150,coches.net,utilitario
seat,león,24800.0,2024,39097.0,diesel,automatica,150,coches.net,berlina
volkswagen,polo,16990.0,2019,168000.0,gasolina,automatica,200,coches.net,berlina
fiat,panda,10990.0,2023,67700.0,hibrido,manual,70,coches.net,berlina
ford,c-max,7999.0,2012,129000.0,gasolina,manual,125,coches.net,utilitario
volvo,xc40,27900.0,2022,79000.0,hibrido,automatica,211,coches.net,utilitario
hyundai,tucson,24413.0,2023,27323.0,hibrido,manual,150,coches.net,utilitario
ford,puma,19999.0,2023,49000.0,hibrido,automatica,125,coches.net,utilitario
bmw,x2,30900.0,2022,93857.0,diesel,automatica,150,coches.net,utilitario
seat,tarraco,19900.0,2021,178000.0,hibrido,automatica,245,coches.net,utilitario
audi,q2,23300.0,2022,51359.0,gasolina,manual,110,coches.net,utilitario
volvo,xc40,26900.0,2020,103100.0,hibrido,automatica,262,coches.net,utilitario
volkswagen,passat,5490.0,2008,286679.0,diesel,automatica,140,coches.net,berlina
mercedes-benz,clase v,59000.0,2022,53000.0,diesel,automatica,163,coches.net,utilitario
audi,a6 allroad quattro,14900.0,2013,259000.0,diesel,automatica,204,coches.net,berlina
nissan,juke,28690.0,2025,10330.0,hibrido,automatica,143,coches.net,utilitario
ford,fiesta,9990.0,2016,87000.0,gasolina,automatica,100,coches.net,berlina
volkswagen,golf,14990.0,2019,65000.0,diesel,manual,115,coches.net,berlina
mercedes-benz,clase c,38900.0,2019,80860.0,diesel,automatica,194,coches.net,berlina
bmw,x1,30800.0,2021,33000.0,diesel,automatica,150,coches.net,utilitario
nissan,qashqai,22990.0,2022,35504.0,hibrido,automatica,158,coches.net,utilitario
ford,tourneo connect,13900.0,2019,77731.0,diesel,manual,100,coches.net,utilitario
renault,laguna,1499.0,2003,160000.0,gasolina,manual,135,coches.net,berlina
opel,meriva,4500.0,2006,175000.0,diesel,manual,75,coches.net,utilitario
ford,ranger,35990.0,2020,69000.0,diesel,automatica,213,coches.net,pick up
dacia,sandero,13900.0,2023,30500.0,gasolina,manual,91,coches.net,berlina
bmw,serie 4,30900.0,2018,69900.0,diesel,automatica,258,coches.net,berlina
fiat,500,8890.0,2018,33269.0,gasolina,manual,69,coches.net,berlina
bmw,serie 2 active tourer,23490.0,2021,38344.0,diesel,automatica,150,coches.net,utilitario
audi,a3,9509.0,2010,169999.0,gasolina,manual,160,coches.net,berlina
audi,q8,57900.0,2020,144000.0,hibrido,automatica,286,coches.net,utilitario
ford,c-max,9850.0,2015,78200.0,gasolina,manual,125,coches.net,utilitario
ford,focus,18699.0,2023,38900.0,hibrido,manual,155,coches.net,berlina
peugeot,3008,16900.0,2019,90000.0,diesel,manual,130,coches.net,utilitario
renault,clio,9490.0,2018,170000.0,diesel,manual,90,coches.net,berlina
volkswagen,polo,21990.0,2024,15400.0,gasolina,manual,95,coches.net,berlina
volvo,xc60,45990.0,2025,28400.0,hibrido,automatica,250,coches.net,utilitario
bmw,serie 2 active tourer,9900.0,2017,198000.0,gasolina,manual,136,coches.net,utilitario
volvo,xc40,23000.0,2020,94129.0,hibrido,automatica,262,coches.net,utilitario
ford,focus,15850.0,2019,122286.0,gasolina,manual,150,coches.net,berlina
volvo,xc40,21650.0,2021,107000.0,hibrido,automatica,211,coches.net,utilitario
mercedes-benz,glb,49900.0,2025,9900.0,diesel,automatica,150,coches.net,utilitario
volkswagen,polo,7490.0,2010,141000.0,diesel,manual,90,coches.net,berlina
mercedes-benz,cle,53490.0,2025,12000.0,hibrido,automatica,197,coches.net,berlina
volkswagen,taigo,21990.0,2023,38571.0,gasolina,automatica,110,coches.net,utilitario
volkswagen,polo,9990.0,2015,134000.0,diesel,manual,75,coches.net,berlina
peugeot,408,24990.0,2025,13115.0,hibrido,automatica,136,coches.net,berlina
bmw,serie 3,18890.0,2017,95446.0,diesel,manual,150,coches.net,berlina
mercedes-benz,clase cls,6990.0,2006,275000.0,gasolina,automatica,292,coches.net,berlina
ford,puma,20900.0,2025,27500.0,hibrido,manual,125,coches.net,utilitario
volkswagen,passat,7970.0,2015,426000.0,diesel,manual,150,coches.net,berlina
volkswagen,golf,27490.0,2019,95200.0,gasolina,automatica,245,coches.net,berlina
volkswagen,golf,22700.0,2020,69850.0,hibrido,automatica,204,coches.net,berlina
peugeot,208,11990.0,2023,80373.0,gasolina,manual,100,coches.net,berlina
kia,rio,13990.0,2022,55000.0,gasolina,manual,84,coches.net,berlina
honda,jazz,19590.0,2023,56000.0,hibrido,automatica,109,coches.net,berlina
ford,c-max,2700.0,2009,250000.0,diesel,manual,109,coches.net,utilitario
renault,talisman,10900.0,2016,174424.0,diesel,manual,110,coches.net,berlina
mercedes-benz,clase glc,43900.0,2022,74437.0,diesel,automatica,194,coches.net,utilitario
seat,arona,22990.0,2025,2234.0,gasolina,manual,115,coches.net,utilitario
mazda,mazda3,16899.0,2019,75178.0,hibrido,automatica,122,coches.net,berlina
fiat,tipo,12399.0,2019,29333.0,gasolina,manual,120,coches.net,berlina
mercedes-benz,cla,31990.0,2022,66000.0,hibrido,automatica,218,coches.net,berlina
hyundai,staria,36600.0,2022,47460.0,diesel,automatica,177,coches.net,utilitario
toyota,corolla,28490.0,2025,11351.0,hibrido,automatica,140,coches.net,berlina
bmw,serie 7,34500.0,2018,130000.0,diesel,automatica,265,coches.net,berlina
ford,focus,9799.0,2015,122265.0,diesel,manual,115,coches.net,berlina
mercedes-benz,clase c,40990.0,2022,44348.0,hibrido,automatica,204,coches.net,berlina
audi,q7,14997.0,2006,147000.0,gasolina,automatica,350,coches.net,utilitario
nissan,x-trail,12500.0,2015,185000.0,diesel,automatica,130,coches.net,utilitario
citroen,berlingo,12290.0,2017,91289.0,gasolina,manual,110,coches.net,utilitario
peugeot,208,13500.0,2023,45000.0,gasolina,manual,100,coches.net,berlina
kia,e-soul,25190.0,2020,18762.0,electrico,automatica,204,coches.net,berlina
fiat,500,12980.0,2022,66538.0,hibrido,manual,70,coches.net,berlina
toyota,auris,5400.0,2008,225000.0,gasolina,manual,124,coches.net,berlina
honda,cr-v,6500.0,2005,310000.0,diesel,manual,140,coches.net,utilitario
ford,grand c-max,3800.0,2011,225000.0,diesel,manual,115,coches.net,utilitario
peugeot,5008,13900.0,2019,140000.0,diesel,manual,130,coches.net,utilitario
mercedes-benz,gla,32990.0,2022,109778.0,diesel,automatica,150,coches.net,utilitario
ford,focus,16490.0,2023,54832.0,hibrido,manual,125,coches.net,berlina
nissan,qashqai,8990.0,2013,195000.0,diesel,manual,130,coches.net,berlina
mini,mini,11900.0,2015,137300.0,diesel,manual,116,coches.net,berlina
nissan,qashqai,34690.0,2025,6747.0,hibrido,automatica,158,coches.net,utilitario
opel,corsa,21101.0,2023,38.0,gasolina,manual,100,coches.net,berlina
bmw,serie 2 active tourer,18900.0,2016,139000.0,diesel,automatica,190,coches.net,utilitario
renault,mégane,10997.0,2019,147200.0,diesel,manual,95,coches.net,berlina
nissan,juke,23300.0,2024,18000.0,hibrido,automatica,143,coches.net,utilitario
seat,arona,18490.0,2024,44651.0,gasolina,manual,115,coches.net,utilitario
mercedes-benz,clase a,34900.0,2024,27000.0,diesel,automatica,150,coches.net,berlina
mercedes-benz,clase s,48990.0,2021,140000.0,diesel,automatica,286,coches.net,berlina
peugeot,208,11690.0,2023,48974.0,gasolina,manual,75,coches.net,berlina
seat,arona,15999.0,2023,50000.0,gasolina,manual,110,coches.net,utilitario
fiat,panda,7500.0,2020,85927.0,gasolina,manual,69,coches.net,berlina
toyota,corolla,20990.0,2022,97783.0,hibrido,automatica,122,coches.net,berlina
ford,focus,9899.0,2014,83467.0,diesel,manual,115,coches.net,berlina
fiat,punto,2950.0,2007,202371.0,diesel,manual,70,coches.net,berlina
peugeot,208,10499.0,2020,45962.0,gasolina,manual,75,coches.net,berlina
nissan,micra,6990.0,2017,112120.0,gasolina,manual,80,coches.net,berlina
skoda,kodiaq,49990.0,2026,50.0,hibrido,automatica,204,coches.net,utilitario
peugeot,e-2008,16990.0,2021,48449.0,electrico,automatica,136,coches.net,utilitario
nissan,qashqai,26990.0,2023,48564.0,hibrido,automatica,190,coches.net,utilitario
citroen,c3,11500.0,2022,44000.0,gasolina,manual,83,coches.net,berlina
ford,focus,22690.0,2024,11109.0,hibrido,manual,155,coches.net,berlina
mercedes-benz,vito,59900.0,2026,100.0,diesel,automatica,136,coches.net,utilitario
toyota,yaris cross,22990.0,2022,80956.0,hibrido,automatica,116,coches.net,utilitario
opel,grandland x,10000.0,2017,140000.0,diesel,manual,120,coches.net,utilitario
lynk & co,01,22990.0,2023,45835.0,hibrido,automatica,261,coches.net,utilitario
citroen,c3,9099.0,2018,53289.0,gasolina,manual,82,coches.net,berlina
citroen,c4,7399.0,2016,73206.0,gasolina,manual,110,coches.net,berlina
mitsubishi,asx,12990.0,2015,170000.0,diesel,automatica,150,coches.net,utilitario
renault,clio,7399.0,2016,140485.0,gasolina,manual,95,coches.net,berlina
bmw,serie 3,48490.0,2020,80000.0,hibrido,automatica,340,coches.net,berlina
peugeot,3008 hybrid,27490.0,2025,20950.0,hibrido,automatica,145,coches.net,utilitario
mercedes-benz,clase glc,33490.0,2022,104765.0,hibrido,automatica,306,coches.net,utilitario
volvo,s80,6950.0,2007,169000.0,diesel,automatica,185,coches.net,berlina
volkswagen,golf,5490.0,2006,280000.0,gasolina,manual,115,coches.net,berlina
hyundai,kona,26990.0,2024,16985.0,hibrido,automatica,141,coches.net,utilitario
renault,4 e-tech,31900.0,2025,9700.0,electrico,automatica,150,coches.net,utilitario
byd,seal u dm-i,34900.0,2025,9945.0,hibrido,automatica,324,coches.net,utilitario
volkswagen,tiguan,35500.0,2023,45000.0,gasolina,automatica,150,coches.net,utilitario
opel,crossland x,8980.0,2017,126940.0,gasolina,manual,130,coches.net,utilitario
nissan,qashqai,13900.0,2016,118850.0,diesel,manual,110,coches.net,berlina
citroen,c4,19990.0,2025,10375.0,hibrido,automatica,136,coches.net,berlina
citroen,c4,15990.0,2021,130000.0,diesel,automatica,130,coches.net,berlina
renault,mégane,15399.0,2021,68800.0,gasolina,manual,140,coches.net,berlina
audi,a4,22900.0,2020,106621.0,hibrido,automatica,163,coches.net,berlina
byd,seal u dm-i,30990.0,2025,8015.0,hibrido,automatica,218,coches.net,utilitario
volkswagen,golf,20400.0,2022,45000.0,diesel,manual,115,coches.net,berlina
volkswagen,passat cc,10990.0,2008,165000.0,diesel,manual,140,coches.net,berlina
lexus,ct,13490.0,2015,162237.0,hibrido,automatica,136,coches.net,berlina
mercedes-benz,clase a,33995.0,2025,24323.0,hibrido,automatica,136,coches.net,berlina
porsche,cayenne,20300.0,2009,235000.0,gasolina,automatica,385,coches.net,utilitario
dacia,dokker,8999.0,2015,166000.0,diesel,manual,90,coches.net,utilitario
toyota,hilux,37990.0,2022,85523.0,diesel,manual,150,coches.net,pick up
ford,focus,10970.0,2019,179000.0,diesel,manual,120,coches.net,berlina
toyota,c-hr,20900.0,2018,100175.0,hibrido,automatica,122,coches.net,berlina
byd,seal u dm-i,31990.0,2025,14127.0,hibrido,automatica,218,coches.net,utilitario
mercedes-benz,clase a,32490.0,2025,24160.0,hibrido,automatica,136,coches.net,berlina
seat,ibiza,13500.0,2019,110000.0,diesel,manual,115,coches.net,berlina
mercedes-benz,eqs,101900.0,2025,1687.0,electrico,automatica,360,coches.net,berlina
mercedes-benz,glc coupé,46900.0,2020,95279.0,hibrido,automatica,258,coches.net,utilitario
mercedes-benz,gle coupé,66900.0,2021,102030.0,diesel,automatica,272,coches.net,utilitario
hyundai,ioniq,12999.0,2020,175000.0,hibrido,automatica,141,coches.net,berlina
peugeot,rifter,16900.0,2019,81793.0,diesel,manual,130,coches.net,utilitario
citroen,c4 x,17000.0,2024,60685.0,diesel,automatica,131,coches.net,berlina
skoda,kamiq,17500.0,2021,51247.0,gasolina,manual,110,coches.net,utilitario
smart,forfour,13000.0,2021,17891.0,electrico,automatica,82,coches.net,berlina
mini,countryman,18900.0,2019,110391.0,gasolina,automatica,136,coches.net,berlina
cupra,león,33990.0,2026,500.0,hibrido,automatica,150,coches.net,berlina
citroen,grand c4 picasso,10599.0,2016,134144.0,diesel,manual,120,coches.net,utilitario
seat,ateca,26990.0,2021,48910.0,gasolina,manual,150,coches.net,utilitario
skoda,octavia,12799.0,2018,73619.0,gasolina,automatica,115,coches.net,berlina
volkswagen,golf,11900.0,2009,32637.0,gasolina,manual,122,coches.net,berlina
peugeot,308,3800.0,2008,220000.0,diesel,manual,110,coches.net,berlina
volkswagen,golf,26800.0,2017,80000.0,gasolina,automatica,245,coches.net,berlina
mercedes-benz,clase c,31000.0,2020,78000.0,hibrido,automatica,306,coches.net,berlina
nissan,x-trail,29900.0,2024,15000.0,hibrido,automatica,163,coches.net,utilitario
toyota,corolla,30450.0,2024,26986.0,hibrido,automatica,196,coches.net,berlina
mercedes-benz,clase c,45990.0,2025,19076.0,hibrido,automatica,197,coches.net,berlina
volvo,xc40,23100.0,2020,77012.0,gasolina,automatica,163,coches.net,utilitario
volvo,xc40,26590.0,2022,30434.0,hibrido,automatica,211,coches.net,utilitario
mitsubishi,outlander,5399.0,2010,344582.0,diesel,automatica,177,coches.net,utilitario
renault,kadjar,12199.0,2017,95601.0,gasolina,manual,130,coches.net,berlina
mini,mini,10990.0,2017,263000.0,diesel,manual,116,coches.net,berlina
skoda,karoq,19890.0,2021,79507.0,diesel,automatica,150,coches.net,utilitario
volvo,xc40,19999.0,2020,187000.0,diesel,automatica,150,coches.net,utilitario
skoda,karoq,17490.0,2021,120183.0,diesel,automatica,150,coches.net,utilitario
bentley,continental gt,234990.0,2020,29000.0,gasolina,automatica,635,coches.net,berlina
seat,ibiza,16400.0,2024,40000.0,gasolina,manual,115,coches.net,berlina
toyota,yaris,19890.0,2025,27918.0,hibrido,automatica,116,coches.net,berlina
mercedes-benz,cla,31990.0,2021,116000.0,diesel,automatica,190,coches.net,berlina
audi,a3,18199.0,2018,69521.0,gasolina,manual,150,coches.net,berlina
citroen,c3 aircross,19500.0,2025,21532.0,gasolina,manual,100,coches.net,utilitario
opel,astra,9990.0,2017,85227.0,gasolina,manual,105,coches.net,berlina
peugeot,308,8899.0,2015,87799.0,diesel,manual,92,coches.net,berlina
kia,sportage,14500.0,2016,68000.0,gasolina,manual,135,coches.net,utilitario
audi,q5,28999.0,2019,135700.0,diesel,automatica,190,coches.net,utilitario
bmw,serie 2 active tourer,24990.0,2022,93000.0,diesel,automatica,150,coches.net,utilitario
bmw,x1,20750.0,2020,92587.0,diesel,automatica,116,coches.net,utilitario
bmw,x1,20890.0,2022,135379.0,diesel,manual,116,coches.net,utilitario
ford,kuga,21100.0,2022,62303.0,hibrido,automatica,225,coches.net,utilitario
kia,sportage,20999.0,2022,92000.0,hibrido,manual,150,coches.net,utilitario
kia,picanto,14537.0,2024,20784.0,gasolina,manual,67,coches.net,berlina
renault,mégane,13099.0,2016,70476.0,diesel,manual,110,coches.net,berlina
mercedes-benz,gla,43900.0,2024,10678.0,diesel,automatica,150,coches.net,utilitario
mercedes-benz,gla,44990.0,2024,14743.0,diesel,automatica,150,coches.net,utilitario
toyota,prius+,16990.0,2013,163500.0,hibrido,automatica,136,coches.net,utilitario
bmw,serie 1,17290.0,2020,105182.0,diesel,automatica,116,coches.net,berlina
nissan,juke,11499.0,2015,81821.0,gasolina,manual,115,coches.net,utilitario
volkswagen,polo,7490.0,2013,140000.0,gasolina,manual,90,coches.net,berlina
citroen,berlingo,12900.0,2019,160016.0,gasolina,manual,110,coches.net,utilitario
ford,focus,13290.0,2022,157156.0,diesel,manual,120,coches.net,berlina
ssangyong,xlv,13900.0,2017,95990.0,diesel,automatica,115,coches.net,utilitario
toyota,aygo,10490.0,2019,42670.0,gasolina,manual,69,coches.net,berlina
mini,mini,14790.0,2018,97165.0,diesel,manual,95,coches.net,berlina
fiat,panda,8499.0,2017,108664.0,diesel,manual,95,coches.net,berlina
bmw,serie 1,24990.0,2022,85050.0,diesel,automatica,190,coches.net,berlina
skoda,karoq,32990.0,2025,11000.0,gasolina,automatica,150,coches.net,utilitario
audi,q2,26900.0,2025,14926.0,gasolina,manual,116,coches.net,utilitario
toyota,yaris,15690.0,2019,50611.0,hibrido,automatica,100,coches.net,berlina
land-rover,defender,39995.0,2007,147000.0,diesel,manual,122,coches.net,utilitario
mini,mini,23498.0,2023,27690.0,gasolina,automatica,136,coches.net,berlina
seat,ateca,23490.0,2020,24870.0,gasolina,manual,150,coches.net,utilitario
audi,a3,25900.0,2023,44000.0,diesel,manual,116,coches.net,berlina
suzuki,swift,15900.0,2022,59000.0,hibrido,manual,83,coches.net,berlina
toyota,rav4,49000.0,2025,12175.0,hibrido,automatica,306,coches.net,utilitario
nissan,juke,10500.0,2014,66407.0,gasolina,manual,115,coches.net,utilitario
toyota,c-hr,22800.0,2022,65017.0,hibrido,automatica,122,coches.net,berlina
toyota,c-hr,20290.0,2022,110065.0,hibrido,automatica,122,coches.net,berlina
toyota,c-hr,22950.0,2021,51000.0,hibrido,automatica,184,coches.net,berlina
peugeot,rifter,16799.0,2021,101092.0,diesel,manual,100,coches.net,utilitario
bmw,serie 1,13500.0,2015,156010.0,diesel,automatica,150,coches.net,berlina
audi,q3 sportback,43350.0,2024,41534.0,gasolina,automatica,150,coches.net,utilitario
kia,xceed,16890.0,2021,64596.0,hibrido,manual,136,coches.net,utilitario
mercedes-benz,clase a,25900.0,2021,105934.0,hibrido,automatica,218,coches.net,berlina
kia,sportage,14990.0,2019,155152.0,hibrido,manual,115,coches.net,utilitario
bmw,x3,50900.0,2022,75000.0,hibrido,automatica,340,coches.net,utilitario
seat,león,13499.0,2018,69000.0,gasolina,manual,115,coches.net,berlina
mercedes-benz,glc coupé,38900.0,2018,145556.0,gasolina,automatica,211,coches.net,utilitario
opel,grandland,16990.0,2023,47568.0,gasolina,automatica,130,coches.net,utilitario
mercedes-benz,cla,39990.0,2025,16960.0,hibrido,automatica,218,coches.net,berlina
audi,q5 sportback,40500.0,2022,104000.0,hibrido,automatica,204,coches.net,utilitario
nissan,murano,10800.0,2009,83000.0,gasolina,automatica,256,coches.net,utilitario
porsche,cayenne coupé,62495.0,2020,155000.0,hibrido,automatica,462,coches.net,utilitario
bmw,ix2,43990.0,2024,15499.0,electrico,automatica,204,coches.net,utilitario
audi,a3,28990.0,2022,28706.0,hibrido,automatica,204,coches.net,berlina
fiat,500x,9900.0,2016,140000.0,gasolina,manual,140,coches.net,utilitario
skoda,kodiaq,30990.0,2020,115000.0,diesel,automatica,239,coches.net,utilitario
toyota,hilux,29750.0,2021,175806.0,diesel,manual,150,coches.net,pick up
mercedes-benz,glc coupé,39990.0,2021,123380.0,hibrido,automatica,306,coches.net,utilitario
seat,león,18690.0,2024,48037.0,gasolina,manual,130,coches.net,berlina
peugeot,308,24300.0,2025,5500.0,hibrido,automatica,145,coches.net,berlina
toyota,bz4x,32950.0,2024,19000.0,electrico,automatica,204,coches.net,utilitario
toyota,yaris,20490.0,2022,17650.0,hibrido,automatica,116,coches.net,berlina
audi,a3,69900.0,2022,21000.0,gasolina,automatica,400,coches.net,berlina
lexus,ux,37900.0,2025,5400.0,hibrido,automatica,199,coches.net,utilitario
volvo,xc60,28990.0,2021,103776.0,hibrido,automatica,340,coches.net,utilitario
hyundai,ix35,9490.0,2010,215000.0,diesel,manual,136,coches.net,utilitario
hyundai,i20,16900.0,2024,9091.0,gasolina,manual,79,coches.net,berlina
hyundai,i20,16900.0,2024,6000.0,gasolina,manual,84,coches.net,berlina
mercedes-benz,clase b,34420.0,2025,20000.0,diesel,automatica,150,coches.net,utilitario
porsche,cayenne,61999.0,2018,138230.0,gasolina,automatica,550,coches.net,utilitario
hyundai,ix20,10490.0,2015,89000.0,gasolina,automatica,126,coches.net,utilitario
kia,niro,17990.0,2021,110000.0,hibrido,automatica,141,coches.net,berlina
hyundai,tucson,25875.0,2025,31025.0,gasolina,manual,160,coches.net,utilitario
hyundai,tucson,27475.0,2025,29825.0,gasolina,manual,160,coches.net,utilitario
ford,focus,15890.0,2022,109245.0,diesel,automatica,120,coches.net,berlina
mercedes-benz,clase a,43600.0,2025,12000.0,hibrido,automatica,218,coches.net,berlina
bmw,x3,27990.0,2020,73289.0,diesel,automatica,150,coches.net,utilitario
seat,león,14590.0,2019,90832.0,gasolina,manual,130,coches.net,berlina
fiat,500,13495.0,2024,28343.0,hibrido,manual,70,coches.net,berlina
mercedes-benz,clase glc,39990.0,2022,79900.0,hibrido,automatica,320,coches.net,utilitario
audi,q5 sportback,40990.0,2022,99870.0,hibrido,automatica,204,coches.net,utilitario
audi,q5 sportback,39990.0,2022,119178.0,hibrido,automatica,299,coches.net,utilitario
mitsubishi,space star,14250.0,2023,23000.0,gasolina,manual,71,coches.net,berlina
volkswagen,touran,20999.0,2019,101555.0,gasolina,manual,150,coches.net,utilitario
nissan,qashqai,29650.0,2023,22300.0,hibrido,automatica,158,coches.net,utilitario
mg,hs,25200.0,2024,32500.0,gasolina,automatica,170,coches.net,utilitario
kia,sportage,21540.0,2022,79822.0,hibrido,manual,150,coches.net,utilitario
bmw,serie 3,22640.0,2021,128873.0,hibrido,automatica,150,coches.net,berlina
volkswagen,tiguan,41900.0,2025,24471.0,diesel,automatica,150,coches.net,utilitario
peugeot,308,20900.0,2025,18487.0,gasolina,manual,130,coches.net,berlina
kia,niro,19895.0,2022,113947.0,hibrido,automatica,141,coches.net,berlina
dacia,lodgy,13450.0,2018,48021.0,gas,manual,102,coches.net,utilitario
ford,kuga,14190.0,2014,128400.0,diesel,automatica,180,coches.net,utilitario
peugeot,3008,14690.0,2017,85170.0,diesel,manual,120,coches.net,utilitario
mercedes-benz,clase s,75900.0,2022,110572.0,diesel,automatica,286,coches.net,berlina
land-rover,range rover sport,53000.0,2021,52000.0,hibrido,automatica,249,coches.net,utilitario
fiat,freemont,10990.0,2013,203000.0,diesel,automatica,170,coches.net,utilitario
bmw,serie 3,3999.0,1997,182000.0,diesel,manual,90,coches.net,berlina
seat,ibiza,6299.0,2015,170000.0,diesel,manual,90,coches.net,berlina
mercedes-benz,clase a,36900.0,2024,5318.0,hibrido,automatica,218,coches.net,berlina
hyundai,kona,19450.0,2021,60000.0,electrico,automatica,204,coches.net,utilitario
volkswagen,golf,8500.0,2011,125000.0,diesel,manual,105,coches.net,berlina
mercedes-benz,clase c,9999.0,2007,150000.0,diesel,manual,170,coches.net,berlina
ford,grand c-max,8490.0,2015,163000.0,gasolina,manual,125,coches.net,utilitario
evo,cuatro,20990.0,2025,36.0,gas,manual,114,coches.net,utilitario
porsche,macan,61990.0,2020,44000.0,gasolina,automatica,354,coches.net,utilitario
citroen,ë-c3,24450.0,2025,5000.0,electrico,automatica,113,coches.net,berlina
mercedes-benz,gla,32900.0,2022,27264.0,gasolina,automatica,136,coches.net,utilitario
toyota,yaris,20290.0,2024,68890.0,hibrido,automatica,116,coches.net,berlina
ford,kuga,7999.0,2011,240000.0,diesel,manual,140,coches.net,utilitario
mercedes-benz,clase c,39900.0,2021,43875.0,hibrido,automatica,204,coches.net,berlina
kia,rio,13950.0,2020,49624.0,gasolina,manual,100,coches.net,berlina
kia,rio,13400.0,2021,34718.0,gasolina,manual,84,coches.net,berlina
mercedes-benz,clase c,56900.0,2024,15.0,hibrido,automatica,313,coches.net,berlina
peugeot,e-2008,24990.0,2025,9839.0,electrico,automatica,156,coches.net,utilitario
mercedes-benz,eqa,35900.0,2021,73523.0,electrico,automatica,190,coches.net,utilitario
volvo,c40,38900.0,2026,1.0,electrico,automatica,238,coches.net,utilitario
volvo,xc60,26990.0,2021,151713.0,diesel,automatica,190,coches.net,utilitario
mercedes-benz,clase e,78990.0,2025,300.0,hibrido,automatica,313,coches.net,berlina
ford,ka+,9100.0,2017,62611.0,gasolina,manual,70,coches.net,berlina
volkswagen,transporter,19800.0,2012,217000.0,diesel,manual,102,coches.net,utilitario
suzuki,grand vitara,10990.0,2010,145000.0,diesel,manual,129,coches.net,utilitario
seat,arona,22990.0,2024,41981.0,gasolina,automatica,150,coches.net,utilitario
opel,combo life,13699.0,2019,104860.0,gasolina,manual,110,coches.net,utilitario
bmw,serie 1,21500.0,2022,54809.0,diesel,automatica,116,coches.net,berlina
mini,mini,7896.0,2006,120000.0,gasolina,manual,116,coches.net,berlina
toyota,hilux,23900.0,2017,217000.0,diesel,manual,150,coches.net,pick up
audi,q5,42990.0,2023,70697.0,hibrido,automatica,204,coches.net,utilitario
audi,q5,42990.0,2022,61310.0,hibrido,automatica,204,coches.net,utilitario
mercedes-benz,glb,30999.0,2021,107000.0,diesel,automatica,150,coches.net,utilitario
honda,accord,9990.0,2011,174780.0,gasolina,manual,156,coches.net,berlina
mercedes-benz,glb,30999.0,2023,108000.0,diesel,automatica,150,coches.net,utilitario
peugeot,e-rifter,24990.0,2025,2707.0,electrico,automatica,136,coches.net,utilitario
audi,q5,27490.0,2019,91402.0,diesel,automatica,190,coches.net,utilitario
volvo,xc40,36900.0,2023,26302.0,hibrido,automatica,197,coches.net,utilitario
mercedes-benz,cla,40900.0,2025,16.0,hibrido,automatica,163,coches.net,berlina
opel,corsa,13200.0,2023,31975.0,gasolina,manual,100,coches.net,berlina
kia,sportage,12990.0,2020,209000.0,hibrido,manual,136,coches.net,utilitario
opel,corsa,12500.0,2023,27601.0,gasolina,manual,75,coches.net,berlina
kia,e-niro,27300.0,2024,29900.0,electrico,automatica,204,coches.net,berlina
citroen,c3,3700.0,2007,100000.0,gasolina,manual,61,coches.net,berlina
audi,a1,24350.0,2025,25160.0,gasolina,manual,116,coches.net,berlina
aston martin,vantage v8,64900.0,2012,58150.0,gasolina,automatica,436,coches.net,berlina
cupra,león,30800.0,2025,14586.0,hibrido,automatica,150,coches.net,berlina
jaguar,e-pace,27900.0,2019,35500.0,gasolina,automatica,200,coches.net,utilitario
renault,scénic,17390.0,2020,78987.0,diesel,manual,120,coches.net,utilitario
alfa romeo,mito,6990.0,2010,183466.0,diesel,manual,120,coches.net,berlina
cupra,terramar,35290.0,2025,23858.0,hibrido,automatica,150,coches.net,utilitario
peugeot,308,14490.0,2022,104887.0,gasolina,manual,110,coches.net,berlina
peugeot,3008 hybrid,14900.0,2020,120000.0,hibrido,automatica,225,coches.net,utilitario
peugeot,3008,18900.0,2019,89999.0,diesel,automatica,130,coches.net,utilitario
bmw,x1,13990.0,2013,199000.0,diesel,manual,184,coches.net,berlina
peugeot,2008,14990.0,2023,55402.0,gasolina,manual,100,coches.net,utilitario
toyota,c-hr,20750.0,2022,112933.0,hibrido,automatica,122,coches.net,berlina
toyota,c-hr,24990.0,2023,55152.0,hibrido,automatica,122,coches.net,berlina
audi,q3,26490.0,2019,77232.0,diesel,automatica,150,coches.net,utilitario
renault,captur,22990.0,2025,3300.0,gas,manual,100,coches.net,utilitario
opel,astra,8490.0,2015,178870.0,diesel,manual,136,coches.net,berlina
opel,vivaro,22990.0,2018,90000.0,diesel,manual,125,coches.net,utilitario
volkswagen,golf,59990.0,2026,1000.0,gasolina,automatica,333,coches.net,berlina
volkswagen,touareg,39990.0,2022,138000.0,diesel,automatica,231,coches.net,utilitario
skoda,fabia,11900.0,2019,58153.0,gasolina,manual,75,coches.net,berlina
seat,león,10990.0,2014,79434.0,diesel,manual,105,coches.net,berlina
hyundai,kona,15990.0,2022,113535.0,hibrido,manual,120,coches.net,utilitario
volkswagen,scirocco,7900.0,2009,187000.0,gasolina,manual,160,coches.net,berlina
jeep,renegade,13990.0,2019,139000.0,diesel,automatica,120,coches.net,utilitario
toyota,land cruiser,47900.0,2022,58000.0,diesel,manual,204,coches.net,utilitario
mercedes-benz,clase glc,40899.0,2021,74200.0,diesel,automatica,194,coches.net,utilitario
mercedes-benz,clase a,26599.0,2020,24789.0,diesel,automatica,150,coches.net,berlina
bmw,serie 1,18990.0,2021,138645.0,diesel,automatica,116,coches.net,berlina
mercedes-benz,clase e,44900.0,2022,62221.0,diesel,automatica,194,coches.net,berlina
mini,mini,16900.0,2020,82500.0,electrico,automatica,184,coches.net,berlina
volkswagen,polo,14599.0,2021,72880.0,gasolina,automatica,95,coches.net,berlina
opel,vivaro,21990.0,2019,85000.0,diesel,manual,145,coches.net,utilitario
renault,kangoo combi,17999.0,2022,90000.0,diesel,manual,95,coches.net,utilitario
mercedes-benz,clase t,24900.0,2023,20000.0,diesel,manual,95,coches.net,utilitario
ford,fiesta,7999.0,2017,118112.0,gasolina,manual,82,coches.net,berlina
bmw,x5,49990.0,2019,131000.0,diesel,automatica,400,coches.net,utilitario
opel,meriva,5490.0,2011,138083.0,gasolina,manual,100,coches.net,utilitario
mitsubishi,colt,5990.0,2010,119958.0,gasolina,manual,75,coches.net,utilitario
fiat,500,12990.0,2022,44608.0,hibrido,manual,70,coches.net,berlina
fiat,500,11590.0,2023,40614.0,hibrido,manual,70,coches.net,berlina
fiat,500,10599.0,2021,39642.0,hibrido,manual,70,coches.net,berlina
bmw,serie 1,17350.0,2019,62341.0,gasolina,manual,109,coches.net,berlina
mercedes-benz,clase a,26740.0,2022,69969.0,gasolina,automatica,136,coches.net,berlina
ford,focus,18990.0,2024,58435.0,hibrido,automatica,155,coches.net,berlina
ford,ecosport,14490.0,2022,37280.0,gasolina,manual,125,coches.net,utilitario
peugeot,308,11990.0,2021,67000.0,diesel,automatica,130,coches.net,berlina
audi,a3,18990.0,2021,87000.0,gasolina,manual,110,coches.net,berlina
ford,puma,21990.0,2024,6327.0,hibrido,manual,125,coches.net,utilitario
volkswagen,golf,20850.0,2020,75258.0,gasolina,automatica,150,coches.net,berlina
volkswagen,golf,19499.0,2011,139800.0,gasolina,automatica,270,coches.net,berlina
seat,arona,18490.0,2022,75595.0,gasolina,automatica,110,coches.net,utilitario
volvo,xc60,25990.0,2020,135981.0,hibrido,automatica,197,coches.net,utilitario
seat,arona,18990.0,2021,44463.0,gasolina,manual,110,coches.net,utilitario
mercedes-benz,clase a,12890.0,2016,219000.0,diesel,automatica,109,coches.net,berlina
mini,mini,19900.0,2018,121200.0,gasolina,automatica,136,coches.net,berlina
kia,sportage,28750.0,2024,24312.0,gasolina,manual,150,coches.net,utilitario
toyota,yaris,17900.0,2020,34000.0,hibrido,automatica,100,coches.net,berlina
opel,insignia,3800.0,2011,350000.0,diesel,manual,130,coches.net,berlina
volkswagen,arteon,27990.0,2020,136970.0,diesel,automatica,190,coches.net,berlina
jeep,wrangler,42900.0,2018,40548.0,diesel,automatica,200,coches.net,utilitario
hyundai,bayon,15990.0,2024,22000.0,gasolina,manual,84,coches.net,utilitario
toyota,c-hr,21990.0,2023,88300.0,hibrido,automatica,122,coches.net,berlina
toyota,c-hr,23990.0,2020,62908.0,hibrido,automatica,184,coches.net,berlina
toyota,c-hr,24690.0,2023,73353.0,hibrido,automatica,184,coches.net,berlina
renault,captur,13990.0,2019,58890.0,gasolina,manual,90,coches.net,berlina
mercedes-benz,clase glc,32999.0,2021,79900.0,diesel,automatica,163,coches.net,utilitario
peugeot,208,13900.0,2023,69000.0,diesel,manual,100,coches.net,berlina
honda,jazz,25500.0,2025,18204.0,hibrido,automatica,122,coches.net,berlina
dacia,sandero,12650.0,2024,40000.0,gas,manual,101,coches.net,berlina
kia,sportage,19000.0,2020,71518.0,hibrido,manual,136,coches.net,utilitario
seat,león,29475.0,2017,39000.0,gasolina,automatica,300,coches.net,berlina
kia,sportage,15990.0,2018,141540.0,diesel,manual,115,coches.net,utilitario
kia,sportage,39990.0,2025,31970.0,hibrido,automatica,252,coches.net,utilitario
kia,sportage,36570.0,2024,26281.0,hibrido,automatica,265,coches.net,utilitario
nissan,micra,11790.0,2019,90498.0,gasolina,manual,100,coches.net,berlina
volkswagen,golf,26490.0,2023,83705.0,hibrido,automatica,204,coches.net,berlina
audi,a1,23900.0,2021,46000.0,gasolina,automatica,110,coches.net,berlina
bmw,z4,9990.0,2006,143000.0,gasolina,manual,150,coches.net,berlina
ford,ecosport,14990.0,2022,55055.0,gasolina,manual,125,coches.net,utilitario
mg,zs,14990.0,2022,81908.0,gasolina,manual,106,coches.net,utilitario
volvo,xc60,34900.0,2023,141300.0,hibrido,automatica,197,coches.net,utilitario
volvo,s60,26850.0,2021,138000.0,hibrido,automatica,390,coches.net,berlina
citroen,c4 picasso,9990.0,2018,180000.0,diesel,manual,120,coches.net,utilitario
toyota,yaris cross,24300.0,2022,84121.0,hibrido,automatica,116,coches.net,utilitario
ford,kuga,22490.0,2023,90902.0,gasolina,manual,150,coches.net,utilitario
nissan,qashqai,26900.0,2024,9000.0,hibrido,manual,140,coches.net,utilitario
cupra,formentor,20500.0,2022,112262.0,diesel,manual,150,coches.net,utilitario
mercedes-benz,clase c,8990.0,2001,45000.0,gasolina,manual,197,coches.net,berlina
peugeot,208,17500.0,2024,15135.0,hibrido,automatica,100,coches.net,berlina
bmw,serie 3,15900.0,2013,145000.0,diesel,manual,184,coches.net,berlina
toyota,land cruiser,23990.0,2006,278000.0,diesel,automatica,173,coches.net,utilitario
peugeot,5008 hybrid,34900.0,2025,5832.0,hibrido,automatica,145,coches.net,utilitario
opel,insignia,15950.0,2018,14000.0,gasolina,manual,140,coches.net,berlina
mercedes-benz,clase gla,23990.0,2018,127100.0,diesel,automatica,177,coches.net,utilitario
bmw,serie 2 gran tourer,21990.0,2021,72000.0,gasolina,manual,136,coches.net,utilitario
seat,arona,20900.0,2024,10490.0,gasolina,manual,115,coches.net,utilitario
ford,b-max,8490.0,2015,63818.0,gasolina,manual,125,coches.net,berlina
bmw,serie 3,12990.0,2008,169000.0,diesel,manual,177,coches.net,berlina
hyundai,i20,18161.0,2025,18092.0,gasolina,manual,100,coches.net,berlina
kia,stonic,15490.0,2022,37800.0,gasolina,manual,84,coches.net,utilitario
nissan,qashqai,11490.0,2015,115000.0,gasolina,manual,115,coches.net,berlina
lynk & co,01,20750.0,2022,80345.0,hibrido,automatica,261,coches.net,utilitario
nissan,qashqai,15800.0,2020,171000.0,diesel,manual,115,coches.net,berlina
ds,ds 3,24880.0,2023,34610.0,electrico,automatica,156,coches.net,utilitario
volkswagen,golf,39900.0,2025,22400.0,gasolina,automatica,265,coches.net,berlina
mini,mini,10990.0,2014,135626.0,gasolina,manual,120,coches.net,berlina
mercedes-benz,clase slc,28490.0,2018,91500.0,gasolina,automatica,184,coches.net,berlina
volkswagen,arteon,17990.0,2018,235000.0,diesel,automatica,150,coches.net,berlina
citroen,c5,12990.0,2017,149000.0,diesel,automatica,180,coches.net,berlina
peugeot,408,27970.0,2023,17201.0,gasolina,automatica,130,coches.net,berlina
volkswagen,t-cross,22850.0,2023,30000.0,gasolina,automatica,116,coches.net,utilitario
skoda,kodiaq,23990.0,2022,91830.0,diesel,automatica,150,coches.net,utilitario
opel,mokka,14990.0,2022,48473.0,gasolina,manual,130,coches.net,utilitario
opel,grandland x,13490.0,2021,123452.0,gasolina,automatica,130,coches.net,utilitario
ford,fiesta,13900.0,2019,47610.0,gasolina,manual,85,coches.net,berlina
ford,fiesta,12900.0,2019,40087.0,gasolina,manual,75,coches.net,berlina
fiat,500,10290.0,2022,40738.0,hibrido,manual,70,coches.net,berlina
seat,ateca,34490.0,2026,500.0,gasolina,automatica,150,coches.net,utilitario
toyota,rav4,12600.0,2012,229500.0,diesel,automatica,150,coches.net,utilitario
mercedes-benz,clase c,7990.0,2006,160000.0,diesel,manual,122,coches.net,berlina
jeep,compass,29900.0,2025,453.0,hibrido,automatica,130,coches.net,utilitario
volvo,xc40,33900.0,2025,17000.0,hibrido,automatica,163,coches.net,utilitario
volkswagen,t-roc,18590.0,2018,97000.0,gasolina,manual,150,coches.net,utilitario
bmw,x2,23500.0,2021,52000.0,diesel,automatica,150,coches.net,utilitario
renault,captur,21199.0,2024,9493.0,hibrido,automatica,145,coches.net,utilitario
peugeot,2008,13485.0,2019,59000.0,gasolina,manual,130,coches.net,utilitario
volkswagen,polo,21700.0,2023,15723.0,gasolina,automatica,110,coches.net,berlina
renault,captur,17900.0,2021,52292.0,gasolina,automatica,140,coches.net,utilitario
nissan,micra,4499.0,2007,191000.0,gasolina,manual,88,coches.net,berlina
peugeot,308,4999.0,2009,170000.0,gasolina,manual,150,coches.net,berlina
peugeot,e-208,16900.0,2022,30130.0,electrico,automatica,136,coches.net,berlina
seat,ibiza,19300.0,2025,12000.0,gasolina,manual,115,coches.net,berlina
mercedes-benz,clase a,31000.0,2021,16900.0,diesel,automatica,150,coches.net,berlina
peugeot,3008,22490.0,2023,53955.0,diesel,automatica,130,coches.net,utilitario
audi,a3,42100.0,2025,12600.0,hibrido,automatica,204,coches.net,berlina
audi,q5,15790.0,2015,203600.0,diesel,manual,150,coches.net,utilitario
ford,ranger,59990.0,2024,23000.0,diesel,automatica,210,coches.net,pick up
peugeot,508,11990.0,2019,158927.0,diesel,manual,130,coches.net,berlina
cupra,león,28740.0,2025,13154.0,hibrido,automatica,150,coches.net,berlina
hyundai,i20,15990.0,2022,44000.0,hibrido,manual,100,coches.net,berlina
toyota,corolla,19590.0,2020,35428.0,hibrido,automatica,122,coches.net,berlina
bmw,serie 3,11490.0,2016,270000.0,diesel,automatica,190,coches.net,berlina
bmw,serie 1,12290.0,2016,139193.0,diesel,manual,116,coches.net,berlina
bmw,x1,26990.0,2022,62210.0,diesel,automatica,150,coches.net,utilitario
audi,a3,29000.0,2024,23.0,diesel,manual,116,coches.net,berlina
volkswagen,passat,17999.0,2020,119000.0,diesel,automatica,122,coches.net,berlina
jeep,compass,11900.0,2017,183286.0,diesel,automatica,140,coches.net,utilitario
volvo,xc40,24900.0,2021,63000.0,hibrido,automatica,262,coches.net,utilitario
audi,a4,16500.0,2015,178110.0,diesel,manual,150,coches.net,berlina
citroen,c-elysée,9900.0,2018,39000.0,gasolina,manual,82,coches.net,berlina
peugeot,e-208,22900.0,2023,11000.0,electrico,automatica,136,coches.net,berlina
mazda,cx-60,37990.0,2023,43402.0,hibrido,automatica,327,coches.net,utilitario
toyota,c-hr,38950.0,2025,8822.0,hibrido,automatica,223,coches.net,utilitario
kia,stonic,17990.0,2024,16699.0,gasolina,manual,84,coches.net,utilitario
mini,mini,4490.0,2007,224000.0,gasolina,manual,95,coches.net,berlina
lexus,ux,24990.0,2019,75129.0,hibrido,automatica,184,coches.net,utilitario
renault,captur,26200.0,2024,14338.0,hibrido,automatica,145,coches.net,utilitario
kia,stonic,15900.0,2021,38800.0,hibrido,manual,100,coches.net,utilitario
renault,clio,11750.0,2020,111999.0,gasolina,manual,100,coches.net,berlina
bmw,serie 1,12999.0,2016,140000.0,diesel,manual,116,coches.net,berlina
kia,sportage,39990.0,2023,16546.0,hibrido,automatica,265,coches.net,utilitario
renault,trafic,15499.0,2020,260000.0,diesel,manual,120,coches.net,utilitario
mg,ehs,18490.0,2022,55975.0,hibrido,automatica,258,coches.net,utilitario
seat,ibiza,13490.0,2022,115580.0,gasolina,manual,110,coches.net,berlina
jeep,renegade,13399.0,2017,83543.0,diesel,manual,120,coches.net,utilitario
seat,arona,18900.0,2025,14025.0,gasolina,manual,115,coches.net,utilitario
bmw,serie 4,29900.0,2022,133000.0,hibrido,automatica,190,coches.net,berlina
citroen,berlingo,11999.0,2016,170691.0,diesel,manual,100,coches.net,utilitario
toyota,c-hr,17990.0,2019,112000.0,hibrido,automatica,122,coches.net,berlina
bmw,serie 3,24900.0,2021,34000.0,diesel,automatica,150,coches.net,berlina
citroen,c3,11950.0,2023,68561.0,gasolina,manual,110,coches.net,berlina
seat,ibiza,11090.0,2017,76765.0,gasolina,manual,95,coches.net,berlina
volvo,xc60,43500.0,2025,16749.0,hibrido,automatica,250,coches.net,utilitario
bmw,serie 1,32399.0,2022,85000.0,diesel,automatica,190,coches.net,berlina
bmw,serie 6,12900.0,2017,295000.0,diesel,automatica,313,coches.net,berlina
hyundai,i20,8990.0,2015,119000.0,gasolina,manual,84,coches.net,berlina
audi,q5,54150.0,2024,33060.0,hibrido,automatica,204,coches.net,utilitario
dacia,sandero,16499.0,2024,19862.0,gasolina,manual,110,coches.net,berlina
hyundai,ioniq,16490.0,2018,46248.0,hibrido,automatica,141,coches.net,berlina
bmw,x2,25990.0,2022,65911.0,hibrido,automatica,220,coches.net,utilitario
opel,insignia,15900.0,2021,44000.0,diesel,manual,122,coches.net,berlina
bmw,x6,17900.0,2008,266000.0,diesel,automatica,286,coches.net,utilitario
land-rover,range rover sport,23990.0,2017,135000.0,diesel,automatica,258,coches.net,utilitario
peugeot,5008,22990.0,2020,101892.0,diesel,automatica,180,coches.net,utilitario
seat,león,7490.0,2013,201994.0,diesel,manual,105,coches.net,berlina
porsche,macan,24990.0,2015,270000.0,diesel,automatica,258,coches.net,utilitario
nissan,juke,21500.0,2023,26800.0,gasolina,manual,114,coches.net,utilitario
mercedes-benz,gla,29990.0,2022,71278.0,hibrido,automatica,218,coches.net,utilitario
audi,a3,9990.0,2010,186608.0,diesel,manual,140,coches.net,berlina
dacia,duster,15990.0,2021,36500.0,gasolina,manual,90,coches.net,utilitario
peugeot,308,17498.0,2023,19429.0,gasolina,automatica,130,coches.net,berlina
audi,a6,16499.0,2015,109650.0,diesel,automatica,190,coches.net,berlina
volkswagen,golf,25300.0,2022,90000.0,diesel,automatica,150,coches.net,berlina
mercedes-benz,cla,30990.0,2021,55000.0,gasolina,automatica,136,coches.net,berlina
mercedes-benz,cla,30990.0,2020,55000.0,gasolina,automatica,136,coches.net,berlina
mercedes-benz,clase c,17290.0,2014,121528.0,diesel,manual,170,coches.net,berlina
audi,q5,30990.0,2018,120000.0,diesel,automatica,190,coches.net,utilitario
seat,arona,18490.0,2024,18602.0,gasolina,manual,115,coches.net,utilitario
mercedes-benz,clase c,12990.0,2011,230000.0,diesel,manual,170,coches.net,berlina
honda,cr-v,29990.0,2023,53050.0,hibrido,automatica,184,coches.net,utilitario
kia,picanto,16980.0,2026,9.0,gasolina,manual,68,coches.net,berlina
citroen,c4 picasso,9500.0,2015,102157.0,gasolina,manual,130,coches.net,utilitario
nissan,x-trail,22990.0,2020,81849.0,gasolina,automatica,160,coches.net,utilitario
fiat,panda,10500.0,2019,42000.0,gasolina,manual,69,coches.net,berlina
toyota,corolla,25490.0,2023,75113.0,hibrido,automatica,140,coches.net,berlina
mercedes-benz,clase glc,35850.0,2020,70715.0,hibrido,automatica,197,coches.net,utilitario
audi,q2,23990.0,2023,79000.0,diesel,automatica,116,coches.net,utilitario
hyundai,i20 active,11990.0,2021,123617.0,gasolina,manual,100,coches.net,berlina
mercedes-benz,clase clk,10980.0,2007,207000.0,gasolina,automatica,272,coches.net,berlina
kia,stonic,18990.0,2022,62887.0,hibrido,manual,100,coches.net,utilitario
ford,puma,18200.0,2023,61558.0,hibrido,manual,125,coches.net,utilitario
lexus,lbx,33990.0,2025,5123.0,hibrido,automatica,136,coches.net,utilitario
seat,león,24990.0,2024,11641.0,hibrido,automatica,150,coches.net,berlina
mercedes-benz,clase c,48900.0,2025,25927.0,hibrido,automatica,197,coches.net,berlina
seat,ibiza,13999.0,2019,65626.0,diesel,manual,80,coches.net,berlina
opel,corsa,18900.0,2025,8000.0,hibrido,automatica,110,coches.net,berlina
renault,clio,19400.0,2024,12.0,diesel,manual,100,coches.net,berlina
mg,hs,26790.0,2026,2500.0,gasolina,manual,162,coches.net,utilitario
mercedes-benz,clase glc,36990.0,2020,110000.0,hibrido,automatica,320,coches.net,utilitario
mercedes-benz,clase glc,39500.0,2020,113766.0,hibrido,automatica,306,coches.net,utilitario
bmw,x6,66900.0,2022,109049.0,hibrido,automatica,340,coches.net,utilitario
nissan,qashqai,19800.0,2021,88000.0,hibrido,manual,140,coches.net,utilitario
seat,león,21500.0,2025,26461.0,hibrido,automatica,116,coches.net,berlina
bmw,x1,23900.0,2019,39219.0,diesel,automatica,150,coches.net,utilitario
audi,a3,14900.0,2012,68006.0,diesel,automatica,140,coches.net,berlina
volkswagen,grand california,67900.0,2023,69000.0,diesel,automatica,177,coches.net,utilitario
seat,ibiza,17150.0,2025,34448.0,gasolina,manual,95,coches.net,berlina
cupra,formentor,29990.0,2024,18000.0,hibrido,automatica,150,coches.net,utilitario
cupra,formentor,30490.0,2024,32000.0,hibrido,automatica,204,coches.net,utilitario
nissan,juke,24676.0,2025,13000.0,hibrido,automatica,143,coches.net,utilitario
mercedes-benz,clase c,25490.0,2020,98453.0,hibrido,automatica,320,coches.net,berlina
renault,espace,14990.0,2016,170000.0,diesel,automatica,160,coches.net,utilitario
porsche,macan,39900.0,2017,109000.0,diesel,automatica,258,coches.net,utilitario
peugeot,208,10999.0,2020,45953.0,gasolina,manual,75,coches.net,berlina
opel,adam,7900.0,2016,56000.0,gasolina,manual,100,coches.net,berlina
lexus,nx,32500.0,2021,99247.0,hibrido,automatica,197,coches.net,utilitario
toyota,yaris cross,26400.0,2023,19298.0,hibrido,automatica,116,coches.net,utilitario
skoda,octavia,16990.0,2021,123728.0,hibrido,automatica,110,coches.net,berlina
hyundai,i30,18790.0,2024,24791.0,gasolina,manual,120,coches.net,berlina
audi,q3,20990.0,2016,73967.0,gasolina,manual,150,coches.net,utilitario
citroen,c5 aircross,19990.0,2024,31913.0,gasolina,manual,131,coches.net,utilitario
toyota,c-hr,34400.0,2024,13487.0,hibrido,automatica,223,coches.net,utilitario
kia,xceed,21610.0,2024,50532.0,hibrido,manual,136,coches.net,utilitario
land-rover,range rover sport,35990.0,2015,139670.0,gasolina,automatica,510,coches.net,utilitario
mazda,cx-30,24390.0,2024,21627.0,hibrido,manual,140,coches.net,utilitario
bmw,ix1,38900.0,2024,20000.0,electrico,automatica,313,coches.net,utilitario
cupra,terramar,44490.0,2025,6600.0,hibrido,automatica,272,coches.net,utilitario
land-rover,range rover sport,21999.0,2015,200000.0,diesel,automatica,339,coches.net,utilitario
citroen,c3 aircross,9099.0,2021,119076.0,gasolina,manual,110,coches.net,utilitario
smart,forfour,11950.0,2020,24608.0,electrico,automatica,82,coches.net,berlina
toyota,yaris,16300.0,2020,45618.0,hibrido,automatica,100,coches.net,berlina
lexus,nx,46250.0,2022,49246.0,hibrido,automatica,242,coches.net,utilitario
mercedes-benz,glc coupé,68990.0,2025,14273.0,hibrido,automatica,269,coches.net,utilitario
kia,ceed,13990.0,2021,80160.0,gasolina,manual,120,coches.net,berlina
mercedes-benz,clase v,94900.0,2025,13000.0,diesel,automatica,237,coches.net,utilitario
volkswagen,multivan,58900.0,2023,29000.0,diesel,automatica,150,coches.net,utilitario
audi,q3 sportback,31999.0,2021,81000.0,diesel,automatica,150,coches.net,utilitario
opel,combo life,14900.0,2019,106000.0,diesel,manual,131,coches.net,utilitario
mitsubishi,outlander,8500.0,2007,170000.0,diesel,manual,140,coches.net,utilitario
audi,a3,39990.0,2025,14183.0,hibrido,automatica,204,coches.net,berlina
mercedes-benz,clase v,48970.0,2022,98101.0,diesel,automatica,163,coches.net,utilitario
kia,ceed,18985.0,2024,19998.0,gasolina,manual,100,coches.net,berlina
skoda,karoq,21490.0,2021,66834.0,diesel,automatica,150,coches.net,utilitario
skoda,scala,15500.0,2022,74228.0,gasolina,manual,110,coches.net,berlina
fiat,500,12900.0,2022,59999.0,hibrido,manual,70,coches.net,berlina
ford,focus,24990.0,2024,27213.0,gasolina,manual,125,coches.net,berlina
mercedes-benz,eqe suv,61990.0,2025,31143.0,electrico,automatica,292,coches.net,utilitario
mercedes-benz,eqe suv,62990.0,2025,22538.0,electrico,automatica,292,coches.net,utilitario
toyota,yaris,15990.0,2020,78379.0,hibrido,automatica,116,coches.net,berlina
volkswagen,t-roc,24900.0,2022,87514.0,diesel,automatica,150,coches.net,utilitario
seat,ibiza,5999.0,2010,156000.0,diesel,manual,80,coches.net,berlina
volkswagen,arteon,31790.0,2021,91477.0,diesel,automatica,200,coches.net,berlina
ford,s-max,9450.0,2011,149000.0,diesel,manual,140,coches.net,utilitario
renault,kadjar,13399.0,2016,78977.0,diesel,manual,110,coches.net,berlina
volvo,v40,10399.0,2015,141009.0,diesel,manual,115,coches.net,berlina
opel,adam,7599.0,2015,92619.0,gasolina,manual,87,coches.net,berlina
kia,sportage,21900.0,2021,53394.0,gasolina,manual,132,coches.net,utilitario
mazda,mazda3,34690.0,2025,4475.0,hibrido,automatica,186,coches.net,berlina
opel,corsa,11600.0,2023,72577.0,gasolina,manual,100,coches.net,berlina
seat,ibiza,16990.0,2025,16000.0,gasolina,manual,115,coches.net,berlina
opel,corsa,13500.0,2024,37831.0,gasolina,manual,100,coches.net,berlina
jaguar,e-pace,22890.0,2021,75372.0,hibrido,automatica,163,coches.net,utilitario
leapmotor,t03,16990.0,2025,9626.0,electrico,automatica,95,coches.net,berlina
audi,a3,12990.0,2014,116662.0,diesel,manual,105,coches.net,berlina
mercedes-benz,clase c,54900.0,2024,56181.0,hibrido,automatica,313,coches.net,berlina
seat,ibiza,18880.0,2025,8900.0,gasolina,manual,115,coches.net,berlina
ford,focus,9599.0,2017,98150.0,gasolina,automatica,125,coches.net,berlina
seat,ibiza,18890.0,2025,8599.0,gasolina,manual,115,coches.net,berlina
opel,astra,11540.0,2021,101129.0,gasolina,manual,130,coches.net,berlina
dacia,sandero,16850.0,2025,13829.0,gas,manual,101,coches.net,berlina
volkswagen,golf,22900.0,2022,72248.0,diesel,manual,115,coches.net,berlina
audi,q5,28500.0,2020,86306.0,diesel,automatica,163,coches.net,utilitario
volkswagen,caravelle,43900.0,2025,18.0,diesel,automatica,150,coches.net,utilitario
peugeot,308,8697.0,2018,225000.0,diesel,manual,100,coches.net,berlina
jeep,renegade,18200.0,2021,54990.0,gasolina,automatica,150,coches.net,utilitario
toyota,c-hr,21990.0,2019,82950.0,hibrido,automatica,122,coches.net,berlina
bmw,serie 1,18900.0,2020,78266.0,gasolina,manual,140,coches.net,berlina
kia,sorento,37490.0,2023,93000.0,hibrido,automatica,230,coches.net,utilitario
volkswagen,polo,5500.0,2013,282000.0,diesel,manual,90,coches.net,berlina
volkswagen,tiguan,29490.0,2023,42281.0,gasolina,manual,150,coches.net,utilitario
opel,crossland x,11890.0,2017,133000.0,diesel,manual,120,coches.net,utilitario
citroen,grand c4 picasso,10999.0,2016,80121.0,diesel,manual,120,coches.net,utilitario
audi,q8,57890.0,2021,95332.0,hibrido,automatica,381,coches.net,utilitario
peugeot,308,8700.0,2020,180000.0,diesel,manual,100,coches.net,berlina
kia,niro,21399.0,2023,81791.0,hibrido,automatica,183,coches.net,berlina
volvo,xc60,35199.0,2022,115309.0,hibrido,automatica,350,coches.net,utilitario
mercedes-benz,clase glc,36799.0,2020,49745.0,hibrido,automatica,306,coches.net,utilitario
renault,grand scénic,3600.0,2007,230000.0,diesel,manual,130,coches.net,utilitario
porsche,911,218900.0,2024,5000.0,gasolina,automatica,510,coches.net,berlina
audi,q2,29900.0,2022,58900.0,diesel,automatica,150,coches.net,utilitario
alfa romeo,mito,6500.0,2014,152000.0,diesel,manual,85,coches.net,berlina
audi,a3,27990.0,2023,82010.0,diesel,automatica,150,coches.net,berlina
volkswagen,golf,6800.0,2009,232389.0,diesel,manual,105,coches.net,berlina
smart,forfour,11985.0,2019,26187.0,electrico,automatica,82,coches.net,berlina
ford,puma,26900.0,2025,1240.0,hibrido,manual,125,coches.net,utilitario
bmw,x4,23900.0,2015,155000.0,diesel,automatica,190,coches.net,utilitario
mercedes-benz,glc coupé,45990.0,2020,73888.0,hibrido,automatica,197,coches.net,utilitario
renault,mégane,10599.0,2021,153421.0,diesel,manual,115,coches.net,berlina
hyundai,bayon,16900.0,2023,18300.0,gasolina,manual,84,coches.net,utilitario
land-rover,range rover evoque,30990.0,2021,33000.0,hibrido,automatica,309,coches.net,utilitario
mercedes-benz,clase a,13990.0,2017,109000.0,gasolina,manual,122,coches.net,berlina
audi,a6,34900.0,2016,180000.0,diesel,automatica,326,coches.net,berlina
peugeot,308,8999.0,2019,166829.0,diesel,manual,100,coches.net,berlina
volkswagen,polo,18850.0,2023,66426.0,gasolina,manual,95,coches.net,berlina
audi,tt,24990.0,2016,144800.0,gasolina,manual,230,coches.net,berlina
seat,arona,22210.0,2024,6194.0,gasolina,automatica,115,coches.net,utilitario
audi,q5 sportback,35290.0,2022,93961.0,hibrido,automatica,204,coches.net,utilitario
volkswagen,golf,39900.0,2025,15000.0,diesel,automatica,150,coches.net,berlina
peugeot,2008,10200.0,2021,167000.0,diesel,manual,110,coches.net,utilitario
smart,fortwo,17490.0,2023,26175.0,electrico,automatica,82,coches.net,berlina
dacia,sandero,13500.0,2022,50000.0,gasolina,manual,91,coches.net,berlina
volkswagen,tiguan,37850.0,2025,12913.0,hibrido,automatica,130,coches.net,utilitario
lexus,ux,26900.0,2021,65500.0,electrico,automatica,204,coches.net,utilitario
audi,a4,27250.0,2021,68500.0,hibrido,automatica,136,coches.net,berlina
ssangyong,tivoli,9990.0,2017,155000.0,diesel,manual,115,coches.net,utilitario
seat,toledo,7900.0,2013,167000.0,diesel,manual,105,coches.net,berlina
ford,focus,2990.0,2006,229000.0,diesel,manual,115,coches.net,berlina
bmw,serie 4,27899.0,2018,101253.0,gasolina,automatica,252,coches.net,berlina
nissan,qashqai,22985.0,2023,29999.0,hibrido,manual,140,coches.net,utilitario
mitsubishi,colt,19900.0,2024,1956.0,hibrido,automatica,143,coches.net,berlina
seat,ibiza,12500.0,2018,23180.0,gasolina,manual,80,coches.net,berlina
hyundai,tucson,25390.0,2025,14842.0,gasolina,manual,150,coches.net,utilitario
audi,a3,43990.0,2021,75000.0,gasolina,automatica,310,coches.net,berlina
mercedes-benz,glc,33490.0,2022,104765.0,hibrido,automatica,333,coches.net,utilitario
citroen,c4 spacetourer,9900.0,2019,115661.0,gasolina,manual,130,coches.net,utilitario
opel,mokka,17190.0,2023,34555.0,gasolina,automatica,130,coches.net,utilitario
ferrari,488,249000.0,2016,24000.0,gasolina,automatica,670,coches.net,berlina
dacia,logan,6999.0,2016,134000.0,gasolina,manual,90,coches.net,berlina
dacia,sandero,6500.0,2017,149000.0,gasolina,manual,73,coches.net,berlina
volkswagen,tiguan,22850.0,2021,98251.0,gasolina,automatica,150,coches.net,utilitario
fiat,500,11599.0,2021,45547.0,hibrido,manual,70,coches.net,berlina
opel,astra,11490.0,2021,105707.0,gasolina,manual,130,coches.net,berlina
opel,astra,13510.0,2021,47012.0,gasolina,manual,110,coches.net,berlina
audi,q5 sportback,37000.0,2022,120462.0,hibrido,automatica,204,coches.net,utilitario
audi,q5 sportback,39500.0,2022,17237.0,hibrido,automatica,163,coches.net,utilitario
toyota,corolla,22500.0,2022,119714.0,hibrido,automatica,180,coches.net,berlina
peugeot,2008,17700.0,2023,80484.0,gasolina,automatica,130,coches.net,utilitario
cupra,formentor,36990.0,2024,24283.0,hibrido,automatica,245,coches.net,utilitario
renault,clio,10290.0,2018,93383.0,gas,manual,90,coches.net,berlina
citroen,c4,3999.0,2007,175000.0,diesel,manual,110,coches.net,berlina
peugeot,5008,15499.0,2019,149000.0,diesel,manual,130,coches.net,utilitario
audi,a1,25850.0,2025,20876.0,gasolina,manual,116,coches.net,berlina
mercedes-benz,clase gl,12900.0,2008,390000.0,diesel,automatica,224,coches.net,utilitario
ford,focus,16999.0,2023,64024.0,hibrido,manual,125,coches.net,berlina
nissan,juke,18550.0,2023,51396.0,gasolina,manual,114,coches.net,utilitario
renault,scenic,9300.0,2016,244000.0,diesel,automatica,110,coches.net,utilitario
citroen,c4 spacetourer,15900.0,2020,70000.0,diesel,manual,130,coches.net,utilitario
lexus,gs450h,11990.0,2007,223000.0,electrico,automatica,345,coches.net,berlina
mazda,cx-30,23990.0,2022,69862.0,hibrido,manual,150,coches.net,utilitario
renault,captur,18990.0,2023,40500.0,hibrido,automatica,145,coches.net,utilitario
nissan,juke,25990.0,2025,8349.0,hibrido,automatica,143,coches.net,utilitario
mazda,mazda2,15850.0,2023,78000.0,hibrido,automatica,116,coches.net,berlina
renault,clio,19400.0,2024,10.0,diesel,manual,100,coches.net,berlina
bmw,xm,119900.0,2024,27000.0,hibrido,automatica,653,coches.net,utilitario
hyundai,tucson,24990.0,2025,15761.0,gasolina,manual,160,coches.net,utilitario
hyundai,tucson,24990.0,2025,19885.0,gasolina,manual,160,coches.net,utilitario
porsche,panamera,59990.0,2016,140000.0,diesel,automatica,422,coches.net,berlina
mini,countryman,8950.0,2010,140000.0,diesel,manual,112,coches.net,berlina
citroen,c5 x,21900.0,2023,5500.0,gasolina,automatica,130,coches.net,berlina
kia,stonic,15000.0,2023,24906.0,hibrido,manual,100,coches.net,utilitario
hyundai,kona,18500.0,2020,37135.0,electrico,automatica,204,coches.net,utilitario
ford,puma,18100.0,2021,40664.0,hibrido,manual,125,coches.net,utilitario
mercedes-benz,gla,45900.0,2025,21140.0,hibrido,automatica,218,coches.net,utilitario
land-rover,range rover velar,71900.0,2025,4956.0,hibrido,automatica,404,coches.net,utilitario
mercedes-benz,gla,43500.0,2025,19348.0,hibrido,automatica,163,coches.net,utilitario
hyundai,i20,20500.0,2025,9876.0,hibrido,automatica,100,coches.net,berlina
renault,captur,13499.0,2021,113580.0,diesel,manual,115,coches.net,utilitario
audi,a3,22900.0,2020,93000.0,diesel,manual,116,coches.net,berlina
skoda,kamiq,21490.0,2023,83720.0,gasolina,automatica,150,coches.net,utilitario
volkswagen,polo,13990.0,2021,90903.0,gasolina,manual,95,coches.net,berlina
mercedes-benz,clase b,26990.0,2019,56000.0,gasolina,automatica,163,coches.net,utilitario
kia,carnival,3990.0,2007,199000.0,diesel,manual,185,coches.net,utilitario
nissan,juke,17990.0,2023,45613.0,gasolina,manual,114,coches.net,utilitario
bmw,serie 1,37900.0,2022,62784.0,gasolina,automatica,265,coches.net,berlina
nissan,qashqai,27900.0,2025,11290.0,hibrido,manual,140,coches.net,utilitario
citroen,c3,12900.0,2021,33000.0,gasolina,manual,110,coches.net,berlina
hyundai,i30,8499.0,2015,180000.0,diesel,manual,90,coches.net,berlina
toyota,yaris,21690.0,2022,35379.0,hibrido,automatica,116,coches.net,berlina
nissan,qashqai,24290.0,2022,62765.0,hibrido,manual,140,coches.net,utilitario
peugeot,3008,22490.0,2022,97831.0,diesel,automatica,130,coches.net,utilitario
hyundai,i20,12990.0,2020,34564.0,gasolina,manual,100,coches.net,berlina
mercedes-benz,clase s,79990.0,2016,46651.0,gasolina,automatica,585,coches.net,berlina
hyundai,i20,13690.0,2022,58562.0,gasolina,manual,84,coches.net,berlina
seat,ibiza,3700.0,2002,134000.0,gasolina,manual,75,coches.net,berlina
ford,focus,8599.0,2018,114207.0,gasolina,manual,125,coches.net,berlina
citroen,berlingo,14990.0,2022,99000.0,diesel,manual,102,coches.net,utilitario
hyundai,kona,13399.0,2018,76575.0,gasolina,manual,120,coches.net,utilitario
opel,mokka x,9799.0,2017,110290.0,gasolina,manual,140,coches.net,utilitario
mercedes-benz,clase a,35790.0,2025,13748.0,hibrido,automatica,218,coches.net,berlina
peugeot,5008,16410.0,2017,149580.0,diesel,manual,150,coches.net,utilitario
ford,focus,17990.0,2023,85896.0,hibrido,manual,155,coches.net,berlina
kia,sorento,30799.0,2020,85606.0,hibrido,automatica,230,coches.net,utilitario
mitsubishi,asx,12890.0,2015,136199.0,diesel,manual,116,coches.net,utilitario
lynk & co,01,20390.0,2022,87941.0,hibrido,automatica,261,coches.net,utilitario
suzuki,s-cross,20190.0,2023,44782.0,hibrido,manual,129,coches.net,utilitario
suzuki,swift,17450.0,2025,30335.0,hibrido,manual,83,coches.net,berlina
bmw,serie 2,18990.0,2017,89746.0,gasolina,automatica,136,coches.net,berlina
mercedes-benz,clase b,6690.0,2007,213467.0,diesel,manual,140,coches.net,utilitario
audi,q2,20500.0,2019,110000.0,gasolina,manual,116,coches.net,utilitario
toyota,c-hr,25750.0,2021,89071.0,hibrido,automatica,184,coches.net,berlina
opel,mokka x,9999.0,2017,132174.0,gasolina,manual,140,coches.net,utilitario
volkswagen,t-roc,25900.0,2023,37000.0,diesel,manual,115,coches.net,utilitario
opel,corsa,13650.0,2024,41106.0,gasolina,manual,100,coches.net,berlina
skoda,fabia,11499.0,2017,91067.0,gasolina,manual,75,coches.net,berlina
mazda,cx-30,21199.0,2022,73665.0,hibrido,manual,150,coches.net,utilitario
kia,sportage,7900.0,2010,100000.0,gasolina,manual,142,coches.net,utilitario
renault,clio campus,2299.0,2004,209900.0,diesel,manual,65,coches.net,berlina
audi,rs4,52500.0,2006,154400.0,gasolina,manual,420,coches.net,berlina
renault,clio campus,1999.0,2004,171700.0,diesel,manual,85,coches.net,berlina
citroen,c3 aircross,14450.0,2021,51498.0,gasolina,automatica,131,coches.net,utilitario
volkswagen,touran,4950.0,2008,286587.0,diesel,automatica,105,coches.net,utilitario
volkswagen,touran,18500.0,2021,154380.0,diesel,manual,122,coches.net,utilitario
opel,insignia,9499.0,2017,182700.0,diesel,manual,136,coches.net,berlina
renault,mégane,14800.0,2018,119400.0,gasolina,manual,130,coches.net,berlina
seat,león,12500.0,2017,168000.0,gasolina,manual,125,coches.net,berlina
mercedes-benz,clase b,39900.0,2025,9535.0,diesel,automatica,150,coches.net,utilitario
mercedes-benz,clase a,23490.0,2020,130000.0,diesel,automatica,150,coches.net,berlina
mercedes-benz,clase a,23990.0,2020,114000.0,diesel,automatica,150,coches.net,berlina
audi,q3,20699.0,2018,55854.0,gasolina,manual,150,coches.net,utilitario
toyota,c-hr,29890.0,2024,11.0,hibrido,automatica,140,coches.net,utilitario
mercedes-benz,clase c,33900.0,2022,94000.0,hibrido,automatica,163,coches.net,berlina
jeep,renegade,19790.0,2023,69722.0,hibrido,automatica,130,coches.net,utilitario
renault,mégane,4197.0,2012,268500.0,diesel,manual,130,coches.net,berlina
kia,carens,13498.0,2018,105638.0,diesel,manual,115,coches.net,utilitario
toyota,yaris,17995.0,2023,63000.0,hibrido,automatica,116,coches.net,berlina
renault,mégane,4990.0,2011,239000.0,diesel,manual,130,coches.net,berlina
mercedes-benz,clase e,28900.0,2018,199000.0,diesel,automatica,194,coches.net,berlina
opel,astra,3499.0,2010,265700.0,diesel,manual,125,coches.net,berlina
opel,astra,3000.0,2010,273400.0,diesel,manual,110,coches.net,berlina
volkswagen,t-cross,18500.0,2021,60364.0,gasolina,automatica,110,coches.net,utilitario
skoda,kodiaq,26980.0,2022,63462.0,diesel,automatica,150,coches.net,utilitario
mercedes-benz,clase slk,26900.0,2016,96000.0,gasolina,automatica,184,coches.net,berlina
audi,a1,19990.0,2019,119000.0,gasolina,automatica,116,coches.net,berlina
opel,corsa,9299.0,2020,107308.0,gasolina,manual,75,coches.net,berlina
mini,countryman,18799.0,2018,99092.0,hibrido,automatica,224,coches.net,berlina
ford,puma,21900.0,2023,28.0,hibrido,manual,125,coches.net,utilitario
citroen,c3,10200.0,2021,89000.0,diesel,manual,102,coches.net,berlina
audi,a3,15799.0,2017,125537.0,diesel,automatica,116,coches.net,berlina
audi,a3,15599.0,2015,121260.0,diesel,manual,150,coches.net,berlina
renault,arkana,20900.0,2022,97000.0,hibrido,automatica,140,coches.net,utilitario
mini,clubman,25900.0,2022,49700.0,gasolina,automatica,136,coches.net,berlina
alfa romeo,stelvio,30990.0,2022,61963.0,diesel,automatica,190,coches.net,utilitario
volvo,xc40,25100.0,2021,61134.0,hibrido,automatica,262,coches.net,utilitario
audi,q3 sportback,36100.0,2021,37987.0,gasolina,automatica,190,coches.net,utilitario
toyota,yaris,17300.0,2021,72342.0,hibrido,automatica,116,coches.net,berlina
bmw,serie 3,29990.0,2022,159133.0,hibrido,automatica,292,coches.net,berlina
ford,kuga,26990.0,2024,34455.0,hibrido,automatica,190,coches.net,utilitario
bmw,serie 2,22990.0,2021,84678.0,gasolina,manual,140,coches.net,berlina
seat,ibiza,14400.0,2018,74500.0,gasolina,manual,115,coches.net,berlina
cupra,león,24850.0,2023,86000.0,hibrido,automatica,245,coches.net,berlina
volvo,xc40,29500.0,2022,37000.0,hibrido,automatica,211,coches.net,utilitario
fiat,500,19990.0,2026,5.0,hibrido,manual,65,coches.net,berlina
ford,kuga,7990.0,2016,225000.0,diesel,manual,120,coches.net,utilitario
kia,cee'd,6500.0,2011,231045.0,diesel,manual,128,coches.net,berlina
kia,niro,15799.0,2020,105224.0,hibrido,automatica,141,coches.net,berlina
renault,kadjar,13290.0,2018,63413.0,gasolina,manual,130,coches.net,berlina
mercedes-benz,clase glc,28900.0,2018,187000.0,diesel,automatica,258,coches.net,utilitario
ford,focus,17799.0,2023,80307.0,hibrido,manual,155,coches.net,berlina
ford,focus,12999.0,2019,105000.0,gasolina,automatica,125,coches.net,berlina
lexus,ux,19399.0,2019,100026.0,hibrido,automatica,184,coches.net,utilitario
audi,q2,24900.0,2024,34235.0,diesel,manual,116,coches.net,utilitario
citroen,berlingo,17200.0,2023,33648.0,diesel,manual,102,coches.net,utilitario
fiat,500,7490.0,2012,107292.0,gasolina,manual,69,coches.net,berlina
bmw,i4,47300.0,2024,22500.0,electrico,automatica,340,coches.net,berlina
volkswagen,multivan,46890.0,2025,20861.0,diesel,automatica,150,coches.net,utilitario
honda,cr-v,25399.0,2021,112029.0,hibrido,automatica,184,coches.net,utilitario
mazda,cx-5,29799.0,2023,38830.0,hibrido,automatica,165,coches.net,utilitario
mazda,cx-3,18999.0,2022,74783.0,gasolina,automatica,121,coches.net,utilitario
kia,sportage,30340.0,2023,23590.0,hibrido,automatica,230,coches.net,utilitario
kia,sportage,28090.0,2023,15419.0,hibrido,manual,136,coches.net,utilitario
volvo,v90,25990.0,2021,107445.0,hibrido,automatica,197,coches.net,berlina
mercedes-benz,cla,29799.0,2023,45918.0,gasolina,automatica,163,coches.net,berlina
bmw,serie 4,22990.0,2016,129983.0,gasolina,manual,184,coches.net,berlina
mercedes-benz,clase s,6800.0,2000,257000.0,gasolina,automatica,367,coches.net,berlina
kia,sportage,30700.0,2025,8000.0,hibrido,manual,160,coches.net,utilitario
peugeot,5008,16399.0,2020,92129.0,gasolina,automatica,130,coches.net,utilitario
toyota,corolla,19990.0,2022,58000.0,hibrido,automatica,122,coches.net,berlina
abarth,500,17970.0,2018,72901.0,gasolina,manual,160,coches.net,berlina
mercedes-benz,clase e,55900.0,2022,14900.0,hibrido,automatica,200,coches.net,berlina
cupra,león,28750.0,2025,10611.0,hibrido,automatica,150,coches.net,berlina
hyundai,ioniq,15490.0,2019,110596.0,hibrido,automatica,141,coches.net,berlina
opel,zafira tourer,10690.0,2015,100600.0,diesel,manual,136,coches.net,utilitario
ford,focus,7600.0,2016,210000.0,diesel,manual,120,coches.net,berlina
renault,mégane,2330.0,2003,155597.0,gasolina,manual,98,coches.net,berlina
opel,astra,16480.0,2023,23105.0,gasolina,manual,130,coches.net,berlina
opel,astra,15490.0,2023,41692.0,gasolina,manual,130,coches.net,berlina
mini,mini,23500.0,2022,12485.0,electrico,automatica,184,coches.net,berlina
peugeot,3008,21399.0,2022,57999.0,diesel,automatica,130,coches.net,utilitario
dacia,lodgy,12890.0,2019,116296.0,diesel,automatica,115,coches.net,utilitario
volkswagen,beetle,12990.0,2018,124000.0,gasolina,manual,105,coches.net,berlina
renault,kangoo combi,11990.0,2017,92000.0,diesel,manual,90,coches.net,utilitario
volkswagen,t-cross,17890.0,2023,58541.0,gasolina,manual,95,coches.net,utilitario
renault,kangoo combi,11990.0,2016,92000.0,diesel,manual,75,coches.net,utilitario
renault,koleos,10690.0,2014,132740.0,diesel,manual,150,coches.net,utilitario
skoda,octavia,12990.0,2020,205000.0,diesel,manual,115,coches.net,berlina
mercedes-benz,clase a,25490.0,2021,61032.0,hibrido,automatica,218,coches.net,berlina
dacia,duster,12990.0,2018,87091.0,gasolina,manual,115,coches.net,utilitario
nissan,qashqai,16999.0,2018,59000.0,diesel,automatica,130,coches.net,berlina
kia,sportage,31990.0,2024,14739.0,hibrido,automatica,215,coches.net,utilitario
tesla,model 3,20290.0,2019,163000.0,electrico,automatica,476,coches.net,berlina
volvo,xc60,27985.0,2021,132891.0,hibrido,automatica,340,coches.net,utilitario
citroen,c2,3000.0,2009,152700.0,gasolina,manual,61,coches.net,berlina
volkswagen,caddy,22990.0,2021,62500.0,diesel,manual,102,coches.net,utilitario
peugeot,2008,20490.0,2025,25636.0,hibrido,automatica,136,coches.net,utilitario
mercedes-benz,gla,33990.0,2022,91944.0,hibrido,automatica,218,coches.net,utilitario
ford,puma,22500.0,2024,28000.0,hibrido,manual,125,coches.net,utilitario
mercedes-benz,gla,33490.0,2022,58000.0,hibrido,automatica,218,coches.net,utilitario
mercedes-benz,clase glc,38900.0,2021,61960.0,diesel,automatica,194,coches.net,utilitario
volkswagen,golf,16990.0,2022,128636.0,gasolina,manual,110,coches.net,berlina
hyundai,i30,26990.0,2018,72000.0,gasolina,manual,275,coches.net,berlina
ebro,s800,38900.0,2026,24.0,hibrido,automatica,279,coches.net,utilitario
bmw,x3,30399.0,2020,138257.0,diesel,automatica,190,coches.net,utilitario
renault,clio,6750.0,2014,100432.0,diesel,manual,75,coches.net,berlina
peugeot,3008 hybrid,23400.0,2023,33594.0,hibrido,automatica,180,coches.net,utilitario
mercedes-benz,clase a,27500.0,2019,67000.0,gasolina,automatica,190,coches.net,berlina
peugeot,308,15990.0,2022,47645.0,gasolina,manual,130,coches.net,berlina
bmw,serie 3,27900.0,2020,62400.0,diesel,automatica,150,coches.net,berlina
land-rover,range rover evoque,15990.0,2019,158634.0,diesel,manual,150,coches.net,utilitario
bmw,serie 2,147900.0,2026,1.0,gasolina,automatica,530,coches.net,berlina
bmw,serie 2,144900.0,2026,1.0,gasolina,automatica,530,coches.net,berlina
renault,clio,16200.0,2025,35350.0,gasolina,manual,90,coches.net,berlina
seat,león,24990.0,2024,6120.0,hibrido,automatica,150,coches.net,berlina
volkswagen,golf,20850.0,2022,117162.0,diesel,manual,115,coches.net,berlina
seat,león,23500.0,2024,13159.0,hibrido,automatica,150,coches.net,berlina
volvo,s60,14799.0,2018,75407.0,diesel,automatica,150,coches.net,berlina
mini,countryman,16999.0,2017,184500.0,diesel,automatica,190,coches.net,berlina
dacia,sandero,10490.0,2016,72516.0,diesel,manual,90,coches.net,berlina
nissan,x-trail,32990.0,2022,87582.0,hibrido,automatica,213,coches.net,utilitario
fiat,500l,9990.0,2014,130000.0,diesel,manual,85,coches.net,utilitario
ford,kuga,15990.0,2022,195000.0,diesel,automatica,120,coches.net,utilitario
toyota,yaris cross,23990.0,2022,58618.0,hibrido,automatica,116,coches.net,utilitario
audi,q5,33900.0,2020,59900.0,diesel,automatica,163,coches.net,utilitario
volkswagen,id.4,27890.0,2023,98817.0,electrico,automatica,299,coches.net,utilitario
kia,sportage,23990.0,2024,44580.0,hibrido,manual,150,coches.net,utilitario
peugeot,408,23690.0,2025,25534.0,hibrido,automatica,136,coches.net,berlina
audi,q3,36500.0,2023,44995.0,diesel,automatica,150,coches.net,utilitario
peugeot,308,19481.0,2019,39864.0,gasolina,manual,130,coches.net,berlina
seat,tarraco,32199.0,2022,62389.0,diesel,automatica,150,coches.net,utilitario
opel,grandland x,16500.0,2019,38391.0,diesel,manual,130,coches.net,utilitario
bmw,x4,45990.0,2023,76176.0,hibrido,automatica,190,coches.net,utilitario
audi,q7,48990.0,2021,84615.0,hibrido,automatica,231,coches.net,utilitario
kia,carens,11450.0,2016,96114.0,gasolina,manual,135,coches.net,utilitario
